p = 51563325002067556741923/75557863725914335723648
p_float = 0.682434924
gap = +0.000606
tau_decl = 1/5000
worst_dev = 1.0000e-04
support = 256
K = 2^60
enclosures: integer (lo, hi) per row j=1..256

(1153036796757302443, 1153036796757302445),
(2305958301364168332, 2305958301364168334),
(3458879805970985939, 3458879805970985941),
(4611801310577848317, 4611801310577848319),
(5764722815184743170, 5764722815184743172),
(6917644319791577383, 6917644319791577385),
(8070565824398416112, 8070565824398416114),
(9223487329005255166, 9223487329005255168),
(10376408833612133544, 10376408833612133546),
(11529330338218912383, 11529330338218912385),
(12682251842825824885, 12682251842825824887),
(13835173347432640230, 13835173347432640232),
(14988094852039283975, 14988094852039283977),
(16141016356646321627, 16141016356646321629),
(17293937861253233096, 17293937861253233098),
(18446859365860065241, 18446859365860065243),
(19599780870466904960, 19599780870466904962),
(20752702375073790317, 20752702375073790319),
(21905623879680543732, 21905623879680543734),
(23058545384287251004, 23058545384287251006),
(24211466888894258799, 24211466888894258801),
(25364388393500902049, 25364388393500902051),
(26517309898107918134, 26517309898107918136),
(27670231402714521336, 27670231402714521338),
(28823152907322061064, 28823152907322061066),
(29976074411928545122, 29976074411928545124),
(31128995916535226257, 31128995916535226259),
(32281917421142440256, 32281917421142440258),
(33434838925748637283, 33434838925748637285),
(34587760430356207706, 34587760430356207708),
(35740681934962694329, 35740681934962694331),
(36893603439569519424, 36893603439569519426),
(38046524944176028566, 38046524944176028568),
(39199446448783220151, 39199446448783220153),
(40352367953390187725, 40352367953390187727),
(41505289457995517879, 41505289457995517881),
(42658210962603752633, 42658210962603752635),
(43811132467210191721, 43811132467210191724),
(44964053971818068909, 44964053971818068911),
(46116975476424573604, 46116975476424573606),
(47269896981030755202, 47269896981030755204),
(48422818485638133804, 48422818485638133806),
(49575739990244733536, 49575739990244733538),
(50728661494851800214, 50728661494851800216),
(51881582999456511536, 51881582999456511538),
(53034504504068031048, 53034504504068031050),
(54187426008671643382, 54187426008671643384),
(55340347513279053867, 55340347513279053869),
(56493269017885050075, 56493269017885050077),
(57646190522492103402, 57646190522492103404),
(58799112027100196415, 58799112027100196417),
(59952033531705538190, 59952033531705538192),
(61104955036312441707, 61104955036312441709),
(62257876540919985461, 62257876540919985463),
(63410798045527520520, 63410798045527520522),
(64563719550134887556, 64563719550134887558),
(65716641054739013076, 65716641054739013078),
(66869562559348233050, 66869562559348233052),
(68022484063954628408, 68022484063954628410),
(69175405568561659619, 69175405568561659621),
(70328327073168978393, 70328327073168978396),
(71481248577773464725, 71481248577773464728),
(72634170082383416497, 72634170082383416499),
(73787091586987906561, 73787091586987906563),
(74940013091595184373, 74940013091595184375),
(76092934596203630393, 76092934596203630395),
(77245856100809099635, 77245856100809099637),
(78398777605416958460, 78398777605416958462),
(79551699110022753437, 79551699110022753439),
(80704620614629681649, 80704620614629681651),
(81857542119236722290, 81857542119236722292),
(83010463623843667576, 83010463623843667578),
(84163385128450941264, 84163385128450941266),
(85316306633055487583, 85316306633055487585),
(86469228137664222316, 86469228137664222318),
(87622149642269254786, 87622149642269254788),
(88775071146879706288, 88775071146879706290),
(89927992651486258054, 89927992651486258056),
(91080914156091554757, 91080914156091554759),
(92233835660698156835, 92233835660698156837),
(93386757165304945901, 93386757165304945903),
(94539678669911897762, 94539678669911897764),
(95692600174519635209, 95692600174519635211),
(96845521679125399401, 96845521679125399403),
(97998443183732585278, 97998443183732585280),
(99151364688338374344, 99151364688338374346),
(100304286192946597606, 100304286192946597608),
(101457207697553068370, 101457207697553068372),
(102610129202157661540, 102610129202157661542),
(103763050706767105073, 103763050706767105075),
(104915972211374528533, 104915972211374528535),
(106068893715979018758, 106068893715979018760),
(107221815220585583861, 107221815220585583863),
(108374736725194958802, 108374736725194958804),
(109527658229800070621, 109527658229800070623),
(110680579734406663201, 110680579734406663203),
(111833501239014846804, 111833501239014846806),
(112986422743624115084, 112986422743624115086),
(114139344248225209034, 114139344248225209036),
(115292265752834928485, 115292265752834928487),
(116445187257440029164, 116445187257440029166),
(117598108762045585867, 117598108762045585869),
(118751030266655813208, 118751030266655813210),
(119903951771259537140, 119903951771259537142),
(121056873275869980798, 121056873275869980800),
(122209794780475539493, 122209794780475539495),
(123362716285082346965, 123362716285082346967),
(124515637789690582868, 124515637789690582870),
(125668559294296102642, 125668559294296102645),
(126821480798902142961, 126821480798902142963),
(127974402303509379848, 127974402303509379850),
(129127323808115066599, 129127323808115066601),
(130280245312724972711, 130280245312724972713),
(131433166817329848446, 131433166817329848448),
(132586088321938671820, 132586088321938671822),
(133739009826547939886, 133739009826547939888),
(134891931331152440875, 134891931331152440877),
(136044852835760544040, 136044852835760544042),
(137197774340365019123, 137197774340365019125),
(138350695844971392506, 138350695844971392508),
(139503617349576195659, 139503617349576195661),
(140656538854187198539, 140656538854187198541),
(141809460358794593167, 141809460358794593169),
(142962381863398307907, 142962381863398307909),
(144115303368007724032, 144115303368007724034),
(145268224872612768611, 145268224872612768613),
(146421146377221363733, 146421146377221363735),
(147574067881827219027, 147574067881827219029),
(148726989386434136358, 148726989386434136360),
(149879910891039054203, 149879910891039054205),
(151032832395647601354, 151032832395647601357),
(152185753900255785088, 152185753900255785090),
(153338675404865285147, 153338675404865285149),
(154491596909470379180, 154491596909470379183),
(155644518414073113599, 155644518414073113601),
(156797439918681991682, 156797439918681991684),
(157950361423290229894, 157950361423290229896),
(159103282927897559743, 159103282927897559745),
(160256204432505509156, 160256204432505509158),
(161409125937110564997, 161409125937110564999),
(162562047441716365069, 162562047441716365071),
(163714968946326209422, 163714968946326209424),
(164867890450930043776, 164867890450930043778),
(166020811955530763186, 166020811955530763188),
(167173733460143531502, 167173733460143531505),
(168326654964748494502, 168326654964748494504),
(169479576469355513305, 169479576469355513307),
(170632497973966930033, 170632497973966930035),
(171785419478569631429, 171785419478569631431),
(172938340983176100936, 172938340983176100938),
(174091262487785255441, 174091262487785255443),
(175244183992389281394, 175244183992389281396),
(176397105496996157237, 176397105496996157240),
(177550027001599639813, 177550027001599639815),
(178702948506207506989, 178702948506207506991),
(179855870010814585247, 179855870010814585249),
(181008791515422651221, 181008791515422651223),
(182161713020036223111, 182161713020036223113),
(183314634524637370237, 183314634524637370239),
(184467556029244134252, 184467556029244134254),
(185620477533851794256, 185620477533851794258),
(186773399038460729791, 186773399038460729793),
(187926320543066449549, 187926320543066449551),
(189079242047671983304, 189079242047671983307),
(190232163552280910161, 190232163552280910163),
(191385085056887431762, 191385085056887431764),
(192538006561489150672, 192538006561489150674),
(193690928066102444828, 193690928066102444830),
(194843849570710306753, 194843849570710306755),
(195996771075312096313, 195996771075312096315),
(197149692579919083513, 197149692579919083515),
(198302614084525700913, 198302614084525700915),
(199455535589138905370, 199455535589138905372),
(200608457093738028838, 200608457093738028840),
(201761378598345024226, 201761378598345024228),
(202914300102956379556, 202914300102956379558),
(204067221607563816906, 204067221607563816908),
(205220143112173551725, 205220143112173551727),
(206373064616777338558, 206373064616777338560),
(207525986121378660776, 207525986121378660778),
(208678907625987510782, 208678907625987510784),
(209831829130594339820, 209831829130594339822),
(210984750635203503427, 210984750635203503429),
(212137672139813643029, 212137672139813643031),
(213290593644415330806, 213290593644415330808),
(214443515149023153323, 214443515149023153325),
(215596436653632641378, 215596436653632641380),
(216749358158237622452, 216749358158237622455),
(217902279662841583010, 217902279662841583012),
(219055201167454817171, 219055201167454817173),
(220208122672058226791, 220208122672058226793),
(221361044176661992062, 221361044176661992064),
(222513965681274993811, 222513965681274993814),
(223666887185874723683, 223666887185874723685),
(224819808690485425368, 224819808690485425370),
(225972730195093490900, 225972730195093490902),
(227125651699701508003, 227125651699701508005),
(228278573204304608482, 228278573204304608484),
(229431494708906175866, 229431494708906175868),
(230584416213520740244, 230584416213520740246),
(231737337718130869589, 231737337718130869591),
(232890259222730013996, 232890259222730013998),
(234043180727337633758, 234043180727337633760),
(235196102231941475921, 235196102231941475923),
(236349023736559844238, 236349023736559844240),
(237501945241158355170, 237501945241158355172),
(238654866745765070120, 238654866745765070122),
(239807788250372329002, 239807788250372329004),
(240960709754976644191, 240960709754976644193),
(242113631259588151768, 242113631259588151770),
(243266552764190300662, 243266552764190300664),
(244419474268804130892, 244419474268804130894),
(245572395773408118401, 245572395773408118403),
(246725317278014945160, 246725317278014945162),
(247878238782624225517, 247878238782624225519),
(249031160287235928046, 249031160287235928048),
(250184081791837676033, 250184081791837676035),
(251337003296438779994, 251337003296438779996),
(252489924801051878611, 252489924801051878613),
(253642846305650031879, 253642846305650031881),
(254795767810262754696, 254795767810262754698),
(255948689314867086702, 255948689314867086704),
(257101610819483033473, 257101610819483033475),
(258254532324079695335, 258254532324079695337),
(259407453828690438157, 259407453828690438160),
(260560375333293982514, 260560375333293982516),
(261713296837904056958, 261713296837904056960),
(262866218342514133125, 262866218342514133127),
(264019139847119413975, 264019139847119413977),
(265172061351724462571, 265172061351724462573),
(266324982856334534298, 266324982856334534300),
(267477904360942857746, 267477904360942857748),
(268630825865542223619, 268630825865542223621),
(269783747370150340777, 269783747370150340780),
(270936668874759227176, 270936668874759227178),
(272089590379361599267, 272089590379361599269),
(273242511883971517159, 273242511883971517161),
(274395433388585988787, 274395433388585988789),
(275548354893192924781, 275548354893192924783),
(276701276397798313404, 276701276397798313406),
(277854197902398547063, 277854197902398547066),
(279007119407009480106, 279007119407009480108),
(280160040911604382299, 280160040911604382301),
(281312962416220973281, 281312962416220973283),
(282465883920823755444, 282465883920823755447),
(283618805425433512066, 283618805425433512068),
(284771726930044704896, 284771726930044704898),
(285924648434651778441, 285924648434651778443),
(287077569939259042979, 287077569939259042981),
(288230491443862530169, 288230491443862530171),
(289383412948460742682, 289383412948460742684),
(290536334453062147591, 290536334453062147593),
(291689255957679795231, 291689255957679795233),
(292842177462297605288, 292842177462297605290),
(293995098966913049007, 293995098966913049010),
(60914227689238477199520, 60914227689238477199539),

support configurations:
w=3847458334273136640/590295810358705747841 [v4] atoms=('prev', ((1, 256, 0),))
w=466970458032944384/590295810358705747841 [v4] atoms=('prev', ((1, 2, 127, 0), (2, 1, 4, 1)))
w=8014761608225888/590295810358705747841 [v4] atoms=('prev', ((2, 1, 3, 0), (2, 63, 4, 0)))
w=574089042042294080/590295810358705747841 [v4] atoms=('prev', ((1, 2, 248, 0), (2, 1, 16, 0)))
w=26606041141285472/590295810358705747841 [cg] doubles=24 n=232
  xk(2^-20 units)=[5432, 1177, 9683, 14094, 22881, 18551, 27199, 31443, 35785, 40188, 44569, 48912, 53305, 61133, 65547, 69872, 74279, 78604, 82880, 87257, 91558, 95895, 100131, 104512, 108946, 113226, 117541, 121913, 126264, 130591, 134921, 139244, 143767, 151545, 156142, 160622, 164918, 169236, 173498, 177769, 182138, 186464, 190763, 195164, 199491, 203811, 208072, 212509, 216965, 221314, 225659, 229958, 234314, 238640, 242933, 247251, 251649, 256037, 263879, 268345, 272841, 277131, 281433, 285790, 290090, 294360, 298633, 303033, 307379, 311654, 315910, 320225, 324578, 328924, 333201, 337664, 342211, 350249, 354701, 359062, 363414, 367701, 372042, 376421, 380724, 385024, 389484, 393908, 398145, 402410, 406650, 410988, 415243, 419687, 424147, 428370, 432657, 436881, 441309, 445762, 450026, 454284, 458635, 462948, 467293, 471736, 480049, 484449, 488732, 493033, 497309, 501791, 506344, 514096, 518568, 522984, 527286, 531582, 536004, 540395, 544753, 549076, 553396, 557684, 562062, 566360, 570593, 574904, 579197, 583545, 587973, 592275, 596491, 600762, 605133, 609430, 613772, 618142, 622488, 626856, 631127, 635375, 639849, 644410, 652268, 656684, 661160, 665559, 669798, 674204, 678562, 682856, 687208, 691591, 695934, 700269, 704723, 709131, 713541, 721361, 730157, 725721, 734569, 738778, 743042, 747364, 751714, 756034, 760399, 764695, 769115, 773530, 777772, 782077, 786431, 790744, 794983, 799384, 803850, 808228, 816454, 820902, 825301, 829582, 833909, 838266, 842622, 846926, 851288, 855584, 859911, 864162, 868450, 872766, 877030, 881319, 885608, 890058, 894481, 898764, 903160, 910975, 915417, 919823, 924263, 928749, 933035, 937312, 941691, 946010, 950287, 954575, 958878, 963215, 967506, 971832, 976170, 980435, 984772, 989066, 993328, 997691, 1001978, 1010924, 1006443, 1019689, 1015208, 1024234, 1032125, 1036523, 1040874, 1045308]
  m=[1, 1, 1, 2, 1, 1, 1, 1, 1, 1, 1, 1, 1, 1, 1, 1, 1, 1, 1, 1, 1, 1, 1, 2, 1, 1, 1, 1, 1, 1, 1, 1, 2, 1, 2, 1, 1, 1, 1, 1, 1, 1, 1, 1, 1, 1, 1, 2, 1, 1, 1, 1, 1, 1, 1, 1, 1, 1, 1, 2, 1, 1, 1, 1, 1, 1, 1, 1, 1, 1, 1, 1, 1, 1, 1, 2, 1, 1, 1, 1, 1, 1, 1, 1, 1, 1, 2, 1, 1, 1, 1, 1, 1, 2, 1, 1, 1, 1, 2, 1, 1, 1, 1, 1, 1, 2, 2, 1, 1, 1, 1, 2, 1, 1, 1, 1, 1, 1, 1, 1, 1, 1, 1, 1, 1, 1, 1, 1, 1, 1, 1, 1, 1, 1, 1, 1, 1, 1, 1, 1, 1, 1, 2, 1, 1, 1, 2, 1, 1, 1, 1, 1, 1, 1, 1, 1, 2, 1, 1, 1, 2, 1, 1, 1, 1, 1, 1, 1, 1, 1, 2, 1, 1, 1, 1, 1, 1, 2, 1, 2, 1, 1, 1, 1, 1, 1, 1, 1, 1, 1, 1, 1, 1, 1, 1, 1, 1, 2, 1, 1, 1, 1, 1, 1, 1, 1, 1, 1, 1, 1, 1, 1, 1, 1, 1, 1, 1, 1, 1, 1, 1, 1, 1, 1, 2, 2, 1, 1, 1, 1, 1, 2]
w=522981864502418496/590295810358705747841 [cg] doubles=26 n=230
  xk(2^-20 units)=[1048505, 4588, 9236, 13774, 18278, 22921, 27528, 32000, 36528, 41068, 45660, 50280, 54812, 59446, 64050, 68520, 73056, 77609, 82145, 86704, 91255, 95786, 100295, 104919, 109519, 114052, 118629, 123145, 127636, 132166, 136630, 141214, 145824, 150305, 154896, 159513, 164145, 168731, 173332, 177899, 182403, 186994, 191587, 196058, 200578, 205121, 209628, 214186, 218714, 223246, 227784, 232325, 236885, 241478, 245972, 250547, 255084, 264363, 259666, 273713, 269047, 278433, 283038, 287473, 291986, 296531, 301093, 305671, 310207, 314735, 319244, 323887, 328526, 333077, 337605, 342170, 346688, 351179, 355707, 360240, 364775, 369319, 373911, 378498, 383071, 387594, 392076, 396647, 401253, 405678, 410260, 414853, 419345, 423876, 428465, 433073, 437689, 442251, 451459, 446899, 456036, 460646, 465110, 469677, 474193, 478745, 483352, 487906, 492452, 497052, 501606, 506166, 510742, 515319, 519873, 524321, 528936, 533495, 537897, 542485, 547012, 551669, 556309, 560820, 565441, 570018, 574438, 578959, 583498, 588141, 592753, 597486, 602128, 606649, 611200, 615753, 620281, 624783, 629318, 633829, 638293, 642875, 647523, 651986, 656630, 661246, 665742, 670287, 674745, 679233, 683765, 688300, 692922, 697555, 702215, 706751, 711230, 715734, 720255, 724786, 729394, 733869, 738485, 743116, 747581, 752126, 756720, 761248, 765809, 770393, 775041, 779632, 784315, 793388, 788940, 798033, 802586, 807060, 811598, 816158, 820710, 825272, 829817, 834400, 839005, 843588, 848036, 852540, 857114, 861634, 866156, 870691, 875224, 879823, 884471, 889063, 893682, 898193, 902642, 907209, 911824, 916369, 921007, 925589, 930101, 934686, 943710, 939254, 948240, 952769, 957346, 961892, 966369, 970969, 975593, 980073, 984624, 989176, 993807, 998341, 1002836, 1007285, 1011875, 1016465, 1021040, 1025744, 1030348, 1034902, 1039489, 1044017]
  m=[1, 2, 1, 1, 1, 2, 1, 1, 1, 1, 1, 1, 1, 2, 1, 1, 1, 1, 1, 1, 1, 1, 1, 1, 1, 1, 1, 1, 1, 1, 1, 2, 1, 1, 1, 1, 1, 1, 1, 1, 1, 2, 1, 1, 1, 1, 1, 1, 1, 1, 1, 1, 1, 1, 1, 2, 1, 1, 2, 2, 1, 2, 1, 1, 1, 1, 1, 1, 1, 1, 1, 2, 1, 1, 1, 1, 1, 1, 1, 1, 1, 1, 1, 1, 1, 1, 1, 2, 1, 1, 2, 1, 1, 1, 1, 1, 1, 1, 1, 2, 2, 1, 1, 1, 1, 1, 1, 1, 1, 1, 1, 1, 1, 1, 1, 1, 2, 1, 1, 1, 1, 1, 1, 1, 2, 1, 1, 1, 1, 1, 1, 2, 1, 1, 1, 1, 1, 1, 1, 1, 1, 2, 1, 1, 1, 1, 1, 1, 1, 1, 1, 1, 1, 1, 1, 1, 1, 1, 1, 1, 1, 1, 2, 1, 1, 1, 1, 1, 1, 1, 1, 1, 2, 1, 1, 2, 1, 1, 1, 1, 1, 1, 1, 1, 1, 1, 1, 1, 1, 1, 1, 1, 1, 1, 1, 1, 1, 1, 1, 2, 1, 1, 1, 1, 1, 2, 1, 1, 1, 1, 1, 1, 1, 2, 1, 1, 1, 1, 1, 1, 1, 1, 2, 1, 2, 1, 1, 1, 1, 1]
w=74197348603374960/590295810358705747841 [cg] doubles=28 n=228
  xk(2^-20 units)=[6526, 10798, 15227, 19762, 24323, 28884, 33332, 37693, 42085, 46470, 50933, 55326, 59696, 64009, 68504, 73117, 77657, 82378, 87051, 91552, 96056, 100537, 104995, 109418, 113857, 118330, 122738, 127329, 131836, 136188, 140646, 145134, 149675, 154299, 158900, 163453, 168044, 176042, 180732, 185303, 189670, 194117, 198596, 203164, 207730, 212327, 216720, 221113, 225512, 230048, 234736, 239379, 243904, 248344, 252625, 257129, 261706, 266178, 270749, 275322, 279956, 284424, 288874, 293522, 301714, 306353, 310753, 315258, 319754, 324347, 328934, 333349, 337743, 342220, 346726, 351260, 355747, 360346, 364874, 369371, 373930, 378352, 382753, 387196, 391656, 396121, 400577, 404979, 409356, 413827, 418349, 422887, 427419, 431865, 436129, 440614, 445172, 449659, 454283, 458819, 463248, 467635, 472067, 476612, 481278, 486063, 494195, 498915, 503409, 508008, 512691, 517185, 521660, 526171, 530619, 535100, 539590, 543982, 548416, 552931, 557367, 561927, 566479, 570799, 575149, 579587, 584031, 588456, 592968, 597456, 601943, 606608, 611254, 615743, 620182, 624567, 628932, 633386, 638042, 642738, 647265, 651800, 656275, 660728, 665341, 673255, 677813, 682150, 686744, 691297, 695674, 700109, 704639, 709163, 713784, 718490, 723117, 727536, 731985, 736377, 740856, 745433, 749938, 754435, 758952, 763327, 767911, 772545, 777072, 781635, 786156, 790621, 795101, 799565, 804151, 808761, 813280, 821345, 825993, 830403, 834957, 839507, 843944, 848483, 853122, 857754, 862293, 866641, 871044, 875444, 880036, 884629, 889140, 893571, 898014, 902403, 906865, 911323, 915742, 920236, 924719, 929152, 933728, 938307, 942688, 947087, 951518, 955933, 960358, 964766, 969079, 973594, 978234, 982915, 987633, 992332, 997016, 1009478, 1001608, 1014129, 1018781, 1023319, 1027730, 1032249, 1036886, 1041511, 1046034, 2019]
  m=[1, 1, 1, 1, 1, 1, 1, 1, 1, 1, 1, 1, 1, 1, 2, 1, 1, 1, 1, 1, 1, 1, 1, 1, 1, 1, 1, 2, 1, 1, 1, 1, 1, 1, 1, 1, 1, 2, 2, 1, 1, 1, 1, 1, 1, 1, 1, 1, 1, 2, 1, 1, 1, 1, 1, 2, 1, 1, 1, 1, 1, 1, 1, 2, 2, 1, 1, 1, 1, 2, 1, 1, 1, 1, 1, 1, 1, 1, 1, 1, 1, 1, 1, 1, 1, 1, 1, 1, 1, 1, 1, 1, 1, 1, 1, 2, 1, 1, 1, 1, 1, 1, 1, 1, 1, 1, 2, 2, 1, 2, 1, 1, 1, 1, 1, 1, 1, 1, 1, 1, 1, 2, 1, 1, 1, 1, 1, 1, 1, 1, 1, 2, 1, 1, 1, 1, 1, 1, 2, 1, 1, 1, 1, 1, 1, 1, 1, 1, 2, 1, 1, 1, 1, 1, 1, 2, 1, 1, 1, 1, 1, 1, 1, 1, 1, 1, 2, 1, 1, 1, 1, 1, 1, 1, 2, 1, 1, 1, 1, 1, 2, 1, 1, 1, 1, 1, 1, 1, 1, 1, 1, 1, 1, 1, 1, 1, 1, 1, 1, 1, 1, 1, 2, 1, 1, 1, 1, 1, 1, 1, 1, 2, 1, 1, 1, 2, 2, 1, 1, 2, 2, 1, 1, 1, 1, 1, 1, 2]
w=182966715753697856/590295810358705747841 [cg] doubles=24 n=232
  xk(2^-20 units)=[1753, 6332, 10733, 15200, 19648, 24002, 28363, 32708, 37037, 41411, 45739, 50083, 54422, 58699, 63185, 67668, 71925, 76346, 80794, 85266, 89787, 94323, 99082, 104127, 108820, 113494, 118233, 122915, 127510, 132028, 136421, 140749, 145109, 149381, 153653, 157885, 162056, 166441, 170967, 175454, 179779, 184243, 188722, 193184, 197576, 202042, 206535, 214332, 218931, 223516, 227986, 232474, 237015, 241612, 246117, 250424, 254738, 259036, 263379, 267745, 272075, 276444, 280842, 285228, 289628, 294021, 298469, 302933, 307367, 311872, 316406, 320959, 325670, 330431, 335087, 339663, 344130, 348525, 353036, 357484, 361658, 366073, 370490, 374712, 378992, 383346, 387833, 392289, 396677, 401204, 405722, 410085, 414528, 419067, 423671, 428303, 432958, 437582, 442085, 446530, 450967, 455418, 459810, 464430, 469205, 474009, 478635, 483244, 487839, 494879, 499474, 503949, 508280, 512663, 517055, 521482, 525898, 530360, 534839, 539295, 543791, 548239, 552659, 556991, 561466, 565971, 570272, 574538, 578817, 583131, 587614, 592101, 596445, 600794, 605210, 609538, 613857, 618287, 622760, 627343, 632252, 637411, 642360, 646986, 651419, 655883, 660316, 664636, 669023, 673397, 677777, 682152, 686513, 690825, 695161, 699488, 703799, 708109, 712395, 716718, 720986, 725453, 730054, 734533, 739073, 743614, 748094, 752672, 760465, 765033, 769415, 773935, 778424, 782688, 786987, 791311, 795622, 799956, 804428, 808882, 813425, 818058, 822810, 827691, 832477, 837241, 841888, 846293, 850868, 855422, 859815, 864239, 868657, 873031, 877371, 881715, 886052, 890390, 894741, 899045, 903367, 907677, 912046, 916412, 920741, 925062, 929595, 934205, 941991, 946663, 951170, 955471, 959824, 964131, 968444, 972796, 977151, 981500, 985905, 990367, 994912, 999558, 1004103, 1008444, 1012987, 1017642, 1022311, 1027206, 1031955, 1036672, 1041296, 1045744]
  m=[2, 1, 1, 1, 1, 1, 1, 1, 1, 1, 1, 1, 1, 1, 2, 1, 1, 1, 1, 1, 1, 1, 1, 1, 1, 1, 1, 1, 1, 1, 1, 1, 1, 1, 1, 1, 1, 2, 2, 1, 1, 1, 1, 1, 1, 1, 1, 1, 2, 1, 1, 1, 1, 2, 1, 1, 1, 1, 1, 1, 1, 1, 1, 1, 1, 1, 1, 1, 1, 1, 1, 1, 1, 1, 1, 1, 1, 1, 2, 1, 1, 2, 1, 1, 1, 1, 1, 1, 1, 2, 1, 1, 1, 1, 1, 1, 1, 1, 1, 1, 1, 1, 1, 2, 1, 1, 1, 2, 1, 1, 2, 1, 1, 1, 1, 1, 1, 1, 1, 1, 1, 1, 1, 1, 2, 1, 1, 1, 1, 1, 2, 1, 1, 1, 1, 1, 1, 1, 1, 1, 1, 1, 1, 1, 1, 1, 1, 1, 1, 1, 1, 1, 1, 1, 1, 1, 1, 1, 1, 1, 1, 2, 1, 1, 1, 1, 1, 1, 1, 1, 1, 2, 1, 1, 1, 1, 1, 1, 2, 1, 2, 1, 1, 1, 1, 2, 1, 1, 2, 1, 1, 1, 1, 1, 1, 1, 1, 1, 1, 1, 1, 1, 1, 1, 1, 1, 2, 1, 1, 2, 1, 1, 1, 1, 1, 1, 1, 1, 1, 1, 1, 2, 1, 1, 2, 1, 1, 1, 1, 1, 1, 1]
w=280206572040833760/590295810358705747841 [cg] doubles=25 n=231
  xk(2^-20 units)=[3846, 8352, 12951, 17490, 22102, 26725, 31214, 35720, 40128, 44482, 48854, 53242, 57723, 65142, 69775, 74276, 78772, 83257, 87570, 91972, 96365, 100760, 105063, 109357, 113681, 118001, 122296, 126628, 130996, 135495, 142439, 146982, 151422, 155846, 160427, 164938, 169306, 173776, 178268, 182742, 187261, 191841, 196491, 201341, 206061, 210658, 215041, 219519, 223928, 228118, 232365, 236609, 240875, 245159, 249603, 254053, 258609, 263393, 268702, 273484, 278156, 282619, 287071, 291490, 295873, 300109, 304422, 308773, 313088, 317318, 321613, 325912, 330310, 338202, 342633, 346800, 351063, 355279, 359431, 363627, 367819, 372014, 376224, 380444, 384872, 389294, 393723, 398316, 402847, 407503, 412115, 416597, 421208, 428971, 433483, 437849, 442203, 446590, 450964, 455372, 459767, 464178, 468618, 473033, 477431, 481851, 486235, 490547, 494829, 499323, 503811, 508190, 512680, 517215, 521808, 526368, 531004, 535560, 540062, 547718, 552151, 556692, 561086, 565493, 569975, 574327, 578710, 583120, 587574, 591909, 596393, 600868, 605149, 609437, 613779, 618235, 622587, 626871, 631131, 635585, 640062, 644376, 648723, 653064, 657410, 661752, 666103, 670527, 675077, 679708, 684294, 689009, 693570, 698123, 702547, 707066, 711420, 720428, 715913, 732305, 727769, 740963, 736750, 745207, 749518, 754072, 758313, 762854, 767090, 771352, 775573, 779810, 784074, 788317, 797310, 792744, 809269, 804753, 813697, 817948, 822177, 826393, 830665, 834939, 839310, 846758, 851369, 855847, 860120, 864416, 868736, 873075, 877383, 881661, 886004, 890311, 894594, 898937, 903204, 907483, 911754, 915965, 920410, 928248, 932673, 936847, 941070, 945215, 949394, 953597, 957771, 961956, 966192, 970630, 978292, 982693, 987017, 991276, 995521, 999786, 1004084, 1008388, 1012674, 1017039, 1021370, 1025709, 1030094, 1034512, 1038929, 1043365, 1047894]
  m=[1, 1, 1, 1, 2, 1, 1, 1, 1, 1, 1, 1, 1, 1, 2, 1, 2, 1, 1, 1, 1, 1, 1, 1, 1, 1, 1, 1, 1, 1, 1, 1, 1, 1, 2, 1, 1, 1, 1, 1, 1, 1, 1, 1, 1, 1, 1, 2, 1, 1, 1, 1, 1, 1, 1, 1, 1, 1, 1, 1, 1, 1, 1, 1, 1, 1, 1, 1, 1, 1, 1, 1, 1, 2, 1, 1, 1, 1, 1, 1, 1, 1, 1, 1, 2, 1, 2, 1, 1, 1, 1, 1, 2, 1, 1, 1, 1, 1, 1, 1, 1, 1, 1, 1, 1, 1, 1, 1, 1, 2, 1, 1, 1, 1, 1, 1, 2, 1, 1, 1, 1, 2, 1, 2, 1, 1, 1, 1, 1, 1, 2, 1, 1, 1, 1, 1, 1, 1, 1, 2, 1, 1, 1, 1, 1, 1, 1, 1, 1, 1, 1, 1, 1, 1, 1, 1, 1, 1, 2, 2, 1, 1, 1, 1, 2, 1, 2, 1, 1, 1, 1, 1, 1, 1, 1, 2, 2, 1, 1, 1, 1, 1, 1, 1, 1, 1, 2, 1, 1, 1, 1, 1, 1, 1, 1, 1, 1, 1, 1, 1, 1, 1, 2, 2, 1, 1, 1, 1, 1, 1, 1, 1, 1, 2, 1, 1, 1, 1, 1, 1, 1, 1, 1, 1, 1, 1, 1, 1, 1, 1, 1]
w=18376415822058256/590295810358705747841 [cg] doubles=27 n=229
  xk(2^-20 units)=[2477, 6814, 11140, 15451, 19725, 24001, 28255, 32518, 36787, 41116, 45423, 49672, 53970, 58322, 62700, 67155, 75084, 79630, 83961, 88298, 92570, 96988, 101402, 105633, 109936, 114381, 118885, 123278, 130751, 135293, 139686, 144027, 148350, 152615, 157064, 161544, 165774, 170051, 174345, 178677, 182995, 187335, 191655, 196031, 200393, 204881, 212734, 217264, 221576, 225945, 230292, 234569, 238857, 243122, 247342, 251621, 255929, 260258, 264557, 268886, 273216, 277684, 285348, 289796, 294322, 298807, 303058, 307339, 311595, 315818, 320244, 324691, 328971, 333304, 337691, 342087, 346582, 354177, 358622, 363092, 367592, 371921, 376327, 380728, 385147, 389491, 393993, 398426, 402636, 406918, 411172, 415608, 420192, 427878, 432289, 436625, 440945, 445189, 449447, 453684, 457890, 462146, 466408, 470711, 475067, 479439, 483806, 488191, 492571, 496959, 501420, 509318, 513791, 518082, 522370, 526832, 531320, 535670, 540045, 544480, 552090, 556678, 561131, 565383, 569680, 573994, 578288, 582588, 586851, 591162, 595486, 599826, 604114, 608346, 612789, 621646, 617187, 629557, 633994, 638299, 642591, 646804, 651238, 655631, 659857, 664165, 668483, 672916, 677360, 681862, 689714, 694131, 698639, 703059, 707248, 711428, 715837, 720229, 724394, 728543, 732940, 737335, 741662, 746068, 750536, 755099, 759758, 764602, 770620, 775321, 779802, 784241, 788644, 793039, 797311, 801732, 806123, 810412, 814836, 819015, 823292, 827603, 831953, 836469, 844289, 848754, 853167, 857510, 861806, 866102, 870434, 874733, 879012, 883299, 887596, 891897, 896177, 900603, 905079, 909531, 916210, 920809, 925463, 930184, 934934, 939523, 944071, 948543, 953016, 957629, 964811, 969257, 973637, 977958, 982237, 986583, 990896, 995179, 999354, 1003756, 1008200, 1012598, 1017077, 1021355, 1025660, 1029979, 1034378, 1038884, 1046601]
  m=[1, 1, 1, 1, 1, 1, 1, 1, 1, 1, 1, 1, 1, 1, 1, 1, 2, 1, 1, 1, 1, 2, 1, 1, 1, 2, 1, 1, 1, 1, 1, 1, 1, 1, 2, 1, 1, 1, 1, 1, 1, 1, 1, 1, 1, 1, 2, 1, 1, 1, 1, 1, 1, 1, 1, 1, 1, 1, 1, 1, 1, 1, 1, 1, 2, 1, 1, 1, 1, 1, 2, 1, 1, 1, 1, 1, 1, 1, 1, 2, 1, 1, 1, 1, 1, 1, 2, 1, 1, 1, 1, 2, 1, 1, 1, 1, 1, 1, 1, 1, 1, 1, 1, 1, 1, 1, 1, 1, 1, 1, 1, 2, 1, 1, 1, 2, 1, 1, 1, 1, 1, 2, 1, 1, 1, 1, 1, 1, 1, 1, 1, 1, 1, 1, 2, 2, 1, 1, 1, 1, 1, 1, 2, 1, 1, 1, 1, 1, 1, 1, 1, 1, 2, 1, 1, 1, 2, 1, 1, 1, 2, 1, 1, 1, 1, 1, 1, 1, 1, 1, 1, 1, 1, 1, 1, 2, 1, 2, 1, 1, 1, 1, 1, 1, 1, 1, 1, 1, 1, 1, 1, 1, 1, 1, 1, 1, 1, 2, 1, 1, 1, 1, 2, 1, 1, 1, 2, 1, 2, 1, 1, 1, 1, 1, 1, 1, 1, 1, 1, 2, 1, 2, 1, 1, 1, 1, 1, 1, 1]
w=679495595681004928/590295810358705747841 [cg] doubles=25 n=231
  xk(2^-20 units)=[1700, 6087, 10451, 14815, 19231, 23520, 27928, 32447, 37111, 42136, 47058, 51684, 56125, 60651, 65279, 69861, 74353, 78912, 83421, 87888, 92301, 96744, 101208, 105753, 110379, 115118, 119879, 124524, 129069, 133469, 137751, 142189, 146624, 150888, 155181, 159667, 164150, 168445, 172778, 177113, 181400, 185692, 190009, 194332, 198690, 203061, 207520, 214841, 219233, 223553, 227851, 232165, 236479, 240801, 245179, 249568, 253969, 258321, 262661, 266976, 271444, 275933, 280266, 284707, 292061, 296626, 301103, 305354, 309579, 313801, 318012, 322271, 326572, 330939, 335301, 339708, 344121, 348556, 352972, 357393, 361832, 366320, 370846, 375422, 380052, 384811, 389734, 394598, 399322, 403873, 408368, 412833, 417067, 421315, 425743, 430176, 434627, 439195, 446691, 451151, 455499, 459777, 463995, 468242, 472709, 477257, 481796, 486693, 491860, 496645, 501191, 505619, 509987, 514346, 518657, 522938, 527225, 531514, 535812, 540126, 544433, 548720, 552991, 557289, 561539, 565997, 570479, 574863, 579353, 587433, 591986, 596337, 600631, 605100, 609542, 613837, 618138, 622498, 626864, 631237, 635554, 639864, 644132, 648382, 652635, 656916, 661260, 665680, 672829, 677214, 681680, 686099, 690347, 694674, 699073, 703573, 708107, 712652, 717308, 722002, 726768, 731621, 736470, 741237, 745811, 750142, 754438, 758763, 763073, 767366, 771684, 776018, 780386, 784766, 789260, 793878, 798647, 803506, 808229, 812758, 817324, 821884, 826483, 830990, 835418, 839853, 844280, 848672, 853046, 857390, 861718, 866092, 870518, 877968, 882393, 886686, 890899, 895278, 899657, 903838, 908073, 912413, 916783, 921155, 925521, 929886, 934231, 938572, 942964, 947404, 951957, 959681, 964062, 968486, 973016, 977362, 981517, 985687, 989927, 994218, 998549, 1002952, 1007424, 1011869, 1016316, 1020764, 1025221, 1029685, 1037315, 1041748, 1046044]
  m=[1, 2, 1, 2, 1, 1, 1, 1, 1, 1, 1, 1, 1, 2, 2, 1, 1, 1, 1, 1, 1, 1, 1, 1, 1, 1, 1, 1, 1, 1, 1, 2, 1, 1, 1, 2, 1, 1, 1, 1, 1, 1, 1, 1, 1, 1, 1, 1, 1, 1, 1, 1, 1, 1, 1, 1, 1, 1, 1, 1, 2, 1, 1, 1, 1, 2, 1, 1, 1, 1, 1, 1, 1, 1, 1, 1, 1, 1, 1, 1, 1, 1, 1, 1, 2, 1, 1, 1, 2, 1, 2, 1, 1, 1, 2, 1, 2, 1, 1, 1, 1, 1, 1, 1, 2, 1, 1, 1, 1, 1, 1, 1, 1, 1, 1, 1, 1, 1, 1, 1, 1, 1, 1, 1, 1, 2, 1, 1, 1, 2, 1, 1, 1, 2, 1, 1, 1, 1, 1, 1, 1, 1, 1, 1, 1, 1, 1, 1, 1, 1, 2, 1, 1, 1, 1, 1, 1, 1, 1, 1, 1, 1, 1, 2, 1, 1, 1, 1, 1, 1, 1, 1, 1, 1, 1, 1, 1, 1, 1, 1, 2, 2, 2, 1, 1, 1, 1, 1, 1, 1, 1, 1, 1, 1, 1, 1, 1, 2, 1, 1, 1, 1, 1, 1, 1, 1, 1, 1, 1, 1, 1, 1, 1, 2, 2, 1, 1, 1, 1, 1, 1, 1, 1, 1, 1, 1, 1, 1, 1, 1, 1]
w=1892726816793184000/590295810358705747841 [cg] doubles=28 n=228
  xk(2^-20 units)=[1362, 5700, 10193, 14591, 18808, 23058, 27287, 31474, 35693, 39882, 44313, 52201, 56667, 60922, 65242, 69606, 74109, 78728, 83486, 88137, 92699, 97209, 101671, 106157, 110487, 114762, 119254, 123794, 128167, 132605, 137053, 141465, 145914, 150396, 154796, 159174, 163592, 171222, 175648, 180062, 184502, 189047, 193608, 198235, 202794, 207157, 211656, 216153, 220485, 224824, 229185, 233576, 237981, 245894, 250512, 254938, 259195, 263515, 267870, 272240, 276664, 281084, 285549, 289900, 294299, 298745, 303230, 307668, 312122, 316597, 320983, 325550, 333482, 337872, 342211, 346588, 350953, 355271, 359582, 363890, 368141, 372362, 376671, 380980, 385332, 389750, 394236, 398847, 403572, 408157, 412721, 417315, 425151, 429664, 434064, 438346, 442627, 446873, 451327, 455741, 460030, 464356, 468733, 473169, 477663, 482203, 486795, 491339, 495743, 500096, 504579, 508995, 513406, 521581, 526109, 530460, 534865, 539265, 543626, 547986, 552365, 556797, 561217, 565612, 570004, 574434, 578858, 583325, 587754, 592238, 600206, 604679, 608965, 613308, 617670, 622063, 626512, 630945, 635526, 640053, 644471, 648894, 653307, 657743, 662099, 666584, 671082, 675565, 679852, 684213, 688622, 696335, 700806, 705271, 709713, 714127, 718597, 723006, 727522, 732020, 736418, 740880, 745416, 750028, 754807, 759603, 764264, 769018, 773713, 778412, 783027, 787678, 792196, 796672, 801083, 805483, 809896, 814345, 818782, 823226, 827708, 832216, 836636, 841002, 845316, 849604, 853798, 858169, 862722, 870639, 875023, 879436, 883853, 888270, 892687, 897142, 901605, 906109, 910573, 915028, 919418, 923793, 928159, 932481, 936801, 941137, 945555, 953238, 957766, 962093, 966416, 970763, 975183, 979629, 984162, 988876, 993633, 998310, 1002798, 1007107, 1011466, 1015913, 1020361, 1024661, 1029107, 1036640, 1041138, 1045545]
  m=[1, 1, 2, 1, 1, 1, 1, 1, 1, 1, 2, 2, 1, 1, 1, 1, 1, 1, 1, 1, 2, 1, 2, 1, 1, 1, 2, 1, 1, 1, 1, 1, 1, 1, 1, 1, 1, 1, 1, 1, 1, 1, 1, 2, 1, 1, 2, 1, 1, 1, 1, 1, 1, 2, 2, 1, 1, 1, 1, 1, 1, 1, 1, 1, 1, 1, 1, 1, 1, 1, 1, 2, 1, 1, 1, 1, 1, 1, 1, 1, 1, 1, 1, 1, 1, 1, 1, 1, 1, 1, 2, 2, 1, 2, 1, 1, 1, 1, 2, 1, 1, 1, 1, 1, 1, 1, 1, 1, 1, 1, 2, 1, 2, 2, 1, 1, 1, 1, 1, 1, 1, 1, 1, 1, 1, 1, 1, 1, 1, 1, 2, 1, 1, 1, 1, 1, 1, 1, 2, 1, 1, 1, 1, 1, 1, 2, 2, 1, 1, 1, 1, 1, 1, 1, 1, 1, 1, 1, 2, 1, 1, 1, 1, 1, 1, 1, 1, 1, 1, 1, 1, 1, 1, 1, 1, 1, 1, 1, 1, 1, 1, 1, 1, 1, 1, 1, 1, 2, 2, 1, 1, 1, 1, 1, 1, 1, 1, 1, 1, 1, 1, 1, 1, 1, 1, 1, 1, 2, 1, 1, 1, 1, 1, 1, 1, 1, 1, 2, 1, 1, 1, 2, 1, 1, 1, 1, 1, 1]
w=88989528964868704/590295810358705747841 [cg] doubles=25 n=231
  xk(2^-20 units)=[3101, 7433, 11877, 19797, 24384, 28804, 33064, 37361, 41650, 46112, 50596, 54901, 59223, 63545, 67896, 72266, 76644, 81086, 85619, 90219, 94899, 99528, 104154, 108818, 113538, 118538, 123374, 128083, 132611, 136965, 141325, 145607, 150089, 154601, 159025, 163550, 168174, 172737, 177209, 181712, 186186, 190619, 195129, 199709, 204447, 209339, 214097, 218719, 223262, 227721, 232043, 236417, 240817, 245290, 249755, 254220, 258651, 263052, 267374, 271667, 276012, 280362, 284802, 289332, 294093, 299067, 303925, 308530, 313033, 317639, 322311, 327180, 332104, 336923, 341618, 346135, 350595, 355012, 359364, 363673, 367973, 372429, 376905, 381293, 385772, 390224, 394811, 399460, 404189, 409044, 413755, 418419, 422999, 427390, 431896, 436431, 440959, 445479, 449914, 454359, 458715, 463007, 467310, 471571, 475851, 480118, 484390, 488642, 493090, 500886, 505334, 509683, 514028, 518374, 522752, 527229, 531772, 536328, 540871, 545350, 549767, 554111, 558420, 562676, 566900, 571146, 575402, 579899, 587547, 591949, 596269, 600551, 604834, 609162, 613515, 617850, 622233, 626645, 631079, 635451, 639921, 644385, 648631, 652867, 657079, 661295, 665501, 669957, 677635, 682041, 686347, 690830, 695329, 699745, 704210, 708689, 713122, 717538, 721941, 726311, 730709, 735153, 739570, 744015, 748457, 752904, 757346, 761761, 766114, 770491, 774827, 779155, 783473, 787949, 795845, 800192, 804626, 809055, 813260, 817501, 821738, 826210, 830752, 835261, 839858, 844388, 848896, 853325, 857705, 862205, 866806, 871450, 876242, 881341, 886213, 890805, 895408, 899913, 904251, 908633, 913049, 917533, 922012, 926452, 930842, 935225, 939579, 943963, 948307, 952580, 956860, 961195, 965619, 973182, 977616, 981959, 986474, 991014, 995451, 999873, 1004276, 1008605, 1012909, 1017181, 1021597, 1026029, 1030249, 1034515, 1038819, 1043092, 1047381]
  m=[1, 1, 1, 2, 2, 1, 1, 1, 1, 2, 1, 1, 1, 1, 1, 1, 1, 1, 1, 1, 1, 1, 1, 1, 1, 1, 1, 2, 1, 1, 1, 1, 2, 1, 1, 1, 1, 1, 1, 1, 1, 1, 1, 1, 1, 1, 2, 2, 2, 1, 1, 1, 1, 1, 1, 1, 1, 1, 1, 1, 1, 1, 1, 1, 1, 1, 1, 1, 1, 2, 1, 1, 1, 1, 1, 1, 1, 1, 1, 1, 1, 2, 1, 1, 1, 1, 2, 1, 1, 1, 1, 2, 1, 1, 1, 1, 1, 1, 1, 1, 1, 1, 1, 1, 1, 1, 1, 1, 2, 1, 1, 1, 1, 1, 1, 1, 1, 1, 1, 1, 1, 1, 1, 1, 1, 1, 1, 2, 1, 1, 1, 1, 1, 1, 1, 1, 1, 1, 1, 1, 2, 1, 1, 1, 1, 1, 1, 2, 1, 1, 1, 2, 1, 1, 1, 1, 1, 1, 1, 1, 1, 1, 1, 1, 1, 1, 1, 1, 1, 1, 1, 1, 1, 2, 1, 1, 2, 1, 1, 1, 1, 2, 1, 1, 1, 1, 1, 1, 1, 2, 2, 1, 1, 1, 1, 1, 2, 1, 1, 1, 1, 1, 1, 1, 1, 1, 1, 1, 1, 1, 1, 1, 1, 1, 1, 1, 2, 1, 1, 1, 1, 1, 1, 1, 2, 1, 1, 1, 1, 1, 1]
w=123502686200752256/590295810358705747841 [cg] doubles=28 n=228
  xk(2^-20 units)=[291, 4795, 9297, 13765, 18175, 22522, 27003, 31430, 35703, 39978, 44488, 52277, 56654, 60976, 65344, 69744, 74237, 78766, 83336, 87799, 92264, 96808, 101301, 105663, 110053, 114495, 119015, 123630, 128460, 133292, 137916, 142519, 146961, 151384, 155833, 160179, 167944, 172442, 176732, 181181, 185627, 189939, 194286, 198662, 203096, 207597, 212101, 216609, 221152, 225723, 230256, 234754, 239185, 243581, 248054, 252567, 257170, 261858, 266545, 271274, 275939, 280585, 285292, 290009, 294739, 299548, 304307, 309026, 313625, 318144, 322567, 326970, 331369, 335793, 340331, 344935, 349600, 354182, 358726, 363245, 367698, 372265, 376835, 381286, 385798, 390365, 394987, 399742, 404421, 408987, 413406, 417882, 422329, 426627, 434018, 438496, 442783, 447115, 451407, 455755, 460128, 464570, 469054, 473681, 478363, 482981, 487595, 492307, 497021, 501708, 506320, 510934, 515495, 519898, 524298, 528690, 533034, 537412, 541851, 546392, 551016, 555995, 560870, 565544, 570148, 574843, 579383, 583946, 588569, 593249, 597859, 602484, 607146, 611783, 616403, 621027, 625594, 630184, 634676, 639263, 643777, 648123, 652457, 656772, 661084, 665405, 669754, 674150, 681876, 686391, 690756, 695123, 699543, 704015, 708594, 713105, 717616, 722183, 726667, 731322, 736079, 740759, 745396, 749937, 754280, 758603, 762916, 767414, 775173, 779513, 783805, 788071, 792292, 796513, 800757, 805033, 809287, 813797, 818463, 823284, 828247, 832974, 837616, 842186, 846703, 851313, 855904, 860465, 864992, 869481, 873993, 878527, 883069, 887604, 892106, 896680, 901232, 905773, 910419, 915095, 919845, 924432, 929006, 933558, 938021, 942597, 947369, 952105, 956783, 961353, 965836, 970252, 974633, 979158, 983715, 988152, 992725, 997408, 1002170, 1006909, 1011682, 1016417, 1021026, 1025717, 1030450, 1035100, 1039764, 1044328]
  m=[1, 1, 1, 1, 1, 1, 2, 1, 1, 1, 2, 1, 1, 1, 1, 1, 1, 1, 1, 1, 1, 2, 1, 1, 1, 1, 1, 1, 1, 1, 1, 2, 1, 2, 1, 1, 2, 1, 1, 2, 1, 1, 1, 1, 1, 1, 1, 1, 1, 1, 1, 1, 1, 1, 1, 1, 1, 1, 1, 2, 1, 2, 1, 1, 1, 1, 1, 1, 1, 1, 1, 1, 1, 1, 1, 1, 1, 1, 1, 1, 1, 2, 1, 1, 1, 1, 1, 1, 1, 1, 1, 2, 1, 1, 2, 1, 1, 1, 1, 1, 1, 1, 1, 2, 1, 1, 1, 1, 1, 1, 1, 2, 1, 1, 1, 1, 1, 1, 1, 1, 1, 1, 1, 1, 2, 2, 1, 1, 1, 1, 1, 1, 1, 1, 1, 1, 1, 1, 1, 2, 1, 1, 1, 1, 1, 1, 1, 1, 2, 1, 1, 1, 1, 1, 2, 1, 2, 1, 1, 1, 1, 1, 2, 1, 1, 1, 1, 2, 1, 1, 1, 1, 1, 1, 1, 1, 1, 2, 1, 1, 1, 1, 2, 1, 1, 1, 1, 1, 1, 1, 1, 1, 1, 1, 1, 1, 1, 1, 1, 1, 1, 1, 2, 1, 1, 1, 1, 1, 1, 1, 1, 1, 1, 2, 1, 1, 1, 1, 1, 1, 2, 1, 1, 2, 1, 1, 1, 1]
w=482052582074699968/590295810358705747841 [cg] doubles=25 n=231
  xk(2^-20 units)=[991, 5235, 9510, 13759, 18012, 22254, 26720, 34430, 38766, 43058, 47340, 51607, 55870, 60166, 64486, 68812, 73182, 77624, 82053, 86493, 90873, 95230, 99589, 104118, 108727, 113306, 118071, 122766, 127330, 131768, 136124, 140477, 144801, 149150, 153474, 157824, 162195, 166747, 171380, 175953, 180465, 185092, 193292, 197845, 202213, 206581, 210968, 215355, 219882, 224408, 228806, 233239, 237653, 242063, 246468, 250808, 255222, 259655, 264113, 268600, 273043, 277461, 281879, 286313, 290739, 295211, 299713, 304256, 308782, 313368, 317920, 322433, 326871, 331312, 335736, 340176, 344665, 349246, 353943, 358769, 363488, 368105, 372751, 377330, 381769, 386177, 390570, 394988, 399363, 403731, 408101, 412451, 416850, 421208, 425732, 430311, 434773, 439301, 443878, 448430, 452925, 457319, 461816, 466320, 470713, 478223, 482770, 487362, 491922, 496390, 500999, 505658, 510225, 514695, 519163, 523554, 527935, 532335, 536796, 541319, 545832, 550296, 554757, 559116, 563652, 568145, 572495, 576951, 581495, 586028, 590532, 594932, 599283, 603599, 607910, 612199, 616489, 620800, 625155, 629484, 633915, 641211, 645725, 650288, 654778, 659193, 663745, 668416, 673149, 677828, 682417, 686928, 691377, 695907, 700488, 704888, 709132, 713430, 717781, 722148, 726556, 730994, 735461, 739915, 744369, 748801, 753241, 757619, 761980, 766342, 770741, 775138, 779514, 783892, 788325, 792841, 800742, 805260, 809761, 814301, 818662, 823102, 827540, 832105, 836553, 840947, 845260, 849745, 854198, 858518, 862846, 867186, 871598, 876029, 880453, 884897, 889355, 893732, 898263, 902761, 907093, 911477, 915889, 920369, 924865, 929383, 933806, 938184, 942512, 947043, 959128, 954785, 963535, 967926, 972084, 976268, 980478, 984797, 992291, 996746, 1000982, 1005210, 1009446, 1013694, 1018139, 1022615, 1027003, 1031522, 1036024, 1040532, 1045092]
  m=[1, 1, 1, 1, 1, 1, 2, 1, 1, 1, 1, 1, 1, 1, 1, 1, 1, 1, 1, 1, 1, 1, 1, 2, 1, 1, 1, 1, 1, 1, 1, 1, 1, 1, 1, 1, 1, 2, 1, 1, 1, 2, 2, 1, 1, 1, 1, 1, 2, 1, 1, 1, 1, 1, 1, 1, 1, 1, 1, 1, 1, 1, 1, 1, 1, 1, 1, 1, 1, 1, 1, 1, 1, 1, 1, 1, 1, 1, 1, 1, 1, 1, 2, 1, 1, 1, 1, 1, 1, 1, 1, 1, 1, 1, 2, 1, 1, 1, 1, 1, 1, 1, 2, 1, 1, 1, 2, 2, 1, 1, 1, 1, 1, 1, 1, 1, 1, 1, 1, 1, 1, 1, 1, 1, 2, 1, 1, 1, 1, 1, 1, 1, 1, 1, 1, 1, 1, 1, 1, 1, 1, 1, 2, 2, 1, 1, 1, 1, 1, 1, 1, 1, 1, 2, 2, 1, 1, 1, 1, 1, 1, 1, 1, 1, 1, 1, 1, 1, 1, 1, 1, 1, 1, 1, 1, 1, 2, 1, 2, 1, 1, 1, 1, 1, 1, 1, 1, 2, 1, 1, 1, 1, 1, 1, 1, 1, 1, 1, 2, 1, 1, 1, 1, 1, 1, 1, 1, 1, 1, 2, 1, 1, 2, 1, 1, 1, 1, 1, 2, 1, 1, 1, 1, 1, 2, 1, 1, 1, 1, 1, 2]
w=189233697659103616/590295810358705747841 [cg] doubles=29 n=227
  xk(2^-20 units)=[4233, 8682, 13170, 17622, 22163, 26651, 30990, 35388, 39752, 44108, 48484, 52843, 57206, 61589, 65954, 70288, 74642, 79008, 83372, 87893, 92461, 96924, 101388, 105884, 110410, 114935, 119448, 123961, 128491, 133047, 137706, 142417, 147068, 151705, 156239, 160686, 165190, 169762, 177440, 181958, 186444, 190941, 195503, 200173, 204783, 209381, 213886, 218422, 222871, 227172, 231485, 235808, 240140, 244522, 248884, 253251, 257627, 261978, 266383, 274027, 278406, 282900, 287369, 291741, 296169, 300599, 305053, 309432, 313951, 318390, 322851, 327382, 335002, 339548, 344018, 348325, 352684, 357037, 361438, 365847, 370254, 374671, 379068, 383444, 387823, 392260, 396667, 401033, 405381, 409910, 414438, 418870, 426630, 431120, 435624, 440112, 444427, 448766, 453090, 457421, 461756, 466046, 470362, 474693, 479178, 483707, 491699, 496243, 500638, 505047, 509500, 513955, 518530, 523088, 527580, 532086, 536529, 540953, 545495, 549984, 554317, 558600, 563039, 567584, 575218, 579737, 584181, 588507, 592885, 597338, 601856, 606504, 611233, 615998, 620626, 625145, 629599, 633995, 638428, 642820, 647275, 651831, 656415, 661027, 665651, 670196, 674649, 679201, 683720, 688134, 695726, 700327, 704928, 709466, 714050, 718567, 723152, 727644, 731951, 736249, 740563, 744959, 749393, 753791, 758212, 762589, 766899, 771380, 775865, 780261, 787754, 792284, 796780, 801101, 805470, 809827, 814194, 818574, 822934, 827301, 831694, 836101, 840550, 848239, 852696, 857059, 861581, 866096, 870510, 874950, 879494, 884012, 888351, 892727, 897074, 901525, 909478, 913977, 918291, 922586, 926899, 931249, 935595, 939916, 944220, 948527, 953008, 957492, 961830, 966356, 970877, 975275, 979718, 984060, 988567, 996689, 1001186, 1005498, 1009798, 1014074, 1018393, 1022751, 1027107, 1031517, 1035982, 1043781, 1048318]
  m=[1, 1, 1, 1, 2, 1, 1, 1, 1, 1, 1, 1, 1, 1, 1, 1, 1, 1, 1, 2, 1, 1, 1, 1, 1, 1, 1, 1, 1, 1, 2, 1, 1, 1, 1, 1, 2, 1, 1, 1, 1, 1, 1, 1, 1, 1, 1, 2, 1, 1, 1, 1, 1, 1, 1, 1, 1, 1, 1, 1, 1, 2, 1, 1, 1, 1, 1, 1, 2, 1, 2, 1, 1, 2, 1, 1, 1, 1, 1, 1, 1, 1, 1, 1, 1, 1, 1, 1, 1, 2, 1, 1, 1, 1, 2, 1, 1, 1, 1, 1, 1, 1, 1, 1, 2, 1, 2, 1, 1, 1, 1, 1, 2, 1, 1, 1, 1, 1, 2, 1, 1, 1, 2, 1, 1, 2, 1, 1, 1, 1, 1, 1, 1, 1, 1, 1, 1, 1, 1, 1, 1, 1, 1, 1, 1, 1, 1, 2, 1, 1, 1, 2, 1, 1, 1, 1, 2, 1, 1, 1, 1, 1, 1, 1, 1, 1, 1, 2, 1, 1, 1, 2, 1, 1, 1, 1, 1, 1, 1, 1, 1, 1, 1, 1, 1, 1, 2, 1, 1, 1, 2, 1, 1, 1, 1, 1, 2, 1, 1, 1, 1, 1, 1, 1, 1, 1, 2, 1, 1, 2, 1, 1, 1, 1, 2, 2, 1, 1, 1, 1, 1, 1, 1, 1, 1, 1, 1]
w=19344950105278624/590295810358705747841 [cg] doubles=26 n=230
  xk(2^-20 units)=[1046610, 2387, 9993, 14437, 18651, 22854, 27012, 31365, 35723, 39858, 44276, 51981, 56332, 60558, 64757, 68959, 73124, 77302, 81468, 85627, 94166, 89772, 101988, 106441, 110622, 114814, 118976, 123179, 127395, 131605, 135817, 140277, 148031, 152419, 156688, 160965, 165202, 169684, 174259, 178797, 183634, 188391, 192976, 197562, 202010, 206279, 210577, 214836, 219095, 223355, 227626, 231895, 236151, 240403, 244688, 248955, 253342, 260839, 265269, 269595, 273923, 278156, 282591, 287098, 291544, 296096, 300737, 305460, 310081, 314624, 318996, 323486, 327996, 332348, 336785, 341255, 345746, 350295, 354766, 359163, 363677, 368129, 372409, 376734, 381158, 388854, 393296, 397681, 402021, 406513, 411018, 415527, 420181, 424729, 429283, 433691, 438016, 442337, 446630, 450899, 455129, 464004, 459569, 476067, 468357, 480533, 484812, 489140, 493612, 498247, 503013, 507738, 512359, 516812, 521311, 525747, 529958, 534187, 538436, 542673, 546905, 551160, 555399, 559838, 567407, 571796, 576073, 580341, 584580, 588802, 593017, 597233, 601444, 605637, 610057, 614590, 619177, 624923, 629545, 633912, 638381, 642762, 646955, 651133, 655543, 663193, 667529, 671746, 675954, 680146, 684313, 688474, 692650, 696851, 701180, 708903, 713325, 717522, 721733, 725919, 730137, 734356, 738636, 742953, 747343, 751855, 756499, 761170, 765771, 770319, 774919, 779498, 784122, 788773, 793464, 798102, 802715, 807238, 811668, 816032, 820370, 824664, 828968, 833269, 837556, 841788, 846223, 850679, 855047, 862584, 867164, 871652, 876061, 880677, 885646, 890536, 895192, 899633, 904039, 908355, 912609, 916841, 921052, 925284, 929478, 933935, 941620, 945972, 950218, 954413, 958608, 962769, 967153, 971549, 975785, 980162, 984721, 989686, 994846, 999512, 1003971, 1008325, 1012613, 1016873, 1021142, 1025377, 1029632, 1033874, 1038114, 1042375]
  m=[1, 1, 2, 1, 1, 1, 1, 2, 1, 1, 2, 1, 1, 1, 1, 1, 1, 1, 1, 1, 2, 1, 2, 1, 1, 1, 1, 1, 1, 1, 1, 2, 1, 1, 1, 1, 1, 2, 1, 1, 1, 1, 1, 2, 1, 1, 1, 1, 1, 1, 1, 1, 1, 1, 1, 1, 1, 1, 1, 1, 1, 1, 2, 1, 1, 1, 1, 1, 1, 1, 1, 2, 1, 1, 1, 1, 1, 1, 1, 1, 2, 1, 1, 1, 1, 1, 1, 1, 1, 2, 1, 2, 1, 1, 1, 1, 1, 1, 1, 1, 1, 1, 2, 2, 1, 1, 1, 1, 1, 1, 1, 1, 1, 1, 2, 1, 1, 1, 1, 1, 1, 1, 1, 2, 1, 1, 1, 1, 1, 1, 1, 1, 1, 1, 2, 1, 1, 1, 1, 1, 2, 1, 1, 1, 2, 1, 1, 1, 1, 1, 1, 1, 1, 1, 1, 2, 1, 1, 1, 1, 1, 1, 1, 1, 1, 1, 1, 1, 1, 1, 1, 1, 1, 1, 1, 1, 1, 1, 1, 1, 1, 1, 1, 1, 1, 1, 2, 1, 1, 1, 2, 1, 1, 1, 1, 2, 1, 1, 1, 1, 1, 1, 1, 1, 1, 2, 1, 1, 1, 1, 1, 1, 2, 1, 1, 1, 1, 1, 1, 1, 1, 1, 1, 1, 1, 1, 1, 1, 1, 1]
w=1390356536125028608/590295810358705747841 [cg] doubles=24 n=232
  xk(2^-20 units)=[2425, 6758, 11181, 15629, 20104, 24578, 29058, 33523, 38005, 42461, 46814, 51093, 55307, 59708, 64079, 68227, 72395, 76541, 80735, 84951, 89177, 93506, 101166, 105580, 109736, 113899, 118073, 122247, 126455, 130712, 135127, 142513, 146929, 151233, 155473, 159680, 164088, 168559, 172887, 177270, 181692, 186114, 190561, 195053, 199460, 203810, 208105, 212575, 217100, 221517, 225961, 230396, 234841, 239307, 243787, 248290, 252768, 257309, 261800, 266423, 271068, 275587, 280048, 284455, 288839, 293172, 297488, 301778, 306028, 310468, 314950, 319479, 324096, 328632, 333264, 337777, 342329, 346932, 354827, 359325, 363635, 367952, 372270, 376673, 381100, 385553, 389991, 394431, 398855, 403291, 407714, 412133, 416507, 420836, 425178, 429530, 433874, 438197, 442487, 446770, 451034, 455278, 459534, 463775, 468064, 472478, 479708, 484134, 488427, 492683, 496887, 501077, 505462, 509859, 514082, 518366, 522694, 527068, 531548, 539135, 543734, 548358, 553091, 557783, 562511, 567091, 571590, 576176, 580597, 584859, 589152, 593434, 597723, 601978, 606418, 610917, 615330, 619818, 624306, 628826, 633376, 637923, 642448, 646920, 651374, 655768, 660202, 664674, 669182, 673623, 678035, 682419, 686972, 691593, 696118, 700591, 704999, 709397, 713783, 718111, 722457, 726817, 731184, 735553, 739951, 744316, 748650, 753137, 757633, 762108, 766685, 774443, 778940, 783355, 787768, 792142, 796523, 800900, 805271, 809591, 813896, 818227, 822596, 826988, 831372, 835928, 840480, 844911, 849372, 853804, 858155, 862651, 867106, 871392, 875727, 880117, 884568, 889121, 893797, 898587, 903330, 907937, 912471, 917037, 921554, 925896, 930263, 934632, 939056, 943544, 951350, 955913, 960352, 964908, 969404, 973722, 978086, 982439, 986780, 991133, 995414, 999704, 1003992, 1008279, 1012751, 1017165, 1021579, 1026073, 1030465, 1037479, 1041957, 1046511]
  m=[1, 1, 1, 1, 1, 1, 1, 1, 1, 1, 1, 1, 1, 2, 1, 1, 1, 1, 1, 1, 1, 1, 2, 1, 1, 1, 1, 1, 1, 1, 1, 1, 1, 1, 1, 1, 2, 1, 1, 1, 1, 1, 1, 1, 1, 1, 1, 2, 1, 1, 1, 1, 1, 1, 1, 1, 1, 1, 1, 2, 1, 1, 1, 1, 1, 1, 1, 1, 1, 2, 1, 2, 1, 1, 1, 1, 2, 1, 2, 1, 1, 1, 1, 1, 1, 1, 1, 1, 1, 1, 1, 1, 1, 1, 1, 1, 1, 1, 1, 1, 1, 1, 1, 1, 1, 1, 1, 1, 1, 1, 1, 1, 2, 1, 1, 1, 1, 1, 1, 1, 1, 1, 1, 1, 2, 1, 2, 2, 1, 1, 1, 1, 1, 1, 2, 1, 1, 1, 1, 1, 1, 1, 1, 1, 1, 1, 1, 1, 1, 1, 1, 1, 2, 1, 1, 1, 1, 1, 1, 1, 1, 1, 1, 1, 1, 1, 1, 2, 1, 2, 1, 1, 1, 1, 1, 1, 1, 1, 1, 1, 1, 1, 1, 1, 1, 2, 1, 1, 1, 1, 1, 2, 1, 1, 1, 1, 1, 1, 1, 1, 1, 1, 1, 2, 1, 1, 1, 1, 1, 1, 1, 1, 1, 2, 1, 1, 1, 1, 1, 1, 1, 1, 1, 1, 2, 1, 2, 1, 1, 1, 1, 2]
w=427514633421380928/590295810358705747841 [cg] doubles=26 n=230
  xk(2^-20 units)=[6025, 10321, 14619, 19100, 26683, 31048, 35518, 39955, 44219, 48594, 53053, 57567, 62100, 66641, 71146, 75619, 80070, 84536, 89001, 93455, 97917, 102441, 106970, 111449, 115850, 120201, 124536, 128888, 133186, 137654, 142111, 146404, 150714, 155026, 159417, 163873, 168325, 172771, 177183, 181573, 185931, 190305, 194760, 202276, 206791, 211276, 215824, 220368, 224847, 229291, 233679, 238024, 242337, 246608, 251090, 255562, 260000, 264271, 268596, 272957, 277297, 281776, 286296, 290730, 295241, 299767, 304338, 308917, 313513, 318153, 322807, 327527, 332358, 337529, 342442, 347060, 351519, 356028, 360588, 367711, 372213, 376609, 380803, 385032, 389273, 393499, 397717, 401939, 406165, 410599, 415086, 419416, 423804, 428187, 432642, 437108, 441518, 446007, 450625, 455430, 460364, 465327, 470232, 475029, 479762, 484446, 489025, 493487, 497873, 502234, 506564, 510898, 515178, 519605, 524061, 528347, 532701, 537073, 541471, 545844, 550240, 554633, 559004, 563354, 567689, 572035, 576402, 580803, 585177, 589515, 594037, 598629, 603198, 611689, 616347, 620883, 625200, 629707, 634217, 638585, 642957, 647327, 651733, 656119, 660500, 664879, 669402, 673953, 681795, 686384, 690836, 695148, 699516, 703948, 708437, 712932, 717481, 722038, 726564, 731004, 735415, 739830, 744220, 748551, 752897, 757258, 761603, 765962, 770296, 774642, 778958, 783237, 787542, 791832, 796293, 800684, 805069, 809525, 813920, 821472, 825941, 830496, 835062, 839543, 844125, 848652, 853142, 857589, 861980, 866345, 870721, 875076, 879412, 883747, 888090, 892418, 896745, 901091, 905471, 909792, 914280, 918787, 923148, 927505, 931819, 936290, 940846, 948427, 952966, 957463, 961832, 966226, 970727, 975297, 979934, 984473, 989029, 993637, 998107, 1002524, 1010245, 1014808, 1019306, 1023664, 1028074, 1032470, 1036864, 1041250, 1045624, 1570]
  m=[1, 1, 1, 2, 1, 1, 2, 1, 1, 1, 1, 1, 1, 1, 1, 1, 1, 1, 1, 1, 1, 1, 1, 1, 1, 1, 1, 1, 1, 2, 1, 1, 1, 1, 1, 1, 1, 1, 1, 1, 1, 1, 1, 1, 1, 1, 1, 1, 1, 1, 1, 1, 1, 1, 2, 2, 1, 1, 1, 1, 1, 2, 1, 1, 1, 1, 1, 1, 1, 1, 1, 1, 1, 1, 1, 1, 1, 2, 1, 1, 2, 1, 1, 1, 1, 1, 1, 1, 1, 2, 1, 1, 1, 1, 1, 1, 1, 1, 1, 1, 1, 1, 1, 1, 1, 1, 1, 1, 1, 1, 1, 1, 1, 2, 1, 1, 1, 1, 1, 1, 1, 1, 1, 1, 1, 1, 1, 1, 1, 1, 2, 1, 1, 1, 2, 1, 1, 2, 1, 1, 1, 1, 1, 1, 1, 1, 2, 1, 2, 2, 1, 1, 1, 1, 1, 1, 1, 1, 1, 1, 1, 1, 1, 1, 1, 1, 1, 1, 1, 1, 1, 1, 1, 1, 2, 1, 2, 1, 1, 1, 1, 2, 1, 1, 1, 1, 1, 1, 1, 1, 1, 1, 1, 1, 1, 1, 1, 1, 1, 1, 2, 1, 1, 1, 1, 2, 1, 1, 2, 1, 1, 1, 1, 1, 1, 1, 2, 2, 1, 1, 1, 2, 1, 1, 1, 1, 1, 1, 1, 2]
w=54766289451586552/590295810358705747841 [cg] doubles=26 n=230
  xk(2^-20 units)=[1046734, 2630, 7235, 11914, 16564, 21092, 25560, 30105, 34677, 41858, 46418, 50915, 55349, 59626, 64050, 71243, 75681, 80209, 84711, 89057, 93471, 97982, 102506, 107045, 111541, 115978, 120367, 124743, 129236, 133767, 138163, 142614, 147049, 151565, 156099, 160677, 165219, 169713, 174177, 178628, 183093, 187545, 192023, 196501, 201032, 205612, 210158, 214768, 219368, 223846, 228352, 232856, 237374, 241997, 246611, 251129, 255614, 260202, 264779, 269207, 273627, 278082, 282574, 287056, 291568, 296097, 300656, 305227, 309760, 314190, 318567, 322940, 327292, 331654, 336082, 340477, 344861, 349252, 353720, 358237, 362810, 367376, 371955, 376535, 381170, 385890, 390603, 395407, 400245, 405045, 409813, 414629, 420493, 425351, 430108, 434846, 439521, 444190, 448861, 453509, 458058, 462553, 466945, 471453, 475954, 480313, 484694, 489131, 493578, 498046, 502519, 506985, 511416, 515878, 520294, 524674, 529004, 533292, 537526, 541768, 545959, 550353, 554769, 558990, 563472, 571190, 575660, 580076, 584491, 588934, 593366, 597801, 602173, 606681, 611234, 615638, 620079, 624488, 628945, 633414, 637878, 642349, 646800, 651279, 655739, 660329, 664843, 669140, 673421, 677870, 682399, 686818, 691375, 696032, 700809, 705489, 710167, 714847, 719588, 725290, 730288, 734857, 739398, 743878, 748161, 752468, 756840, 764625, 769212, 773708, 778111, 782576, 787058, 791567, 796040, 800507, 804952, 809356, 813719, 818098, 822454, 826781, 831049, 835502, 839981, 844333, 848787, 853287, 857802, 862292, 866765, 871244, 875623, 880109, 884578, 888905, 893282, 900650, 905126, 909368, 913644, 917933, 922224, 926564, 930954, 935415, 939945, 944480, 948949, 953397, 957853, 962290, 966699, 971082, 975460, 980005, 984581, 989113, 993713, 998228, 1002774, 1007258, 1011691, 1016089, 1020476, 1024834, 1029204, 1033570, 1037934, 1042310]
  m=[1, 1, 1, 1, 1, 1, 1, 2, 1, 1, 2, 2, 1, 1, 1, 1, 1, 2, 1, 1, 1, 1, 1, 1, 1, 1, 1, 1, 2, 1, 1, 1, 1, 1, 1, 1, 1, 1, 1, 1, 1, 1, 1, 1, 1, 1, 1, 2, 1, 1, 1, 1, 1, 2, 1, 1, 1, 2, 1, 1, 1, 1, 1, 1, 1, 1, 1, 1, 1, 1, 1, 1, 1, 1, 1, 1, 1, 1, 1, 1, 1, 1, 1, 1, 2, 2, 1, 2, 1, 2, 1, 1, 1, 1, 1, 1, 1, 1, 1, 1, 1, 1, 1, 2, 1, 1, 1, 1, 1, 1, 1, 1, 1, 1, 1, 1, 1, 1, 1, 1, 1, 2, 1, 1, 2, 1, 1, 1, 1, 1, 1, 1, 1, 2, 1, 1, 1, 1, 1, 1, 1, 1, 1, 1, 1, 2, 1, 1, 1, 2, 1, 1, 1, 1, 1, 1, 2, 1, 1, 1, 1, 1, 2, 1, 1, 1, 1, 2, 2, 1, 1, 1, 1, 1, 1, 1, 1, 1, 1, 1, 1, 1, 1, 2, 1, 1, 1, 1, 1, 1, 1, 1, 1, 2, 1, 1, 1, 2, 1, 1, 1, 1, 1, 1, 1, 1, 1, 1, 1, 1, 1, 1, 1, 1, 1, 2, 1, 1, 1, 1, 1, 1, 1, 1, 1, 1, 1, 1, 1, 1]
w=376306180857025856/590295810358705747841 [cg] doubles=26 n=230
  xk(2^-20 units)=[2401, 6786, 11133, 15413, 19681, 23922, 28120, 32548, 36958, 41193, 45458, 49725, 54050, 58402, 62799, 67284, 71814, 76368, 81015, 85714, 90479, 95416, 100518, 105449, 110137, 114804, 119388, 123806, 128291, 132809, 137411, 142045, 146737, 151439, 156083, 160617, 165220, 169764, 174196, 178648, 183192, 187809, 192384, 197015, 201543, 206062, 210647, 215226, 219997, 226160, 230768, 235345, 239873, 244261, 248703, 253161, 257592, 262018, 266419, 270818, 275223, 279597, 283960, 288310, 292620, 296880, 301290, 305750, 310040, 314377, 318798, 323319, 328081, 332946, 338067, 343092, 347961, 352738, 357482, 362067, 366601, 371016, 375382, 379713, 384010, 388314, 392601, 396875, 401183, 405480, 409812, 414164, 418547, 422943, 427293, 431824, 436368, 440793, 445314, 449780, 454378, 458967, 463553, 468254, 472944, 477760, 482675, 487444, 492082, 496584, 501007, 505533, 510090, 517527, 521945, 526249, 530540, 534811, 539076, 543311, 547745, 552248, 556610, 561033, 565484, 569903, 574295, 578677, 583029, 587392, 591723, 596061, 600436, 604763, 609310, 617304, 621759, 626159, 630570, 634956, 639308, 643651, 647953, 652405, 656858, 661139, 665433, 669914, 674453, 678998, 683585, 688004, 692405, 696775, 701103, 705605, 713268, 717650, 721937, 726186, 730435, 734692, 738953, 743237, 747530, 751838, 756191, 760564, 764958, 769380, 773810, 778324, 785956, 790387, 794888, 799371, 803644, 808132, 812626, 816957, 821269, 825576, 829883, 834207, 838556, 842905, 847232, 851553, 855874, 860213, 864540, 868906, 873279, 877630, 881987, 886327, 890828, 898669, 903103, 907487, 911838, 916153, 920618, 925105, 929460, 933863, 938260, 942632, 947150, 951660, 956018, 960422, 964854, 969329, 976566, 981036, 985558, 990026, 994432, 998919, 1003388, 1011213, 1015629, 1019988, 1024422, 1028868, 1033306, 1037739, 1042164, 1046570]
  m=[1, 1, 1, 1, 1, 1, 1, 2, 1, 1, 1, 1, 1, 1, 1, 1, 1, 1, 2, 1, 1, 1, 1, 1, 1, 2, 1, 1, 1, 1, 1, 1, 1, 1, 1, 1, 2, 1, 1, 1, 1, 1, 1, 2, 1, 2, 1, 1, 1, 1, 1, 2, 1, 1, 1, 1, 1, 1, 1, 1, 1, 1, 1, 1, 1, 1, 2, 1, 1, 1, 1, 1, 1, 1, 1, 1, 1, 1, 1, 1, 1, 1, 1, 1, 1, 1, 1, 1, 1, 1, 1, 1, 1, 1, 1, 2, 1, 1, 1, 1, 2, 1, 2, 1, 1, 1, 1, 1, 1, 1, 1, 2, 1, 1, 1, 1, 1, 1, 1, 1, 2, 1, 1, 1, 1, 1, 1, 1, 1, 1, 1, 1, 1, 1, 2, 1, 1, 1, 1, 1, 1, 1, 1, 2, 1, 1, 1, 2, 1, 2, 1, 1, 1, 1, 1, 2, 1, 1, 1, 1, 1, 1, 1, 1, 1, 1, 1, 1, 1, 1, 1, 1, 1, 1, 2, 1, 1, 2, 1, 1, 1, 1, 1, 1, 1, 1, 1, 1, 1, 1, 1, 1, 1, 1, 1, 1, 2, 1, 1, 1, 1, 1, 2, 1, 1, 1, 1, 1, 2, 1, 1, 1, 1, 1, 1, 1, 2, 1, 2, 1, 2, 1, 1, 1, 1, 1, 1, 1, 1, 1]
w=413759049818944704/590295810358705747841 [cg] doubles=51 n=205
  xk(2^-20 units)=[4432, 8664, 12792, 16920, 25360, 33360, 41032, 45360, 139880, 49680, 57696, 62120, 69840, 74224, 78416, 82736, 90088, 94368, 98592, 102984, 107424, 114640, 118872, 123192, 127496, 131568, 135704, 144016, 148192, 155744, 160168, 167952, 172200, 176352, 180448, 184576, 188856, 193240, 200792, 205136, 209296, 213496, 217752, 225128, 233608, 237840, 242160, 246560, 253744, 258160, 262488, 426240, 270920, 275176, 282640, 286912, 291304, 299328, 229384, 307152, 311536, 315984, 324056, 328456, 336064, 340456, 344920, 352744, 570072, 364648, 368960, 266680, 373192, 377408, 381736, 392952, 397432, 401784, 405896, 409984, 414288, 357104, 422064, 430592, 438376, 442576, 446784, 451160, 455624, 462840, 467112, 471312, 475672, 480080, 487872, 492160, 496480, 504296, 508616, 512944, 520400, 524656, 529040, 536832, 541072, 545408, 549824, 557224, 561608, 565936, 909944, 574184, 578336, 582544, 586864, 593936, 602632, 598208, 610696, 615040, 619312, 627040, 631504, 639136, 643416, 647600, 651824, 655984, 660120, 664312, 668528, 672808, 680144, 684624, 692736, 697072, 701256, 709112, 713448, 717696, 725448, 733344, 905832, 737760, 742184, 21008, 753776, 758192, 762496, 766792, 771200, 778776, 783112, 790840, 795232, 799624, 807112, 746560, 815616, 819800, 823976, 828240, 835928, 840392, 844696, 848888, 853088, 860720, 865064, 869288, 876800, 881248, 889144, 893464, 897584, 901696, 811392, 914080, 918224, 922392, 926640, 934168, 938384, 942568, 946904, 951280, 958664, 962904, 967112, 971304, 975680, 983440, 987760, 992120, 999696, 1003920, 1008248, 1012568, 1016736, 1021016, 1028424, 1032648, 1036800, 1040968, 1045312]
  m=[1, 1, 1, 1, 2, 1, 2, 1, 1, 2, 2, 1, 2, 1, 1, 1, 1, 1, 1, 2, 1, 1, 1, 2, 1, 1, 1, 1, 1, 1, 2, 1, 1, 1, 1, 1, 2, 1, 2, 1, 1, 1, 1, 1, 1, 1, 2, 1, 1, 2, 1, 1, 1, 1, 1, 1, 2, 2, 1, 1, 2, 2, 2, 1, 1, 2, 2, 1, 1, 1, 1, 1, 1, 1, 1, 2, 2, 1, 1, 1, 2, 1, 1, 2, 1, 1, 1, 2, 1, 1, 1, 1, 2, 1, 2, 1, 2, 1, 1, 1, 1, 1, 2, 1, 1, 2, 1, 1, 2, 1, 1, 1, 1, 1, 1, 1, 2, 1, 2, 1, 1, 2, 1, 1, 1, 1, 1, 1, 1, 1, 1, 1, 1, 2, 2, 1, 1, 2, 1, 1, 2, 1, 1, 2, 2, 1, 1, 2, 1, 2, 1, 1, 1, 1, 2, 1, 1, 1, 1, 1, 1, 1, 2, 2, 1, 1, 1, 2, 1, 1, 1, 2, 2, 1, 1, 1, 1, 1, 1, 1, 1, 1, 1, 1, 2, 1, 1, 1, 1, 1, 2, 1, 1, 1, 1, 1, 2, 1, 1, 1, 1, 1, 1, 1, 2]
w=1209683146041619200/590295810358705747841 [cg] doubles=41 n=215
  xk(2^-20 units)=[3088, 1010304, 7360, 18944, 23296, 27432, 31584, 35784, 617504, 47456, 55968, 60080, 64192, 68344, 72544, 76672, 80968, 88144, 92456, 96808, 101096, 105208, 109344, 113664, 118104, 125240, 129568, 133752, 137920, 146168, 150432, 154744, 158960, 14528, 166480, 170848, 175096, 179432, 187272, 195008, 199432, 203896, 220216, 215928, 846808, 224544, 231712, 236056, 240248, 244392, 248760, 253224, 260400, 264648, 268896, 273032, 277320, 281688, 285952, 293104, 297416, 301656, 305816, 309976, 314344, 322176, 326528, 330712, 334808, 338928, 343096, 347296, 351592, 358752, 363080, 367264, 371424, 375600, 379744, 383872, 388216, 396176, 404024, 408312, 412488, 416808, 424784, 429128, 433400, 440744, 444960, 449160, 453296, 457592, 461936, 466056, 470360, 477688, 482000, 486248, 490464, 494688, 498928, 506560, 510912, 515112, 519328, 523496, 531280, 535592, 539688, 543800, 547912, 552192, 560312, 605104, 567896, 572120, 576504, 588440, 592768, 596904, 600984, 211664, 609232, 613352, 580880, 621696, 625968, 633456, 637816, 641968, 51832, 650296, 654504, 658792, 666424, 670800, 674920, 679240, 687360, 646120, 695128, 699392, 703648, 707904, 715656, 720008, 724144, 728312, 732616, 740360, 748200, 752456, 756632, 760816, 765200, 772800, 777240, 784992, 789240, 793400, 797536, 801624, 805728, 809824, 813928, 818040, 822160, 826256, 830336, 834456, 838608, 842704, 850928, 854992, 859328, 867240, 871664, 879352, 883744, 887968, 892136, 896416, 900688, 908416, 912912, 917424, 922176, 926968, 931592, 936000, 940352, 944664, 948920, 953120, 957368, 961680, 969064, 973480, 977880, 982104, 989648, 39976, 994008, 998352, 1006064, 1014512, 1018688, 1022936, 1027208, 142064, 1034856, 1043072, 1047464]
  m=[1, 1, 1, 2, 1, 1, 1, 1, 1, 2, 1, 1, 1, 1, 1, 1, 1, 1, 1, 2, 1, 1, 1, 2, 1, 1, 1, 1, 1, 1, 2, 1, 1, 1, 2, 1, 1, 1, 2, 1, 2, 2, 1, 1, 1, 1, 1, 1, 1, 1, 2, 1, 1, 1, 1, 1, 2, 1, 1, 1, 1, 1, 1, 1, 2, 2, 1, 1, 1, 1, 1, 1, 1, 1, 1, 1, 1, 1, 1, 1, 2, 2, 1, 1, 1, 2, 2, 1, 1, 1, 1, 1, 1, 2, 1, 1, 1, 1, 1, 1, 1, 1, 1, 2, 1, 1, 1, 1, 2, 1, 1, 1, 1, 2, 2, 1, 1, 1, 2, 2, 1, 1, 1, 1, 1, 1, 1, 1, 1, 2, 1, 1, 1, 1, 1, 1, 2, 1, 1, 2, 2, 1, 1, 1, 1, 1, 2, 1, 1, 1, 1, 2, 1, 1, 1, 1, 2, 1, 2, 1, 1, 1, 1, 1, 1, 1, 1, 1, 1, 1, 1, 1, 1, 1, 1, 1, 2, 2, 1, 2, 1, 1, 1, 1, 1, 2, 1, 1, 1, 1, 1, 1, 1, 1, 1, 1, 1, 1, 1, 2, 1, 1, 2, 1, 1, 2, 1, 1, 1, 1, 1, 1, 2, 2, 1]
w=46708926405990896/590295810358705747841 [cg] doubles=29 n=227
  xk(2^-20 units)=[1048384, 4024, 8232, 12472, 23440, 778968, 27800, 32128, 36336, 40640, 597072, 49464, 53712, 58120, 65816, 70280, 74648, 78968, 83472, 91544, 45112, 95880, 100264, 104576, 108728, 117088, 121272, 210216, 129592, 133736, 766272, 346336, 146736, 154112, 227336, 162744, 138080, 167120, 175856, 180272, 184624, 188888, 197440, 193072, 201736, 205872, 214616, 753568, 218840, 270392, 231664, 235968, 240352, 244696, 249032, 253352, 257664, 261920, 266232, 274656, 278768, 282920, 287056, 291192, 295368, 299568, 303808, 308072, 312376, 316616, 320992, 328592, 333040, 337408, 341888, 439224, 350768, 355320, 359776, 364400, 443464, 369048, 378032, 382720, 387272, 391888, 396480, 125424, 409728, 422632, 414024, 418280, 434968, 430504, 223080, 112936, 944464, 447864, 464552, 455920, 460328, 468808, 400984, 473144, 481912, 486368, 490808, 495120, 499576, 520376, 508264, 512608, 524736, 477496, 966520, 1030528, 537472, 728192, 545552, 549920, 158472, 554336, 562728, 528904, 698752, 575464, 579896, 571032, 592528, 634464, 601480, 605736, 609984, 614184, 618352, 622576, 503992, 584328, 638864, 643008, 647152, 651432, 655672, 659960, 664304, 668768, 676752, 681096, 685472, 689784, 694272, 533088, 703032, 707256, 711544, 715696, 719864, 723992, 732432, 736616, 740840, 745040, 749304, 405360, 757816, 762056, 770440, 1012504, 774608, 823000, 786944, 791352, 795672, 800008, 804592, 809496, 814280, 818680, 171520, 827376, 831776, 836088, 840536, 845144, 849760, 854504, 859064, 863560, 867992, 872336, 876712, 881056, 885400, 892744, 896992, 901272, 905584, 909920, 914312, 918656, 923056, 927424, 931728, 936016, 940216, 948656, 952968, 957408, 961800, 626832, 971272, 975944, 980584, 985168, 989704, 994232, 998888, 1003512, 16704, 1008016, 1016968, 1021512, 142440, 1025984, 1035144, 1039680, 1044040]
  m=[1, 1, 1, 1, 1, 2, 1, 1, 1, 2, 2, 1, 1, 1, 1, 1, 1, 1, 2, 1, 2, 1, 2, 1, 1, 1, 1, 2, 1, 1, 1, 1, 1, 1, 1, 1, 2, 1, 1, 1, 1, 1, 2, 1, 1, 1, 1, 1, 1, 1, 1, 1, 1, 1, 1, 1, 1, 1, 1, 1, 1, 1, 1, 1, 1, 1, 1, 1, 1, 1, 1, 1, 1, 1, 2, 1, 2, 1, 1, 2, 1, 1, 2, 1, 1, 1, 1, 1, 1, 1, 1, 1, 1, 2, 1, 1, 1, 2, 1, 2, 1, 1, 1, 1, 1, 1, 1, 1, 2, 1, 1, 1, 1, 1, 1, 1, 2, 1, 2, 1, 1, 2, 2, 1, 1, 1, 1, 1, 2, 2, 1, 1, 1, 1, 1, 1, 1, 1, 1, 1, 1, 1, 1, 1, 1, 1, 1, 1, 1, 1, 2, 1, 1, 1, 1, 1, 1, 1, 1, 1, 1, 1, 1, 1, 1, 1, 1, 1, 1, 1, 2, 1, 1, 1, 1, 1, 1, 1, 1, 2, 1, 1, 2, 1, 1, 1, 1, 1, 1, 1, 1, 1, 1, 1, 1, 1, 1, 1, 1, 1, 1, 1, 1, 1, 1, 1, 1, 1, 1, 1, 1, 1, 2, 2, 1, 1, 1, 1, 1, 1, 1, 1, 1, 1, 1, 1, 1]
w=3901722597764037632/590295810358705747841 [cg] doubles=25 n=231
  xk(2^-20 units)=[141712, 1047680, 711000, 680856, 7640, 37688, 11920, 20432, 457208, 357192, 24824, 365880, 41912, 29224, 625504, 580480, 50416, 54680, 996856, 763040, 68016, 646664, 72592, 105160, 554688, 945712, 46152, 81960, 86664, 880648, 100616, 137312, 109672, 95992, 706712, 114176, 118728, 123392, 521304, 484448, 77280, 128104, 132760, 146184, 187528, 567440, 488960, 264552, 159112, 655192, 154816, 166656, 171056, 91344, 175160, 745272, 150592, 33440, 179296, 191704, 195848, 715232, 200040, 217600, 251464, 204232, 208664, 807824, 213152, 453024, 268736, 222080, 226568, 352712, 343528, 239696, 230968, 294928, 244136, 255784, 303864, 493472, 273008, 277352, 281688, 286080, 260184, 290456, 299488, 378912, 840160, 776400, 325520, 329888, 338896, 470640, 348136, 361576, 394320, 374648, 370248, 415848, 529816, 398744, 407328, 411568, 423392, 902200, 427680, 308216, 503080, 235264, 431864, 444328, 448680, 1039128, 461640, 466120, 479864, 498104, 512528, 507856, 516992, 525560, 534224, 541744, 740912, 546136, 550488, 558896, 563128, 571784, 576112, 584888, 589504, 594280, 608400, 599040, 603824, 612968, 312552, 629976, 634320, 803232, 642216, 736632, 650912, 659472, 668032, 676576, 316864, 689488, 693816, 719456, 723680, 727880, 440200, 754120, 16192, 59072, 970672, 732240, 889256, 702432, 749656, 758592, 663752, 767552, 772000, 785416, 789768, 780920, 334376, 685192, 798672, 63488, 183424, 794216, 812336, 816888, 821416, 897776, 672312, 386552, 835480, 853808, 849288, 403120, 862808, 830712, 867336, 844768, 992664, 936992, 871792, 876264, 885000, 858312, 893520, 436032, 910944, 906624, 924056, 915288, 919640, 928400, 932704, 3384, 475264, 957656, 961984, 966336, 950024, 941352, 1005352, 975112, 979616, 988272, 983952, 1001096, 1013856, 698128, 1018168, 1022504, 617464, 1030400, 321192, 1009592, 1043400, 1034800, 826016]
  m=[1, 1, 1, 1, 1, 1, 1, 1, 1, 1, 2, 1, 1, 1, 2, 1, 1, 1, 1, 1, 1, 1, 1, 1, 1, 1, 1, 1, 1, 1, 1, 1, 1, 1, 1, 1, 1, 1, 1, 1, 1, 1, 1, 2, 1, 1, 1, 1, 1, 1, 1, 2, 1, 1, 1, 1, 1, 1, 1, 1, 1, 1, 1, 1, 1, 1, 2, 1, 1, 1, 1, 1, 1, 1, 1, 2, 1, 2, 1, 1, 1, 1, 1, 1, 1, 1, 2, 1, 1, 1, 1, 1, 1, 1, 1, 1, 1, 1, 1, 1, 2, 1, 1, 2, 1, 1, 1, 2, 1, 1, 1, 1, 1, 1, 2, 1, 2, 1, 1, 1, 2, 1, 1, 1, 2, 1, 1, 2, 1, 1, 1, 1, 1, 1, 1, 1, 1, 1, 1, 2, 1, 1, 1, 1, 2, 1, 1, 1, 1, 1, 1, 1, 1, 1, 1, 1, 1, 1, 1, 1, 1, 2, 1, 1, 1, 1, 1, 1, 1, 1, 1, 2, 1, 1, 1, 1, 1, 1, 1, 1, 1, 1, 1, 2, 1, 1, 1, 1, 1, 1, 1, 1, 1, 1, 1, 1, 1, 1, 1, 1, 1, 1, 1, 1, 1, 1, 1, 1, 1, 2, 1, 1, 1, 1, 1, 2, 2, 2, 1, 1, 1, 1, 1, 1, 1, 1, 1, 1, 1, 1, 1]
w=185448893893467456/590295810358705747841 [cg] doubles=41 n=215
  xk(2^-20 units)=[6912, 1010584, 11000, 15304, 22936, 27160, 31320, 35488, 43960, 51552, 55896, 60032, 64168, 68320, 72408, 76560, 105152, 84960, 92240, 96640, 232384, 240608, 109384, 117048, 121376, 125512, 129648, 719280, 137912, 142072, 146432, 154152, 158400, 162560, 166888, 171296, 178712, 400144, 187392, 195184, 199616, 207544, 220032, 215896, 850408, 224120, 228248, 424808, 236496, 249312, 244912, 256408, 260624, 264808, 268984, 273120, 277440, 281840, 289368, 293560, 297736, 301960, 306224, 182984, 314000, 318456, 326264, 330488, 334688, 338864, 343016, 347240, 351536, 358712, 362936, 367112, 371264, 375384, 379496, 383608, 387896, 395808, 404288, 408600, 416000, 420416, 432504, 80736, 436872, 461408, 441080, 445296, 452664, 457056, 465544, 469664, 473816, 477952, 482088, 486288, 490544, 497832, 502080, 506376, 510688, 514776, 518904, 523040, 527384, 534984, 674112, 543424, 547560, 551848, 559792, 604800, 564192, 568440, 572856, 588416, 650136, 592888, 600480, 211816, 608992, 613208, 617368, 621608, 633528, 629200, 637672, 641792, 645952, 539216, 654328, 661904, 666320, 793384, 707376, 678488, 686560, 690856, 694976, 699136, 703256, 133760, 711760, 723520, 727664, 731784, 735904, 744312, 748600, 752840, 760080, 764400, 768720, 773088, 780776, 785080, 789224, 583976, 797488, 801752, 806008, 740016, 813416, 817640, 821792, 826000, 830216, 834376, 838552, 842832, 854696, 100992, 859048, 867120, 871504, 875880, 883776, 888120, 895720, 900024, 904288, 908728, 913160, 917584, 922168, 926864, 931416, 935864, 940208, 944496, 948760, 953064, 957304, 961576, 969128, 973624, 981336, 985616, 989928, 39672, 994320, 1002040, 1006384, 1014720, 1018840, 1023032, 1027256, 1034736, 1039136, 1047096, 2792]
  m=[1, 1, 1, 2, 1, 1, 1, 1, 1, 2, 1, 1, 1, 1, 1, 1, 1, 1, 1, 2, 1, 1, 1, 2, 1, 1, 1, 1, 1, 1, 2, 1, 1, 1, 2, 1, 1, 1, 2, 1, 2, 2, 1, 1, 1, 1, 1, 1, 1, 1, 2, 1, 1, 1, 1, 1, 2, 1, 1, 1, 1, 1, 1, 1, 2, 2, 1, 1, 1, 1, 1, 1, 1, 1, 1, 1, 1, 1, 1, 1, 2, 2, 1, 1, 1, 2, 2, 1, 1, 1, 1, 1, 1, 2, 1, 1, 1, 1, 1, 1, 1, 1, 1, 2, 1, 1, 1, 1, 2, 1, 1, 1, 1, 2, 2, 1, 1, 1, 2, 2, 1, 1, 1, 1, 1, 1, 1, 1, 1, 2, 1, 1, 1, 1, 1, 1, 2, 1, 1, 2, 2, 1, 1, 1, 1, 1, 2, 1, 1, 1, 1, 2, 1, 1, 1, 1, 2, 1, 2, 1, 1, 1, 1, 1, 1, 1, 1, 1, 1, 1, 1, 1, 1, 1, 1, 1, 2, 2, 1, 2, 1, 1, 1, 1, 1, 2, 1, 1, 1, 1, 1, 1, 1, 1, 1, 1, 1, 1, 1, 2, 1, 1, 2, 1, 1, 2, 1, 1, 1, 1, 1, 1, 2, 2, 1]
w=112479263786549216/590295810358705747841 [cg] doubles=41 n=215
  xk(2^-20 units)=[7480, 11688, 707712, 16016, 24800, 29368, 34072, 38824, 43328, 47840, 52224, 56448, 60632, 64872, 69128, 76632, 80928, 85144, 999416, 93680, 98016, 102248, 109512, 113896, 118216, 122344, 126528, 130704, 134896, 139160, 146816, 151296, 158760, 89312, 167336, 171688, 175960, 257360, 187728, 192000, 196320, 204240, 208608, 212808, 217088, 224408, 228744, 232968, 237240, 183296, 253040, 163008, 244528, 265576, 269656, 273776, 278088, 282440, 286752, 293608, 297864, 302088, 306328, 310504, 314832, 322840, 330656, 334904, 339072, 343200, 347376, 351504, 355664, 359776, 363912, 368040, 372152, 376320, 380440, 261456, 392832, 384752, 404824, 409056, 413336, 421184, 429160, 400600, 433472, 437656, 441832, 446032, 450224, 457896, 462272, 466456, 470672, 474936, 482184, 486408, 490616, 494728, 498864, 503192, 511040, 515288, 519472, 523680, 531512, 535872, 1015104, 539992, 544160, 548480, 564224, 830712, 568592, 572888, 580704, 592912, 585128, 597272, 601416, 605536, 609664, 613792, 838912, 617936, 622064, 626392, 634008, 638224, 642384, 646552, 650736, 654992, 662568, 671072, 675288, 682968, 687448, 20456, 695224, 699440, 703568, 711808, 716112, 720488, 727952, 732208, 736424, 740816, 748480, 752744, 756920, 761104, 765448, 773112, 777488, 781808, 785992, 790296, 797528, 801816, 806032, 810176, 814296, 818416, 822488, 826592, 666912, 834840, 843032, 847136, 851232, 855384, 859720, 867672, 875520, 879976, 937096, 884416, 895920, 891648, 900136, 904520, 912184, 916432, 920600, 924800, 932968, 928880, 941240, 945408, 949512, 953632, 957744, 961992, 966256, 974064, 981960, 986240, 990584, 1006704, 248752, 995016, 1010904, 556344, 1019216, 1023344, 1027496, 1031672, 1036048, 1044088, 3272]
  m=[1, 1, 1, 2, 1, 1, 1, 1, 1, 2, 1, 1, 1, 1, 1, 1, 1, 1, 1, 2, 1, 1, 1, 2, 1, 1, 1, 1, 1, 1, 2, 1, 1, 1, 2, 1, 1, 1, 2, 1, 2, 2, 1, 1, 1, 1, 1, 1, 1, 1, 2, 1, 1, 1, 1, 1, 2, 1, 1, 1, 1, 1, 1, 1, 2, 2, 1, 1, 1, 1, 1, 1, 1, 1, 1, 1, 1, 1, 1, 1, 2, 2, 1, 1, 1, 2, 2, 1, 1, 1, 1, 1, 1, 2, 1, 1, 1, 1, 1, 1, 1, 1, 1, 2, 1, 1, 1, 1, 2, 1, 1, 1, 1, 2, 2, 1, 1, 1, 2, 2, 1, 1, 1, 1, 1, 1, 1, 1, 1, 2, 1, 1, 1, 1, 1, 1, 2, 1, 1, 2, 2, 1, 1, 1, 1, 1, 2, 1, 1, 1, 1, 2, 1, 1, 1, 1, 2, 1, 2, 1, 1, 1, 1, 1, 1, 1, 1, 1, 1, 1, 1, 1, 1, 1, 1, 1, 2, 2, 1, 2, 1, 1, 1, 1, 1, 2, 1, 1, 1, 1, 1, 1, 1, 1, 1, 1, 1, 1, 1, 2, 1, 1, 2, 1, 1, 2, 1, 1, 1, 1, 1, 1, 2, 2, 1]
w=44958462812279656/590295810358705747841 [cg] doubles=41 n=215
  xk(2^-20 units)=[7208, 11328, 117848, 19696, 23976, 28112, 32288, 36552, 43840, 48256, 52584, 56768, 61008, 65344, 72808, 77080, 81256, 298288, 85528, 93312, 97648, 101784, 105904, 110200, 134480, 154704, 126232, 482008, 138616, 142752, 147096, 192056, 158960, 163144, 167536, 174992, 179224, 183400, 187712, 122072, 199528, 204048, 211888, 216128, 220336, 224656, 232088, 236336, 240552, 244704, 249016, 253280, 257352, 261432, 265624, 269832, 277424, 281736, 285912, 290040, 294176, 302464, 306688, 313984, 318400, 322872, 330560, 334792, 338944, 343088, 347256, 351336, 355480, 359608, 363776, 367952, 372176, 376464, 383680, 387976, 392392, 400376, 404712, 408872, 413096, 420840, 428968, 572808, 433280, 437400, 441512, 445680, 449816, 454184, 461832, 466072, 470312, 474584, 130376, 486304, 490488, 494616, 498760, 503080, 507512, 514720, 519016, 523216, 527568, 535264, 539504, 543680, 547824, 552152, 560112, 564432, 568592, 776824, 580608, 585096, 592752, 596976, 601176, 605312, 609440, 613592, 617736, 621880, 626032, 630400, 638048, 642280, 646424, 650536, 654680, 658832, 663192, 667568, 15416, 675248, 683392, 687848, 695192, 699488, 703680, 707848, 712192, 719856, 724144, 728368, 732640, 740184, 744568, 748752, 752976, 757192, 764944, 769408, 781224, 785520, 789672, 793808, 797888, 801968, 806088, 810240, 814400, 818536, 822632, 826760, 830888, 835072, 839328, 846704, 850968, 855112, 859400, 863832, 871600, 876024, 883712, 887944, 892144, 896376, 900608, 908264, 912648, 916824, 921080, 928344, 932656, 936864, 941048, 945192, 949352, 953528, 957672, 961992, 969312, 973728, 978088, 982272, 990000, 994312, 998416, 1002760, 1010384, 1014664, 1018856, 1023048, 1027296, 1039416, 1035000, 1047328, 3088]
  m=[1, 1, 1, 2, 1, 1, 1, 1, 1, 2, 1, 1, 1, 1, 1, 1, 1, 1, 1, 2, 1, 1, 1, 2, 1, 1, 1, 1, 1, 1, 2, 1, 1, 1, 2, 1, 1, 1, 2, 1, 2, 2, 1, 1, 1, 1, 1, 1, 1, 1, 2, 1, 1, 1, 1, 1, 2, 1, 1, 1, 1, 1, 1, 1, 2, 2, 1, 1, 1, 1, 1, 1, 1, 1, 1, 1, 1, 1, 1, 1, 2, 2, 1, 1, 1, 2, 2, 1, 1, 1, 1, 1, 1, 2, 1, 1, 1, 1, 1, 1, 1, 1, 1, 2, 1, 1, 1, 1, 2, 1, 1, 1, 1, 2, 2, 1, 1, 1, 2, 2, 1, 1, 1, 1, 1, 1, 1, 1, 1, 2, 1, 1, 1, 1, 1, 1, 2, 1, 1, 2, 2, 1, 1, 1, 1, 1, 2, 1, 1, 1, 1, 2, 1, 1, 1, 1, 2, 1, 2, 1, 1, 1, 1, 1, 1, 1, 1, 1, 1, 1, 1, 1, 1, 1, 1, 1, 2, 2, 1, 2, 1, 1, 1, 1, 1, 2, 1, 1, 1, 1, 1, 1, 1, 1, 1, 1, 1, 1, 1, 2, 1, 1, 2, 1, 1, 2, 1, 1, 1, 1, 1, 1, 2, 2, 1]
w=854075568697516032/590295810358705747841 [cg] doubles=41 n=215
  xk(2^-20 units)=[15168, 1010128, 6864, 19456, 23728, 27848, 32016, 36280, 617528, 47912, 56424, 60752, 678728, 597328, 72360, 76552, 80720, 84896, 89072, 93440, 101128, 105344, 109504, 113888, 121560, 125816, 129976, 134120, 138264, 142400, 146720, 154464, 158704, 11048, 163040, 167464, 174784, 179040, 183368, 187688, 192048, 204024, 220000, 215752, 846880, 224224, 228384, 232552, 236768, 244112, 248472, 252848, 261096, 265224, 269376, 273544, 277920, 256992, 285552, 289840, 294056, 298320, 305592, 309864, 314208, 318680, 326344, 330592, 334784, 338968, 343112, 347256, 351392, 355560, 359768, 364088, 371520, 375728, 379912, 384096, 388472, 396616, 401056, 408440, 412760, 420576, 425024, 429304, 433392, 437504, 441624, 445784, 449976, 457512, 461888, 466048, 470184, 474328, 674616, 482768, 490256, 494552, 498752, 503168, 510872, 515128, 519320, 523496, 527864, 535416, 539664, 543800, 547936, 552248, 560192, 478528, 564616, 572168, 576600, 588832, 593152, 68056, 601600, 208392, 609008, 613288, 584424, 621696, 625888, 633600, 637944, 642072, 52224, 650376, 654680, 661864, 666240, 670488, 199632, 683008, 690832, 646216, 695144, 699304, 703456, 707680, 715376, 719840, 724176, 731456, 735736, 740072, 748512, 752672, 756808, 761080, 768792, 773232, 781056, 785408, 789504, 793664, 797840, 965784, 802112, 809472, 813704, 817848, 822008, 826192, 830312, 834456, 838616, 842752, 851064, 855192, 859536, 867528, 744384, 875752, 880168, 884424, 891912, 896240, 900520, 909216, 913744, 918288, 922960, 927560, 931968, 936352, 940640, 944864, 949040, 953200, 957376, 961560, 904792, 973400, 977776, 981904, 986216, 43456, 993880, 998256, 1002688, 1014384, 1018616, 1022792, 1026952, 1031096, 1035464, 1043464, 2648]
  m=[1, 1, 1, 2, 1, 1, 1, 1, 1, 2, 1, 1, 1, 1, 1, 1, 1, 1, 1, 2, 1, 1, 1, 2, 1, 1, 1, 1, 1, 1, 2, 1, 1, 1, 2, 1, 1, 1, 2, 1, 2, 2, 1, 1, 1, 1, 1, 1, 1, 1, 2, 1, 1, 1, 1, 1, 2, 1, 1, 1, 1, 1, 1, 1, 2, 2, 1, 1, 1, 1, 1, 1, 1, 1, 1, 1, 1, 1, 1, 1, 2, 2, 1, 1, 1, 2, 2, 1, 1, 1, 1, 1, 1, 2, 1, 1, 1, 1, 1, 1, 1, 1, 1, 2, 1, 1, 1, 1, 2, 1, 1, 1, 1, 2, 2, 1, 1, 1, 2, 2, 1, 1, 1, 1, 1, 1, 1, 1, 1, 2, 1, 1, 1, 1, 1, 1, 2, 1, 1, 2, 2, 1, 1, 1, 1, 1, 2, 1, 1, 1, 1, 2, 1, 1, 1, 1, 2, 1, 2, 1, 1, 1, 1, 1, 1, 1, 1, 1, 1, 1, 1, 1, 1, 1, 1, 1, 2, 2, 1, 2, 1, 1, 1, 1, 1, 2, 1, 1, 1, 1, 1, 1, 1, 1, 1, 1, 1, 1, 1, 2, 1, 1, 2, 1, 1, 2, 1, 1, 1, 1, 1, 1, 2, 2, 1]
w=568147764500823744/590295810358705747841 [cg] doubles=41 n=215
  xk(2^-20 units)=[6728, 1010464, 10920, 15216, 19624, 27016, 31288, 35472, 43768, 48080, 55888, 60080, 64208, 68312, 72472, 76608, 80776, 84928, 89048, 93392, 100976, 105184, 109336, 113640, 122144, 126448, 133664, 719496, 420928, 142120, 146472, 154264, 158496, 162656, 166944, 171384, 178768, 650304, 187360, 191720, 199536, 211664, 220256, 216024, 846640, 227600, 231848, 236024, 240256, 252384, 244600, 256568, 260656, 264808, 268944, 273056, 277352, 281648, 285808, 290096, 297440, 301728, 318104, 306016, 313784, 322408, 326656, 330784, 334888, 339008, 343200, 347456, 354672, 358904, 363072, 367248, 371408, 375544, 379656, 383776, 388072, 396248, 403920, 408160, 412272, 416576, 428536, 432856, 437016, 461616, 441224, 445496, 452848, 457248, 465792, 469936, 474088, 514736, 478264, 482480, 489872, 494160, 498360, 502680, 510544, 592584, 518888, 523072, 527440, 535000, 670784, 543392, 547568, 551896, 559800, 605096, 564120, 568288, 572640, 584816, 183040, 596768, 600928, 207296, 609192, 613336, 617432, 621544, 625688, 630008, 637712, 641920, 646128, 539224, 654552, 662016, 666392, 137944, 707448, 678520, 686584, 690912, 695024, 699136, 703264, 117968, 711752, 723720, 727944, 732272, 739760, 744224, 748632, 756008, 760240, 764408, 768752, 773128, 780944, 785384, 792720, 580424, 797000, 801160, 805344, 809488, 813616, 817760, 821896, 825992, 830104, 834248, 838424, 842536, 850792, 854992, 862704, 867128, 871528, 879336, 887232, 891496, 895688, 899888, 904168, 908600, 913080, 917584, 922224, 926912, 931472, 935872, 940200, 944448, 948712, 952952, 957160, 961360, 965648, 973512, 977920, 982128, 989840, 39624, 994168, 998464, 1006224, 1014648, 1018816, 1022952, 1027224, 1034568, 1038904, 1043368, 2432]
  m=[1, 1, 1, 2, 1, 1, 1, 1, 1, 2, 1, 1, 1, 1, 1, 1, 1, 1, 1, 2, 1, 1, 1, 2, 1, 1, 1, 1, 1, 1, 2, 1, 1, 1, 2, 1, 1, 1, 2, 1, 2, 2, 1, 1, 1, 1, 1, 1, 1, 1, 2, 1, 1, 1, 1, 1, 2, 1, 1, 1, 1, 1, 1, 1, 2, 2, 1, 1, 1, 1, 1, 1, 1, 1, 1, 1, 1, 1, 1, 1, 2, 2, 1, 1, 1, 2, 2, 1, 1, 1, 1, 1, 1, 2, 1, 1, 1, 1, 1, 1, 1, 1, 1, 2, 1, 1, 1, 1, 2, 1, 1, 1, 1, 2, 2, 1, 1, 1, 2, 2, 1, 1, 1, 1, 1, 1, 1, 1, 1, 2, 1, 1, 1, 1, 1, 1, 2, 1, 1, 2, 2, 1, 1, 1, 1, 1, 2, 1, 1, 1, 1, 2, 1, 1, 1, 1, 2, 1, 2, 1, 1, 1, 1, 1, 1, 1, 1, 1, 1, 1, 1, 1, 1, 1, 1, 1, 2, 2, 1, 2, 1, 1, 1, 1, 1, 2, 1, 1, 1, 1, 1, 1, 1, 1, 1, 1, 1, 1, 1, 2, 1, 1, 2, 1, 1, 2, 1, 1, 1, 1, 1, 1, 2, 2, 1]
w=2669436410058879488/590295810358705747841 [cg] doubles=41 n=215
  xk(2^-20 units)=[7008, 11200, 15432, 23064, 27376, 31488, 35608, 39744, 43856, 52320, 47968, 59904, 64104, 68304, 72432, 76600, 80728, 84912, 89104, 96744, 101064, 318736, 105176, 113608, 117936, 122136, 129480, 133760, 137992, 142248, 150008, 154360, 158536, 162656, 167024, 174800, 179024, 183168, 187552, 195152, 199560, 207512, 211848, 215992, 220152, 224352, 228608, 235976, 240288, 244464, 248856, 256536, 260808, 264960, 269136, 273256, 277568, 109320, 285968, 290168, 294448, 301656, 305936, 310080, 314408, 326368, 330696, 334760, 338848, 342960, 347032, 351168, 355288, 359440, 363560, 367752, 371928, 376168, 383576, 387824, 392192, 400152, 404536, 408768, 416352, 420832, 428800, 281832, 433168, 437328, 441560, 445840, 453352, 457784, 462104, 466376, 473712, 477952, 482120, 486312, 490408, 494560, 498648, 502952, 510688, 514936, 519112, 523248, 527600, 535312, 539592, 543792, 548040, 555872, 563960, 580472, 568416, 731840, 576144, 584736, 589136, 596448, 600688, 604896, 609024, 613160, 617280, 621456, 625544, 629920, 637536, 641776, 645968, 650152, 654352, 658608, 666272, 670624, 674728, 679032, 687024, 691400, 695680, 703048, 707288, 711480, 715808, 760632, 727552, 736032, 740184, 744552, 752240, 756472, 720216, 838664, 764976, 769320, 777008, 781352, 785512, 789688, 793944, 801280, 805600, 809752, 813936, 818088, 822232, 826352, 830464, 834552, 842792, 846912, 851040, 855152, 859480, 867488, 875288, 879720, 884128, 891384, 895656, 899776, 903936, 908256, 912536, 916632, 920744, 924920, 929064, 933352, 940736, 944976, 949168, 953296, 957440, 961576, 965696, 970032, 977720, 981912, 986280, 994056, 998392, 1006152, 1010528, 1014744, 1018952, 1023264, 1030552, 1034784, 1039160, 1047096, 2880]
  m=[1, 1, 1, 2, 1, 1, 1, 1, 1, 2, 1, 1, 1, 1, 1, 1, 1, 1, 1, 2, 1, 1, 1, 2, 1, 1, 1, 1, 1, 1, 2, 1, 1, 1, 2, 1, 1, 1, 2, 1, 2, 2, 1, 1, 1, 1, 1, 1, 1, 1, 2, 1, 1, 1, 1, 1, 2, 1, 1, 1, 1, 1, 1, 1, 2, 2, 1, 1, 1, 1, 1, 1, 1, 1, 1, 1, 1, 1, 1, 1, 2, 2, 1, 1, 1, 2, 2, 1, 1, 1, 1, 1, 1, 2, 1, 1, 1, 1, 1, 1, 1, 1, 1, 2, 1, 1, 1, 1, 2, 1, 1, 1, 1, 2, 2, 1, 1, 1, 2, 2, 1, 1, 1, 1, 1, 1, 1, 1, 1, 2, 1, 1, 1, 1, 1, 1, 2, 1, 1, 2, 2, 1, 1, 1, 1, 1, 2, 1, 1, 1, 1, 2, 1, 1, 1, 1, 2, 1, 2, 1, 1, 1, 1, 1, 1, 1, 1, 1, 1, 1, 1, 1, 1, 1, 1, 1, 2, 2, 1, 2, 1, 1, 1, 1, 1, 2, 1, 1, 1, 1, 1, 1, 1, 1, 1, 1, 1, 1, 1, 2, 1, 1, 2, 1, 1, 2, 1, 1, 1, 1, 1, 1, 2, 2, 1]
w=22858424061808283648/590295810358705747841 [cg] doubles=41 n=215
  xk(2^-20 units)=[3144, 1010256, 7304, 19160, 281736, 27632, 31784, 35912, 617448, 47688, 56120, 60256, 64400, 600736, 72624, 76776, 80904, 85048, 89168, 93528, 101208, 105448, 109600, 113968, 118344, 125632, 129864, 134080, 138240, 142424, 146768, 154448, 158704, 11528, 163072, 170824, 175056, 179200, 183536, 191256, 195688, 203688, 219904, 215640, 846856, 224112, 228288, 232408, 23488, 240736, 245072, 252752, 261256, 265416, 236568, 269704, 277408, 257056, 285864, 290040, 294216, 298448, 305760, 309960, 314264, 318760, 326408, 330632, 334800, 338952, 343120, 347248, 351432, 355656, 359928, 367288, 371592, 375752, 379904, 384024, 388360, 396424, 400864, 408160, 412400, 416768, 424768, 429072, 433192, 437312, 441440, 445576, 449736, 457400, 461752, 465856, 469984, 474104, 482336, 486456, 490592, 494696, 498848, 503216, 510712, 515032, 519200, 523392, 535288, 527632, 539608, 543744, 547856, 552192, 560040, 478200, 564456, 572056, 576536, 588784, 596544, 68488, 604920, 208128, 609088, 613232, 584320, 621560, 625688, 629976, 634400, 641672, 52000, 650200, 654384, 658560, 666256, 670600, 674720, 679056, 687040, 645952, 691464, 698976, 703208, 707408, 711760, 719544, 723816, 728000, 732160, 736504, 748432, 752656, 756800, 761048, 768728, 773072, 777400, 785136, 789376, 793592, 797808, 965672, 802048, 806320, 813568, 817784, 821976, 826152, 830312, 834432, 838584, 842696, 851040, 855328, 863024, 867512, 744224, 875504, 883432, 887784, 892056, 896304, 900576, 909416, 914000, 918616, 923296, 927864, 932216, 936488, 940728, 944912, 949080, 953240, 957392, 961552, 904896, 969976, 977704, 981936, 986248, 40128, 990624, 998400, 1002784, 1014472, 1018624, 1022776, 1026944, 1031064, 1035424, 1043272, 1047592]
  m=[1, 1, 1, 2, 1, 1, 1, 1, 1, 2, 1, 1, 1, 1, 1, 1, 1, 1, 1, 2, 1, 1, 1, 2, 1, 1, 1, 1, 1, 1, 2, 1, 1, 1, 2, 1, 1, 1, 2, 1, 2, 2, 1, 1, 1, 1, 1, 1, 1, 1, 2, 1, 1, 1, 1, 1, 2, 1, 1, 1, 1, 1, 1, 1, 2, 2, 1, 1, 1, 1, 1, 1, 1, 1, 1, 1, 1, 1, 1, 1, 2, 2, 1, 1, 1, 2, 2, 1, 1, 1, 1, 1, 1, 2, 1, 1, 1, 1, 1, 1, 1, 1, 1, 2, 1, 1, 1, 1, 2, 1, 1, 1, 1, 2, 2, 1, 1, 1, 2, 2, 1, 1, 1, 1, 1, 1, 1, 1, 1, 2, 1, 1, 1, 1, 1, 1, 2, 1, 1, 2, 2, 1, 1, 1, 1, 1, 2, 1, 1, 1, 1, 2, 1, 1, 1, 1, 2, 1, 2, 1, 1, 1, 1, 1, 1, 1, 1, 1, 1, 1, 1, 1, 1, 1, 1, 1, 2, 2, 1, 2, 1, 1, 1, 1, 1, 2, 1, 1, 1, 1, 1, 1, 1, 1, 1, 1, 1, 1, 1, 2, 1, 1, 2, 1, 1, 2, 1, 1, 1, 1, 1, 1, 2, 2, 1]
w=4387586562137959424/590295810358705747841 [cg] doubles=41 n=215
  xk(2^-20 units)=[6904, 11160, 175112, 19584, 23856, 27984, 32112, 36288, 40520, 48144, 52512, 56664, 60872, 65176, 72520, 76752, 80960, 85144, 89376, 97088, 101456, 134272, 109832, 117528, 105600, 121872, 126016, 130144, 138424, 142560, 146896, 154584, 158824, 429200, 163200, 170864, 842952, 179248, 187744, 195392, 199832, 207704, 212096, 216240, 220448, 224680, 231992, 236304, 240480, 244624, 248936, 253216, 257312, 261408, 265576, 269704, 281720, 273952, 286064, 290336, 297776, 302048, 306272, 347168, 310656, 318744, 330624, 334792, 338912, 343032, 326464, 351264, 355416, 359504, 363640, 367736, 371816, 375944, 380048, 384152, 388408, 396488, 408304, 183400, 412544, 416912, 424888, 15312, 433296, 437440, 441600, 445776, 449888, 454248, 461952, 466200, 470424, 474768, 482016, 486272, 490528, 494664, 498824, 503144, 507440, 511584, 515816, 523160, 527696, 535368, 539632, 543792, 547928, 552232, 560240, 400912, 572240, 719808, 576648, 581128, 589008, 596552, 600832, 605016, 609200, 613336, 617512, 621672, 625800, 630096, 637824, 642032, 646224, 650360, 654560, 658776, 666480, 670880, 564680, 678760, 686744, 691104, 695280, 699416, 703608, 707832, 715448, 723976, 728136, 732304, 736496, 744112, 748440, 752584, 756736, 760872, 765200, 772912, 777280, 781704, 789120, 793368, 797536, 801720, 805872, 810016, 814112, 818248, 822352, 826472, 830600, 834680, 838848, 847088, 851224, 855472, 863136, 867632, 875504, 879976, 933120, 887728, 891984, 896176, 900432, 908192, 912536, 916664, 920784, 924880, 929000, 937216, 941328, 945424, 949536, 953696, 957856, 962080, 969312, 973768, 978064, 982200, 986568, 994176, 998384, 1002696, 1011200, 1007032, 1015496, 1022800, 1027072, 1031240, 1035624, 1043656, 1048096]
  m=[1, 1, 1, 2, 1, 1, 1, 1, 1, 2, 1, 1, 1, 1, 1, 1, 1, 1, 1, 2, 1, 1, 1, 2, 1, 1, 1, 1, 1, 1, 2, 1, 1, 1, 2, 1, 1, 1, 2, 1, 2, 2, 1, 1, 1, 1, 1, 1, 1, 1, 2, 1, 1, 1, 1, 1, 2, 1, 1, 1, 1, 1, 1, 1, 2, 2, 1, 1, 1, 1, 1, 1, 1, 1, 1, 1, 1, 1, 1, 1, 2, 2, 1, 1, 1, 2, 2, 1, 1, 1, 1, 1, 1, 2, 1, 1, 1, 1, 1, 1, 1, 1, 1, 2, 1, 1, 1, 1, 2, 1, 1, 1, 1, 2, 2, 1, 1, 1, 2, 2, 1, 1, 1, 1, 1, 1, 1, 1, 1, 2, 1, 1, 1, 1, 1, 1, 2, 1, 1, 2, 2, 1, 1, 1, 1, 1, 2, 1, 1, 1, 1, 2, 1, 1, 1, 1, 2, 1, 2, 1, 1, 1, 1, 1, 1, 1, 1, 1, 1, 1, 1, 1, 1, 1, 1, 1, 2, 2, 1, 2, 1, 1, 1, 1, 1, 2, 1, 1, 1, 1, 1, 1, 1, 1, 1, 1, 1, 1, 1, 2, 1, 1, 2, 1, 1, 2, 1, 1, 1, 1, 1, 1, 2, 2, 1]
w=93325237484993104/590295810358705747841 [cg] doubles=41 n=215
  xk(2^-20 units)=[3792, 7872, 12096, 19680, 24040, 28192, 32360, 36480, 40760, 48488, 52816, 56976, 61136, 65464, 72520, 76832, 81024, 85216, 89320, 93648, 97976, 102176, 109576, 113984, 118336, 122552, 130032, 134352, 138688, 146264, 150688, 155000, 159192, 163336, 167688, 175344, 179560, 183704, 188072, 195736, 200184, 208112, 212480, 216600, 220736, 224992, 232488, 236712, 240976, 245120, 249472, 703816, 257240, 261536, 265728, 269896, 274256, 281840, 286112, 294360, 298432, 302568, 306688, 310800, 315160, 323192, 330816, 335056, 339224, 343376, 347488, 351600, 355744, 359896, 364000, 368176, 372336, 376656, 383904, 388184, 392584, 400560, 404952, 409144, 413344, 417728, 425952, 430392, 434808, 439352, 444112, 448808, 453240, 457720, 462072, 466384, 473768, 478072, 482240, 486456, 490592, 494760, 498896, 503240, 510888, 515120, 519336, 523504, 527872, 535576, 539832, 544032, 548224, 556040, 560536, 564816, 569088, 576576, 580992, 589032, 593432, 597632, 601944, 1035840, 609248, 613560, 638760, 621872, 625976, 630272, 290224, 617696, 643016, 650360, 654704, 658936, 666808, 671192, 634600, 683096, 691152, 695536, 675400, 699664, 707968, 712072, 716408, 720784, 728096, 732336, 736496, 740792, 745208, 752696, 756976, 761256, 768992, 773288, 777624, 785304, 789528, 793672, 797840, 801944, 806064, 810176, 814312, 818448, 822560, 826672, 830776, 834896, 843112, 847256, 851408, 855520, 859840, 867824, 872256, 880056, 884392, 888576, 892760, 897056, 904384, 908824, 913264, 920608, 924856, 929016, 933216, 937336, 941472, 945632, 949736, 953872, 957960, 962128, 966256, 970600, 978272, 982480, 986832, 994592, 998848, 1003184, 1010888, 1015144, 1019304, 1023440, 1027568, 1031712, 1040192, 1048040, 839000]
  m=[1, 1, 1, 2, 1, 1, 1, 1, 1, 2, 1, 1, 1, 1, 1, 1, 1, 1, 1, 2, 1, 1, 1, 2, 1, 1, 1, 1, 1, 1, 2, 1, 1, 1, 2, 1, 1, 1, 2, 1, 2, 2, 1, 1, 1, 1, 1, 1, 1, 1, 2, 1, 1, 1, 1, 1, 2, 1, 1, 1, 1, 1, 1, 1, 2, 2, 1, 1, 1, 1, 1, 1, 1, 1, 1, 1, 1, 1, 1, 1, 2, 2, 1, 1, 1, 2, 2, 1, 1, 1, 1, 1, 1, 2, 1, 1, 1, 1, 1, 1, 1, 1, 1, 2, 1, 1, 1, 1, 2, 1, 1, 1, 1, 2, 2, 1, 1, 1, 2, 2, 1, 1, 1, 1, 1, 1, 1, 1, 1, 2, 1, 1, 1, 1, 1, 1, 2, 1, 1, 2, 2, 1, 1, 1, 1, 1, 2, 1, 1, 1, 1, 2, 1, 1, 1, 1, 2, 1, 2, 1, 1, 1, 1, 1, 1, 1, 1, 1, 1, 1, 1, 1, 1, 1, 1, 1, 2, 2, 1, 2, 1, 1, 1, 1, 1, 2, 1, 1, 1, 1, 1, 1, 1, 1, 1, 1, 1, 1, 1, 2, 1, 1, 2, 1, 1, 2, 1, 1, 1, 1, 1, 1, 2, 2, 1]
w=211702893078878368/590295810358705747841 [cg] doubles=27 n=229
  xk(2^-20 units)=[4840, 9128, 745544, 13544, 22408, 27008, 31640, 36240, 40736, 45184, 49584, 53840, 58216, 65584, 384152, 70040, 321048, 83072, 87576, 92088, 96432, 783896, 100840, 109544, 865848, 118176, 122488, 126824, 113856, 134640, 139064, 78712, 147832, 156168, 160728, 165160, 169496, 1007968, 74272, 143384, 173808, 190688, 614672, 194960, 206840, 211320, 329344, 219848, 224112, 691776, 231832, 991736, 240464, 797392, 249024, 253328, 265584, 505880, 270048, 861360, 278696, 283104, 287536, 291752, 274344, 300136, 304360, 308528, 576280, 316888, 325216, 333480, 987432, 337800, 342136, 346312, 350512, 105200, 358896, 363112, 367416, 371824, 215648, 959232, 388576, 393032, 397512, 402016, 406480, 410856, 415336, 419768, 424144, 428536, 432904, 437408, 441928, 446288, 450656, 454984, 459312, 463704, 471144, 475504, 479832, 312696, 488488, 492800, 497152, 501520, 257712, 510224, 514688, 519192, 523632, 528104, 532688, 537248, 541856, 546432, 550816, 555184, 559448, 563728, 567912, 572096, 580440, 584672, 588880, 593104, 597384, 244744, 601624, 610448, 619016, 626304, 630584, 634880, 639160, 643448, 647736, 652016, 656288, 660624, 665032, 669448, 673904, 678400, 484128, 736896, 687352, 696304, 700864, 705360, 709944, 714560, 719016, 728080, 379800, 732496, 741256, 723560, 749800, 754048, 758248, 762440, 766664, 770872, 775232, 779632, 811416, 788304, 682872, 792720, 802288, 806928, 199192, 815912, 820304, 824744, 829264, 833896, 838576, 843248, 847824, 852424, 354704, 856896, 178288, 870344, 874856, 186344, 884024, 888608, 893168, 897688, 902184, 906624, 911064, 915480, 919896, 924424, 928928, 933344, 879432, 942168, 946584, 18032, 955000, 963552, 970960, 975240, 937720, 979656, 236240, 295976, 995912, 1000296, 950808, 1012232, 1016432, 1020672, 1024920, 1029176, 1033544, 1040424, 1044800, 480, 606056]
  m=[1, 1, 1, 2, 1, 1, 1, 1, 1, 1, 1, 1, 1, 2, 1, 1, 1, 1, 2, 1, 1, 1, 1, 1, 1, 1, 1, 1, 1, 1, 1, 1, 2, 1, 2, 1, 1, 1, 1, 1, 1, 1, 1, 1, 2, 2, 1, 1, 1, 1, 2, 1, 1, 1, 1, 1, 2, 1, 1, 1, 1, 2, 1, 1, 1, 1, 1, 1, 1, 1, 1, 1, 1, 2, 1, 1, 1, 1, 1, 1, 1, 2, 1, 1, 1, 1, 1, 1, 1, 1, 2, 1, 1, 1, 1, 2, 1, 1, 1, 1, 1, 1, 1, 1, 1, 1, 1, 1, 1, 1, 1, 1, 2, 1, 1, 1, 1, 1, 1, 1, 1, 1, 1, 1, 1, 1, 1, 1, 1, 1, 1, 1, 1, 1, 1, 1, 1, 1, 1, 1, 1, 1, 1, 1, 1, 1, 1, 1, 1, 1, 1, 2, 1, 1, 1, 1, 1, 1, 1, 1, 1, 2, 1, 1, 1, 1, 1, 1, 2, 1, 1, 1, 1, 1, 1, 1, 1, 1, 1, 1, 2, 1, 2, 1, 2, 1, 1, 1, 2, 1, 1, 1, 1, 1, 1, 1, 1, 1, 1, 1, 1, 2, 1, 1, 1, 2, 1, 1, 1, 1, 1, 1, 1, 2, 1, 1, 1, 2, 1, 1, 1, 1, 1, 1, 1, 1, 1, 1, 2]
w=432198137681566336/590295810358705747841 [cg] doubles=41 n=215
  xk(2^-20 units)=[6928, 1010176, 11080, 15440, 23144, 27392, 31576, 35824, 47272, 51664, 55968, 60080, 64216, 68304, 72424, 76528, 80688, 84824, 88992, 100992, 151016, 105320, 109544, 117280, 121624, 699256, 129880, 416064, 138152, 637640, 146576, 93256, 158288, 142272, 171240, 179208, 125768, 650416, 187056, 195648, 203416, 207904, 219904, 215592, 846728, 224152, 228440, 235864, 240184, 244384, 248752, 253168, 260464, 264808, 268976, 273152, 277464, 281792, 285992, 293184, 297440, 301600, 305768, 309904, 314224, 322136, 326464, 330560, 334632, 338760, 342896, 347016, 351160, 359496, 363784, 400288, 370888, 375184, 379416, 191424, 387952, 395992, 355344, 404456, 408752, 420440, 424904, 432616, 436840, 440992, 445128, 449312, 453512, 461200, 465512, 469600, 473776, 477856, 482064, 486160, 490304, 494528, 498792, 506600, 556144, 511048, 383608, 522832, 527176, 531560, 674168, 543264, 547464, 551768, 563816, 604968, 518544, 568176, 572544, 588144, 166848, 596648, 600840, 162608, 609120, 613248, 617360, 621488, 625664, 629984, 592536, 641880, 646120, 539024, 657768, 662016, 666400, 792856, 769496, 678568, 683056, 690856, 695032, 703448, 134040, 707680, 715304, 719648, 723832, 732112, 736272, 740648, 748176, 752416, 756624, 760776, 765096, 830208, 777232, 781600, 785880, 580328, 797144, 801344, 805464, 809616, 813752, 817880, 821968, 826104, 834320, 727984, 838456, 842608, 850848, 855008, 859336, 867336, 871656, 876000, 883792, 888032, 892248, 896496, 900856, 908928, 913384, 917744, 922192, 926704, 931256, 935736, 940168, 944536, 948832, 953136, 957488, 964904, 969192, 973536, 977856, 982056, 989656, 40032, 994064, 998368, 1002792, 1014456, 1018712, 1022968, 1030360, 1034632, 1039032, 1046984, 2784]
  m=[1, 1, 1, 2, 1, 1, 1, 1, 1, 2, 1, 1, 1, 1, 1, 1, 1, 1, 1, 2, 1, 1, 1, 2, 1, 1, 1, 1, 1, 1, 2, 1, 1, 1, 2, 1, 1, 1, 2, 1, 2, 2, 1, 1, 1, 1, 1, 1, 1, 1, 2, 1, 1, 1, 1, 1, 2, 1, 1, 1, 1, 1, 1, 1, 2, 2, 1, 1, 1, 1, 1, 1, 1, 1, 1, 1, 1, 1, 1, 1, 2, 2, 1, 1, 1, 2, 2, 1, 1, 1, 1, 1, 1, 2, 1, 1, 1, 1, 1, 1, 1, 1, 1, 2, 1, 1, 1, 1, 2, 1, 1, 1, 1, 2, 2, 1, 1, 1, 2, 2, 1, 1, 1, 1, 1, 1, 1, 1, 1, 2, 1, 1, 1, 1, 1, 1, 2, 1, 1, 2, 2, 1, 1, 1, 1, 1, 2, 1, 1, 1, 1, 2, 1, 1, 1, 1, 2, 1, 2, 1, 1, 1, 1, 1, 1, 1, 1, 1, 1, 1, 1, 1, 1, 1, 1, 1, 2, 2, 1, 2, 1, 1, 1, 1, 1, 2, 1, 1, 1, 1, 1, 1, 1, 1, 1, 1, 1, 1, 1, 2, 1, 1, 2, 1, 1, 2, 1, 1, 1, 1, 1, 1, 2, 2, 1]
w=666882770011688192/590295810358705747841 [cg] doubles=41 n=215
  xk(2^-20 units)=[7032, 1010704, 23184, 14688, 19048, 27328, 31456, 35632, 44008, 51608, 55952, 60072, 64224, 68328, 72440, 76592, 80720, 84832, 89008, 100864, 105160, 93256, 109256, 113560, 118000, 125192, 129472, 719464, 137864, 142112, 149832, 154176, 158344, 162640, 170528, 174928, 248528, 400288, 187064, 191456, 199192, 203664, 220008, 215760, 847088, 224248, 231624, 235872, 240000, 252632, 244272, 256680, 260760, 264888, 268952, 273072, 277408, 285024, 289272, 293488, 297680, 301912, 309296, 179160, 313744, 321832, 326200, 330392, 334504, 338696, 342872, 347088, 351376, 358632, 362928, 367064, 371264, 375416, 379544, 383656, 387944, 395968, 404496, 411928, 416200, 420560, 428520, 432800, 436968, 461408, 441064, 445200, 449352, 453664, 465584, 469736, 473872, 478000, 482144, 486264, 490448, 494744, 501904, 506312, 510656, 514872, 519088, 526368, 530776, 535096, 670680, 543248, 547376, 551640, 559520, 604680, 567968, 572112, 576456, 592568, 650160, 539192, 600416, 211504, 608912, 613088, 617200, 621400, 630136, 625760, 637440, 641688, 645944, 563840, 654496, 661872, 666296, 793280, 707480, 678560, 683016, 690744, 694944, 699136, 703312, 133704, 711856, 723712, 727864, 732064, 736304, 744096, 748432, 752648, 756976, 764296, 768712, 773096, 780696, 785048, 789168, 584488, 797408, 801456, 805584, 809744, 813816, 817928, 822056, 826152, 830312, 834472, 838632, 842816, 854304, 858560, 862912, 867384, 875104, 879488, 883880, 888096, 892392, 899976, 904288, 908728, 913168, 917584, 922152, 926800, 931368, 935840, 940216, 944448, 948704, 952936, 957136, 961296, 965568, 973328, 977680, 981928, 989464, 39776, 993848, 1002216, 1006536, 1014960, 997952, 1022464, 1026808, 1031056, 1038968, 1047016, 2840]
  m=[1, 1, 1, 2, 1, 1, 1, 1, 1, 2, 1, 1, 1, 1, 1, 1, 1, 1, 1, 2, 1, 1, 1, 2, 1, 1, 1, 1, 1, 1, 2, 1, 1, 1, 2, 1, 1, 1, 2, 1, 2, 2, 1, 1, 1, 1, 1, 1, 1, 1, 2, 1, 1, 1, 1, 1, 2, 1, 1, 1, 1, 1, 1, 1, 2, 2, 1, 1, 1, 1, 1, 1, 1, 1, 1, 1, 1, 1, 1, 1, 2, 2, 1, 1, 1, 2, 2, 1, 1, 1, 1, 1, 1, 2, 1, 1, 1, 1, 1, 1, 1, 1, 1, 2, 1, 1, 1, 1, 2, 1, 1, 1, 1, 2, 2, 1, 1, 1, 2, 2, 1, 1, 1, 1, 1, 1, 1, 1, 1, 2, 1, 1, 1, 1, 1, 1, 2, 1, 1, 2, 2, 1, 1, 1, 1, 1, 2, 1, 1, 1, 1, 2, 1, 1, 1, 1, 2, 1, 2, 1, 1, 1, 1, 1, 1, 1, 1, 1, 1, 1, 1, 1, 1, 1, 1, 1, 2, 2, 1, 2, 1, 1, 1, 1, 1, 2, 1, 1, 1, 1, 1, 1, 1, 1, 1, 1, 1, 1, 1, 2, 1, 1, 2, 1, 1, 2, 1, 1, 1, 1, 1, 1, 2, 2, 1]
w=149415860962645888/590295810358705747841 [cg] doubles=41 n=215
  xk(2^-20 units)=[3856, 7960, 12200, 19856, 24232, 28360, 32648, 39968, 44216, 48568, 52864, 56952, 61088, 65320, 69624, 76816, 81064, 85256, 89424, 93752, 98160, 105376, 109632, 113920, 118288, 122560, 129976, 134264, 138456, 142624, 146984, 154768, 159008, 163208, 167568, 175248, 179504, 183696, 191360, 195688, 199936, 204344, 212104, 216384, 220600, 224936, 232272, 236552, 240792, 244952, 249272, 253584, 257672, 261840, 266112, 273504, 277936, 282256, 286456, 290656, 298016, 302344, 306576, 310840, 318544, 323040, 330784, 335056, 339224, 343344, 347456, 351632, 355792, 359936, 364056, 368176, 372328, 376488, 380680, 384944, 392680, 400640, 405008, 409144, 413328, 417688, 425928, 430408, 434864, 439448, 444184, 448792, 453224, 457672, 462064, 466360, 473680, 478040, 482272, 486440, 490608, 494736, 498848, 503168, 507592, 514960, 519256, 523448, 527824, 535584, 539792, 544000, 548096, 552456, 560528, 564856, 569144, 576568, 581008, 588984, 593336, 597608, 605024, 1035856, 609360, 613600, 617848, 625312, 629544, 633888, 638208, 642288, 646432, 650584, 654808, 659048, 666832, 671176, 675400, 683096, 691104, 695456, 699608, 703728, 707872, 712000, 716352, 723952, 728160, 732328, 736456, 740768, 745192, 752568, 756752, 760888, 765224, 772864, 777272, 785656, 789736, 793800, 797896, 802000, 806080, 810216, 814344, 818480, 822576, 826720, 830872, 835088, 839336, 843688, 851032, 855328, 859696, 867688, 872120, 879912, 884296, 888456, 892760, 900176, 904408, 908768, 913192, 920632, 924896, 929080, 933256, 937392, 941528, 945664, 949784, 953904, 958032, 962184, 966304, 970632, 975032, 982400, 986832, 991256, 998872, 1006688, 1011072, 1015224, 1019368, 1023504, 1027656, 1031760, 1040200, 1048120, 781536]
  m=[1, 1, 1, 2, 1, 1, 1, 1, 1, 2, 1, 1, 1, 1, 1, 1, 1, 1, 1, 2, 1, 1, 1, 2, 1, 1, 1, 1, 1, 1, 2, 1, 1, 1, 2, 1, 1, 1, 2, 1, 2, 2, 1, 1, 1, 1, 1, 1, 1, 1, 2, 1, 1, 1, 1, 1, 2, 1, 1, 1, 1, 1, 1, 1, 2, 2, 1, 1, 1, 1, 1, 1, 1, 1, 1, 1, 1, 1, 1, 1, 2, 2, 1, 1, 1, 2, 2, 1, 1, 1, 1, 1, 1, 2, 1, 1, 1, 1, 1, 1, 1, 1, 1, 2, 1, 1, 1, 1, 2, 1, 1, 1, 1, 2, 2, 1, 1, 1, 2, 2, 1, 1, 1, 1, 1, 1, 1, 1, 1, 2, 1, 1, 1, 1, 1, 1, 2, 1, 1, 2, 2, 1, 1, 1, 1, 1, 2, 1, 1, 1, 1, 2, 1, 1, 1, 1, 2, 1, 2, 1, 1, 1, 1, 1, 1, 1, 1, 1, 1, 1, 1, 1, 1, 1, 1, 1, 2, 2, 1, 2, 1, 1, 1, 1, 1, 2, 1, 1, 1, 1, 1, 1, 1, 1, 1, 1, 1, 1, 1, 2, 1, 1, 2, 1, 1, 2, 1, 1, 1, 1, 1, 1, 2, 2, 1]
w=155128654910390688/590295810358705747841 [cg] doubles=51 n=205
  xk(2^-20 units)=[4320, 8600, 12880, 17184, 29088, 33408, 37712, 58040, 139864, 45640, 53672, 62136, 66488, 74072, 78304, 82528, 86768, 91032, 98408, 102816, 107232, 114592, 118864, 123176, 127448, 131552, 135712, 144008, 148192, 152448, 160160, 164608, 172152, 176368, 180504, 848192, 184784, 193240, 197592, 202000, 221288, 213712, 209312, 225576, 233920, 237992, 242304, 246632, 250848, 258368, 262688, 422728, 271096, 275336, 282736, 286992, 291400, 299488, 229784, 307392, 311848, 319928, 327912, 332224, 336392, 340736, 348648, 353016, 569936, 364832, 369128, 266888, 373416, 377696, 385248, 393120, 397608, 401976, 406232, 995800, 414000, 357248, 418416, 430576, 434968, 439224, 446832, 451296, 455744, 462968, 467240, 471424, 475768, 480080, 484424, 491976, 496464, 504352, 508640, 512984, 520360, 524664, 529080, 536784, 541016, 545368, 549696, 553904, 561552, 565864, 909776, 574080, 578184, 582352, 586528, 590832, 602512, 598128, 607000, 614792, 619048, 623456, 631064, 635344, 643824, 648120, 655608, 680592, 659872, 664032, 668184, 672336, 676472, 684888, 689296, 696960, 701256, 709144, 713624, 721176, 725648, 799296, 901512, 733760, 741800, 839512, 750208, 754568, 762400, 770304, 774696, 778904, 783184, 790616, 795000, 803392, 807520, 746120, 815896, 820208, 189088, 827472, 831904, 843896, 905664, 852304, 856320, 860568, 864888, 869120, 876616, 880976, 885448, 893104, 897344, 639576, 811680, 913928, 918096, 922304, 926608, 934000, 938344, 942608, 950376, 954736, 958896, 963048, 967176, 971296, 975648, 983264, 987544, 991688, 999920, 1004040, 1008392, 1016064, 1020328, 1024520, 1028712, 24680, 1032904, 1037200, 1044960]
  m=[1, 1, 1, 1, 2, 1, 2, 1, 1, 2, 2, 1, 2, 1, 1, 1, 1, 1, 1, 2, 1, 1, 1, 2, 1, 1, 1, 1, 1, 1, 2, 1, 1, 1, 1, 1, 2, 1, 2, 1, 1, 1, 1, 1, 1, 1, 2, 1, 1, 2, 1, 1, 1, 1, 1, 1, 2, 2, 1, 1, 2, 2, 2, 1, 1, 2, 2, 1, 1, 1, 1, 1, 1, 1, 1, 2, 2, 1, 1, 1, 2, 1, 1, 2, 1, 1, 1, 2, 1, 1, 1, 1, 2, 1, 2, 1, 2, 1, 1, 1, 1, 1, 2, 1, 1, 2, 1, 1, 2, 1, 1, 1, 1, 1, 1, 1, 2, 1, 2, 1, 1, 2, 1, 1, 1, 1, 1, 1, 1, 1, 1, 1, 1, 2, 2, 1, 1, 2, 1, 1, 2, 1, 1, 2, 2, 1, 1, 2, 1, 2, 1, 1, 1, 1, 2, 1, 1, 1, 1, 1, 1, 1, 2, 2, 1, 1, 1, 2, 1, 1, 1, 2, 2, 1, 1, 1, 1, 1, 1, 1, 1, 1, 1, 1, 2, 1, 1, 1, 1, 1, 2, 1, 1, 1, 1, 1, 2, 1, 1, 1, 1, 1, 1, 1, 2]
w=10728482027004342272/590295810358705747841 [cg] doubles=41 n=215
  xk(2^-20 units)=[6992, 11168, 15424, 23128, 27504, 31600, 35728, 39920, 44176, 51752, 56072, 60184, 64312, 68416, 72560, 76680, 80792, 84888, 89016, 93336, 100984, 105232, 109376, 113664, 118008, 122304, 129496, 133808, 137968, 142152, 146456, 150808, 155048, 162504, 166952, 171344, 178816, 183256, 191112, 195464, 199800, 207632, 211992, 216152, 220344, 224544, 228832, 236152, 240416, 244664, 249064, 256664, 260872, 265048, 269200, 273352, 277696, 281984, 286112, 290376, 297608, 301904, 306104, 310248, 314560, 322552, 327008, 334416, 338648, 342832, 346968, 351128, 355288, 359424, 363512, 367640, 371752, 375896, 380072, 384344, 392128, 400080, 404448, 408552, 412704, 417032, 424880, 429216, 433376, 437680, 445000, 449248, 453440, 457784, 462200, 469664, 473904, 478080, 482240, 486376, 490544, 494688, 498960, 506680, 510992, 515120, 519264, 523488, 531304, 535656, 539776, 543864, 547928, 552280, 560392, 567992, 572208, 731600, 576568, 584696, 589160, 596448, 600712, 604920, 609088, 613272, 617424, 621584, 625696, 630064, 637600, 641832, 646016, 650168, 654272, 658376, 662712, 670456, 674696, 679048, 686968, 691344, 695528, 699848, 707064, 711312, 715664, 760568, 724304, 735896, 740096, 744464, 752216, 756416, 720032, 838768, 764864, 769248, 776856, 781224, 785424, 789704, 797128, 801392, 805592, 809768, 813968, 818104, 822256, 826352, 830488, 834624, 842912, 847032, 851144, 855272, 859568, 867456, 871840, 879568, 883936, 888112, 892400, 899712, 903936, 908280, 912552, 916640, 920752, 924880, 929064, 933264, 937544, 944816, 949112, 953344, 957488, 961648, 965736, 970064, 977728, 981952, 986328, 994000, 998256, 1002648, 1010448, 1014696, 1018864, 1023064, 1027264, 1034704, 1039144, 1047088, 2856]
  m=[1, 1, 1, 2, 1, 1, 1, 1, 1, 2, 1, 1, 1, 1, 1, 1, 1, 1, 1, 2, 1, 1, 1, 2, 1, 1, 1, 1, 1, 1, 2, 1, 1, 1, 2, 1, 1, 1, 2, 1, 2, 2, 1, 1, 1, 1, 1, 1, 1, 1, 2, 1, 1, 1, 1, 1, 2, 1, 1, 1, 1, 1, 1, 1, 2, 2, 1, 1, 1, 1, 1, 1, 1, 1, 1, 1, 1, 1, 1, 1, 2, 2, 1, 1, 1, 2, 2, 1, 1, 1, 1, 1, 1, 2, 1, 1, 1, 1, 1, 1, 1, 1, 1, 2, 1, 1, 1, 1, 2, 1, 1, 1, 1, 2, 2, 1, 1, 1, 2, 2, 1, 1, 1, 1, 1, 1, 1, 1, 1, 2, 1, 1, 1, 1, 1, 1, 2, 1, 1, 2, 2, 1, 1, 1, 1, 1, 2, 1, 1, 1, 1, 2, 1, 1, 1, 1, 2, 1, 2, 1, 1, 1, 1, 1, 1, 1, 1, 1, 1, 1, 1, 1, 1, 1, 1, 1, 2, 2, 1, 2, 1, 1, 1, 1, 1, 2, 1, 1, 1, 1, 1, 1, 1, 1, 1, 1, 1, 1, 1, 2, 1, 1, 2, 1, 1, 2, 1, 1, 1, 1, 1, 1, 2, 2, 1]
w=1142578869666450432/590295810358705747841 [cg] doubles=41 n=215
  xk(2^-20 units)=[7568, 11752, 117912, 19528, 23952, 28216, 32480, 39656, 43928, 48296, 52624, 56832, 61112, 68456, 72784, 77008, 81304, 294600, 88800, 93232, 97624, 101888, 109200, 113584, 134752, 154840, 126224, 130416, 141952, 146208, 150552, 191968, 158944, 163104, 167440, 175008, 179208, 183376, 187704, 1043304, 196256, 204200, 211992, 216248, 220368, 224488, 228632, 232816, 236960, 241136, 245496, 252984, 257280, 261432, 265576, 269712, 274032, 281792, 286080, 290312, 122072, 301936, 306240, 310432, 314784, 322832, 330560, 334808, 338984, 343136, 347264, 351368, 355496, 359616, 363744, 367840, 371976, 376144, 380384, 387808, 392184, 396656, 404320, 408544, 412736, 417072, 429040, 576152, 433344, 437464, 441608, 445768, 450040, 457672, 461992, 466184, 470392, 474688, 481872, 486176, 490384, 494568, 498720, 503088, 510808, 515072, 1018696, 519440, 527360, 535144, 539400, 543584, 547752, 552120, 560080, 564440, 568640, 776608, 580624, 588480, 592816, 596984, 601160, 605320, 609464, 613584, 617680, 621800, 625976, 630312, 637928, 642176, 646376, 650536, 654720, 658960, 666464, 670768, 1031304, 675080, 683096, 690920, 695208, 699400, 703592, 707752, 712088, 719816, 723992, 728168, 732328, 736664, 744368, 748688, 752968, 760384, 764808, 769224, 781048, 785360, 789496, 793624, 797712, 801840, 805952, 810080, 814232, 818360, 822464, 826552, 830696, 834856, 839120, 846464, 850752, 854912, 859288, 867344, 871728, 879424, 883768, 998344, 892264, 899536, 903816, 908152, 912568, 919968, 924232, 928448, 932624, 936744, 940888, 944984, 949080, 953184, 957288, 961408, 965480, 973856, 978120, 982344, 989912, 994224, 969552, 1002664, 1007032, 1014456, 887960, 1022920, 1027088, 421408, 1038944, 1047608, 3384]
  m=[1, 1, 1, 2, 1, 1, 1, 1, 1, 2, 1, 1, 1, 1, 1, 1, 1, 1, 1, 2, 1, 1, 1, 2, 1, 1, 1, 1, 1, 1, 2, 1, 1, 1, 2, 1, 1, 1, 2, 1, 2, 2, 1, 1, 1, 1, 1, 1, 1, 1, 2, 1, 1, 1, 1, 1, 2, 1, 1, 1, 1, 1, 1, 1, 2, 2, 1, 1, 1, 1, 1, 1, 1, 1, 1, 1, 1, 1, 1, 1, 2, 2, 1, 1, 1, 2, 2, 1, 1, 1, 1, 1, 1, 2, 1, 1, 1, 1, 1, 1, 1, 1, 1, 2, 1, 1, 1, 1, 2, 1, 1, 1, 1, 2, 2, 1, 1, 1, 2, 2, 1, 1, 1, 1, 1, 1, 1, 1, 1, 2, 1, 1, 1, 1, 1, 1, 2, 1, 1, 2, 2, 1, 1, 1, 1, 1, 2, 1, 1, 1, 1, 2, 1, 1, 1, 1, 2, 1, 2, 1, 1, 1, 1, 1, 1, 1, 1, 1, 1, 1, 1, 1, 1, 1, 1, 1, 2, 2, 1, 2, 1, 1, 1, 1, 1, 2, 1, 1, 1, 1, 1, 1, 1, 1, 1, 1, 1, 1, 1, 2, 1, 1, 2, 1, 1, 2, 1, 1, 1, 1, 1, 1, 2, 2, 1]
w=3103042625030091264/590295810358705747841 [cg] doubles=41 n=215
  xk(2^-20 units)=[6880, 936968, 15152, 19448, 23776, 27976, 32248, 39608, 43984, 51704, 56008, 60160, 64304, 68432, 72552, 76664, 80776, 84904, 89056, 93400, 101032, 105232, 109384, 113712, 118040, 122312, 129704, 134024, 138400, 145728, 150144, 154496, 158680, 162816, 167136, 171536, 178776, 183072, 187424, 191800, 199584, 207568, 211928, 216072, 220224, 224384, 228592, 232856, 240032, 244328, 248736, 256408, 260632, 264768, 268912, 272984, 277272, 285608, 289688, 293848, 298056, 302336, 309600, 313864, 318248, 326320, 330664, 334760, 338848, 342976, 347104, 351296, 355456, 359616, 363784, 368072, 375408, 379688, 383928, 388088, 392472, 400488, 408328, 412584, 281544, 416968, 424864, 429200, 433320, 437488, 441680, 445976, 453184, 457592, 461976, 466248, 473600, 477896, 482080, 486280, 490544, 494824, 502120, 506536, 510880, 515032, 519208, 523480, 531384, 625688, 539160, 543408, 547568, 556096, 563952, 572512, 568296, 728504, 580248, 588368, 592672, 596792, 600944, 605072, 609192, 613336, 617432, 621568, 793288, 629968, 634288, 638528, 645904, 650168, 654336, 658488, 662832, 670560, 674792, 679128, 687040, 694760, 698984, 703184, 707336, 711440, 715768, 720088, 724256, 735664, 739976, 744376, 748800, 756200, 760448, 838640, 764816, 772648, 777096, 784848, 789072, 551736, 797432, 801552, 805648, 809760, 813920, 818048, 822152, 826248, 830368, 834496, 842784, 846944, 851096, 855360, 863008, 870992, 875296, 879616, 883960, 11008, 895528, 899824, 904008, 908424, 888240, 916096, 920336, 924496, 928680, 932832, 941080, 945200, 949328, 953504, 957632, 961784, 965968, 973592, 977968, 982104, 986440, 994064, 998312, 1002680, 1010432, 1014720, 1018880, 1023048, 1027328, 1034704, 1039120, 1043576, 2648]
  m=[1, 1, 1, 2, 1, 1, 1, 1, 1, 2, 1, 1, 1, 1, 1, 1, 1, 1, 1, 2, 1, 1, 1, 2, 1, 1, 1, 1, 1, 1, 2, 1, 1, 1, 2, 1, 1, 1, 2, 1, 2, 2, 1, 1, 1, 1, 1, 1, 1, 1, 2, 1, 1, 1, 1, 1, 2, 1, 1, 1, 1, 1, 1, 1, 2, 2, 1, 1, 1, 1, 1, 1, 1, 1, 1, 1, 1, 1, 1, 1, 2, 2, 1, 1, 1, 2, 2, 1, 1, 1, 1, 1, 1, 2, 1, 1, 1, 1, 1, 1, 1, 1, 1, 2, 1, 1, 1, 1, 2, 1, 1, 1, 1, 2, 2, 1, 1, 1, 2, 2, 1, 1, 1, 1, 1, 1, 1, 1, 1, 2, 1, 1, 1, 1, 1, 1, 2, 1, 1, 2, 2, 1, 1, 1, 1, 1, 2, 1, 1, 1, 1, 2, 1, 1, 1, 1, 2, 1, 2, 1, 1, 1, 1, 1, 1, 1, 1, 1, 1, 1, 1, 1, 1, 1, 1, 1, 2, 2, 1, 2, 1, 1, 1, 1, 1, 2, 1, 1, 1, 1, 1, 1, 1, 1, 1, 1, 1, 1, 1, 2, 1, 1, 2, 1, 1, 2, 1, 1, 1, 1, 1, 1, 2, 2, 1]
w=896526371584873088/590295810358705747841 [cg] doubles=41 n=215
  xk(2^-20 units)=[2760, 6944, 11152, 18824, 23136, 27320, 31552, 35832, 43008, 47416, 51800, 56016, 60328, 67472, 71744, 76000, 80168, 84328, 88504, 92856, 100568, 104832, 109056, 116704, 121080, 125280, 129504, 133728, 140984, 145232, 149568, 153856, 157976, 162128, 166488, 174144, 178408, 182688, 190496, 194824, 199160, 206968, 211304, 215432, 219560, 223696, 227840, 231984, 236144, 240352, 248048, 252384, 256528, 260720, 264856, 269040, 276680, 281040, 285264, 289424, 293680, 300744, 305032, 309256, 317704, 325664, 313368, 403368, 334224, 338536, 345696, 349984, 354232, 358432, 362544, 366672, 370776, 374920, 379048, 383216, 387552, 395632, 330008, 407624, 411784, 416144, 424048, 428392, 432536, 436640, 440808, 445024, 449232, 456920, 461280, 465440, 469672, 473944, 481368, 485640, 489880, 494120, 498384, 506096, 510416, 514584, 518752, 523000, 530592, 534944, 539120, 543240, 628456, 547560, 555616, 563368, 567656, 571920, 579632, 584120, 591904, 600272, 596072, 604408, 608552, 612744, 616968, 621232, 739256, 632856, 637176, 641296, 645448, 649624, 653752, 657864, 662216, 669800, 674056, 678400, 686400, 690776, 695032, 702400, 706680, 710840, 715152, 719456, 723648, 727928, 735000, 743592, 747952, 752128, 756360, 763728, 768168, 772488, 776832, 784520, 788736, 792872, 797032, 801184, 805296, 809392, 813512, 817648, 821808, 825912, 830032, 834136, 838256, 842416, 846632, 850776, 855136, 863104, 870936, 875328, 879768, 887280, 891568, 895864, 900160, 908024, 912464, 916768, 921192, 925712, 930352, 934968, 939488, 943872, 948176, 952408, 956640, 960840, 965024, 969408, 977128, 981328, 985632, 990000, 994240, 1001968, 1006376, 1010584, 1018048, 1022272, 1026472, 1030616, 1034936, 1042864, 1047192]
  m=[1, 1, 1, 2, 1, 1, 1, 1, 1, 2, 1, 1, 1, 1, 1, 1, 1, 1, 1, 2, 1, 1, 1, 2, 1, 1, 1, 1, 1, 1, 2, 1, 1, 1, 2, 1, 1, 1, 2, 1, 2, 2, 1, 1, 1, 1, 1, 1, 1, 1, 2, 1, 1, 1, 1, 1, 2, 1, 1, 1, 1, 1, 1, 1, 2, 2, 1, 1, 1, 1, 1, 1, 1, 1, 1, 1, 1, 1, 1, 1, 2, 2, 1, 1, 1, 2, 2, 1, 1, 1, 1, 1, 1, 2, 1, 1, 1, 1, 1, 1, 1, 1, 1, 2, 1, 1, 1, 1, 2, 1, 1, 1, 1, 2, 2, 1, 1, 1, 2, 2, 1, 1, 1, 1, 1, 1, 1, 1, 1, 2, 1, 1, 1, 1, 1, 1, 2, 1, 1, 2, 2, 1, 1, 1, 1, 1, 2, 1, 1, 1, 1, 2, 1, 1, 1, 1, 2, 1, 2, 1, 1, 1, 1, 1, 1, 1, 1, 1, 1, 1, 1, 1, 1, 1, 1, 1, 2, 2, 1, 2, 1, 1, 1, 1, 1, 2, 1, 1, 1, 1, 1, 1, 1, 1, 1, 1, 1, 1, 1, 2, 1, 1, 2, 1, 1, 2, 1, 1, 1, 1, 1, 1, 2, 2, 1]
w=30048389638761848/590295810358705747841 [cg] doubles=41 n=215
  xk(2^-20 units)=[3032, 1010200, 7200, 19032, 23400, 27560, 31752, 35928, 617512, 47912, 596912, 59784, 64088, 601000, 72480, 76648, 80832, 85008, 89232, 96944, 101312, 105512, 109752, 117408, 121752, 125848, 130008, 134144, 138256, 142408, 146752, 154368, 158624, 11400, 163048, 170776, 175056, 179320, 186992, 191376, 195704, 203648, 219904, 215664, 846696, 224096, 228264, 232392, 236552, 240744, 245080, 252768, 261128, 265288, 269456, 273696, 281344, 256984, 285696, 289856, 294056, 298336, 305720, 310000, 314392, 322224, 326560, 330696, 334824, 338952, 343056, 347184, 351360, 355496, 359712, 364016, 371384, 375656, 379880, 384168, 392048, 400080, 404392, 408528, 412648, 416952, 424880, 429200, 433312, 437464, 441616, 445896, 453192, 457600, 461896, 466008, 470136, 474272, 482608, 859000, 486912, 494280, 498560, 502944, 510680, 514936, 519200, 523440, 531056, 535408, 539520, 543648, 547776, 552104, 560000, 478416, 564432, 571880, 576312, 588456, 592800, 68296, 605120, 208088, 609264, 613400, 580744, 621632, 625760, 630088, 637752, 641976, 52360, 650320, 654488, 658712, 666328, 670696, 674912, 682592, 687128, 646160, 694792, 699032, 703232, 707384, 711696, 719560, 723944, 731392, 735672, 740040, 748528, 752672, 756960, 764336, 768760, 773072, 777384, 785120, 789400, 793640, 797984, 965728, 805040, 809336, 813568, 817752, 821912, 826040, 830160, 834304, 838440, 842568, 850824, 854896, 863272, 867712, 744352, 875760, 880208, 887624, 891936, 896200, 900448, 909152, 913704, 918336, 923072, 927632, 932064, 936352, 940608, 944824, 948984, 953160, 957352, 961512, 904704, 973328, 977688, 981856, 986224, 40184, 993856, 998256, 1002664, 1014392, 1018576, 1022728, 1026848, 1030984, 1035312, 1043152, 1047464]
  m=[1, 1, 1, 2, 1, 1, 1, 1, 1, 2, 1, 1, 1, 1, 1, 1, 1, 1, 1, 2, 1, 1, 1, 2, 1, 1, 1, 1, 1, 1, 2, 1, 1, 1, 2, 1, 1, 1, 2, 1, 2, 2, 1, 1, 1, 1, 1, 1, 1, 1, 2, 1, 1, 1, 1, 1, 2, 1, 1, 1, 1, 1, 1, 1, 2, 2, 1, 1, 1, 1, 1, 1, 1, 1, 1, 1, 1, 1, 1, 1, 2, 2, 1, 1, 1, 2, 2, 1, 1, 1, 1, 1, 1, 2, 1, 1, 1, 1, 1, 1, 1, 1, 1, 2, 1, 1, 1, 1, 2, 1, 1, 1, 1, 2, 2, 1, 1, 1, 2, 2, 1, 1, 1, 1, 1, 1, 1, 1, 1, 2, 1, 1, 1, 1, 1, 1, 2, 1, 1, 2, 2, 1, 1, 1, 1, 1, 2, 1, 1, 1, 1, 2, 1, 1, 1, 1, 2, 1, 2, 1, 1, 1, 1, 1, 1, 1, 1, 1, 1, 1, 1, 1, 1, 1, 1, 1, 2, 2, 1, 2, 1, 1, 1, 1, 1, 2, 1, 1, 1, 1, 1, 1, 1, 1, 1, 1, 1, 1, 1, 2, 1, 1, 2, 1, 1, 2, 1, 1, 1, 1, 1, 1, 2, 2, 1]
w=75029094220534592/590295810358705747841 [cg] doubles=41 n=215
  xk(2^-20 units)=[3176, 1006896, 7320, 19120, 23456, 27608, 31736, 35848, 617424, 44288, 768872, 60288, 64424, 68552, 72688, 76808, 80928, 85024, 89168, 93520, 101184, 105432, 109680, 117320, 121704, 125864, 130008, 134152, 138280, 142392, 146744, 154424, 158640, 11512, 163024, 167456, 174912, 179168, 183552, 191208, 195632, 203504, 526976, 216080, 846912, 224304, 228432, 232544, 236736, 240976, 248640, 252976, 261280, 265384, 269560, 273824, 281520, 257136, 285888, 290040, 294312, 301680, 305952, 310136, 314472, 322328, 326648, 330760, 334864, 338976, 343104, 347256, 351424, 355704, 363160, 367504, 371736, 376048, 220192, 383584, 388064, 396176, 400640, 408080, 412336, 428776, 420912, 433112, 437240, 441400, 445600, 666800, 449832, 457568, 461936, 466176, 470472, 477664, 481904, 486096, 490288, 494448, 498600, 502920, 507328, 514496, 518752, 522880, 531240, 535560, 539792, 544032, 551432, 555888, 563912, 604752, 568224, 572336, 576664, 588736, 416560, 56112, 593120, 211952, 609040, 613264, 581048, 621560, 625736, 630064, 637664, 641864, 51888, 650152, 654240, 658288, 662552, 670880, 674992, 679288, 687304, 646032, 695024, 699296, 703488, 707784, 715376, 719768, 723968, 728264, 735664, 740072, 748536, 752680, 810352, 756920, 764520, 773008, 777320, 785080, 789312, 793488, 797664, 965808, 806072, 801864, 597384, 817608, 821936, 826096, 830264, 834440, 838560, 842752, 851008, 207848, 855392, 863416, 744368, 871600, 876072, 883752, 888088, 892392, 896696, 909288, 913840, 918392, 923000, 927584, 932024, 936336, 940632, 944856, 949080, 953288, 957456, 961640, 901056, 970192, 977856, 982096, 986400, 39960, 990704, 995016, 1002680, 1011072, 1015288, 1019520, 1026768, 1031008, 1035376, 1043296, 1047616]
  m=[1, 1, 1, 2, 1, 1, 1, 1, 1, 2, 1, 1, 1, 1, 1, 1, 1, 1, 1, 2, 1, 1, 1, 2, 1, 1, 1, 1, 1, 1, 2, 1, 1, 1, 2, 1, 1, 1, 2, 1, 2, 2, 1, 1, 1, 1, 1, 1, 1, 1, 2, 1, 1, 1, 1, 1, 2, 1, 1, 1, 1, 1, 1, 1, 2, 2, 1, 1, 1, 1, 1, 1, 1, 1, 1, 1, 1, 1, 1, 1, 2, 2, 1, 1, 1, 2, 2, 1, 1, 1, 1, 1, 1, 2, 1, 1, 1, 1, 1, 1, 1, 1, 1, 2, 1, 1, 1, 1, 2, 1, 1, 1, 1, 2, 2, 1, 1, 1, 2, 2, 1, 1, 1, 1, 1, 1, 1, 1, 1, 2, 1, 1, 1, 1, 1, 1, 2, 1, 1, 2, 2, 1, 1, 1, 1, 1, 2, 1, 1, 1, 1, 2, 1, 1, 1, 1, 2, 1, 2, 1, 1, 1, 1, 1, 1, 1, 1, 1, 1, 1, 1, 1, 1, 1, 1, 1, 2, 2, 1, 2, 1, 1, 1, 1, 1, 2, 1, 1, 1, 1, 1, 1, 1, 1, 1, 1, 1, 1, 1, 2, 1, 1, 2, 1, 1, 2, 1, 1, 1, 1, 1, 1, 2, 2, 1]
w=97232478701642032/590295810358705747841 [cg] doubles=41 n=215
  xk(2^-20 units)=[7080, 1010360, 11216, 15544, 23112, 27328, 31520, 35680, 44088, 51632, 55960, 60104, 64208, 68312, 72432, 76568, 80664, 84808, 89000, 100840, 154272, 105208, 109480, 117104, 121464, 125592, 129704, 133888, 138064, 637560, 149928, 93224, 158368, 142304, 170976, 175392, 182824, 650224, 190616, 199160, 203512, 211400, 219872, 215752, 510544, 224080, 228416, 235760, 240008, 244288, 252072, 256464, 260632, 264784, 268912, 273040, 277384, 284920, 289168, 293376, 297528, 301712, 305840, 310016, 314344, 322152, 326456, 330560, 334648, 338784, 342928, 347104, 351232, 362712, 367008, 403776, 371200, 375328, 379456, 195000, 387944, 395984, 355480, 408016, 412216, 416584, 428080, 432512, 436664, 440848, 445024, 449184, 453416, 461064, 465392, 469496, 473592, 477736, 481888, 486040, 490176, 494336, 498600, 506216, 559568, 514656, 383592, 522872, 527160, 531544, 670712, 543288, 547448, 551816, 563984, 604880, 518752, 571656, 576056, 584696, 166648, 596600, 600744, 162528, 609024, 613152, 617288, 621440, 625584, 629944, 592320, 641776, 645992, 539008, 654488, 661888, 666280, 793160, 772696, 678480, 686608, 690976, 695176, 699488, 706656, 710928, 715264, 719584, 723728, 732152, 739544, 743960, 748304, 752432, 756560, 760680, 765040, 830336, 777112, 781520, 788912, 580344, 797328, 801464, 805552, 809712, 813832, 817952, 822072, 826192, 834528, 727896, 838712, 843048, 850536, 854800, 859128, 863608, 871328, 875792, 883672, 888000, 892264, 896616, 904304, 908824, 913280, 917656, 922168, 926824, 931472, 935952, 940344, 944664, 948944, 953224, 957536, 964904, 969160, 973488, 977800, 981952, 986344, 39824, 994032, 998496, 1006128, 1014544, 1018744, 1022896, 1027080, 1031344, 1039080, 1047232, 2992]
  m=[1, 1, 1, 2, 1, 1, 1, 1, 1, 2, 1, 1, 1, 1, 1, 1, 1, 1, 1, 2, 1, 1, 1, 2, 1, 1, 1, 1, 1, 1, 2, 1, 1, 1, 2, 1, 1, 1, 2, 1, 2, 2, 1, 1, 1, 1, 1, 1, 1, 1, 2, 1, 1, 1, 1, 1, 2, 1, 1, 1, 1, 1, 1, 1, 2, 2, 1, 1, 1, 1, 1, 1, 1, 1, 1, 1, 1, 1, 1, 1, 2, 2, 1, 1, 1, 2, 2, 1, 1, 1, 1, 1, 1, 2, 1, 1, 1, 1, 1, 1, 1, 1, 1, 2, 1, 1, 1, 1, 2, 1, 1, 1, 1, 2, 2, 1, 1, 1, 2, 2, 1, 1, 1, 1, 1, 1, 1, 1, 1, 2, 1, 1, 1, 1, 1, 1, 2, 1, 1, 2, 2, 1, 1, 1, 1, 1, 2, 1, 1, 1, 1, 2, 1, 1, 1, 1, 2, 1, 2, 1, 1, 1, 1, 1, 1, 1, 1, 1, 1, 1, 1, 1, 1, 1, 1, 1, 2, 2, 1, 2, 1, 1, 1, 1, 1, 2, 1, 1, 1, 1, 1, 1, 1, 1, 1, 1, 1, 1, 1, 2, 1, 1, 2, 1, 1, 2, 1, 1, 1, 1, 1, 1, 2, 2, 1]
w=1826563912434272256/590295810358705747841 [cg] doubles=41 n=215
  xk(2^-20 units)=[7528, 11808, 117840, 19528, 23896, 28024, 32208, 36448, 40720, 48400, 52776, 57072, 64344, 68616, 72832, 77000, 81160, 297888, 85304, 89648, 97400, 101632, 105776, 110160, 134520, 154936, 126256, 130392, 138656, 142832, 147208, 191920, 159272, 166440, 170888, 175200, 179296, 183400, 187640, 1039832, 196208, 204144, 211936, 216208, 220440, 224600, 228712, 232872, 237016, 241152, 245520, 253136, 257344, 261496, 265688, 269984, 277632, 282040, 286256, 290520, 122096, 302136, 306360, 310496, 314888, 322856, 330600, 334824, 338976, 343128, 347264, 351392, 355512, 359664, 363776, 367968, 372112, 376384, 383632, 387928, 392296, 400192, 404520, 408640, 412752, 417016, 429048, 576296, 433352, 437456, 441592, 445696, 449816, 454160, 461840, 466096, 470304, 474536, 478800, 486072, 490376, 494552, 498712, 503104, 510712, 514904, 519072, 523152, 527440, 531768, 536016, 543472, 547712, 552096, 560096, 564592, 572056, 773392, 580640, 588512, 592848, 596992, 601136, 605288, 609384, 613488, 617632, 621760, 626032, 633680, 638048, 642208, 646368, 650624, 657944, 662176, 666488, 670776, 1031112, 675048, 682992, 687504, 695040, 699432, 703760, 711112, 715560, 719872, 723992, 728120, 732264, 736608, 744376, 748792, 756216, 760520, 764872, 769200, 781048, 785416, 789560, 793712, 797800, 801928, 806056, 810224, 814336, 818448, 822584, 826704, 830848, 835024, 839336, 846576, 850856, 855032, 859392, 867352, 871784, 879352, 883728, 887904, 892056, 896232, 900504, 908280, 912648, 916848, 921152, 928336, 932624, 936784, 940888, 945024, 949120, 953240, 957320, 961456, 965552, 973952, 978216, 982440, 990056, 994496, 969640, 1002304, 1006824, 1014320, 1018600, 1022824, 1027000, 421408, 1035456, 1047496, 3320]
  m=[1, 1, 1, 2, 1, 1, 1, 1, 1, 2, 1, 1, 1, 1, 1, 1, 1, 1, 1, 2, 1, 1, 1, 2, 1, 1, 1, 1, 1, 1, 2, 1, 1, 1, 2, 1, 1, 1, 2, 1, 2, 2, 1, 1, 1, 1, 1, 1, 1, 1, 2, 1, 1, 1, 1, 1, 2, 1, 1, 1, 1, 1, 1, 1, 2, 2, 1, 1, 1, 1, 1, 1, 1, 1, 1, 1, 1, 1, 1, 1, 2, 2, 1, 1, 1, 2, 2, 1, 1, 1, 1, 1, 1, 2, 1, 1, 1, 1, 1, 1, 1, 1, 1, 2, 1, 1, 1, 1, 2, 1, 1, 1, 1, 2, 2, 1, 1, 1, 2, 2, 1, 1, 1, 1, 1, 1, 1, 1, 1, 2, 1, 1, 1, 1, 1, 1, 2, 1, 1, 2, 2, 1, 1, 1, 1, 1, 2, 1, 1, 1, 1, 2, 1, 1, 1, 1, 2, 1, 2, 1, 1, 1, 1, 1, 1, 1, 1, 1, 1, 1, 1, 1, 1, 1, 1, 1, 2, 2, 1, 2, 1, 1, 1, 1, 1, 2, 1, 1, 1, 1, 1, 1, 1, 1, 1, 1, 1, 1, 1, 2, 1, 1, 2, 1, 1, 2, 1, 1, 1, 1, 1, 1, 2, 2, 1]
w=468305368355556800/590295810358705747841 [cg] doubles=41 n=215
  xk(2^-20 units)=[6776, 1010448, 10880, 15176, 19632, 26960, 31272, 35464, 43864, 51544, 55888, 60024, 64144, 68248, 72352, 76520, 80720, 84984, 92336, 96752, 101056, 105224, 109464, 117200, 121544, 125664, 129800, 133944, 138200, 145672, 150080, 154432, 158680, 166200, 170680, 178496, 543616, 653600, 187144, 194808, 199240, 207240, 219936, 215768, 846704, 224160, 228464, 235744, 240016, 252224, 244440, 256456, 260616, 264776, 268912, 182776, 277288, 281600, 285736, 290016, 297296, 301584, 305824, 309984, 314360, 322216, 326536, 330640, 334784, 338896, 343040, 347184, 351416, 355720, 362872, 367192, 371368, 375552, 379760, 384024, 391720, 396216, 400632, 408072, 412344, 416728, 424688, 432376, 436648, 440840, 444984, 449128, 453264, 457632, 465208, 469480, 473672, 477824, 481952, 486096, 490248, 494384, 498528, 502880, 510592, 514832, 519048, 523320, 530960, 535320, 670768, 539488, 547736, 552064, 559952, 605032, 564416, 571840, 576224, 588312, 592656, 596768, 600896, 211600, 609152, 613264, 617392, 621560, 625824, 633424, 637824, 642008, 646304, 997808, 657864, 662032, 666360, 793248, 711304, 678536, 686712, 691072, 695328, 702736, 706992, 273008, 719024, 723416, 727608, 731848, 736136, 743936, 748320, 752504, 756784, 764248, 768640, 772928, 777272, 784848, 789104, 580616, 797392, 801512, 805640, 809768, 813872, 818000, 822088, 826160, 830280, 834376, 838504, 842608, 850856, 854952, 859304, 867208, 871648, 879560, 884024, 891392, 895696, 899904, 904120, 908472, 912936, 917344, 922040, 926888, 931552, 935984, 940336, 944608, 948824, 953032, 957232, 961536, 968816, 973264, 977616, 981848, 989440, 39656, 993752, 1002064, 1006360, 1014576, 1018744, 1023016, 1030240, 1034552, 1038952, 1046912, 2672]
  m=[1, 1, 1, 2, 1, 1, 1, 1, 1, 2, 1, 1, 1, 1, 1, 1, 1, 1, 1, 2, 1, 1, 1, 2, 1, 1, 1, 1, 1, 1, 2, 1, 1, 1, 2, 1, 1, 1, 2, 1, 2, 2, 1, 1, 1, 1, 1, 1, 1, 1, 2, 1, 1, 1, 1, 1, 2, 1, 1, 1, 1, 1, 1, 1, 2, 2, 1, 1, 1, 1, 1, 1, 1, 1, 1, 1, 1, 1, 1, 1, 2, 2, 1, 1, 1, 2, 2, 1, 1, 1, 1, 1, 1, 2, 1, 1, 1, 1, 1, 1, 1, 1, 1, 2, 1, 1, 1, 1, 2, 1, 1, 1, 1, 2, 2, 1, 1, 1, 2, 2, 1, 1, 1, 1, 1, 1, 1, 1, 1, 2, 1, 1, 1, 1, 1, 1, 2, 1, 1, 2, 2, 1, 1, 1, 1, 1, 2, 1, 1, 1, 1, 2, 1, 1, 1, 1, 2, 1, 2, 1, 1, 1, 1, 1, 1, 1, 1, 1, 1, 1, 1, 1, 1, 1, 1, 1, 2, 2, 1, 2, 1, 1, 1, 1, 1, 2, 1, 1, 1, 1, 1, 1, 1, 1, 1, 1, 1, 1, 1, 2, 1, 1, 2, 1, 1, 2, 1, 1, 1, 1, 1, 1, 2, 2, 1]
w=46452357997279152/590295810358705747841 [cg] doubles=29 n=227
  xk(2^-20 units)=[2016, 6552, 11088, 15568, 297384, 19936, 37248, 173488, 41624, 50424, 228920, 54896, 63728, 482360, 68064, 237624, 805464, 72400, 81328, 85664, 265320, 603728, 574888, 102656, 107160, 120944, 125528, 130176, 139200, 134728, 148080, 181912, 152480, 338944, 156912, 164848, 1005056, 788192, 177696, 186112, 203368, 76872, 212304, 169256, 219992, 190520, 224480, 233248, 242080, 246568, 251240, 255984, 260616, 865392, 269960, 279344, 809952, 274656, 284040, 410880, 143640, 293008, 301680, 306008, 314600, 321800, 195040, 326120, 415200, 28576, 334688, 330416, 343208, 369856, 347512, 24256, 351832, 360664, 365200, 1000792, 374448, 379000, 669968, 388072, 90088, 397152, 401856, 452552, 356184, 288528, 406400, 419656, 444160, 427848, 828592, 94576, 439928, 448352, 500496, 456744, 460896, 907264, 984056, 469192, 473560, 477992, 491392, 496008, 509248, 504912, 513656, 383528, 518184, 525968, 538840, 555256, 546704, 796712, 559608, 592224, 568344, 963160, 583584, 587848, 599440, 608088, 111720, 612464, 625184, 486848, 616648, 620880, 632544, 941704, 636920, 641280, 648872, 465040, 653216, 530240, 657448, 661656, 665816, 678216, 682360, 716000, 207848, 698888, 707320, 711552, 674120, 534440, 724720, 729048, 737832, 579224, 733368, 690632, 750896, 775224, 755176, 801088, 759424, 742280, 551016, 763768, 770936, 779432, 783792, 59376, 686496, 792440, 564072, 814528, 392592, 823952, 833136, 842176, 1027664, 846704, 310288, 851384, 860864, 856128, 869784, 874104, 1009456, 882656, 886888, 1036832, 895384, 891120, 916328, 899712, 46032, 694736, 911760, 925360, 746592, 920808, 837680, 116336, 929832, 934184, 946072, 950384, 720416, 975784, 954672, 819240, 32912, 703072, 958944, 971616, 967400, 979936, 988192, 992352, 996560, 1013848, 1018400, 1023016, 435648, 1032248, 878400, 1041440, 1046008]
  m=[1, 1, 1, 1, 1, 1, 1, 1, 1, 1, 1, 2, 1, 1, 1, 1, 1, 1, 1, 1, 1, 1, 1, 1, 1, 1, 1, 2, 1, 1, 1, 1, 1, 1, 1, 2, 1, 1, 1, 1, 1, 2, 1, 1, 1, 2, 2, 1, 1, 1, 1, 1, 1, 1, 2, 2, 1, 1, 1, 1, 1, 1, 1, 1, 1, 1, 2, 1, 1, 1, 1, 1, 1, 1, 1, 1, 1, 1, 1, 1, 1, 1, 1, 2, 1, 1, 1, 1, 1, 1, 1, 2, 1, 2, 1, 1, 1, 1, 1, 1, 1, 1, 1, 1, 2, 1, 1, 1, 1, 1, 2, 2, 2, 1, 2, 1, 1, 1, 2, 1, 1, 1, 1, 1, 1, 2, 2, 1, 1, 1, 1, 1, 1, 1, 1, 1, 1, 1, 1, 1, 1, 1, 1, 1, 1, 2, 1, 1, 1, 1, 1, 1, 1, 1, 2, 1, 1, 1, 1, 1, 1, 1, 1, 1, 1, 1, 1, 1, 2, 1, 1, 1, 1, 2, 1, 1, 2, 1, 2, 1, 1, 1, 1, 1, 1, 1, 1, 1, 1, 2, 1, 1, 1, 1, 1, 1, 2, 2, 1, 1, 1, 1, 1, 1, 1, 1, 1, 1, 1, 1, 1, 1, 1, 1, 1, 1, 1, 1, 1, 1, 1, 1, 1, 1, 1, 1, 1]
w=3593454667758249472/590295810358705747841 [cg] doubles=41 n=215
  xk(2^-20 units)=[2936, 1006856, 7120, 19016, 23408, 27608, 31888, 39304, 617360, 47824, 871528, 56248, 64568, 68712, 72928, 77224, 84624, 551704, 88944, 93320, 97720, 105072, 109272, 113648, 117968, 122232, 129560, 133824, 138048, 142216, 146536, 150936, 158304, 11400, 162712, 171200, 175400, 182688, 187096, 191392, 195672, 203536, 220248, 216112, 1014256, 224408, 228704, 235936, 240184, 248744, 244472, 252824, 261032, 265168, 269256, 273344, 277680, 256944, 285496, 289808, 294096, 301488, 305800, 322480, 310160, 318176, 326608, 330752, 334864, 338984, 343120, 347280, 351520, 358912, 363144, 367296, 371472, 375600, 379784, 383920, 388232, 396216, 400616, 408144, 412376, 416736, 424768, 429192, 436632, 440896, 445160, 449328, 453544, 461280, 465568, 469680, 473832, 477968, 482096, 486232, 490328, 494448, 498576, 502896, 510592, 514816, 518960, 523152, 527472, 535080, 539288, 543432, 547584, 556032, 563888, 601440, 568224, 572432, 580064, 588688, 60408, 592992, 597160, 211968, 608880, 613152, 584408, 621544, 625784, 633408, 637792, 641920, 52144, 650304, 654560, 661872, 666256, 670592, 674848, 682616, 691280, 646072, 698896, 686928, 703064, 707376, 715320, 719664, 723824, 728024, 732240, 739952, 748432, 752616, 756784, 761040, 768816, 773224, 781064, 785440, 789696, 793960, 805600, 847208, 801320, 809776, 813936, 818056, 822152, 826304, 830440, 834592, 838736, 843000, 854776, 207832, 859224, 867240, 744320, 875824, 883584, 887808, 891992, 896200, 900376, 909088, 913592, 918096, 922728, 927360, 931848, 936176, 940448, 944688, 948888, 953064, 957304, 961480, 904624, 973544, 977952, 985328, 989688, 43496, 994008, 998296, 1002624, 167040, 1018576, 1022840, 1027144, 965696, 1035000, 1039456, 1047272]
  m=[1, 1, 1, 2, 1, 1, 1, 1, 1, 2, 1, 1, 1, 1, 1, 1, 1, 1, 1, 2, 1, 1, 1, 2, 1, 1, 1, 1, 1, 1, 2, 1, 1, 1, 2, 1, 1, 1, 2, 1, 2, 2, 1, 1, 1, 1, 1, 1, 1, 1, 2, 1, 1, 1, 1, 1, 2, 1, 1, 1, 1, 1, 1, 1, 2, 2, 1, 1, 1, 1, 1, 1, 1, 1, 1, 1, 1, 1, 1, 1, 2, 2, 1, 1, 1, 2, 2, 1, 1, 1, 1, 1, 1, 2, 1, 1, 1, 1, 1, 1, 1, 1, 1, 2, 1, 1, 1, 1, 2, 1, 1, 1, 1, 2, 2, 1, 1, 1, 2, 2, 1, 1, 1, 1, 1, 1, 1, 1, 1, 2, 1, 1, 1, 1, 1, 1, 2, 1, 1, 2, 2, 1, 1, 1, 1, 1, 2, 1, 1, 1, 1, 2, 1, 1, 1, 1, 2, 1, 2, 1, 1, 1, 1, 1, 1, 1, 1, 1, 1, 1, 1, 1, 1, 1, 1, 1, 2, 2, 1, 2, 1, 1, 1, 1, 1, 2, 1, 1, 1, 1, 1, 1, 1, 1, 1, 1, 1, 1, 1, 2, 1, 1, 2, 1, 1, 2, 1, 1, 1, 1, 1, 1, 2, 2, 1]
w=930595958174514304/590295810358705747841 [cg] doubles=41 n=215
  xk(2^-20 units)=[6936, 11176, 15416, 23080, 27432, 31592, 35768, 39952, 44160, 51800, 56136, 60224, 64352, 68472, 72616, 220192, 80848, 84976, 89120, 93464, 101112, 105304, 109456, 113752, 118168, 125560, 129816, 134000, 138128, 142272, 146552, 150848, 155088, 162464, 166832, 171176, 175392, 182928, 187392, 195184, 199592, 207552, 211872, 216024, 252880, 224392, 228648, 235728, 240064, 244272, 248600, 256984, 261120, 265232, 269424, 76752, 273824, 285072, 289344, 293616, 297808, 301992, 306144, 310312, 314616, 322664, 327000, 331240, 338520, 342792, 347024, 351192, 355344, 359488, 363640, 367776, 371936, 376144, 380360, 387856, 392280, 400272, 404560, 408656, 412776, 417080, 424944, 429248, 433360, 437520, 441712, 445960, 453224, 457648, 462104, 469376, 473696, 477920, 482104, 486288, 490472, 494624, 498816, 506568, 510928, 515096, 519264, 523440, 531216, 535568, 539720, 543920, 548152, 556056, 560568, 568056, 572256, 731784, 576608, 584584, 588920, 593048, 597216, 601448, 608856, 613112, 617296, 621432, 625560, 629888, 637568, 641856, 646048, 650248, 654448, 658704, 666352, 670704, 674872, 679208, 687112, 691456, 695752, 703176, 707392, 711544, 715864, 760576, 724464, 736032, 740184, 744528, 748960, 756384, 720200, 838664, 764920, 769168, 773504, 781200, 785520, 789832, 797192, 801472, 805664, 809832, 813968, 818136, 822216, 826320, 830408, 834528, 842768, 846936, 851080, 855288, 862984, 867424, 871800, 879584, 883928, 888152, 892416, 899672, 903936, 908288, 912584, 916680, 920808, 924944, 929136, 933384, 940664, 944936, 949152, 953312, 957448, 961592, 965704, 970008, 977776, 981976, 986320, 990728, 998208, 1002616, 1010416, 1014688, 1018920, 1023208, 1030584, 1034816, 1039136, 1043560, 2704]
  m=[1, 1, 1, 2, 1, 1, 1, 1, 1, 2, 1, 1, 1, 1, 1, 1, 1, 1, 1, 2, 1, 1, 1, 2, 1, 1, 1, 1, 1, 1, 2, 1, 1, 1, 2, 1, 1, 1, 2, 1, 2, 2, 1, 1, 1, 1, 1, 1, 1, 1, 2, 1, 1, 1, 1, 1, 2, 1, 1, 1, 1, 1, 1, 1, 2, 2, 1, 1, 1, 1, 1, 1, 1, 1, 1, 1, 1, 1, 1, 1, 2, 2, 1, 1, 1, 2, 2, 1, 1, 1, 1, 1, 1, 2, 1, 1, 1, 1, 1, 1, 1, 1, 1, 2, 1, 1, 1, 1, 2, 1, 1, 1, 1, 2, 2, 1, 1, 1, 2, 2, 1, 1, 1, 1, 1, 1, 1, 1, 1, 2, 1, 1, 1, 1, 1, 1, 2, 1, 1, 2, 2, 1, 1, 1, 1, 1, 2, 1, 1, 1, 1, 2, 1, 1, 1, 1, 2, 1, 2, 1, 1, 1, 1, 1, 1, 1, 1, 1, 1, 1, 1, 1, 1, 1, 1, 1, 2, 2, 1, 2, 1, 1, 1, 1, 1, 2, 1, 1, 1, 1, 1, 1, 1, 1, 1, 1, 1, 1, 1, 2, 1, 1, 2, 1, 1, 2, 1, 1, 1, 1, 1, 1, 2, 2, 1]
w=3369785819952791040/590295810358705747841 [cg] doubles=41 n=215
  xk(2^-20 units)=[3624, 7888, 175064, 19584, 23896, 28008, 32152, 36328, 40560, 48216, 52584, 56720, 60896, 65104, 69408, 76720, 80976, 85168, 89336, 93680, 101376, 134480, 109744, 114072, 105592, 121896, 126112, 130304, 138600, 142768, 147080, 151488, 158904, 429176, 163328, 167752, 843104, 179312, 187840, 192216, 199904, 207992, 212312, 216416, 220576, 224704, 228872, 233072, 237336, 244712, 249096, 253424, 257616, 261872, 896248, 269432, 273920, 281840, 286200, 290448, 297896, 302176, 306296, 347224, 310576, 319120, 330768, 334928, 339008, 343080, 326592, 351312, 355440, 359528, 363640, 367744, 371824, 375968, 380128, 384328, 392008, 396504, 408368, 183512, 412552, 416896, 424872, 15208, 433304, 437432, 441624, 445888, 453328, 457704, 462048, 466192, 470360, 474576, 478864, 486272, 490544, 494728, 498848, 503152, 507488, 511744, 519072, 523352, 527704, 532096, 539560, 543832, 548024, 552392, 560352, 404136, 568936, 719920, 576664, 584688, 593176, 589032, 597392, 601664, 609072, 613336, 617536, 621688, 625792, 630144, 634536, 641888, 646176, 650336, 654472, 658616, 662952, 670640, 564680, 675032, 683008, 691424, 695576, 699704, 703824, 707952, 712312, 724104, 728264, 732384, 736504, 740800, 745232, 687304, 756728, 760888, 765208, 769568, 777248, 781624, 785928, 793216, 797512, 801704, 805896, 810040, 814176, 818304, 822400, 826528, 830648, 834792, 838944, 847272, 851520, 858944, 863352, 867824, 875640, 880096, 314840, 884504, 891944, 752472, 900552, 908264, 912656, 916800, 921000, 925272, 932656, 936888, 941088, 945232, 949384, 953536, 957688, 961896, 966128, 973952, 978400, 985656, 990072, 994408, 998544, 1002880, 1014552, 1007264, 1018848, 1023072, 1027232, 1031376, 1035720, 1043664, 1048016]
  m=[1, 1, 1, 2, 1, 1, 1, 1, 1, 2, 1, 1, 1, 1, 1, 1, 1, 1, 1, 2, 1, 1, 1, 2, 1, 1, 1, 1, 1, 1, 2, 1, 1, 1, 2, 1, 1, 1, 2, 1, 2, 2, 1, 1, 1, 1, 1, 1, 1, 1, 2, 1, 1, 1, 1, 1, 2, 1, 1, 1, 1, 1, 1, 1, 2, 2, 1, 1, 1, 1, 1, 1, 1, 1, 1, 1, 1, 1, 1, 1, 2, 2, 1, 1, 1, 2, 2, 1, 1, 1, 1, 1, 1, 2, 1, 1, 1, 1, 1, 1, 1, 1, 1, 2, 1, 1, 1, 1, 2, 1, 1, 1, 1, 2, 2, 1, 1, 1, 2, 2, 1, 1, 1, 1, 1, 1, 1, 1, 1, 2, 1, 1, 1, 1, 1, 1, 2, 1, 1, 2, 2, 1, 1, 1, 1, 1, 2, 1, 1, 1, 1, 2, 1, 1, 1, 1, 2, 1, 2, 1, 1, 1, 1, 1, 1, 1, 1, 1, 1, 1, 1, 1, 1, 1, 1, 1, 2, 2, 1, 2, 1, 1, 1, 1, 1, 2, 1, 1, 1, 1, 1, 1, 1, 1, 1, 1, 1, 1, 1, 2, 1, 1, 2, 1, 1, 2, 1, 1, 1, 1, 1, 1, 2, 2, 1]
w=2229934851849995008/590295810358705747841 [cg] doubles=41 n=215
  xk(2^-20 units)=[2840, 10160, 14416, 18768, 23032, 27152, 31312, 35472, 39712, 47440, 51768, 55912, 60128, 64368, 71776, 76056, 80256, 84400, 88544, 92872, 100568, 104808, 108976, 113320, 121048, 125264, 129472, 133648, 137816, 142032, 149656, 153992, 158160, 162280, 166552, 170888, 175144, 182584, 187072, 194816, 199184, 203664, 211288, 215480, 219672, 223840, 228016, 232208, 236504, 243688, 248120, 252456, 256600, 260728, 264912, 269088, 276704, 281064, 285216, 289376, 293576, 297792, 305040, 309280, 317792, 325784, 313464, 399896, 334432, 341616, 345920, 350088, 354280, 358416, 362584, 366712, 370816, 374976, 379072, 383192, 387496, 395488, 330136, 404184, 411624, 416096, 424080, 428416, 432552, 436712, 440920, 445192, 452560, 456952, 461296, 465496, 469688, 473976, 481120, 485392, 489600, 493736, 501944, 506208, 510472, 514640, 518904, 526096, 530544, 534832, 538968, 543128, 624704, 547480, 558960, 563344, 567568, 571792, 579672, 587656, 592024, 600296, 596168, 604504, 608744, 613008, 657808, 620496, 739440, 629120, 636952, 641160, 645384, 649512, 653632, 497832, 662136, 669800, 674072, 678424, 686440, 690896, 698304, 702528, 706728, 710848, 715152, 719552, 726888, 731120, 735320, 743760, 748112, 752376, 759592, 763848, 768192, 775960, 780328, 784656, 788768, 792856, 796992, 801104, 805216, 809296, 813472, 817600, 821712, 825832, 829936, 834080, 838216, 842368, 846592, 850872, 858592, 866736, 871040, 875368, 879824, 887336, 891688, 896040, 903656, 908104, 912528, 916832, 921240, 925744, 930368, 934936, 939432, 943792, 948120, 952368, 956568, 960760, 964896, 969272, 977096, 981288, 985640, 990064, 997512, 1001984, 1006416, 1013784, 1018064, 1022224, 1026368, 1030520, 1034832, 1042776, 1047160]
  m=[1, 1, 1, 2, 1, 1, 1, 1, 1, 2, 1, 1, 1, 1, 1, 1, 1, 1, 1, 2, 1, 1, 1, 2, 1, 1, 1, 1, 1, 1, 2, 1, 1, 1, 2, 1, 1, 1, 2, 1, 2, 2, 1, 1, 1, 1, 1, 1, 1, 1, 2, 1, 1, 1, 1, 1, 2, 1, 1, 1, 1, 1, 1, 1, 2, 2, 1, 1, 1, 1, 1, 1, 1, 1, 1, 1, 1, 1, 1, 1, 2, 2, 1, 1, 1, 2, 2, 1, 1, 1, 1, 1, 1, 2, 1, 1, 1, 1, 1, 1, 1, 1, 1, 2, 1, 1, 1, 1, 2, 1, 1, 1, 1, 2, 2, 1, 1, 1, 2, 2, 1, 1, 1, 1, 1, 1, 1, 1, 1, 2, 1, 1, 1, 1, 1, 1, 2, 1, 1, 2, 2, 1, 1, 1, 1, 1, 2, 1, 1, 1, 1, 2, 1, 1, 1, 1, 2, 1, 2, 1, 1, 1, 1, 1, 1, 1, 1, 1, 1, 1, 1, 1, 1, 1, 1, 1, 2, 2, 1, 2, 1, 1, 1, 1, 1, 2, 1, 1, 1, 1, 1, 1, 1, 1, 1, 1, 1, 1, 1, 2, 1, 1, 2, 1, 1, 2, 1, 1, 1, 1, 1, 1, 2, 2, 1]
w=462627100380220864/590295810358705747841 [cg] doubles=41 n=215
  xk(2^-20 units)=[7120, 1010384, 14424, 18872, 23192, 27344, 31432, 35592, 43960, 51584, 55920, 60032, 64176, 68280, 72408, 76528, 80624, 84784, 88896, 97368, 154512, 105112, 109456, 117232, 121560, 125696, 129832, 134032, 138328, 637560, 150144, 93016, 158752, 145704, 170720, 175072, 179320, 650216, 187032, 195664, 203488, 211504, 219984, 191416, 392064, 224216, 228464, 235864, 240112, 244288, 248624, 252968, 257240, 264616, 268864, 273016, 277336, 281640, 285880, 293192, 297440, 301624, 305776, 309920, 314272, 322152, 326480, 330592, 334648, 338792, 510904, 347048, 351192, 359504, 363664, 403976, 367856, 372152, 379200, 342912, 387736, 396376, 355352, 408256, 412512, 420272, 424744, 432456, 436712, 904584, 445024, 449168, 453456, 461048, 465408, 469536, 473640, 477776, 481952, 486120, 490312, 494592, 502008, 506464, 559640, 215840, 383432, 522680, 527008, 531456, 670640, 543224, 547408, 551744, 564016, 604856, 518400, 568312, 572608, 584880, 166320, 596416, 600664, 440888, 609032, 613200, 617312, 621496, 625656, 630000, 589296, 641816, 646008, 538952, 654480, 661824, 666224, 793008, 772808, 678416, 686592, 690928, 695128, 699424, 706664, 710944, 715288, 719560, 723696, 731928, 736168, 743880, 748256, 752472, 759896, 764192, 768520, 830280, 777104, 781456, 788760, 580424, 797184, 801352, 805464, 809608, 813752, 817880, 821968, 826128, 834456, 727808, 838688, 843008, 850416, 854696, 859072, 867184, 871608, 879368, 883728, 887912, 892088, 896224, 900384, 908944, 913384, 917808, 922320, 926904, 931416, 935864, 940264, 944600, 948832, 953152, 960560, 964864, 969112, 973424, 977752, 981904, 986256, 39760, 993984, 998408, 1006144, 1014552, 1018720, 1022912, 1027120, 1034608, 1039048, 1047104, 2872]
  m=[1, 1, 1, 2, 1, 1, 1, 1, 1, 2, 1, 1, 1, 1, 1, 1, 1, 1, 1, 2, 1, 1, 1, 2, 1, 1, 1, 1, 1, 1, 2, 1, 1, 1, 2, 1, 1, 1, 2, 1, 2, 2, 1, 1, 1, 1, 1, 1, 1, 1, 2, 1, 1, 1, 1, 1, 2, 1, 1, 1, 1, 1, 1, 1, 2, 2, 1, 1, 1, 1, 1, 1, 1, 1, 1, 1, 1, 1, 1, 1, 2, 2, 1, 1, 1, 2, 2, 1, 1, 1, 1, 1, 1, 2, 1, 1, 1, 1, 1, 1, 1, 1, 1, 2, 1, 1, 1, 1, 2, 1, 1, 1, 1, 2, 2, 1, 1, 1, 2, 2, 1, 1, 1, 1, 1, 1, 1, 1, 1, 2, 1, 1, 1, 1, 1, 1, 2, 1, 1, 2, 2, 1, 1, 1, 1, 1, 2, 1, 1, 1, 1, 2, 1, 1, 1, 1, 2, 1, 2, 1, 1, 1, 1, 1, 1, 1, 1, 1, 1, 1, 1, 1, 1, 1, 1, 1, 2, 2, 1, 2, 1, 1, 1, 1, 1, 2, 1, 1, 1, 1, 1, 1, 1, 1, 1, 1, 1, 1, 1, 2, 1, 1, 2, 1, 1, 2, 1, 1, 1, 1, 1, 1, 2, 2, 1]
w=3228076902835862016/590295810358705747841 [cg] doubles=51 n=205
  xk(2^-20 units)=[4520, 8680, 12904, 17256, 28992, 33400, 40976, 45344, 139840, 49696, 57528, 61888, 66232, 73928, 78216, 82464, 86784, 94128, 98392, 102712, 106984, 111168, 115416, 122960, 127360, 131488, 135696, 144000, 148152, 152448, 160160, 164560, 168824, 176320, 180624, 844560, 185040, 196840, 201176, 205440, 209568, 213760, 218024, 225320, 233792, 237880, 242192, 246544, 250776, 258440, 262856, 422824, 274464, 278760, 283008, 287128, 291424, 299416, 229568, 303880, 311624, 316176, 324104, 332024, 336280, 340656, 348768, 356480, 533208, 364976, 369160, 267112, 373328, 377488, 381752, 389600, 397680, 402208, 409784, 995888, 414200, 360784, 418576, 430632, 435048, 439352, 446816, 451248, 455568, 459856, 467176, 471416, 475744, 480056, 484440, 491976, 496472, 504208, 508544, 512784, 517096, 524368, 528840, 537424, 696976, 545104, 549472, 553680, 561264, 565640, 910000, 573888, 578048, 582304, 586560, 593960, 602592, 598176, 610536, 615008, 622376, 626808, 631144, 635248, 643536, 647680, 651816, 655944, 660048, 664232, 668424, 672608, 676880, 684680, 689192, 569776, 701376, 709144, 713616, 720952, 725432, 799296, 901712, 733616, 741608, 24520, 750288, 758112, 762584, 770344, 774728, 778936, 783248, 790560, 795000, 803440, 807616, 746024, 816104, 823400, 192616, 827760, 832192, 840184, 905848, 848816, 856216, 860664, 865024, 869304, 876784, 881216, 885688, 893320, 897520, 639360, 811816, 914152, 918312, 922448, 926704, 934160, 938424, 942576, 946880, 951328, 958712, 963016, 967232, 971344, 975712, 983392, 987616, 991752, 1000024, 1004096, 1008344, 1012824, 1020016, 1024296, 1028480, 1032688, 1036848, 1041120, 192]
  m=[1, 1, 1, 1, 2, 1, 2, 1, 1, 2, 2, 1, 2, 1, 1, 1, 1, 1, 1, 2, 1, 1, 1, 2, 1, 1, 1, 1, 1, 1, 2, 1, 1, 1, 1, 1, 2, 1, 2, 1, 1, 1, 1, 1, 1, 1, 2, 1, 1, 2, 1, 1, 1, 1, 1, 1, 2, 2, 1, 1, 2, 2, 2, 1, 1, 2, 2, 1, 1, 1, 1, 1, 1, 1, 1, 2, 2, 1, 1, 1, 2, 1, 1, 2, 1, 1, 1, 2, 1, 1, 1, 1, 2, 1, 2, 1, 2, 1, 1, 1, 1, 1, 2, 1, 1, 2, 1, 1, 2, 1, 1, 1, 1, 1, 1, 1, 2, 1, 2, 1, 1, 2, 1, 1, 1, 1, 1, 1, 1, 1, 1, 1, 1, 2, 2, 1, 1, 2, 1, 1, 2, 1, 1, 2, 2, 1, 1, 2, 1, 2, 1, 1, 1, 1, 2, 1, 1, 1, 1, 1, 1, 1, 2, 2, 1, 1, 1, 2, 1, 1, 1, 2, 2, 1, 1, 1, 1, 1, 1, 1, 1, 1, 1, 1, 2, 1, 1, 1, 1, 1, 2, 1, 1, 1, 1, 1, 2, 1, 1, 1, 1, 1, 1, 1, 2]
w=487891645341824960/590295810358705747841 [cg] doubles=41 n=215
  xk(2^-20 units)=[3552, 7712, 12000, 19608, 23992, 28136, 32312, 36584, 43976, 48432, 52792, 56984, 61248, 68496, 72784, 76928, 81072, 85248, 89392, 93744, 101384, 105624, 109704, 113976, 118304, 122472, 130872, 126624, 138272, 142560, 146920, 151320, 158840, 163072, 167416, 171848, 179304, 183592, 187952, 192384, 200072, 204616, 212224, 216488, 220760, 225016, 232368, 236696, 240912, 245040, 249384, 253752, 258016, 265096, 269400, 273576, 277904, 282272, 286552, 293864, 298200, 302496, 306792, 314224, 318656, 323144, 330816, 335032, 339184, 343304, 347472, 351664, 355792, 359920, 364048, 368200, 372352, 376512, 380776, 388232, 392648, 397112, 404824, 409040, 413208, 417584, 425744, 430192, 434576, 439248, 444128, 448848, 453272, 457752, 462088, 466328, 470680, 477992, 482280, 486520, 490712, 494920, 499096, 503472, 507864, 515152, 519392, 523536, 527880, 532200, 536456, 543672, 547952, 552344, 560320, 564664, 568808, 573088, 580776, 588768, 593120, 597248, 601392, 605560, 609680, 613792, 617968, 622136, 626376, 634008, 638384, 642536, 646704, 650928, 655168, 662432, 666848, 671192, 675400, 683072, 687544, 691952, 699384, 703664, 707832, 711920, 716296, 724064, 728320, 732512, 736840, 744512, 748912, 753080, 757208, 761304, 765592, 769904, 774280, 781984, 789440, 793744, 797936, 802112, 806248, 810328, 814448, 818536, 822640, 826744, 830816, 834976, 843208, 847336, 851496, 855744, 863264, 867792, 875488, 879888, 884248, 888520, 895904, 900192, 904472, 912184, 916576, 920696, 924832, 928960, 933096, 937232, 941368, 945520, 949664, 953808, 957904, 962064, 966224, 970576, 978288, 982528, 986904, 991352, 998784, 1003240, 1010824, 1015088, 1019304, 1023496, 1027656, 1031976, 1039704, 1047712, 839080]
  m=[1, 1, 1, 2, 1, 1, 1, 1, 1, 2, 1, 1, 1, 1, 1, 1, 1, 1, 1, 2, 1, 1, 1, 2, 1, 1, 1, 1, 1, 1, 2, 1, 1, 1, 2, 1, 1, 1, 2, 1, 2, 2, 1, 1, 1, 1, 1, 1, 1, 1, 2, 1, 1, 1, 1, 1, 2, 1, 1, 1, 1, 1, 1, 1, 2, 2, 1, 1, 1, 1, 1, 1, 1, 1, 1, 1, 1, 1, 1, 1, 2, 2, 1, 1, 1, 2, 2, 1, 1, 1, 1, 1, 1, 2, 1, 1, 1, 1, 1, 1, 1, 1, 1, 2, 1, 1, 1, 1, 2, 1, 1, 1, 1, 2, 2, 1, 1, 1, 2, 2, 1, 1, 1, 1, 1, 1, 1, 1, 1, 2, 1, 1, 1, 1, 1, 1, 2, 1, 1, 2, 2, 1, 1, 1, 1, 1, 2, 1, 1, 1, 1, 2, 1, 1, 1, 1, 2, 1, 2, 1, 1, 1, 1, 1, 1, 1, 1, 1, 1, 1, 1, 1, 1, 1, 1, 1, 2, 2, 1, 2, 1, 1, 1, 1, 1, 2, 1, 1, 1, 1, 1, 1, 1, 1, 1, 1, 1, 1, 1, 2, 1, 1, 2, 1, 1, 2, 1, 1, 1, 1, 1, 1, 2, 2, 1]
w=302660376262288064/590295810358705747841 [cg] doubles=41 n=215
  xk(2^-20 units)=[6712, 1010344, 10848, 15144, 19576, 26984, 31232, 35432, 43856, 51520, 55864, 60000, 64144, 68264, 72360, 76488, 80632, 84824, 88960, 100624, 105008, 93200, 109136, 113488, 117872, 125176, 129496, 716168, 137904, 142200, 149888, 154280, 158440, 162696, 170360, 174720, 178864, 232280, 187312, 191736, 199424, 207280, 219888, 215736, 846904, 224008, 228136, 236424, 240544, 252520, 244896, 256720, 260856, 264984, 269144, 273240, 277528, 281856, 286112, 293424, 297728, 301912, 306064, 182984, 310456, 318480, 326192, 330504, 334712, 338904, 343216, 350368, 354664, 358824, 363000, 367136, 371280, 375400, 379568, 383696, 388064, 395848, 404400, 408704, 416344, 424000, 428496, 432760, 436904, 461280, 441056, 445216, 449312, 453648, 465512, 469672, 473816, 478000, 482136, 486248, 490400, 494640, 501904, 506296, 510640, 514736, 518856, 522976, 527328, 534968, 674168, 543384, 547512, 551896, 559944, 604808, 567640, 571896, 576272, 592040, 650200, 596456, 600608, 211656, 608992, 613168, 617448, 624752, 633528, 629176, 637656, 641824, 645976, 539216, 654512, 661904, 666368, 400208, 707408, 678640, 686632, 690928, 695024, 699152, 703272, 133712, 711736, 723440, 727744, 732056, 739696, 744168, 748504, 752768, 760168, 764400, 768744, 773152, 780904, 785328, 789592, 584176, 796984, 801256, 805448, 809584, 813752, 817856, 821952, 826088, 830216, 834408, 838576, 842744, 851208, 858464, 862856, 867336, 875056, 879536, 883888, 888184, 895592, 899920, 904152, 908560, 913040, 917464, 922096, 926800, 931448, 935872, 940208, 944504, 948736, 952912, 957120, 961336, 965616, 973392, 981184, 985440, 989768, 39616, 994168, 1001824, 1006192, 1014496, 1018680, 1022880, 1027120, 1034480, 1038928, 1046824, 2600]
  m=[1, 1, 1, 2, 1, 1, 1, 1, 1, 2, 1, 1, 1, 1, 1, 1, 1, 1, 1, 2, 1, 1, 1, 2, 1, 1, 1, 1, 1, 1, 2, 1, 1, 1, 2, 1, 1, 1, 2, 1, 2, 2, 1, 1, 1, 1, 1, 1, 1, 1, 2, 1, 1, 1, 1, 1, 2, 1, 1, 1, 1, 1, 1, 1, 2, 2, 1, 1, 1, 1, 1, 1, 1, 1, 1, 1, 1, 1, 1, 1, 2, 2, 1, 1, 1, 2, 2, 1, 1, 1, 1, 1, 1, 2, 1, 1, 1, 1, 1, 1, 1, 1, 1, 2, 1, 1, 1, 1, 2, 1, 1, 1, 1, 2, 2, 1, 1, 1, 2, 2, 1, 1, 1, 1, 1, 1, 1, 1, 1, 2, 1, 1, 1, 1, 1, 1, 2, 1, 1, 2, 2, 1, 1, 1, 1, 1, 2, 1, 1, 1, 1, 2, 1, 1, 1, 1, 2, 1, 2, 1, 1, 1, 1, 1, 1, 1, 1, 1, 1, 1, 1, 1, 1, 1, 1, 1, 2, 2, 1, 2, 1, 1, 1, 1, 1, 2, 1, 1, 1, 1, 1, 1, 1, 1, 1, 1, 1, 1, 1, 2, 1, 1, 2, 1, 1, 2, 1, 1, 1, 1, 1, 1, 2, 2, 1]
w=4820611540842786816/590295810358705747841 [cg] doubles=41 n=215
  xk(2^-20 units)=[7048, 11240, 15368, 19736, 965568, 31552, 35744, 39912, 44056, 52568, 48200, 56992, 64008, 68280, 72504, 76656, 80792, 84928, 89064, 93384, 97824, 318640, 105048, 113664, 118096, 125456, 129712, 133864, 138072, 142240, 146616, 154280, 158536, 662704, 167016, 171480, 178872, 183128, 187504, 195296, 199784, 207776, 650080, 215656, 219944, 224168, 228384, 232704, 239936, 244184, 248496, 256824, 260904, 264976, 269080, 273128, 277408, 109304, 285840, 290128, 297432, 301704, 305880, 309976, 314264, 326232, 330536, 334664, 338752, 342872, 346992, 351112, 355240, 359376, 363552, 367712, 371880, 376136, 383512, 387792, 392200, 400176, 404608, 412056, 416336, 420736, 428768, 281704, 433248, 440728, 252760, 445008, 453352, 457656, 462000, 466272, 473488, 477768, 481968, 486128, 490288, 494464, 498592, 502944, 510608, 514856, 519064, 523328, 531032, 535424, 539616, 543800, 548064, 555864, 563920, 580376, 568272, 731720, 572632, 584840, 592448, 596672, 600824, 604952, 609088, 613240, 617360, 621440, 625528, 629872, 637528, 641760, 645928, 162696, 654256, 658440, 670440, 27288, 674904, 682640, 687120, 691560, 699008, 703256, 707440, 711632, 715944, 760512, 724544, 736008, 740184, 744528, 748960, 756296, 720304, 838832, 764856, 769248, 776888, 781280, 785472, 789816, 797048, 801320, 805520, 990368, 813888, 818032, 822160, 826288, 830448, 834592, 843112, 809728, 850592, 854848, 859240, 867208, 871672, 879464, 883888, 888120, 895520, 899752, 903896, 908208, 912528, 916656, 920808, 925008, 929320, 936448, 940784, 944960, 949104, 953216, 957336, 961456, 449192, 969960, 977472, 981704, 986024, 994600, 1001800, 1006232, 1010584, 1014744, 1018936, 1023096, 1027384, 1034808, 1039288, 1047192, 2944]
  m=[1, 1, 1, 2, 1, 1, 1, 1, 1, 2, 1, 1, 1, 1, 1, 1, 1, 1, 1, 2, 1, 1, 1, 2, 1, 1, 1, 1, 1, 1, 2, 1, 1, 1, 2, 1, 1, 1, 2, 1, 2, 2, 1, 1, 1, 1, 1, 1, 1, 1, 2, 1, 1, 1, 1, 1, 2, 1, 1, 1, 1, 1, 1, 1, 2, 2, 1, 1, 1, 1, 1, 1, 1, 1, 1, 1, 1, 1, 1, 1, 2, 2, 1, 1, 1, 2, 2, 1, 1, 1, 1, 1, 1, 2, 1, 1, 1, 1, 1, 1, 1, 1, 1, 2, 1, 1, 1, 1, 2, 1, 1, 1, 1, 2, 2, 1, 1, 1, 2, 2, 1, 1, 1, 1, 1, 1, 1, 1, 1, 2, 1, 1, 1, 1, 1, 1, 2, 1, 1, 2, 2, 1, 1, 1, 1, 1, 2, 1, 1, 1, 1, 2, 1, 1, 1, 1, 2, 1, 2, 1, 1, 1, 1, 1, 1, 1, 1, 1, 1, 1, 1, 1, 1, 1, 1, 1, 2, 2, 1, 2, 1, 1, 1, 1, 1, 2, 1, 1, 1, 1, 1, 1, 1, 1, 1, 1, 1, 1, 1, 2, 1, 1, 2, 1, 1, 2, 1, 1, 1, 1, 1, 1, 2, 2, 1]
w=1024284804849823104/590295810358705747841 [cg] doubles=41 n=215
  xk(2^-20 units)=[6976, 1010400, 11080, 15392, 23032, 27296, 31456, 35600, 43872, 48264, 55896, 60144, 64344, 68480, 72696, 77008, 428928, 84464, 88752, 97264, 154120, 105000, 109264, 113616, 121352, 125616, 129784, 133920, 956912, 637544, 146600, 92944, 158376, 142240, 170984, 175392, 182776, 650256, 187168, 195752, 203560, 211496, 220032, 215880, 846600, 224248, 228552, 235912, 240192, 244352, 248712, 253152, 260448, 264720, 268920, 273040, 277376, 281712, 285976, 293272, 138088, 301752, 305904, 310032, 314384, 322344, 326696, 330864, 335024, 502536, 339336, 346768, 351080, 359528, 363752, 400704, 367960, 372184, 379552, 191512, 388176, 396208, 355328, 407960, 412216, 416600, 424512, 297552, 433184, 440584, 444880, 449096, 453296, 457688, 465272, 469512, 473664, 477808, 481936, 486048, 490176, 494312, 498416, 506840, 556128, 511112, 383816, 522688, 527128, 531496, 670824, 543064, 547352, 551712, 563760, 604848, 515336, 568080, 572392, 584624, 166688, 596408, 600664, 162544, 609000, 613136, 617272, 621448, 625576, 629928, 589064, 641816, 646032, 535720, 654512, 661928, 666376, 792752, 772968, 678728, 686744, 691096, 695224, 699352, 703512, 707768, 715272, 719648, 723800, 732120, 736344, 744016, 748384, 752544, 756712, 760992, 768656, 830144, 777264, 781616, 785880, 580208, 797088, 801280, 805464, 809584, 813672, 817800, 821888, 826024, 834240, 727944, 838360, 842488, 850728, 854816, 859168, 867128, 871480, 875864, 883824, 891488, 895848, 900120, 904368, 908792, 913248, 917624, 922184, 926752, 931304, 935760, 940112, 944384, 948608, 952752, 961040, 965152, 969296, 973616, 977928, 982144, 989768, 39768, 994112, 998456, 1006136, 1014592, 1018760, 1022976, 1027272, 1034640, 1039128, 1047104, 2864]
  m=[1, 1, 1, 2, 1, 1, 1, 1, 1, 2, 1, 1, 1, 1, 1, 1, 1, 1, 1, 2, 1, 1, 1, 2, 1, 1, 1, 1, 1, 1, 2, 1, 1, 1, 2, 1, 1, 1, 2, 1, 2, 2, 1, 1, 1, 1, 1, 1, 1, 1, 2, 1, 1, 1, 1, 1, 2, 1, 1, 1, 1, 1, 1, 1, 2, 2, 1, 1, 1, 1, 1, 1, 1, 1, 1, 1, 1, 1, 1, 1, 2, 2, 1, 1, 1, 2, 2, 1, 1, 1, 1, 1, 1, 2, 1, 1, 1, 1, 1, 1, 1, 1, 1, 2, 1, 1, 1, 1, 2, 1, 1, 1, 1, 2, 2, 1, 1, 1, 2, 2, 1, 1, 1, 1, 1, 1, 1, 1, 1, 2, 1, 1, 1, 1, 1, 1, 2, 1, 1, 2, 2, 1, 1, 1, 1, 1, 2, 1, 1, 1, 1, 2, 1, 1, 1, 1, 2, 1, 2, 1, 1, 1, 1, 1, 1, 1, 1, 1, 1, 1, 1, 1, 1, 1, 1, 1, 2, 2, 1, 2, 1, 1, 1, 1, 1, 2, 1, 1, 1, 1, 1, 1, 1, 1, 1, 1, 1, 1, 1, 2, 1, 1, 2, 1, 1, 2, 1, 1, 1, 1, 1, 1, 2, 2, 1]
w=265454074743631840/590295810358705747841 [cg] doubles=41 n=215
  xk(2^-20 units)=[3232, 1006912, 7440, 19152, 23448, 27592, 31768, 35896, 617368, 44384, 769024, 60616, 244640, 64936, 72336, 76648, 80840, 85024, 89312, 96912, 101304, 105432, 109592, 113944, 121576, 125800, 129976, 134160, 138320, 142424, 146760, 154472, 158752, 14736, 163136, 170816, 175112, 179432, 187232, 191680, 199312, 203808, 219936, 215632, 846888, 224096, 228232, 232368, 236472, 240592, 248904, 253160, 261328, 265456, 269576, 273800, 281496, 257200, 285840, 289992, 294264, 301464, 305776, 309944, 314248, 318712, 326400, 330624, 334776, 338968, 343128, 347280, 351448, 355648, 359920, 367208, 371448, 375568, 379752, 383880, 388224, 396160, 400648, 407944, 412208, 428600, 420712, 432920, 436992, 441104, 548080, 449368, 453504, 457824, 462224, 469456, 473704, 477880, 482072, 445240, 490384, 494512, 498648, 503024, 510592, 514824, 519024, 523160, 527536, 535320, 539576, 543776, 486216, 555928, 560456, 601552, 568112, 572344, 576656, 588720, 416368, 56400, 593104, 208224, 608904, 613168, 581056, 621560, 625688, 630072, 637704, 641960, 52128, 650288, 654472, 658720, 666392, 670768, 675008, 682704, 687208, 646128, 694960, 699216, 703392, 707648, 715256, 719664, 723848, 728048, 732312, 740040, 748720, 756176, 810400, 760400, 764696, 773120, 777424, 781856, 789128, 793408, 797632, 969216, 806080, 801856, 597256, 817592, 821920, 826136, 830296, 834424, 838576, 842736, 851032, 855160, 859504, 867416, 744424, 871944, 879864, 884216, 888560, 896032, 900448, 909160, 913680, 918208, 922848, 927416, 931888, 936240, 940552, 944784, 949016, 953248, 957504, 961816, 904712, 973664, 977976, 982096, 986432, 40016, 990824, 998392, 1002752, 1011104, 1015376, 1022576, 1026848, 1031024, 1035384, 1043288, 1047664]
  m=[1, 1, 1, 2, 1, 1, 1, 1, 1, 2, 1, 1, 1, 1, 1, 1, 1, 1, 1, 2, 1, 1, 1, 2, 1, 1, 1, 1, 1, 1, 2, 1, 1, 1, 2, 1, 1, 1, 2, 1, 2, 2, 1, 1, 1, 1, 1, 1, 1, 1, 2, 1, 1, 1, 1, 1, 2, 1, 1, 1, 1, 1, 1, 1, 2, 2, 1, 1, 1, 1, 1, 1, 1, 1, 1, 1, 1, 1, 1, 1, 2, 2, 1, 1, 1, 2, 2, 1, 1, 1, 1, 1, 1, 2, 1, 1, 1, 1, 1, 1, 1, 1, 1, 2, 1, 1, 1, 1, 2, 1, 1, 1, 1, 2, 2, 1, 1, 1, 2, 2, 1, 1, 1, 1, 1, 1, 1, 1, 1, 2, 1, 1, 1, 1, 1, 1, 2, 1, 1, 2, 2, 1, 1, 1, 1, 1, 2, 1, 1, 1, 1, 2, 1, 1, 1, 1, 2, 1, 2, 1, 1, 1, 1, 1, 1, 1, 1, 1, 1, 1, 1, 1, 1, 1, 1, 1, 2, 2, 1, 2, 1, 1, 1, 1, 1, 2, 1, 1, 1, 1, 1, 1, 1, 1, 1, 1, 1, 1, 1, 2, 1, 1, 2, 1, 1, 2, 1, 1, 1, 1, 1, 1, 2, 2, 1]
w=1923980683056702720/590295810358705747841 [cg] doubles=41 n=215
  xk(2^-20 units)=[6976, 11168, 175152, 19592, 23896, 28016, 32160, 36304, 40528, 48152, 52536, 56664, 60872, 65144, 72504, 76760, 80960, 85216, 89440, 93816, 101352, 134328, 109792, 114152, 105616, 121744, 126024, 130168, 138456, 142552, 146920, 154608, 158800, 429144, 163168, 170944, 843008, 179328, 187840, 195488, 199928, 207888, 212224, 216360, 220512, 224776, 232192, 236472, 240680, 244944, 252728, 904416, 257088, 261272, 265560, 273024, 277448, 281824, 286128, 293528, 297800, 302000, 306168, 347144, 310520, 318512, 330408, 334664, 338808, 342984, 323000, 351272, 355392, 359504, 363592, 367728, 371824, 375952, 380048, 384144, 388472, 396432, 404840, 183472, 409080, 416944, 421456, 15328, 433400, 437576, 441784, 446048, 453384, 457760, 462112, 466288, 470456, 474672, 478952, 486184, 490480, 494648, 498800, 503104, 507496, 514856, 519088, 523272, 527608, 535384, 539600, 543792, 547920, 552272, 560160, 400760, 568776, 719880, 576568, 584472, 588808, 597064, 601136, 605264, 609376, 613504, 617672, 621784, 626000, 633680, 638016, 642160, 646272, 650440, 654592, 658728, 663096, 670880, 564536, 678808, 683312, 691064, 695304, 699472, 703672, 707856, 715520, 724032, 728184, 732288, 592936, 740760, 748440, 752648, 756832, 760944, 765272, 773024, 777416, 781752, 785992, 793288, 797568, 801728, 805872, 810000, 814144, 818280, 822384, 826488, 830608, 834752, 838880, 847160, 851312, 855472, 859872, 867768, 875696, 880144, 998504, 887856, 892120, 896240, 900344, 908688, 912984, 917112, 921232, 925352, 929568, 936800, 941024, 945216, 949352, 953536, 957704, 961848, 966064, 973800, 978176, 982424, 990096, 994424, 736424, 1002816, 1014552, 1007248, 1018848, 1023056, 1027256, 1031552, 1039408, 1043872, 1048216]
  m=[1, 1, 1, 2, 1, 1, 1, 1, 1, 2, 1, 1, 1, 1, 1, 1, 1, 1, 1, 2, 1, 1, 1, 2, 1, 1, 1, 1, 1, 1, 2, 1, 1, 1, 2, 1, 1, 1, 2, 1, 2, 2, 1, 1, 1, 1, 1, 1, 1, 1, 2, 1, 1, 1, 1, 1, 2, 1, 1, 1, 1, 1, 1, 1, 2, 2, 1, 1, 1, 1, 1, 1, 1, 1, 1, 1, 1, 1, 1, 1, 2, 2, 1, 1, 1, 2, 2, 1, 1, 1, 1, 1, 1, 2, 1, 1, 1, 1, 1, 1, 1, 1, 1, 2, 1, 1, 1, 1, 2, 1, 1, 1, 1, 2, 2, 1, 1, 1, 2, 2, 1, 1, 1, 1, 1, 1, 1, 1, 1, 2, 1, 1, 1, 1, 1, 1, 2, 1, 1, 2, 2, 1, 1, 1, 1, 1, 2, 1, 1, 1, 1, 2, 1, 1, 1, 1, 2, 1, 2, 1, 1, 1, 1, 1, 1, 1, 1, 1, 1, 1, 1, 1, 1, 1, 1, 1, 2, 2, 1, 2, 1, 1, 1, 1, 1, 2, 1, 1, 1, 1, 1, 1, 1, 1, 1, 1, 1, 1, 1, 2, 1, 1, 2, 1, 1, 2, 1, 1, 1, 1, 1, 1, 2, 2, 1]
w=1130164491592056832/590295810358705747841 [cg] doubles=41 n=215
  xk(2^-20 units)=[6944, 1010192, 121384, 11296, 23144, 27328, 31464, 35608, 43920, 48288, 55888, 60152, 64296, 68432, 72592, 76752, 80912, 85040, 89176, 93504, 97888, 105104, 109328, 113720, 510328, 125616, 129776, 719488, 424248, 142368, 149960, 154304, 158448, 162560, 166904, 171328, 178672, 650496, 187280, 191704, 199456, 211616, 220184, 215968, 846688, 224512, 231760, 236080, 240272, 249000, 244600, 256384, 260640, 264808, 268984, 273088, 277376, 281656, 285800, 289984, 294288, 301464, 305728, 309888, 314232, 322136, 326496, 330640, 334776, 338904, 343104, 347392, 354528, 358816, 363016, 367176, 371328, 375416, 379552, 383656, 387952, 396024, 400480, 407880, 412168, 416520, 428592, 432920, 437064, 461616, 441224, 445448, 452848, 457272, 465840, 470096, 477280, 514576, 481616, 485832, 490024, 494192, 498328, 502680, 18920, 592584, 518760, 522920, 527280, 534976, 670624, 543488, 547760, 555480, 560000, 604936, 567720, 571944, 576296, 588264, 182920, 596712, 600824, 207208, 609064, 613216, 617376, 621496, 625720, 633408, 637792, 641984, 646192, 539248, 657728, 661984, 666296, 138184, 710712, 674960, 683040, 690608, 694920, 699128, 703440, 133968, 715152, 723656, 727864, 732168, 739520, 743952, 748344, 752576, 756880, 764288, 768712, 773128, 780912, 785288, 789560, 583904, 796944, 801208, 805416, 809584, 813736, 817840, 821976, 826120, 830216, 834296, 838400, 842536, 850800, 854912, 859224, 863704, 871504, 879456, 887288, 891504, 895760, 899936, 904144, 908536, 912976, 917416, 922032, 926696, 931280, 935744, 940104, 944408, 948672, 952856, 957040, 961288, 965552, 973392, 981112, 985344, 989664, 39744, 993952, 998272, 1002672, 1014512, 1018832, 1026344, 1030616, 1034800, 1039168, 1047056, 2808]
  m=[1, 1, 1, 2, 1, 1, 1, 1, 1, 2, 1, 1, 1, 1, 1, 1, 1, 1, 1, 2, 1, 1, 1, 2, 1, 1, 1, 1, 1, 1, 2, 1, 1, 1, 2, 1, 1, 1, 2, 1, 2, 2, 1, 1, 1, 1, 1, 1, 1, 1, 2, 1, 1, 1, 1, 1, 2, 1, 1, 1, 1, 1, 1, 1, 2, 2, 1, 1, 1, 1, 1, 1, 1, 1, 1, 1, 1, 1, 1, 1, 2, 2, 1, 1, 1, 2, 2, 1, 1, 1, 1, 1, 1, 2, 1, 1, 1, 1, 1, 1, 1, 1, 1, 2, 1, 1, 1, 1, 2, 1, 1, 1, 1, 2, 2, 1, 1, 1, 2, 2, 1, 1, 1, 1, 1, 1, 1, 1, 1, 2, 1, 1, 1, 1, 1, 1, 2, 1, 1, 2, 2, 1, 1, 1, 1, 1, 2, 1, 1, 1, 1, 2, 1, 1, 1, 1, 2, 1, 2, 1, 1, 1, 1, 1, 1, 1, 1, 1, 1, 1, 1, 1, 1, 1, 1, 1, 2, 2, 1, 2, 1, 1, 1, 1, 1, 2, 1, 1, 1, 1, 1, 1, 1, 1, 1, 1, 1, 1, 1, 2, 1, 1, 2, 1, 1, 2, 1, 1, 1, 1, 1, 1, 2, 2, 1]
w=5033291890453172224/590295810358705747841 [cg] doubles=41 n=215
  xk(2^-20 units)=[6824, 1010400, 10992, 15336, 22976, 27208, 31392, 35512, 43832, 48192, 55664, 59928, 64104, 68256, 72432, 76592, 80776, 85064, 92256, 96656, 105144, 100992, 109280, 113624, 118008, 125320, 129568, 719488, 138016, 142248, 150016, 154384, 158544, 162776, 170464, 174784, 178936, 400208, 187336, 191704, 199336, 203824, 220096, 215872, 846928, 224368, 231840, 236104, 240288, 252384, 244664, 256624, 260768, 264904, 269048, 273176, 277504, 285096, 289344, 293552, 297736, 301968, 309496, 183040, 313968, 321896, 326256, 330400, 334576, 338728, 342896, 347168, 354392, 358688, 362904, 367096, 371248, 375344, 379472, 383600, 387888, 395840, 404376, 408632, 416008, 420440, 428456, 432808, 436944, 461384, 441064, 445240, 449432, 457056, 465504, 469616, 473760, 477880, 481968, 486104, 490240, 494360, 498472, 502800, 510448, 514664, 518832, 522984, 527360, 534960, 670592, 543408, 547688, 555408, 559896, 604720, 567672, 571872, 576200, 588360, 650064, 592832, 600464, 211632, 608896, 613112, 617352, 621552, 633528, 629176, 637688, 641808, 645920, 539192, 654224, 658392, 662744, 793224, 710736, 678320, 686440, 690840, 695040, 699216, 703472, 133784, 715168, 723648, 727832, 732128, 739616, 744040, 748480, 756000, 760200, 764360, 768688, 772976, 777296, 784840, 789056, 580584, 797368, 801488, 805592, 809728, 813848, 817928, 822048, 826176, 830296, 834440, 838576, 842736, 851176, 858536, 862952, 867408, 875184, 879592, 883968, 888272, 895600, 899888, 904168, 908584, 913040, 917496, 922168, 926880, 931440, 935904, 940224, 944488, 948736, 952952, 957160, 961360, 965552, 973392, 977768, 982024, 989792, 39664, 994200, 1001896, 1006248, 1014600, 1018792, 1023096, 1030312, 1034552, 1038944, 1046944, 2672]
  m=[1, 1, 1, 2, 1, 1, 1, 1, 1, 2, 1, 1, 1, 1, 1, 1, 1, 1, 1, 2, 1, 1, 1, 2, 1, 1, 1, 1, 1, 1, 2, 1, 1, 1, 2, 1, 1, 1, 2, 1, 2, 2, 1, 1, 1, 1, 1, 1, 1, 1, 2, 1, 1, 1, 1, 1, 2, 1, 1, 1, 1, 1, 1, 1, 2, 2, 1, 1, 1, 1, 1, 1, 1, 1, 1, 1, 1, 1, 1, 1, 2, 2, 1, 1, 1, 2, 2, 1, 1, 1, 1, 1, 1, 2, 1, 1, 1, 1, 1, 1, 1, 1, 1, 2, 1, 1, 1, 1, 2, 1, 1, 1, 1, 2, 2, 1, 1, 1, 2, 2, 1, 1, 1, 1, 1, 1, 1, 1, 1, 2, 1, 1, 1, 1, 1, 1, 2, 1, 1, 2, 2, 1, 1, 1, 1, 1, 2, 1, 1, 1, 1, 2, 1, 1, 1, 1, 2, 1, 2, 1, 1, 1, 1, 1, 1, 1, 1, 1, 1, 1, 1, 1, 1, 1, 1, 1, 2, 2, 1, 2, 1, 1, 1, 1, 1, 2, 1, 1, 1, 1, 1, 1, 1, 1, 1, 1, 1, 1, 1, 2, 1, 1, 2, 1, 1, 2, 1, 1, 1, 1, 1, 1, 2, 2, 1]
w=2831164970131411968/590295810358705747841 [cg] doubles=41 n=215
  xk(2^-20 units)=[3872, 8008, 12208, 19872, 24192, 28312, 32456, 36600, 40816, 48488, 52840, 56968, 61120, 65288, 69512, 76944, 81232, 85416, 89584, 93920, 98312, 105664, 109896, 114232, 118664, 125984, 130240, 134456, 138672, 142936, 150600, 154944, 159080, 163192, 167544, 175312, 179576, 183864, 191656, 556064, 196120, 208264, 212568, 216672, 220856, 225080, 229344, 236680, 240928, 245104, 249400, 253776, 258040, 265200, 269472, 273664, 277984, 282296, 286536, 293920, 298184, 302344, 306504, 310632, 314928, 322936, 327392, 334824, 339104, 343272, 347440, 351624, 355768, 359880, 364024, 368128, 372296, 376424, 380584, 384864, 392720, 397200, 404952, 409208, 413480, 421400, 425904, 430320, 434744, 439392, 444232, 448888, 453272, 457728, 462096, 466328, 470640, 477904, 482192, 486400, 490560, 494744, 498856, 503208, 507584, 514928, 519216, 523376, 527704, 535560, 539800, 543976, 974248, 548328, 560464, 564816, 569064, 576512, 580944, 589040, 593376, 597592, 601880, 1035928, 609280, 613576, 617768, 621928, 626192, 633936, 638280, 642400, 646528, 650680, 654832, 659056, 666808, 671168, 675376, 683216, 687680, 695424, 699640, 703776, 707928, 712040, 716384, 720776, 728056, 732328, 736496, 740800, 745184, 752560, 756800, 760936, 765224, 773704, 781280, 785624, 789752, 793880, 797968, 802056, 806144, 810288, 203920, 818512, 822616, 826768, 830904, 835040, 843472, 814416, 850968, 855240, 859600, 867672, 872088, 879992, 884336, 888496, 892672, 896920, 901184, 908976, 916760, 920992, 925128, 929248, 933352, 937480, 941632, 945776, 949880, 953976, 958080, 962232, 769504, 966544, 978440, 982560, 986896, 994568, 998784, 1003144, 1010968, 1015216, 1019352, 1023480, 1027648, 1031784, 1040296, 1048120, 839184]
  m=[1, 1, 1, 2, 1, 1, 1, 1, 1, 2, 1, 1, 1, 1, 1, 1, 1, 1, 1, 2, 1, 1, 1, 2, 1, 1, 1, 1, 1, 1, 2, 1, 1, 1, 2, 1, 1, 1, 2, 1, 2, 2, 1, 1, 1, 1, 1, 1, 1, 1, 2, 1, 1, 1, 1, 1, 2, 1, 1, 1, 1, 1, 1, 1, 2, 2, 1, 1, 1, 1, 1, 1, 1, 1, 1, 1, 1, 1, 1, 1, 2, 2, 1, 1, 1, 2, 2, 1, 1, 1, 1, 1, 1, 2, 1, 1, 1, 1, 1, 1, 1, 1, 1, 2, 1, 1, 1, 1, 2, 1, 1, 1, 1, 2, 2, 1, 1, 1, 2, 2, 1, 1, 1, 1, 1, 1, 1, 1, 1, 2, 1, 1, 1, 1, 1, 1, 2, 1, 1, 2, 2, 1, 1, 1, 1, 1, 2, 1, 1, 1, 1, 2, 1, 1, 1, 1, 2, 1, 2, 1, 1, 1, 1, 1, 1, 1, 1, 1, 1, 1, 1, 1, 1, 1, 1, 1, 2, 2, 1, 2, 1, 1, 1, 1, 1, 2, 1, 1, 1, 1, 1, 1, 1, 1, 1, 1, 1, 1, 1, 2, 1, 1, 2, 1, 1, 2, 1, 1, 1, 1, 1, 1, 2, 2, 1]
w=2519826322555463168/590295810358705747841 [cg] doubles=41 n=215
  xk(2^-20 units)=[3200, 1010592, 7472, 19200, 23504, 27592, 31712, 35856, 617416, 44352, 871848, 56176, 64568, 68688, 72840, 77040, 81328, 551696, 88704, 93128, 97480, 101736, 109048, 113504, 117896, 122176, 129336, 133624, 137856, 142000, 150448, 154808, 162040, 14752, 166424, 170784, 174984, 302256, 186784, 191120, 195432, 203432, 223568, 216256, 1014856, 227896, 232192, 236496, 243864, 207768, 248288, 252624, 260880, 265040, 269184, 273344, 277688, 256760, 285448, 289656, 293832, 298008, 437072, 322472, 310096, 318152, 326648, 330776, 334904, 339024, 343192, 347360, 351640, 358904, 363216, 367440, 371632, 375888, 383480, 896112, 387936, 396040, 400480, 407920, 412208, 416600, 424576, 428880, 432960, 441152, 445248, 449376, 453504, 457816, 462216, 469328, 473632, 477848, 482000, 486128, 490272, 494400, 498544, 502880, 510496, 514752, 518896, 523024, 527328, 531760, 539120, 543360, 547536, 556024, 563952, 604912, 568296, 572496, 580200, 588864, 60392, 596544, 600736, 211968, 609072, 613240, 584544, 621576, 625808, 633424, 637784, 641928, 51936, 650288, 654536, 661880, 666288, 670640, 674872, 682464, 691104, 646080, 695536, 686776, 702904, 707200, 711584, 719472, 723736, 727984, 732264, 739856, 748504, 752704, 756960, 764312, 768712, 773000, 781400, 785832, 792928, 797224, 805624, 846936, 801432, 809768, 813896, 818008, 822136, 826240, 830360, 834464, 838608, 842776, 851088, 855304, 862984, 867464, 744280, 879704, 777112, 887568, 891856, 179192, 900352, 909056, 913504, 917944, 922504, 927112, 931640, 936040, 940368, 944632, 948856, 953064, 957288, 961512, 904592, 973528, 977920, 982152, 989800, 40008, 994136, 998496, 1006288, 146144, 1035560, 1019168, 1026688, 965744, 1031120, 1043256, 1047584]
  m=[1, 1, 1, 2, 1, 1, 1, 1, 1, 2, 1, 1, 1, 1, 1, 1, 1, 1, 1, 2, 1, 1, 1, 2, 1, 1, 1, 1, 1, 1, 2, 1, 1, 1, 2, 1, 1, 1, 2, 1, 2, 2, 1, 1, 1, 1, 1, 1, 1, 1, 2, 1, 1, 1, 1, 1, 2, 1, 1, 1, 1, 1, 1, 1, 2, 2, 1, 1, 1, 1, 1, 1, 1, 1, 1, 1, 1, 1, 1, 1, 2, 2, 1, 1, 1, 2, 2, 1, 1, 1, 1, 1, 1, 2, 1, 1, 1, 1, 1, 1, 1, 1, 1, 2, 1, 1, 1, 1, 2, 1, 1, 1, 1, 2, 2, 1, 1, 1, 2, 2, 1, 1, 1, 1, 1, 1, 1, 1, 1, 2, 1, 1, 1, 1, 1, 1, 2, 1, 1, 2, 2, 1, 1, 1, 1, 1, 2, 1, 1, 1, 1, 2, 1, 1, 1, 1, 2, 1, 2, 1, 1, 1, 1, 1, 1, 1, 1, 1, 1, 1, 1, 1, 1, 1, 1, 1, 2, 2, 1, 2, 1, 1, 1, 1, 1, 2, 1, 1, 1, 1, 1, 1, 1, 1, 1, 1, 1, 1, 1, 2, 1, 1, 2, 1, 1, 2, 1, 1, 1, 1, 1, 1, 2, 2, 1]
w=387663183471367744/590295810358705747841 [cg] doubles=41 n=215
  xk(2^-20 units)=[11008, 15288, 117712, 19648, 24008, 28312, 35616, 39880, 44040, 48344, 52680, 56840, 61024, 65304, 72632, 76968, 81176, 297688, 85416, 93136, 97512, 101640, 105768, 110120, 134640, 154808, 253080, 130360, 141944, 146176, 150504, 192024, 158920, 163056, 167416, 174984, 179192, 183344, 187656, 1039928, 199744, 204248, 211824, 216096, 220248, 224392, 228600, 232728, 236904, 241136, 248720, 314376, 257224, 261368, 265512, 269656, 274000, 281728, 286032, 290320, 121960, 301920, 306096, 310232, 318696, 326464, 330744, 334880, 339024, 343248, 347512, 355000, 126144, 359248, 363472, 367720, 371880, 376088, 380392, 387648, 392096, 400104, 404424, 408648, 412864, 420552, 429112, 572784, 433376, 437488, 441568, 445672, 449800, 454136, 461800, 466072, 470416, 477744, 482024, 486208, 490368, 494536, 498648, 502984, 507416, 514712, 518976, 523152, 527480, 531840, 536056, 543424, 547640, 551992, 560088, 564416, 568576, 773536, 580344, 584864, 592616, 596896, 601104, 605264, 609448, 613608, 617808, 622112, 679376, 629944, 634416, 642016, 646280, 650440, 654672, 658928, 666456, 670768, 1031184, 675032, 686936, 691272, 695440, 699592, 703744, 707976, 715608, 719968, 724112, 728256, 732400, 736776, 744480, 748800, 753104, 760544, 764960, 769304, 781192, 785512, 789640, 793752, 797848, 801952, 806048, 810176, 814280, 818416, 822584, 826736, 830936, 835248, 842480, 846760, 850928, 855096, 859440, 867336, 871760, 879448, 883816, 888008, 892192, 896432, 903888, 908296, 912728, 920128, 924376, 928560, 932720, 936880, 941016, 945144, 949256, 953344, 957440, 961560, 965656, 974056, 978344, 982552, 990216, 994632, 969768, 1002568, 1006968, 1011248, 1018528, 1022832, 1027016, 424840, 1035536, 1047672, 3560]
  m=[1, 1, 1, 2, 1, 1, 1, 1, 1, 2, 1, 1, 1, 1, 1, 1, 1, 1, 1, 2, 1, 1, 1, 2, 1, 1, 1, 1, 1, 1, 2, 1, 1, 1, 2, 1, 1, 1, 2, 1, 2, 2, 1, 1, 1, 1, 1, 1, 1, 1, 2, 1, 1, 1, 1, 1, 2, 1, 1, 1, 1, 1, 1, 1, 2, 2, 1, 1, 1, 1, 1, 1, 1, 1, 1, 1, 1, 1, 1, 1, 2, 2, 1, 1, 1, 2, 2, 1, 1, 1, 1, 1, 1, 2, 1, 1, 1, 1, 1, 1, 1, 1, 1, 2, 1, 1, 1, 1, 2, 1, 1, 1, 1, 2, 2, 1, 1, 1, 2, 2, 1, 1, 1, 1, 1, 1, 1, 1, 1, 2, 1, 1, 1, 1, 1, 1, 2, 1, 1, 2, 2, 1, 1, 1, 1, 1, 2, 1, 1, 1, 1, 2, 1, 1, 1, 1, 2, 1, 2, 1, 1, 1, 1, 1, 1, 1, 1, 1, 1, 1, 1, 1, 1, 1, 1, 1, 2, 2, 1, 2, 1, 1, 1, 1, 1, 2, 1, 1, 1, 1, 1, 1, 1, 1, 1, 1, 1, 1, 1, 2, 1, 1, 2, 1, 1, 2, 1, 1, 1, 1, 1, 1, 2, 2, 1]
w=1120869652212879360/590295810358705747841 [cg] doubles=41 n=215
  xk(2^-20 units)=[7104, 11360, 15560, 19848, 24168, 28296, 32424, 36680, 43976, 48392, 52760, 56896, 61120, 65384, 72720, 77000, 81176, 85352, 89504, 93832, 98224, 105488, 109712, 114032, 118352, 122472, 126632, 130872, 135112, 142432, 150912, 155192, 159256, 163392, 167736, 175304, 179488, 183664, 188040, 195696, 200088, 208032, 212368, 216584, 220872, 228248, 232488, 236656, 240824, 244944, 249256, 253640, 260976, 265264, 269432, 273600, 277960, 285664, 289904, 294104, 298288, 302496, 306776, 314176, 318584, 323048, 330760, 334968, 339128, 343288, 347424, 351584, 355744, 359864, 364000, 368120, 372248, 376464, 380720, 388304, 392736, 400792, 405200, 409544, 146616, 417640, 422216, 430360, 434944, 439584, 444240, 448792, 453232, 457664, 462056, 466336, 473768, 478016, 482208, 486384, 490520, 494656, 498800, 503160, 510872, 515120, 519344, 523576, 531312, 535656, 539776, 543872, 547968, 552280, 560216, 564600, 568904, 576416, 580880, 588928, 593296, 597608, 605040, 1035760, 609272, 613408, 617552, 621672, 625752, 634104, 638336, 642392, 646480, 650616, 654776, 659032, 666824, 671256, 678648, 683096, 691032, 695376, 699504, 703616, 707736, 711824, 716168, 723800, 728048, 732240, 736368, 740696, 748544, 752840, 757144, 764504, 768920, 773336, 781112, 785488, 789640, 793784, 797920, 802040, 806160, 810312, 814416, 818576, 822744, 826880, 831080, 629848, 842760, 847056, 851256, 855408, 859736, 867608, 872032, 879856, 884208, 888368, 892544, 896816, 904264, 908720, 913176, 920560, 924776, 928952, 933144, 937288, 941400, 945512, 949624, 953728, 957824, 961960, 966112, 970464, 978144, 982320, 986664, 991104, 998640, 1003104, 1010800, 1015024, 1019208, 1023360, 1027480, 1031624, 1040080, 1048112, 835336]
  m=[1, 1, 1, 2, 1, 1, 1, 1, 1, 2, 1, 1, 1, 1, 1, 1, 1, 1, 1, 2, 1, 1, 1, 2, 1, 1, 1, 1, 1, 1, 2, 1, 1, 1, 2, 1, 1, 1, 2, 1, 2, 2, 1, 1, 1, 1, 1, 1, 1, 1, 2, 1, 1, 1, 1, 1, 2, 1, 1, 1, 1, 1, 1, 1, 2, 2, 1, 1, 1, 1, 1, 1, 1, 1, 1, 1, 1, 1, 1, 1, 2, 2, 1, 1, 1, 2, 2, 1, 1, 1, 1, 1, 1, 2, 1, 1, 1, 1, 1, 1, 1, 1, 1, 2, 1, 1, 1, 1, 2, 1, 1, 1, 1, 2, 2, 1, 1, 1, 2, 2, 1, 1, 1, 1, 1, 1, 1, 1, 1, 2, 1, 1, 1, 1, 1, 1, 2, 1, 1, 2, 2, 1, 1, 1, 1, 1, 2, 1, 1, 1, 1, 2, 1, 1, 1, 1, 2, 1, 2, 1, 1, 1, 1, 1, 1, 1, 1, 1, 1, 1, 1, 1, 1, 1, 1, 1, 2, 2, 1, 2, 1, 1, 1, 1, 1, 2, 1, 1, 1, 1, 1, 1, 1, 1, 1, 1, 1, 1, 1, 2, 1, 1, 2, 1, 1, 2, 1, 1, 1, 1, 1, 1, 2, 2, 1]
w=127639855640064032/590295810358705747841 [cg] doubles=41 n=215
  xk(2^-20 units)=[6880, 11056, 15320, 22960, 27320, 31440, 35600, 39816, 44008, 51688, 56000, 60112, 64240, 68376, 72512, 76648, 80792, 84952, 89160, 96784, 101144, 105288, 109384, 113680, 117976, 122104, 126280, 130528, 137936, 142176, 146544, 150968, 158312, 162600, 167008, 174768, 179000, 183152, 187488, 195200, 199576, 204032, 211696, 215992, 220240, 224496, 231784, 236024, 240264, 244408, 248736, 253168, 260592, 264864, 269024, 273184, 277520, 285128, 289320, 293560, 297712, 301888, 306080, 310336, 318112, 322576, 330360, 334576, 338760, 342888, 347032, 351176, 355296, 359448, 363584, 367680, 371824, 375928, 380136, 384400, 392232, 400264, 404632, 408864, 420816, 416544, 425072, 429344, 433440, 437560, 441736, 446000, 453416, 457856, 462280, 469600, 473872, 478048, 482200, 486336, 490424, 494536, 498664, 502984, 510712, 514920, 519168, 523432, 531264, 535704, 543192, 547424, 551640, 556008, 563984, 568296, 572424, 731800, 576728, 584696, 589016, 593208, 597496, 604880, 609120, 613288, 617424, 621584, 625712, 630032, 634464, 641672, 645936, 650152, 654384, 658664, 666376, 670704, 674816, 679136, 687112, 691472, 695736, 702976, 707232, 711408, 715736, 760568, 727520, 735936, 740080, 744472, 752192, 756424, 720176, 838720, 764872, 769240, 776928, 781296, 785504, 789696, 793968, 801280, 805552, 809760, 813928, 818088, 822256, 826376, 830504, 834592, 842840, 846968, 851080, 855192, 859464, 863896, 871640, 879584, 883976, 888176, 892448, 899736, 903968, 908320, 912624, 916760, 920912, 925048, 929240, 933520, 940720, 945008, 949216, 953408, 957568, 961736, 965984, 973664, 978000, 982096, 986416, 990824, 998208, 1002664, 1010368, 1014656, 1018896, 1023184, 1030440, 1034728, 1039104, 1046984, 2744]
  m=[1, 1, 1, 2, 1, 1, 1, 1, 1, 2, 1, 1, 1, 1, 1, 1, 1, 1, 1, 2, 1, 1, 1, 2, 1, 1, 1, 1, 1, 1, 2, 1, 1, 1, 2, 1, 1, 1, 2, 1, 2, 2, 1, 1, 1, 1, 1, 1, 1, 1, 2, 1, 1, 1, 1, 1, 2, 1, 1, 1, 1, 1, 1, 1, 2, 2, 1, 1, 1, 1, 1, 1, 1, 1, 1, 1, 1, 1, 1, 1, 2, 2, 1, 1, 1, 2, 2, 1, 1, 1, 1, 1, 1, 2, 1, 1, 1, 1, 1, 1, 1, 1, 1, 2, 1, 1, 1, 1, 2, 1, 1, 1, 1, 2, 2, 1, 1, 1, 2, 2, 1, 1, 1, 1, 1, 1, 1, 1, 1, 2, 1, 1, 1, 1, 1, 1, 2, 1, 1, 2, 2, 1, 1, 1, 1, 1, 2, 1, 1, 1, 1, 2, 1, 1, 1, 1, 2, 1, 2, 1, 1, 1, 1, 1, 1, 1, 1, 1, 1, 1, 1, 1, 1, 1, 1, 1, 2, 2, 1, 2, 1, 1, 1, 1, 1, 2, 1, 1, 1, 1, 1, 1, 1, 1, 1, 1, 1, 1, 1, 2, 1, 1, 2, 1, 1, 2, 1, 1, 1, 1, 1, 1, 2, 2, 1]
w=6246260859293554688/590295810358705747841 [cg] doubles=51 n=205
  xk(2^-20 units)=[4344, 721304, 848616, 17000, 29064, 36912, 41304, 45728, 139920, 53424, 57904, 62256, 69856, 74200, 78360, 82512, 86712, 90968, 98416, 102840, 107192, 111496, 118696, 123096, 127432, 131568, 135720, 144056, 148328, 155792, 160240, 164688, 172056, 176296, 180464, 12800, 184768, 196472, 200896, 205264, 209544, 216840, 221136, 225360, 233680, 237824, 242136, 246536, 253856, 258272, 262608, 422704, 270976, 275272, 282832, 287248, 295104, 303208, 229504, 307512, 311816, 319792, 324256, 328624, 336144, 340592, 348728, 356568, 569904, 365200, 393432, 266768, 372896, 377232, 381480, 389120, 397736, 402064, 406288, 995696, 414000, 360880, 418424, 430600, 435040, 442624, 446896, 451296, 458864, 463112, 467288, 471448, 475752, 480024, 484376, 491968, 496360, 500816, 508400, 512712, 517072, 524728, 529192, 536840, 541056, 545400, 549800, 557064, 561464, 565784, 909728, 574008, 578160, 582336, 586616, 593944, 602560, 598176, 610544, 614856, 618976, 623344, 630944, 635184, 643520, 647672, 836488, 655920, 660088, 664224, 668392, 672656, 680104, 684584, 692584, 696960, 701232, 709184, 651792, 717016, 725688, 799320, 901376, 733744, 741896, 21224, 753704, 758136, 762432, 766744, 774528, 778776, 783000, 8592, 794952, 803448, 807592, 746352, 815992, 820256, 189184, 827584, 832024, 844272, 905544, 787248, 852872, 860592, 864968, 869256, 876512, 880896, 885328, 889704, 897152, 639376, 811744, 913928, 918136, 922408, 929768, 934048, 938256, 942416, 946792, 954408, 958656, 962832, 966984, 971136, 975488, 983128, 987360, 991536, 999848, 1003952, 1008288, 1015936, 1020208, 1024384, 1028528, 1032672, 1036792, 1040904, 1045264]
  m=[1, 1, 1, 1, 2, 1, 2, 1, 1, 2, 2, 1, 2, 1, 1, 1, 1, 1, 1, 2, 1, 1, 1, 2, 1, 1, 1, 1, 1, 1, 2, 1, 1, 1, 1, 1, 2, 1, 2, 1, 1, 1, 1, 1, 1, 1, 2, 1, 1, 2, 1, 1, 1, 1, 1, 1, 2, 2, 1, 1, 2, 2, 2, 1, 1, 2, 2, 1, 1, 1, 1, 1, 1, 1, 1, 2, 2, 1, 1, 1, 2, 1, 1, 2, 1, 1, 1, 2, 1, 1, 1, 1, 2, 1, 2, 1, 2, 1, 1, 1, 1, 1, 2, 1, 1, 2, 1, 1, 2, 1, 1, 1, 1, 1, 1, 1, 2, 1, 2, 1, 1, 2, 1, 1, 1, 1, 1, 1, 1, 1, 1, 1, 1, 2, 2, 1, 1, 2, 1, 1, 2, 1, 1, 2, 2, 1, 1, 2, 1, 2, 1, 1, 1, 1, 2, 1, 1, 1, 1, 1, 1, 1, 2, 2, 1, 1, 1, 2, 1, 1, 1, 2, 2, 1, 1, 1, 1, 1, 1, 1, 1, 1, 1, 1, 2, 1, 1, 1, 1, 1, 2, 1, 1, 1, 1, 1, 2, 1, 1, 1, 1, 1, 1, 1, 2]
w=7488871890005681152/590295810358705747841 [cg] doubles=41 n=215
  xk(2^-20 units)=[3160, 1006864, 7312, 19128, 23488, 27608, 31744, 35880, 617464, 44400, 768992, 60264, 64376, 68488, 72624, 76744, 80864, 84960, 89048, 93368, 97776, 105160, 109416, 113824, 121536, 125808, 129992, 134144, 138296, 142440, 146792, 154456, 158712, 11520, 163096, 170816, 175128, 179424, 187208, 191672, 199544, 207528, 220160, 216008, 846728, 224280, 228408, 232496, 236624, 240728, 245040, 252744, 261152, 265320, 269520, 273784, 281560, 257000, 285968, 290232, 297496, 301752, 305928, 310040, 314320, 318768, 326384, 330624, 334784, 338912, 343040, 347184, 351384, 355560, 359832, 364088, 371288, 375600, 379752, 383912, 388280, 396160, 400512, 404800, 412160, 428680, 420824, 433016, 437104, 441208, 445304, 449416, 453504, 457792, 462120, 466344, 473584, 477840, 482024, 486232, 490384, 494576, 498824, 506480, 510840, 515016, 519168, 523408, 531128, 535504, 539656, 543848, 548096, 555800, 560312, 604864, 567984, 572248, 576576, 588736, 416440, 56072, 593224, 211880, 609104, 613288, 580992, 621632, 625888, 633504, 637872, 642040, 51840, 650400, 654664, 662016, 666440, 670800, 675040, 682736, 687224, 646200, 695000, 699248, 703432, 707600, 712000, 719712, 724000, 728320, 735656, 740080, 748568, 752736, 810168, 756976, 764624, 773232, 780888, 785240, 789368, 793488, 797648, 965704, 806000, 801824, 600608, 814416, 821752, 825992, 830200, 834352, 838496, 842608, 850880, 854984, 859344, 867344, 744400, 875392, 879784, 884016, 888360, 895936, 900328, 909088, 913600, 918248, 922984, 927576, 932096, 936416, 940680, 944904, 949080, 953296, 957448, 961584, 904640, 970088, 977728, 981968, 986328, 40032, 990704, 998336, 1002712, 1011112, 1015400, 1022528, 1026816, 1031000, 1035360, 1043264, 1047616]
  m=[1, 1, 1, 2, 1, 1, 1, 1, 1, 2, 1, 1, 1, 1, 1, 1, 1, 1, 1, 2, 1, 1, 1, 2, 1, 1, 1, 1, 1, 1, 2, 1, 1, 1, 2, 1, 1, 1, 2, 1, 2, 2, 1, 1, 1, 1, 1, 1, 1, 1, 2, 1, 1, 1, 1, 1, 2, 1, 1, 1, 1, 1, 1, 1, 2, 2, 1, 1, 1, 1, 1, 1, 1, 1, 1, 1, 1, 1, 1, 1, 2, 2, 1, 1, 1, 2, 2, 1, 1, 1, 1, 1, 1, 2, 1, 1, 1, 1, 1, 1, 1, 1, 1, 2, 1, 1, 1, 1, 2, 1, 1, 1, 1, 2, 2, 1, 1, 1, 2, 2, 1, 1, 1, 1, 1, 1, 1, 1, 1, 2, 1, 1, 1, 1, 1, 1, 2, 1, 1, 2, 2, 1, 1, 1, 1, 1, 2, 1, 1, 1, 1, 2, 1, 1, 1, 1, 2, 1, 2, 1, 1, 1, 1, 1, 1, 1, 1, 1, 1, 1, 1, 1, 1, 1, 1, 1, 2, 2, 1, 2, 1, 1, 1, 1, 1, 2, 1, 1, 1, 1, 1, 1, 1, 1, 1, 1, 1, 1, 1, 2, 1, 1, 2, 1, 1, 2, 1, 1, 1, 1, 1, 1, 2, 2, 1]
w=9751425863671394304/590295810358705747841 [cg] doubles=41 n=215
  xk(2^-20 units)=[2904, 1010272, 7208, 19256, 23600, 27744, 31880, 36040, 617424, 47800, 776968, 56320, 64616, 68776, 72968, 77128, 81392, 842704, 88704, 93168, 97592, 104888, 109184, 113552, 121144, 125424, 129560, 133704, 137832, 141952, 150336, 154616, 158840, 11504, 166488, 170896, 175168, 1039160, 187040, 191336, 195656, 203472, 220272, 216088, 1014552, 224560, 231888, 236152, 240328, 207792, 244688, 252384, 260824, 265016, 269168, 273312, 277688, 256640, 285440, 289704, 293992, 298256, 305648, 322416, 310128, 318064, 326544, 330672, 334768, 338896, 343024, 347216, 351400, 355736, 362976, 367272, 371480, 375648, 379800, 383960, 388304, 396256, 400648, 404904, 412336, 416840, 424848, 429232, 433520, 440784, 445064, 449320, 453488, 457824, 462256, 469408, 473656, 477840, 482000, 486168, 490296, 494416, 498504, 502840, 507256, 514656, 518952, 523256, 530944, 535264, 539376, 543464, 547544, 556000, 563856, 604856, 568240, 572488, 580168, 588816, 60464, 593264, 600552, 211936, 609064, 613240, 584504, 621568, 625808, 633360, 637720, 641824, 52160, 650104, 654232, 658376, 662728, 670384, 674616, 678976, 691096, 645992, 695520, 686672, 702976, 707304, 711704, 719504, 723808, 728048, 732304, 739952, 748480, 752608, 756720, 760856, 765176, 772728, 781320, 785752, 792984, 797248, 805600, 846848, 801440, 809712, 813856, 817968, 822104, 826216, 830344, 834456, 838568, 913496, 850976, 855120, 859488, 867632, 744344, 875800, 883664, 887880, 892104, 896280, 900472, 909048, 182616, 917856, 922392, 927016, 931568, 936016, 940344, 944624, 948856, 953072, 957232, 961400, 904672, 977568, 965584, 981928, 986280, 40304, 993968, 998416, 1002840, 146064, 1018736, 1022904, 1027056, 969864, 1031408, 1043624, 551672]
  m=[1, 1, 1, 2, 1, 1, 1, 1, 1, 2, 1, 1, 1, 1, 1, 1, 1, 1, 1, 2, 1, 1, 1, 2, 1, 1, 1, 1, 1, 1, 2, 1, 1, 1, 2, 1, 1, 1, 2, 1, 2, 2, 1, 1, 1, 1, 1, 1, 1, 1, 2, 1, 1, 1, 1, 1, 2, 1, 1, 1, 1, 1, 1, 1, 2, 2, 1, 1, 1, 1, 1, 1, 1, 1, 1, 1, 1, 1, 1, 1, 2, 2, 1, 1, 1, 2, 2, 1, 1, 1, 1, 1, 1, 2, 1, 1, 1, 1, 1, 1, 1, 1, 1, 2, 1, 1, 1, 1, 2, 1, 1, 1, 1, 2, 2, 1, 1, 1, 2, 2, 1, 1, 1, 1, 1, 1, 1, 1, 1, 2, 1, 1, 1, 1, 1, 1, 2, 1, 1, 2, 2, 1, 1, 1, 1, 1, 2, 1, 1, 1, 1, 2, 1, 1, 1, 1, 2, 1, 2, 1, 1, 1, 1, 1, 1, 1, 1, 1, 1, 1, 1, 1, 1, 1, 1, 1, 2, 2, 1, 2, 1, 1, 1, 1, 1, 2, 1, 1, 1, 1, 1, 1, 1, 1, 1, 1, 1, 1, 1, 2, 1, 1, 2, 1, 1, 2, 1, 1, 1, 1, 1, 1, 2, 2, 1]
w=39677459792302696/590295810358705747841 [cg] doubles=41 n=215
  xk(2^-20 units)=[3640, 7896, 175368, 19544, 23864, 27992, 32128, 36304, 40552, 48168, 52544, 56712, 60832, 64960, 69096, 73256, 77464, 81744, 89216, 93664, 98088, 134560, 109880, 114272, 105552, 121952, 126216, 130408, 138664, 142808, 147136, 151544, 158888, 429288, 163376, 171096, 843096, 310200, 187408, 195992, 203560, 207984, 212272, 216368, 220496, 224648, 228824, 232992, 237280, 244496, 248928, 253232, 257352, 261512, 265720, 269976, 277656, 282120, 289432, 293704, 297880, 302024, 306112, 347184, 314464, 318880, 330456, 334720, 338920, 343056, 323256, 351312, 355456, 359592, 363720, 367920, 372176, 379520, 383784, 535320, 388152, 396104, 408688, 179672, 412800, 417136, 424992, 15136, 433408, 437528, 441656, 445816, 450064, 457728, 462080, 466232, 470408, 474656, 478952, 486024, 490304, 494472, 498592, 502896, 515496, 511312, 519712, 507192, 527544, 404568, 539576, 543744, 547904, 552280, 560216, 400464, 572184, 723808, 576656, 584680, 589112, 593408, 600752, 605040, 609256, 613416, 617560, 621720, 625952, 633624, 638000, 642184, 646360, 650512, 654632, 658784, 663160, 670816, 564672, 675248, 683288, 687672, 691984, 699176, 711840, 707656, 716208, 703448, 728032, 732208, 736320, 740680, 748376, 752624, 756808, 760976, 765360, 772984, 777416, 781840, 789272, 793552, 797744, 801888, 806040, 810136, 814272, 818400, 822488, 826616, 830720, 834840, 838984, 847272, 851512, 863680, 859248, 871504, 875952, 883736, 191768, 888160, 892424, 899768, 904016, 908328, 912640, 916784, 920952, 925088, 929288, 933560, 940864, 945168, 949360, 953544, 957672, 961792, 965912, 970288, 977944, 982240, 986624, 994288, 998520, 1002888, 1014664, 1007304, 1018936, 1023152, 1027312, 1031432, 1035784, 1043696, 1048048]
  m=[1, 1, 1, 2, 1, 1, 1, 1, 1, 2, 1, 1, 1, 1, 1, 1, 1, 1, 1, 2, 1, 1, 1, 2, 1, 1, 1, 1, 1, 1, 2, 1, 1, 1, 2, 1, 1, 1, 2, 1, 2, 2, 1, 1, 1, 1, 1, 1, 1, 1, 2, 1, 1, 1, 1, 1, 2, 1, 1, 1, 1, 1, 1, 1, 2, 2, 1, 1, 1, 1, 1, 1, 1, 1, 1, 1, 1, 1, 1, 1, 2, 2, 1, 1, 1, 2, 2, 1, 1, 1, 1, 1, 1, 2, 1, 1, 1, 1, 1, 1, 1, 1, 1, 2, 1, 1, 1, 1, 2, 1, 1, 1, 1, 2, 2, 1, 1, 1, 2, 2, 1, 1, 1, 1, 1, 1, 1, 1, 1, 2, 1, 1, 1, 1, 1, 1, 2, 1, 1, 2, 2, 1, 1, 1, 1, 1, 2, 1, 1, 1, 1, 2, 1, 1, 1, 1, 2, 1, 2, 1, 1, 1, 1, 1, 1, 1, 1, 1, 1, 1, 1, 1, 1, 1, 1, 1, 2, 2, 1, 2, 1, 1, 1, 1, 1, 2, 1, 1, 1, 1, 1, 1, 1, 1, 1, 1, 1, 1, 1, 2, 1, 1, 2, 1, 1, 2, 1, 1, 1, 1, 1, 1, 2, 2, 1]
w=565679523197612416/590295810358705747841 [cg] doubles=41 n=215
  xk(2^-20 units)=[15096, 1010144, 6840, 19376, 23672, 27760, 31888, 36064, 617416, 47936, 56456, 60688, 678800, 597248, 72320, 76560, 80768, 84960, 89232, 96872, 101216, 105360, 117424, 109720, 121656, 125800, 129984, 134096, 138256, 142368, 146688, 154384, 158632, 10984, 162976, 167400, 174768, 178992, 183312, 187584, 191872, 203976, 219992, 215728, 846968, 224200, 228384, 232568, 236864, 244088, 248496, 252816, 261088, 265224, 269376, 273624, 281272, 256944, 285656, 289856, 294160, 301440, 305688, 309848, 314200, 322096, 326400, 330536, 334632, 338776, 342936, 347096, 351296, 355472, 359744, 367232, 371552, 375776, 380032, 384272, 392104, 396608, 404288, 408512, 412648, 416976, 424824, 429176, 433320, 437464, 441624, 445896, 453128, 457568, 461872, 466016, 470168, 474344, 674680, 482712, 487016, 494504, 498744, 503104, 507560, 515000, 519256, 523424, 527784, 532208, 539440, 543728, 547896, 552280, 560304, 478488, 564776, 572120, 576544, 588704, 593072, 64992, 601504, 208440, 608912, 613192, 580960, 621656, 625880, 633520, 637872, 642000, 52312, 650328, 654456, 658688, 666192, 670568, 199576, 683120, 690992, 646168, 695328, 699456, 703608, 707880, 715576, 719944, 724128, 728392, 735752, 740168, 748600, 752744, 756880, 761000, 765408, 773160, 781032, 785392, 789544, 793712, 797848, 965752, 802048, 806232, 810480, 817712, 822032, 826248, 830400, 834568, 838704, 842856, 851112, 855256, 859624, 867512, 744480, 872064, 879904, 884224, 888600, 896120, 900472, 909208, 913688, 918160, 922768, 927344, 931824, 936208, 940488, 944752, 948984, 953144, 957328, 961496, 904760, 973392, 977744, 981872, 986192, 40264, 993872, 998280, 1002712, 1014432, 1018624, 1022792, 1026936, 1031072, 1035424, 1043448, 2608]
  m=[1, 1, 1, 2, 1, 1, 1, 1, 1, 2, 1, 1, 1, 1, 1, 1, 1, 1, 1, 2, 1, 1, 1, 2, 1, 1, 1, 1, 1, 1, 2, 1, 1, 1, 2, 1, 1, 1, 2, 1, 2, 2, 1, 1, 1, 1, 1, 1, 1, 1, 2, 1, 1, 1, 1, 1, 2, 1, 1, 1, 1, 1, 1, 1, 2, 2, 1, 1, 1, 1, 1, 1, 1, 1, 1, 1, 1, 1, 1, 1, 2, 2, 1, 1, 1, 2, 2, 1, 1, 1, 1, 1, 1, 2, 1, 1, 1, 1, 1, 1, 1, 1, 1, 2, 1, 1, 1, 1, 2, 1, 1, 1, 1, 2, 2, 1, 1, 1, 2, 2, 1, 1, 1, 1, 1, 1, 1, 1, 1, 2, 1, 1, 1, 1, 1, 1, 2, 1, 1, 2, 2, 1, 1, 1, 1, 1, 2, 1, 1, 1, 1, 2, 1, 1, 1, 1, 2, 1, 2, 1, 1, 1, 1, 1, 1, 1, 1, 1, 1, 1, 1, 1, 1, 1, 1, 1, 2, 2, 1, 2, 1, 1, 1, 1, 1, 2, 1, 1, 1, 1, 1, 1, 1, 1, 1, 1, 1, 1, 1, 2, 1, 1, 2, 1, 1, 2, 1, 1, 1, 1, 1, 1, 2, 2, 1]
w=3824427163851597312/590295810358705747841 [cg] doubles=41 n=215
  xk(2^-20 units)=[6856, 1010432, 10944, 15240, 19656, 27016, 31304, 35560, 47224, 51608, 55944, 60072, 64176, 68296, 117728, 76512, 80608, 84720, 88824, 97272, 104824, 92928, 109048, 113392, 72408, 121952, 129360, 719280, 137936, 142232, 149928, 154304, 158432, 162592, 166944, 174552, 178800, 400208, 187312, 191688, 199376, 207344, 220168, 215864, 846920, 227464, 231760, 235968, 240264, 252392, 248016, 256544, 260688, 264800, 268920, 273008, 277312, 281712, 289120, 293440, 297816, 305312, 309600, 182960, 313976, 321952, 326328, 330480, 334656, 338896, 346096, 350416, 354664, 358824, 363016, 367176, 371312, 375456, 379568, 383680, 388016, 395856, 404392, 408624, 415960, 420408, 428400, 432728, 436864, 461424, 441032, 445200, 449440, 457096, 465560, 469696, 473816, 477968, 482136, 486280, 490464, 494728, 501912, 506336, 510656, 514776, 518920, 523056, 527432, 535000, 670640, 543400, 547552, 551880, 559880, 604776, 564336, 571816, 576304, 588608, 650208, 596344, 600592, 211688, 608936, 613080, 617208, 621360, 633296, 625720, 637544, 641712, 645920, 539232, 657616, 661872, 666216, 793288, 707280, 678416, 686440, 690752, 694904, 699032, 703152, 133672, 711616, 723560, 727768, 731976, 736224, 744040, 748520, 755952, 760208, 764440, 768800, 776416, 780776, 785072, 789184, 584176, 797376, 801488, 805624, 809720, 813848, 817968, 822040, 826168, 830264, 834408, 838552, 842720, 851224, 858520, 862928, 867368, 871728, 879448, 883856, 888056, 892344, 899672, 903984, 908408, 912872, 917328, 921984, 926752, 931424, 935896, 940216, 944520, 948744, 952912, 957096, 961312, 965560, 973376, 977840, 985352, 989800, 39840, 994240, 1001952, 1006304, 1014592, 1018744, 1022928, 1027200, 1034536, 1038992, 1046976, 2736]
  m=[1, 1, 1, 2, 1, 1, 1, 1, 1, 2, 1, 1, 1, 1, 1, 1, 1, 1, 1, 2, 1, 1, 1, 2, 1, 1, 1, 1, 1, 1, 2, 1, 1, 1, 2, 1, 1, 1, 2, 1, 2, 2, 1, 1, 1, 1, 1, 1, 1, 1, 2, 1, 1, 1, 1, 1, 2, 1, 1, 1, 1, 1, 1, 1, 2, 2, 1, 1, 1, 1, 1, 1, 1, 1, 1, 1, 1, 1, 1, 1, 2, 2, 1, 1, 1, 2, 2, 1, 1, 1, 1, 1, 1, 2, 1, 1, 1, 1, 1, 1, 1, 1, 1, 2, 1, 1, 1, 1, 2, 1, 1, 1, 1, 2, 2, 1, 1, 1, 2, 2, 1, 1, 1, 1, 1, 1, 1, 1, 1, 2, 1, 1, 1, 1, 1, 1, 2, 1, 1, 2, 2, 1, 1, 1, 1, 1, 2, 1, 1, 1, 1, 2, 1, 1, 1, 1, 2, 1, 2, 1, 1, 1, 1, 1, 1, 1, 1, 1, 1, 1, 1, 1, 1, 1, 1, 1, 2, 2, 1, 2, 1, 1, 1, 1, 1, 2, 1, 1, 1, 1, 1, 1, 1, 1, 1, 1, 1, 1, 1, 2, 1, 1, 2, 1, 1, 2, 1, 1, 1, 1, 1, 1, 2, 2, 1]
w=463014367586272448/590295810358705747841 [cg] doubles=41 n=215
  xk(2^-20 units)=[7440, 11696, 117768, 19424, 23840, 28040, 32272, 39640, 43920, 48248, 52560, 56752, 61008, 68336, 72616, 76856, 81048, 297912, 85176, 89536, 93968, 101368, 105672, 110064, 134544, 154832, 126192, 130360, 138776, 146112, 150504, 195432, 158992, 163216, 170816, 175152, 179304, 183440, 187792, 1039856, 199880, 207872, 212176, 216272, 220384, 224512, 228664, 232800, 236968, 241152, 248864, 253200, 257352, 261528, 265808, 273088, 277504, 281848, 286072, 290344, 122024, 302312, 309784, 314048, 318376, 322856, 330528, 334736, 338904, 343064, 347200, 351360, 355488, 359608, 363728, 367856, 371968, 376096, 380216, 384344, 388696, 396584, 401056, 408432, 412712, 417112, 429088, 572744, 433376, 437464, 441592, 445760, 449992, 457616, 461968, 466192, 470464, 477576, 481872, 486112, 490256, 494416, 498552, 502864, 507288, 514624, 518856, 523008, 527368, 531680, 535984, 543336, 547592, 551984, 559960, 564352, 568512, 776640, 580512, 585000, 589424, 596736, 601032, 605240, 609384, 613544, 617680, 621832, 625960, 630312, 637912, 642176, 646352, 650528, 654720, 658976, 666544, 670896, 1031176, 675216, 683288, 687736, 695184, 699416, 703600, 707752, 712080, 719784, 724008, 728184, 732336, 736672, 744456, 748728, 753040, 760392, 764832, 769256, 781048, 785400, 789504, 793648, 797752, 801872, 806016, 810136, 814296, 818440, 822568, 826744, 830904, 835144, 839384, 846520, 850792, 854976, 859336, 867240, 871680, 879416, 883800, 887992, 892272, 899568, 903840, 908280, 915960, 920200, 924376, 928536, 932640, 936776, 940896, 945016, 949120, 953240, 957368, 961448, 965560, 973976, 978384, 985704, 990120, 994560, 969672, 1002432, 1006928, 1014416, 1018656, 1022888, 1027056, 424696, 1035488, 1047528, 3296]
  m=[1, 1, 1, 2, 1, 1, 1, 1, 1, 2, 1, 1, 1, 1, 1, 1, 1, 1, 1, 2, 1, 1, 1, 2, 1, 1, 1, 1, 1, 1, 2, 1, 1, 1, 2, 1, 1, 1, 2, 1, 2, 2, 1, 1, 1, 1, 1, 1, 1, 1, 2, 1, 1, 1, 1, 1, 2, 1, 1, 1, 1, 1, 1, 1, 2, 2, 1, 1, 1, 1, 1, 1, 1, 1, 1, 1, 1, 1, 1, 1, 2, 2, 1, 1, 1, 2, 2, 1, 1, 1, 1, 1, 1, 2, 1, 1, 1, 1, 1, 1, 1, 1, 1, 2, 1, 1, 1, 1, 2, 1, 1, 1, 1, 2, 2, 1, 1, 1, 2, 2, 1, 1, 1, 1, 1, 1, 1, 1, 1, 2, 1, 1, 1, 1, 1, 1, 2, 1, 1, 2, 2, 1, 1, 1, 1, 1, 2, 1, 1, 1, 1, 2, 1, 1, 1, 1, 2, 1, 2, 1, 1, 1, 1, 1, 1, 1, 1, 1, 1, 1, 1, 1, 1, 1, 1, 1, 2, 2, 1, 2, 1, 1, 1, 1, 1, 2, 1, 1, 1, 1, 1, 1, 1, 1, 1, 1, 1, 1, 1, 2, 1, 1, 2, 1, 1, 2, 1, 1, 1, 1, 1, 1, 2, 2, 1]
w=466085627426964160/590295810358705747841 [cg] doubles=41 n=215
  xk(2^-20 units)=[3136, 1010208, 7432, 19208, 281480, 27656, 31792, 35976, 617432, 47936, 56520, 879424, 60824, 600856, 72512, 76712, 80904, 85072, 89184, 93536, 101216, 105448, 109648, 113976, 118368, 125664, 129888, 134056, 138224, 142384, 146744, 154512, 158760, 14784, 163168, 170944, 175200, 179496, 187232, 191536, 195872, 203872, 219992, 215712, 846872, 224168, 228320, 232472, 23528, 240912, 248584, 252904, 261208, 265360, 236640, 269464, 273856, 257048, 285736, 289920, 294112, 298400, 305832, 310072, 314408, 318872, 326464, 330688, 334824, 338968, 343112, 347224, 351392, 355544, 359752, 364032, 371312, 375608, 379784, 383944, 388272, 396248, 400616, 404864, 412368, 416816, 424728, 429056, 433184, 437320, 441448, 445624, 449824, 457384, 461720, 465832, 469960, 474072, 482296, 486424, 490528, 494648, 498784, 503120, 507520, 514800, 519080, 523288, 535240, 527536, 539568, 543720, 547848, 552152, 560088, 478184, 564472, 568704, 576632, 592352, 596712, 68232, 604992, 208296, 609128, 613280, 584512, 621552, 625640, 629936, 634272, 638480, 52320, 650024, 654200, 658352, 662672, 667080, 674472, 678904, 686968, 645744, 691320, 695520, 699792, 707216, 711664, 716128, 723616, 727936, 732232, 739888, 748424, 752584, 756728, 760880, 765232, 772968, 777400, 785192, 789464, 793640, 797832, 965680, 802016, 806224, 810504, 817608, 821896, 826112, 830280, 834424, 838568, 842736, 851000, 855224, 862880, 867312, 744264, 871752, 883688, 887904, 892112, 896296, 900560, 909288, 913808, 918384, 923072, 927664, 932080, 936408, 940672, 944896, 949064, 953256, 957416, 961552, 904824, 970008, 974384, 981752, 986168, 40248, 990480, 994824, 1002696, 1014504, 1018688, 1022856, 1026952, 1031056, 1035336, 1039776, 1047448]
  m=[1, 1, 1, 2, 1, 1, 1, 1, 1, 2, 1, 1, 1, 1, 1, 1, 1, 1, 1, 2, 1, 1, 1, 2, 1, 1, 1, 1, 1, 1, 2, 1, 1, 1, 2, 1, 1, 1, 2, 1, 2, 2, 1, 1, 1, 1, 1, 1, 1, 1, 2, 1, 1, 1, 1, 1, 2, 1, 1, 1, 1, 1, 1, 1, 2, 2, 1, 1, 1, 1, 1, 1, 1, 1, 1, 1, 1, 1, 1, 1, 2, 2, 1, 1, 1, 2, 2, 1, 1, 1, 1, 1, 1, 2, 1, 1, 1, 1, 1, 1, 1, 1, 1, 2, 1, 1, 1, 1, 2, 1, 1, 1, 1, 2, 2, 1, 1, 1, 2, 2, 1, 1, 1, 1, 1, 1, 1, 1, 1, 2, 1, 1, 1, 1, 1, 1, 2, 1, 1, 2, 2, 1, 1, 1, 1, 1, 2, 1, 1, 1, 1, 2, 1, 1, 1, 1, 2, 1, 2, 1, 1, 1, 1, 1, 1, 1, 1, 1, 1, 1, 1, 1, 1, 1, 1, 1, 2, 2, 1, 2, 1, 1, 1, 1, 1, 2, 1, 1, 1, 1, 1, 1, 1, 1, 1, 1, 1, 1, 1, 2, 1, 1, 2, 1, 1, 2, 1, 1, 1, 1, 1, 1, 2, 2, 1]
w=1813987175248257024/590295810358705747841 [cg] doubles=41 n=215
  xk(2^-20 units)=[7008, 1007032, 11264, 18896, 23288, 27456, 31576, 35736, 44128, 51696, 56032, 60176, 64328, 68472, 72640, 76824, 81120, 88488, 199080, 97120, 154208, 101552, 108912, 117464, 121728, 125792, 129912, 134016, 138160, 634360, 146632, 92784, 158440, 142272, 171016, 175424, 182784, 650120, 187224, 191656, 203536, 211536, 220032, 215880, 846744, 224208, 228400, 232648, 236888, 244200, 248664, 253120, 260448, 264728, 268896, 273032, 277344, 281672, 285928, 293040, 297320, 301552, 305728, 309864, 314208, 322080, 326400, 330504, 334616, 338704, 342856, 346984, 351168, 359480, 363704, 400696, 367976, 375304, 379616, 113136, 388176, 396232, 355312, 408088, 412352, 416744, 424744, 429200, 436600, 440856, 445072, 449248, 453496, 461088, 465440, 469560, 473704, 477816, 481960, 486112, 490272, 494456, 498720, 506432, 556112, 510904, 383808, 522752, 527136, 531576, 674592, 543248, 547408, 551728, 563720, 604896, 518480, 568032, 572336, 584560, 166704, 596368, 600704, 162560, 609064, 613208, 617344, 670520, 625608, 629920, 589024, 641696, 645952, 539000, 654344, 658584, 666184, 793120, 772832, 678912, 686776, 691088, 695232, 699408, 703632, 710912, 715336, 719664, 723800, 732032, 736160, 740480, 748152, 752424, 756592, 760728, 765104, 830160, 777232, 781568, 785832, 580144, 797408, 801600, 805808, 810096, 621488, 817512, 821816, 826000, 834328, 727912, 838472, 842616, 850880, 855032, 859392, 867368, 871808, 879576, 883968, 888152, 892408, 896736, 904368, 908880, 913360, 917768, 922288, 926856, 931384, 935872, 940280, 944632, 948896, 953152, 957424, 961608, 965912, 973584, 977976, 982232, 989840, 39880, 994168, 998480, 1002792, 1014368, 1018672, 1022944, 1027256, 1034656, 1039048, 1043512, 2744]
  m=[1, 1, 1, 2, 1, 1, 1, 1, 1, 2, 1, 1, 1, 1, 1, 1, 1, 1, 1, 2, 1, 1, 1, 2, 1, 1, 1, 1, 1, 1, 2, 1, 1, 1, 2, 1, 1, 1, 2, 1, 2, 2, 1, 1, 1, 1, 1, 1, 1, 1, 2, 1, 1, 1, 1, 1, 2, 1, 1, 1, 1, 1, 1, 1, 2, 2, 1, 1, 1, 1, 1, 1, 1, 1, 1, 1, 1, 1, 1, 1, 2, 2, 1, 1, 1, 2, 2, 1, 1, 1, 1, 1, 1, 2, 1, 1, 1, 1, 1, 1, 1, 1, 1, 2, 1, 1, 1, 1, 2, 1, 1, 1, 1, 2, 2, 1, 1, 1, 2, 2, 1, 1, 1, 1, 1, 1, 1, 1, 1, 2, 1, 1, 1, 1, 1, 1, 2, 1, 1, 2, 2, 1, 1, 1, 1, 1, 2, 1, 1, 1, 1, 2, 1, 1, 1, 1, 2, 1, 2, 1, 1, 1, 1, 1, 1, 1, 1, 1, 1, 1, 1, 1, 1, 1, 1, 1, 2, 2, 1, 2, 1, 1, 1, 1, 1, 2, 1, 1, 1, 1, 1, 1, 1, 1, 1, 1, 1, 1, 1, 2, 1, 1, 2, 1, 1, 2, 1, 1, 1, 1, 1, 1, 2, 2, 1]
w=1557881219314350848/590295810358705747841 [cg] doubles=41 n=215
  xk(2^-20 units)=[3008, 1010672, 7160, 19032, 23400, 27528, 31680, 35880, 617496, 47728, 1006576, 56240, 64560, 68696, 72856, 77064, 81336, 551736, 88656, 93088, 97528, 104856, 109112, 113456, 117872, 125248, 129544, 133736, 137896, 142032, 150448, 154760, 158960, 11376, 166568, 170904, 175088, 179328, 186952, 191248, 195544, 203368, 220336, 216088, 1014816, 227728, 231976, 236192, 240368, 207720, 244752, 252472, 260872, 265032, 269152, 273304, 277632, 256704, 285432, 289680, 293952, 298208, 305624, 322448, 310088, 318080, 326576, 330712, 334832, 338952, 343144, 347416, 354776, 359032, 363208, 367376, 371528, 375656, 379832, 383944, 388280, 396240, 400696, 408064, 412336, 416736, 424832, 429272, 436712, 440960, 445152, 449320, 453448, 457784, 462104, 466376, 473536, 477816, 482000, 486184, 490312, 494464, 498624, 502944, 510584, 514864, 519056, 523336, 530944, 535304, 539408, 543544, 547616, 556056, 563904, 604864, 568248, 572496, 580152, 588808, 60384, 596416, 600672, 211872, 609024, 613224, 584472, 624744, 629016, 633352, 637680, 641792, 52096, 650112, 654280, 658520, 666232, 670624, 674880, 682664, 694832, 645944, 699200, 687104, 703344, 830424, 707744, 719776, 724104, 731504, 735792, 740104, 748560, 752696, 756840, 760960, 765304, 772888, 781448, 785776, 789944, 794240, 805680, 847032, 801472, 809840, 814000, 818096, 822224, 826336, 715504, 834544, 838664, 842872, 851272, 777112, 859112, 867264, 744424, 875408, 879912, 887504, 891784, 896016, 900256, 908864, 913360, 917800, 922488, 927176, 931736, 936160, 940488, 944744, 948944, 953152, 957360, 961536, 904456, 973512, 977888, 982104, 986392, 40080, 993928, 998184, 1002448, 146136, 1018976, 1023288, 1030632, 965832, 1035080, 1043080, 1047416]
  m=[1, 1, 1, 2, 1, 1, 1, 1, 1, 2, 1, 1, 1, 1, 1, 1, 1, 1, 1, 2, 1, 1, 1, 2, 1, 1, 1, 1, 1, 1, 2, 1, 1, 1, 2, 1, 1, 1, 2, 1, 2, 2, 1, 1, 1, 1, 1, 1, 1, 1, 2, 1, 1, 1, 1, 1, 2, 1, 1, 1, 1, 1, 1, 1, 2, 2, 1, 1, 1, 1, 1, 1, 1, 1, 1, 1, 1, 1, 1, 1, 2, 2, 1, 1, 1, 2, 2, 1, 1, 1, 1, 1, 1, 2, 1, 1, 1, 1, 1, 1, 1, 1, 1, 2, 1, 1, 1, 1, 2, 1, 1, 1, 1, 2, 2, 1, 1, 1, 2, 2, 1, 1, 1, 1, 1, 1, 1, 1, 1, 2, 1, 1, 1, 1, 1, 1, 2, 1, 1, 2, 2, 1, 1, 1, 1, 1, 2, 1, 1, 1, 1, 2, 1, 1, 1, 1, 2, 1, 2, 1, 1, 1, 1, 1, 1, 1, 1, 1, 1, 1, 1, 1, 1, 1, 1, 1, 2, 2, 1, 2, 1, 1, 1, 1, 1, 2, 1, 1, 1, 1, 1, 1, 1, 1, 1, 1, 1, 1, 1, 2, 1, 1, 2, 1, 1, 2, 1, 1, 1, 1, 1, 1, 2, 2, 1]
w=5435102019237259264/590295810358705747841 [cg] doubles=41 n=215
  xk(2^-20 units)=[3032, 1010120, 7168, 15592, 23336, 27584, 31808, 35992, 617528, 47992, 408544, 56624, 60920, 601008, 72568, 76752, 80944, 85160, 89400, 97104, 101480, 105720, 113128, 117544, 121856, 125976, 130088, 134168, 138328, 142416, 146728, 154456, 158696, 11264, 163048, 167456, 174936, 179192, 183568, 187992, 195784, 203824, 220000, 215752, 846784, 224176, 228336, 232464, 236640, 240776, 245136, 252696, 261152, 265304, 269464, 273744, 281456, 256960, 285824, 290008, 294304, 301608, 305872, 310048, 314416, 322288, 326616, 330728, 334856, 338992, 343136, 347248, 351432, 355616, 359904, 367232, 371560, 375768, 380000, 384272, 392024, 404184, 1030976, 396464, 412648, 416976, 424872, 429176, 433272, 437392, 441544, 445800, 453056, 457456, 461776, 465920, 470056, 474232, 482680, 859088, 489984, 494312, 498488, 502896, 510568, 514856, 519064, 523328, 531008, 535352, 539504, 543664, 547776, 552104, 560088, 478408, 564512, 571936, 576296, 588416, 592768, 68256, 605120, 208296, 609264, 613400, 580736, 621688, 625896, 633464, 637824, 641944, 52400, 650232, 654360, 658504, 662856, 670496, 674712, 679088, 687056, 646088, 694832, 699088, 703256, 707424, 711760, 716184, 723672, 727944, 732216, 740008, 748552, 752776, 757064, 764592, 769032, 596880, 777000, 785464, 789608, 793760, 797952, 965688, 802288, 809448, 813736, 817904, 822080, 781336, 830352, 834456, 838552, 842688, 850904, 854984, 863344, 867768, 744384, 875776, 880272, 887768, 892072, 896304, 900608, 909312, 913864, 918408, 923000, 927520, 931936, 936240, 940480, 944696, 948888, 953048, 957240, 961424, 904880, 973328, 977680, 981816, 986152, 40224, 993840, 998248, 1002680, 1014376, 1018552, 1022696, 1026848, 826216, 1035336, 1043184, 1047488]
  m=[1, 1, 1, 2, 1, 1, 1, 1, 1, 2, 1, 1, 1, 1, 1, 1, 1, 1, 1, 2, 1, 1, 1, 2, 1, 1, 1, 1, 1, 1, 2, 1, 1, 1, 2, 1, 1, 1, 2, 1, 2, 2, 1, 1, 1, 1, 1, 1, 1, 1, 2, 1, 1, 1, 1, 1, 2, 1, 1, 1, 1, 1, 1, 1, 2, 2, 1, 1, 1, 1, 1, 1, 1, 1, 1, 1, 1, 1, 1, 1, 2, 2, 1, 1, 1, 2, 2, 1, 1, 1, 1, 1, 1, 2, 1, 1, 1, 1, 1, 1, 1, 1, 1, 2, 1, 1, 1, 1, 2, 1, 1, 1, 1, 2, 2, 1, 1, 1, 2, 2, 1, 1, 1, 1, 1, 1, 1, 1, 1, 2, 1, 1, 1, 1, 1, 1, 2, 1, 1, 2, 2, 1, 1, 1, 1, 1, 2, 1, 1, 1, 1, 2, 1, 1, 1, 1, 2, 1, 2, 1, 1, 1, 1, 1, 1, 1, 1, 1, 1, 1, 1, 1, 1, 1, 1, 1, 2, 2, 1, 2, 1, 1, 1, 1, 1, 2, 1, 1, 1, 1, 1, 1, 1, 1, 1, 1, 1, 1, 1, 2, 1, 1, 2, 1, 1, 2, 1, 1, 1, 1, 1, 1, 2, 2, 1]
w=4138331597399763456/590295810358705747841 [cg] doubles=41 n=215
  xk(2^-20 units)=[2616, 6816, 11032, 18616, 23016, 27168, 31336, 35472, 39736, 47320, 51736, 56008, 60288, 67368, 71656, 75880, 80104, 84264, 88528, 96168, 100568, 104744, 109040, 116720, 121080, 125264, 129456, 133672, 137960, 145280, 149712, 154024, 158128, 174072, 162440, 178360, 166864, 182552, 186888, 194656, 199120, 206968, 211296, 215392, 219552, 223688, 227848, 232024, 236312, 243568, 248040, 252328, 256456, 260648, 264912, 272040, 276456, 280816, 284992, 289216, 293504, 300760, 305040, 309208, 317688, 325552, 313352, 403280, 334096, 338320, 342568, 349984, 354256, 358440, 362592, 366720, 370880, 375000, 379136, 383232, 387576, 395552, 329952, 407536, 411680, 416040, 423976, 428336, 432488, 436640, 440992, 448392, 452648, 457032, 461368, 465624, 472880, 477168, 481376, 485568, 489752, 493936, 498208, 505800, 510248, 514488, 521856, 526096, 530432, 534744, 538856, 542976, 628400, 547280, 559200, 563528, 567688, 575240, 579728, 587720, 592064, 600296, 596160, 604424, 608584, 612696, 616888, 621192, 739176, 632816, 637152, 641240, 645408, 649592, 653736, 657984, 665712, 554808, 670248, 678184, 686304, 690784, 698224, 702488, 706640, 710752, 715064, 719392, 723536, 727832, 734880, 743504, 747896, 752184, 759576, 763848, 768184, 772592, 780304, 784664, 788808, 792928, 797048, 801192, 805280, 809352, 813456, 817600, 821696, 825840, 829976, 834088, 838216, 842408, 846592, 850936, 858728, 866672, 870968, 875272, 883032, 887296, 891480, 895736, 900040, 907848, 912304, 916600, 921008, 925520, 930184, 934856, 939448, 943880, 948224, 952472, 956672, 960872, 965016, 969424, 977144, 981328, 985656, 989984, 994192, 1001912, 1006408, 1013744, 1018008, 1022216, 1026352, 1030448, 1034800, 1042680, 1047056]
  m=[1, 1, 1, 2, 1, 1, 1, 1, 1, 2, 1, 1, 1, 1, 1, 1, 1, 1, 1, 2, 1, 1, 1, 2, 1, 1, 1, 1, 1, 1, 2, 1, 1, 1, 2, 1, 1, 1, 2, 1, 2, 2, 1, 1, 1, 1, 1, 1, 1, 1, 2, 1, 1, 1, 1, 1, 2, 1, 1, 1, 1, 1, 1, 1, 2, 2, 1, 1, 1, 1, 1, 1, 1, 1, 1, 1, 1, 1, 1, 1, 2, 2, 1, 1, 1, 2, 2, 1, 1, 1, 1, 1, 1, 2, 1, 1, 1, 1, 1, 1, 1, 1, 1, 2, 1, 1, 1, 1, 2, 1, 1, 1, 1, 2, 2, 1, 1, 1, 2, 2, 1, 1, 1, 1, 1, 1, 1, 1, 1, 2, 1, 1, 1, 1, 1, 1, 2, 1, 1, 2, 2, 1, 1, 1, 1, 1, 2, 1, 1, 1, 1, 2, 1, 1, 1, 1, 2, 1, 2, 1, 1, 1, 1, 1, 1, 1, 1, 1, 1, 1, 1, 1, 1, 1, 1, 1, 2, 2, 1, 2, 1, 1, 1, 1, 1, 2, 1, 1, 1, 1, 1, 1, 1, 1, 1, 1, 1, 1, 1, 2, 1, 1, 2, 1, 1, 2, 1, 1, 1, 1, 1, 1, 2, 2, 1]
w=7549708907102843/590295810358705747841 [cg] doubles=41 n=215
  xk(2^-20 units)=[6744, 11016, 175208, 19504, 23808, 27912, 32024, 36208, 40464, 48120, 52488, 56616, 60768, 64952, 69176, 73504, 80784, 85128, 89488, 97232, 101640, 134416, 110096, 117704, 105800, 122048, 126176, 130280, 138544, 142664, 147000, 154696, 158936, 428920, 163320, 170968, 843056, 179400, 187896, 195664, 200072, 207944, 212288, 216408, 220600, 224752, 228952, 233280, 240440, 244712, 249040, 253336, 257424, 261592, 265752, 270024, 277664, 282168, 289584, 293864, 298080, 302272, 306512, 347104, 314184, 318688, 330576, 334712, 338856, 342976, 326320, 351224, 355360, 359480, 363600, 367744, 371904, 376096, 433160, 380352, 388144, 396128, 404728, 183536, 409024, 416792, 421320, 15176, 699248, 437320, 441520, 445632, 449784, 454096, 458536, 465752, 470032, 474216, 482488, 486608, 490720, 494848, 498920, 503224, 507520, 511800, 519088, 523304, 527656, 532088, 539560, 543856, 548032, 552392, 560352, 400536, 568952, 719784, 576600, 584624, 588968, 593096, 601392, 605512, 609680, 613856, 618136, 597224, 625704, 630224, 637960, 642224, 646424, 650600, 654728, 658816, 663192, 670824, 564720, 675168, 679640, 687416, 691848, 826584, 703520, 707680, 712024, 724056, 728216, 732408, 736544, 740944, 748416, 752672, 756808, 760896, 765160, 769424, 773744, 781408, 785712, 790072, 797408, 801704, 805904, 810056, 814208, 818344, 822456, 478336, 830680, 834784, 838904, 847152, 851296, 855384, 859776, 867632, 875352, 879760, 933536, 888184, 892304, 896488, 900720, 908320, 912680, 916800, 920912, 925056, 929264, 884056, 940808, 945096, 949264, 953432, 957536, 961720, 965888, 970256, 977880, 982224, 989888, 994248, 998368, 1002664, 1011248, 1006984, 1018560, 1022816, 1027024, 1031208, 1035544, 1043512, 1048056]
  m=[1, 1, 1, 2, 1, 1, 1, 1, 1, 2, 1, 1, 1, 1, 1, 1, 1, 1, 1, 2, 1, 1, 1, 2, 1, 1, 1, 1, 1, 1, 2, 1, 1, 1, 2, 1, 1, 1, 2, 1, 2, 2, 1, 1, 1, 1, 1, 1, 1, 1, 2, 1, 1, 1, 1, 1, 2, 1, 1, 1, 1, 1, 1, 1, 2, 2, 1, 1, 1, 1, 1, 1, 1, 1, 1, 1, 1, 1, 1, 1, 2, 2, 1, 1, 1, 2, 2, 1, 1, 1, 1, 1, 1, 2, 1, 1, 1, 1, 1, 1, 1, 1, 1, 2, 1, 1, 1, 1, 2, 1, 1, 1, 1, 2, 2, 1, 1, 1, 2, 2, 1, 1, 1, 1, 1, 1, 1, 1, 1, 2, 1, 1, 1, 1, 1, 1, 2, 1, 1, 2, 2, 1, 1, 1, 1, 1, 2, 1, 1, 1, 1, 2, 1, 1, 1, 1, 2, 1, 2, 1, 1, 1, 1, 1, 1, 1, 1, 1, 1, 1, 1, 1, 1, 1, 1, 1, 2, 2, 1, 2, 1, 1, 1, 1, 1, 2, 1, 1, 1, 1, 1, 1, 1, 1, 1, 1, 1, 1, 1, 2, 1, 1, 2, 1, 1, 2, 1, 1, 1, 1, 1, 1, 2, 2, 1]
w=434037699177343616/590295810358705747841 [cg] doubles=41 n=215
  xk(2^-20 units)=[3416, 7568, 175312, 16024, 23672, 27944, 32160, 36432, 43768, 48208, 52552, 56688, 60872, 65072, 69400, 76640, 80976, 85224, 89560, 97168, 101552, 134440, 110024, 117728, 105736, 122040, 126160, 130288, 138600, 142696, 147000, 151424, 158816, 428952, 163280, 171040, 842992, 179632, 187288, 191624, 195984, 208016, 679240, 216408, 220568, 224744, 229032, 236248, 240512, 244640, 248944, 253184, 257272, 261392, 265464, 269600, 278008, 282424, 289704, 293968, 298200, 302376, 306664, 347224, 314320, 322960, 327376, 334664, 338920, 343056, 273688, 351352, 355472, 359616, 363736, 367840, 371976, 376136, 318664, 380424, 388240, 396192, 404888, 203624, 412336, 416776, 421248, 11680, 433192, 212296, 441536, 445776, 453168, 457592, 461872, 465984, 470080, 474208, 482440, 486568, 490696, 494856, 499080, 506624, 511008, 515136, 519312, 523408, 527768, 535496, 539760, 543992, 548288, 556008, 564152, 400632, 568672, 716344, 576536, 584624, 588984, 593136, 597336, 601616, 609016, 613312, 617552, 633872, 621800, 629520, 638000, 642136, 646240, 650408, 654528, 658752, 666240, 670560, 437368, 674840, 686856, 691176, 695272, 699400, 703520, 707632, 711912, 723688, 728000, 732248, 736512, 744016, 748392, 752528, 756672, 760800, 765120, 772752, 777176, 781528, 785816, 793136, 797448, 801624, 805792, 809944, 814088, 818240, 822336, 826472, 830576, 834712, 838848, 847128, 851280, 855488, 863256, 867808, 875720, 883584, 478320, 887984, 892152, 896344, 900608, 908280, 912640, 916760, 920928, 925080, 929304, 933584, 940912, 945200, 949384, 953552, 957704, 961856, 966000, 970376, 977976, 982152, 986488, 990808, 995024, 1002808, 1014808, 1010568, 1018976, 1023104, 1027248, 1031392, 1035736, 1043488, 1047880]
  m=[1, 1, 1, 2, 1, 1, 1, 1, 1, 2, 1, 1, 1, 1, 1, 1, 1, 1, 1, 2, 1, 1, 1, 2, 1, 1, 1, 1, 1, 1, 2, 1, 1, 1, 2, 1, 1, 1, 2, 1, 2, 2, 1, 1, 1, 1, 1, 1, 1, 1, 2, 1, 1, 1, 1, 1, 2, 1, 1, 1, 1, 1, 1, 1, 2, 2, 1, 1, 1, 1, 1, 1, 1, 1, 1, 1, 1, 1, 1, 1, 2, 2, 1, 1, 1, 2, 2, 1, 1, 1, 1, 1, 1, 2, 1, 1, 1, 1, 1, 1, 1, 1, 1, 2, 1, 1, 1, 1, 2, 1, 1, 1, 1, 2, 2, 1, 1, 1, 2, 2, 1, 1, 1, 1, 1, 1, 1, 1, 1, 2, 1, 1, 1, 1, 1, 1, 2, 1, 1, 2, 2, 1, 1, 1, 1, 1, 2, 1, 1, 1, 1, 2, 1, 1, 1, 1, 2, 1, 2, 1, 1, 1, 1, 1, 1, 1, 1, 1, 1, 1, 1, 1, 1, 1, 1, 1, 2, 2, 1, 2, 1, 1, 1, 1, 1, 2, 1, 1, 1, 1, 1, 1, 1, 1, 1, 1, 1, 1, 1, 2, 1, 1, 2, 1, 1, 2, 1, 1, 1, 1, 1, 1, 2, 2, 1]
w=12552340272214349824/590295810358705747841 [cg] doubles=41 n=215
  xk(2^-20 units)=[3048, 1010224, 7224, 19048, 23392, 27528, 31672, 35792, 617376, 44288, 780648, 56152, 64456, 68576, 72720, 76864, 81008, 223760, 85120, 89480, 97224, 101560, 108880, 113296, 117656, 121824, 125984, 130200, 134472, 141800, 150368, 154648, 158784, 11480, 163128, 170760, 175064, 179320, 186992, 191320, 195624, 203576, 433072, 216424, 1014528, 228056, 232256, 236472, 240712, 207952, 248248, 252592, 260944, 265112, 269392, 773312, 281160, 256768, 285496, 289664, 293824, 298024, 302296, 322472, 310064, 318120, 326632, 330768, 334920, 339128, 343456, 350680, 354960, 359168, 363320, 367464, 371600, 375752, 379912, 384128, 391824, 396328, 404024, 408240, 412352, 416688, 424600, 428928, 276744, 441328, 445464, 449640, 453880, 461464, 551624, 465880, 470168, 477600, 481896, 486104, 490256, 494376, 498512, 502808, 507096, 511264, 515528, 522792, 527240, 531680, 539080, 543344, 547520, 555944, 563976, 604584, 568408, 575808, 580208, 588792, 60320, 593128, 597352, 212152, 608936, 613136, 584504, 621648, 628944, 633368, 637688, 641840, 51912, 650144, 654320, 658568, 666352, 670688, 674832, 679216, 691224, 645968, 695672, 686792, 703128, 707376, 711768, 719520, 723776, 727984, 732136, 736472, 748472, 752696, 756888, 761152, 768840, 437200, 785048, 789352, 793456, 797568, 805768, 846936, 801672, 809872, 813952, 818064, 822184, 826296, 830416, 834552, 838664, 842784, 851104, 855320, 862968, 867480, 744176, 875560, 883464, 887744, 891952, 896136, 900328, 908896, 913360, 917760, 922272, 926856, 931416, 935880, 940224, 944496, 948760, 952976, 957152, 961352, 904528, 969928, 977680, 981912, 986296, 39904, 993936, 998352, 1002800, 146040, 1018752, 1022960, 1027208, 965552, 1035104, 1043128, 1047496]
  m=[1, 1, 1, 2, 1, 1, 1, 1, 1, 2, 1, 1, 1, 1, 1, 1, 1, 1, 1, 2, 1, 1, 1, 2, 1, 1, 1, 1, 1, 1, 2, 1, 1, 1, 2, 1, 1, 1, 2, 1, 2, 2, 1, 1, 1, 1, 1, 1, 1, 1, 2, 1, 1, 1, 1, 1, 2, 1, 1, 1, 1, 1, 1, 1, 2, 2, 1, 1, 1, 1, 1, 1, 1, 1, 1, 1, 1, 1, 1, 1, 2, 2, 1, 1, 1, 2, 2, 1, 1, 1, 1, 1, 1, 2, 1, 1, 1, 1, 1, 1, 1, 1, 1, 2, 1, 1, 1, 1, 2, 1, 1, 1, 1, 2, 2, 1, 1, 1, 2, 2, 1, 1, 1, 1, 1, 1, 1, 1, 1, 2, 1, 1, 1, 1, 1, 1, 2, 1, 1, 2, 2, 1, 1, 1, 1, 1, 2, 1, 1, 1, 1, 2, 1, 1, 1, 1, 2, 1, 2, 1, 1, 1, 1, 1, 1, 1, 1, 1, 1, 1, 1, 1, 1, 1, 1, 1, 2, 2, 1, 2, 1, 1, 1, 1, 1, 2, 1, 1, 1, 1, 1, 1, 1, 1, 1, 1, 1, 1, 1, 2, 1, 1, 2, 1, 1, 2, 1, 1, 1, 1, 1, 1, 2, 2, 1]
w=4735317579541643264/590295810358705747841 [cg] doubles=41 n=215
  xk(2^-20 units)=[3192, 1006856, 7344, 19136, 23496, 27656, 31776, 35888, 617416, 44264, 768968, 60256, 64408, 68552, 72688, 76816, 80952, 85072, 89208, 93528, 97912, 105312, 109632, 117288, 121696, 125848, 130056, 134216, 138456, 977696, 146064, 154568, 158696, 11592, 163040, 170672, 174952, 179256, 187032, 191424, 203224, 207712, 220376, 216160, 846824, 224648, 232096, 1047656, 236424, 240768, 248464, 252800, 261144, 265328, 269488, 273752, 281424, 256968, 285816, 289984, 294200, 298400, 302648, 309936, 314328, 318824, 326528, 330784, 334896, 339016, 343160, 347288, 351448, 355560, 359696, 363872, 368080, 372392, 379664, 150408, 388264, 396240, 400632, 404888, 412240, 425352, 420856, 432960, 437144, 441296, 445384, 195632, 453640, 457960, 462264, 466504, 473560, 477832, 482048, 486232, 490432, 494600, 498800, 506504, 510880, 515048, 519240, 523480, 531184, 535536, 539664, 543856, 548080, 555808, 560312, 604696, 567992, 572216, 576576, 588840, 416528, 55992, 593184, 211992, 609008, 613184, 584400, 621592, 625792, 637624, 630032, 642032, 48648, 650392, 654624, 661968, 666400, 670736, 675008, 682808, 690784, 646192, 695152, 699296, 703480, 707736, 715464, 719840, 723992, 728248, 732504, 740192, 748712, 752896, 810192, 757008, 761352, 773184, 777568, 785160, 789392, 793552, 797688, 965656, 806032, 801856, 597456, 814376, 818688, 825848, 830176, 834376, 838544, 842656, 850944, 855112, 859456, 867456, 744552, 875472, 879864, 884160, 891696, 895976, 900272, 908936, 913448, 918040, 922832, 927528, 932016, 936368, 940616, 944872, 949024, 953232, 957376, 961528, 904528, 970064, 449544, 981888, 986272, 39968, 993936, 998336, 1002664, 1011144, 1018384, 1022672, 1026856, 1031008, 1035312, 1043272, 383872]
  m=[1, 1, 1, 2, 1, 1, 1, 1, 1, 2, 1, 1, 1, 1, 1, 1, 1, 1, 1, 2, 1, 1, 1, 2, 1, 1, 1, 1, 1, 1, 2, 1, 1, 1, 2, 1, 1, 1, 2, 1, 2, 2, 1, 1, 1, 1, 1, 1, 1, 1, 2, 1, 1, 1, 1, 1, 2, 1, 1, 1, 1, 1, 1, 1, 2, 2, 1, 1, 1, 1, 1, 1, 1, 1, 1, 1, 1, 1, 1, 1, 2, 2, 1, 1, 1, 2, 2, 1, 1, 1, 1, 1, 1, 2, 1, 1, 1, 1, 1, 1, 1, 1, 1, 2, 1, 1, 1, 1, 2, 1, 1, 1, 1, 2, 2, 1, 1, 1, 2, 2, 1, 1, 1, 1, 1, 1, 1, 1, 1, 2, 1, 1, 1, 1, 1, 1, 2, 1, 1, 2, 2, 1, 1, 1, 1, 1, 2, 1, 1, 1, 1, 2, 1, 1, 1, 1, 2, 1, 2, 1, 1, 1, 1, 1, 1, 1, 1, 1, 1, 1, 1, 1, 1, 1, 1, 1, 2, 2, 1, 2, 1, 1, 1, 1, 1, 2, 1, 1, 1, 1, 1, 1, 1, 1, 1, 1, 1, 1, 1, 2, 1, 1, 2, 1, 1, 2, 1, 1, 1, 1, 1, 1, 2, 2, 1]
w=209296198578786336/590295810358705747841 [cg] doubles=41 n=215
  xk(2^-20 units)=[7144, 11424, 18696, 23120, 27456, 31592, 35760, 39904, 44056, 51728, 56096, 60240, 64360, 68512, 72688, 220264, 81216, 916648, 88760, 96544, 100936, 105120, 777216, 113632, 118008, 125408, 129672, 133872, 138072, 142216, 146568, 150968, 158432, 162696, 167120, 174816, 109296, 183248, 187568, 191952, 199632, 204152, 211808, 216056, 252880, 224456, 228640, 232880, 240016, 244264, 248592, 257000, 261136, 265304, 269432, 76888, 273744, 285312, 289608, 293784, 298000, 302152, 306456, 278152, 314112, 322736, 327096, 331360, 338472, 342784, 347000, 351192, 355296, 359464, 363576, 367736, 371912, 376072, 380304, 387688, 392128, 400160, 404504, 408616, 412720, 417040, 424888, 318464, 433344, 437528, 441712, 445936, 453256, 457696, 462064, 466232, 470544, 477832, 482120, 486336, 490544, 494712, 498840, 503208, 510856, 515120, 519304, 523568, 531296, 535656, 539808, 543992, 548264, 556032, 563944, 568280, 572400, 731768, 576728, 584568, 588912, 593080, 597360, 604480, 608784, 612992, 617192, 621368, 625496, 629848, 637528, 641848, 646048, 650256, 654560, 662048, 666448, 670792, 675008, 682632, 687096, 691376, 695544, 699848, 707000, 711256, 715600, 760648, 724224, 736024, 740296, 748000, 752368, 756496, 719976, 838584, 764976, 179088, 772880, 781400, 785728, 792864, 797144, 801336, 805528, 809704, 813832, 817968, 822096, 826256, 830336, 834464, 842688, 846816, 850920, 855024, 859376, 867336, 875152, 879600, 884000, 891416, 895672, 899816, 903936, 908208, 912536, 429216, 920776, 924928, 929120, 933360, 940600, 944904, 949096, 953256, 957448, 961560, 965704, 970072, 977720, 981952, 986336, 994024, 998256, 1002624, 1010376, 1014624, 1018824, 1023064, 1027344, 1034688, 1039144, 1047192, 2984]
  m=[1, 1, 1, 2, 1, 1, 1, 1, 1, 2, 1, 1, 1, 1, 1, 1, 1, 1, 1, 2, 1, 1, 1, 2, 1, 1, 1, 1, 1, 1, 2, 1, 1, 1, 2, 1, 1, 1, 2, 1, 2, 2, 1, 1, 1, 1, 1, 1, 1, 1, 2, 1, 1, 1, 1, 1, 2, 1, 1, 1, 1, 1, 1, 1, 2, 2, 1, 1, 1, 1, 1, 1, 1, 1, 1, 1, 1, 1, 1, 1, 2, 2, 1, 1, 1, 2, 2, 1, 1, 1, 1, 1, 1, 2, 1, 1, 1, 1, 1, 1, 1, 1, 1, 2, 1, 1, 1, 1, 2, 1, 1, 1, 1, 2, 2, 1, 1, 1, 2, 2, 1, 1, 1, 1, 1, 1, 1, 1, 1, 2, 1, 1, 1, 1, 1, 1, 2, 1, 1, 2, 2, 1, 1, 1, 1, 1, 2, 1, 1, 1, 1, 2, 1, 1, 1, 1, 2, 1, 2, 1, 1, 1, 1, 1, 1, 1, 1, 1, 1, 1, 1, 1, 1, 1, 1, 1, 2, 2, 1, 2, 1, 1, 1, 1, 1, 2, 1, 1, 1, 1, 1, 1, 1, 1, 1, 1, 1, 1, 1, 2, 1, 1, 2, 1, 1, 2, 1, 1, 1, 1, 1, 1, 2, 2, 1]
w=1408845487524858880/590295810358705747841 [cg] doubles=41 n=215
  xk(2^-20 units)=[7104, 11312, 15512, 23104, 27416, 31520, 35656, 39808, 43984, 51552, 55912, 60040, 64144, 68256, 72376, 76544, 80680, 84840, 89104, 96696, 101064, 105216, 109384, 113712, 118024, 122256, 129520, 133800, 137960, 142112, 146424, 150760, 154984, 162224, 166648, 170960, 179272, 183520, 191168, 195504, 199824, 207776, 212096, 216208, 220368, 224568, 228856, 236216, 240480, 244672, 249000, 253432, 260744, 264976, 269184, 273296, 277592, 281872, 285992, 290176, 294440, 301680, 306032, 310232, 314592, 322448, 326800, 330960, 335224, 339568, 346776, 351048, 355200, 359384, 363512, 367632, 371816, 375984, 380224, 387616, 392128, 400096, 404400, 408512, 412600, 416920, 424832, 429176, 433336, 437640, 444952, 449232, 453424, 457776, 465464, 469752, 473920, 478104, 482240, 486392, 490544, 494688, 498824, 503184, 510792, 515048, 519240, 523400, 527760, 535448, 539720, 543872, 175112, 548216, 560376, 564808, 572240, 728528, 576712, 584760, 589096, 593368, 600592, 604896, 609088, 613232, 617392, 621592, 625720, 630088, 637848, 642184, 649784, 654064, 555992, 658360, 666192, 670560, 674688, 679048, 687104, 691408, 695552, 699752, 704008, 711304, 715736, 760576, 724240, 735800, 740072, 744464, 752168, 756440, 720080, 838680, 764880, 769160, 773488, 781224, 785512, 789840, 797144, 801424, 805608, 809800, 813968, 818064, 822216, 826336, 830440, 834576, 842816, 846960, 851120, 855296, 862952, 867464, 875120, 879512, 883824, 888000, 892184, 896440, 903656, 908064, 912392, 916488, 920640, 924776, 928984, 933256, 940496, 944792, 948976, 953136, 957312, 961416, 965552, 969856, 974272, 981640, 986064, 990512, 998104, 1002504, 1010376, 1014656, 1018864, 1023072, 1027312, 1034776, 1039208, 1047216, 3000]
  m=[1, 1, 1, 2, 1, 1, 1, 1, 1, 2, 1, 1, 1, 1, 1, 1, 1, 1, 1, 2, 1, 1, 1, 2, 1, 1, 1, 1, 1, 1, 2, 1, 1, 1, 2, 1, 1, 1, 2, 1, 2, 2, 1, 1, 1, 1, 1, 1, 1, 1, 2, 1, 1, 1, 1, 1, 2, 1, 1, 1, 1, 1, 1, 1, 2, 2, 1, 1, 1, 1, 1, 1, 1, 1, 1, 1, 1, 1, 1, 1, 2, 2, 1, 1, 1, 2, 2, 1, 1, 1, 1, 1, 1, 2, 1, 1, 1, 1, 1, 1, 1, 1, 1, 2, 1, 1, 1, 1, 2, 1, 1, 1, 1, 2, 2, 1, 1, 1, 2, 2, 1, 1, 1, 1, 1, 1, 1, 1, 1, 2, 1, 1, 1, 1, 1, 1, 2, 1, 1, 2, 2, 1, 1, 1, 1, 1, 2, 1, 1, 1, 1, 2, 1, 1, 1, 1, 2, 1, 2, 1, 1, 1, 1, 1, 1, 1, 1, 1, 1, 1, 1, 1, 1, 1, 1, 1, 2, 2, 1, 2, 1, 1, 1, 1, 1, 2, 1, 1, 1, 1, 1, 1, 1, 1, 1, 1, 1, 1, 1, 2, 1, 1, 2, 1, 1, 2, 1, 1, 1, 1, 1, 1, 2, 2, 1]
w=420196481866610816/590295810358705747841 [cg] doubles=41 n=215
  xk(2^-20 units)=[6752, 10880, 14984, 23352, 27600, 31624, 35720, 39832, 43928, 55720, 19064, 60104, 64240, 68408, 72592, 76800, 81112, 220016, 88688, 93184, 100912, 322336, 105152, 113600, 117928, 122152, 129440, 133736, 137936, 142128, 146472, 154208, 158464, 232392, 166984, 171400, 178864, 183080, 187392, 191816, 199544, 204072, 211648, 215856, 379728, 224152, 228264, 236480, 240608, 244720, 249040, 253456, 260704, 264976, 269152, 273288, 277576, 109272, 286000, 290160, 294448, 301744, 306032, 310328, 317976, 326648, 331064, 338456, 48128, 342736, 346952, 351184, 355360, 359560, 363872, 371272, 162664, 375536, 383880, 388000, 392352, 400344, 404736, 408984, 416336, 420808, 428856, 281856, 433272, 437536, 444904, 449264, 453432, 457768, 462096, 466248, 470528, 477856, 482112, 486320, 490520, 494672, 498808, 503152, 507560, 514760, 519048, 523320, 531120, 535448, 539560, 543696, 547816, 552152, 560216, 580248, 567960, 731808, 572416, 584624, 588968, 593232, 600408, 604664, 608864, 613024, 617200, 621392, 625504, 629888, 637536, 641808, 646000, 650216, 654424, 658600, 662992, 670504, 674744, 679120, 687176, 691648, 698920, 703144, 707320, 711488, 715824, 760744, 727528, 735984, 740144, 744488, 752240, 756472, 720264, 838592, 768360, 772696, 777000, 781336, 785544, 789832, 796968, 801320, 805512, 809672, 813872, 818000, 822144, 826264, 830376, 834472, 842736, 846872, 850984, 855096, 859424, 867344, 875136, 879536, 883896, 888136, 895416, 899696, 903872, 908192, 912528, 916736, 920976, 928224, 932512, 936696, 940880, 945048, 949184, 953304, 957408, 961544, 965656, 970024, 977696, 981920, 986304, 994008, 998400, 1006288, 1010672, 1014856, 1019128, 1026344, 1030648, 1034808, 1039128, 1043600, 2584]
  m=[1, 1, 1, 2, 1, 1, 1, 1, 1, 2, 1, 1, 1, 1, 1, 1, 1, 1, 1, 2, 1, 1, 1, 2, 1, 1, 1, 1, 1, 1, 2, 1, 1, 1, 2, 1, 1, 1, 2, 1, 2, 2, 1, 1, 1, 1, 1, 1, 1, 1, 2, 1, 1, 1, 1, 1, 2, 1, 1, 1, 1, 1, 1, 1, 2, 2, 1, 1, 1, 1, 1, 1, 1, 1, 1, 1, 1, 1, 1, 1, 2, 2, 1, 1, 1, 2, 2, 1, 1, 1, 1, 1, 1, 2, 1, 1, 1, 1, 1, 1, 1, 1, 1, 2, 1, 1, 1, 1, 2, 1, 1, 1, 1, 2, 2, 1, 1, 1, 2, 2, 1, 1, 1, 1, 1, 1, 1, 1, 1, 2, 1, 1, 1, 1, 1, 1, 2, 1, 1, 2, 2, 1, 1, 1, 1, 1, 2, 1, 1, 1, 1, 2, 1, 1, 1, 1, 2, 1, 2, 1, 1, 1, 1, 1, 1, 1, 1, 1, 1, 1, 1, 1, 1, 1, 1, 1, 2, 2, 1, 2, 1, 1, 1, 1, 1, 2, 1, 1, 1, 1, 1, 1, 1, 1, 1, 1, 1, 1, 1, 2, 1, 1, 2, 1, 1, 2, 1, 1, 1, 1, 1, 1, 2, 2, 1]
w=340870001292160960/590295810358705747841 [cg] doubles=41 n=215
  xk(2^-20 units)=[3104, 1010240, 7264, 15760, 281704, 27416, 31704, 35896, 617264, 44408, 56296, 60448, 64544, 597312, 72808, 76920, 81040, 85128, 142408, 93592, 97992, 105336, 109592, 113960, 118352, 125600, 129864, 134048, 138248, 1026976, 146760, 154464, 158864, 11448, 166728, 171232, 461672, 178928, 186744, 191112, 195392, 204016, 220072, 215896, 846968, 224248, 228368, 232520, 20200, 240808, 245120, 249528, 261192, 265392, 236688, 269664, 277384, 256912, 285832, 289976, 294144, 298320, 302568, 309904, 314288, 318728, 326448, 330680, 334816, 338968, 343112, 347264, 351400, 355520, 359688, 363896, 368112, 372400, 379704, 384000, 388424, 396440, 400928, 408368, 412544, 416880, 421304, 428944, 433144, 437304, 441480, 445584, 449832, 457360, 68688, 465760, 469880, 913944, 482224, 486360, 490456, 494592, 498712, 503064, 510648, 514872, 519104, 523288, 535192, 527576, 539536, 543656, 547824, 552160, 560160, 478120, 567912, 572168, 576512, 588760, 593080, 474000, 604624, 211648, 608928, 613096, 584336, 621400, 625544, 629896, 637536, 641784, 52112, 650192, 661864, 654440, 666288, 670632, 674864, 682584, 687048, 645976, 691464, 698968, 703232, 707528, 715296, 719640, 723760, 727944, 732112, 736464, 748376, 752608, 756776, 761008, 768720, 773064, 777416, 785136, 789408, 793600, 797792, 965768, 802008, 806296, 813624, 817920, 822120, 826296, 830456, 834600, 838728, 842848, 851104, 855256, 859624, 867704, 744136, 875800, 883592, 887840, 892040, 896296, 900584, 909352, 89272, 918640, 923416, 927944, 932320, 936608, 940784, 944960, 949136, 953312, 957480, 961648, 904880, 970160, 977728, 981928, 986256, 40048, 990672, 998408, 1002848, 1014488, 1018640, 1022824, 199704, 1031080, 1035376, 1043232, 1047592]
  m=[1, 1, 1, 2, 1, 1, 1, 1, 1, 2, 1, 1, 1, 1, 1, 1, 1, 1, 1, 2, 1, 1, 1, 2, 1, 1, 1, 1, 1, 1, 2, 1, 1, 1, 2, 1, 1, 1, 2, 1, 2, 2, 1, 1, 1, 1, 1, 1, 1, 1, 2, 1, 1, 1, 1, 1, 2, 1, 1, 1, 1, 1, 1, 1, 2, 2, 1, 1, 1, 1, 1, 1, 1, 1, 1, 1, 1, 1, 1, 1, 2, 2, 1, 1, 1, 2, 2, 1, 1, 1, 1, 1, 1, 2, 1, 1, 1, 1, 1, 1, 1, 1, 1, 2, 1, 1, 1, 1, 2, 1, 1, 1, 1, 2, 2, 1, 1, 1, 2, 2, 1, 1, 1, 1, 1, 1, 1, 1, 1, 2, 1, 1, 1, 1, 1, 1, 2, 1, 1, 2, 2, 1, 1, 1, 1, 1, 2, 1, 1, 1, 1, 2, 1, 1, 1, 1, 2, 1, 2, 1, 1, 1, 1, 1, 1, 1, 1, 1, 1, 1, 1, 1, 1, 1, 1, 1, 2, 2, 1, 2, 1, 1, 1, 1, 1, 2, 1, 1, 1, 1, 1, 1, 1, 1, 1, 1, 1, 1, 1, 2, 1, 1, 2, 1, 1, 2, 1, 1, 1, 1, 1, 1, 2, 2, 1]
w=17613352220179277824/590295810358705747841 [cg] doubles=41 n=215
  xk(2^-20 units)=[3400, 7592, 175224, 19520, 23840, 134416, 32104, 36232, 40352, 44688, 52368, 56704, 60920, 65216, 72488, 76784, 80960, 85160, 89328, 97832, 269608, 306424, 109824, 114224, 105576, 121904, 126120, 130272, 138552, 142680, 147024, 154616, 158872, 429264, 163232, 170968, 842888, 179416, 183816, 191488, 195872, 207928, 212256, 216368, 220520, 224696, 228888, 233144, 237384, 244552, 248880, 253168, 257272, 261376, 265496, 27944, 278048, 285616, 289840, 294032, 298160, 302288, 310536, 515160, 314872, 322808, 327272, 334744, 338984, 343208, 273720, 347456, 351760, 359136, 363424, 367624, 371800, 375944, 380064, 384200, 388552, 396488, 408432, 200264, 412672, 417088, 424984, 11824, 433352, 437480, 441616, 445752, 449936, 457552, 461888, 466000, 470128, 474240, 482480, 486616, 490704, 494832, 498928, 503256, 510904, 478360, 519384, 523648, 531264, 535608, 539728, 543880, 547984, 552336, 560248, 400952, 568872, 719656, 576752, 584752, 589128, 593328, 597624, 605024, 609336, 613552, 617768, 634008, 622016, 629664, 638144, 642320, 646480, 650648, 654848, 662136, 666560, 670840, 564616, 675136, 683208, 690888, 695184, 699368, 703544, 707696, 712056, 723880, 728048, 732240, 736352, 740688, 748296, 752536, 756728, 760880, 765232, 772928, 777336, 781760, 789112, 793368, 797552, 801712, 805840, 809968, 814072, 818176, 822280, 826384, 830488, 834608, 838728, 847064, 851312, 858720, 863176, 871216, 875688, 883464, 93464, 887808, 891984, 896152, 900360, 908072, 912408, 916544, 920704, 924840, 929040, 933256, 937584, 944896, 949136, 953328, 957488, 961640, 965768, 970128, 977744, 982000, 986328, 990752, 998224, 1002680, 1014672, 1010424, 1018856, 1023016, 1027168, 1031288, 1035616, 1043488, 1047840]
  m=[1, 1, 1, 2, 1, 1, 1, 1, 1, 2, 1, 1, 1, 1, 1, 1, 1, 1, 1, 2, 1, 1, 1, 2, 1, 1, 1, 1, 1, 1, 2, 1, 1, 1, 2, 1, 1, 1, 2, 1, 2, 2, 1, 1, 1, 1, 1, 1, 1, 1, 2, 1, 1, 1, 1, 1, 2, 1, 1, 1, 1, 1, 1, 1, 2, 2, 1, 1, 1, 1, 1, 1, 1, 1, 1, 1, 1, 1, 1, 1, 2, 2, 1, 1, 1, 2, 2, 1, 1, 1, 1, 1, 1, 2, 1, 1, 1, 1, 1, 1, 1, 1, 1, 2, 1, 1, 1, 1, 2, 1, 1, 1, 1, 2, 2, 1, 1, 1, 2, 2, 1, 1, 1, 1, 1, 1, 1, 1, 1, 2, 1, 1, 1, 1, 1, 1, 2, 1, 1, 2, 2, 1, 1, 1, 1, 1, 2, 1, 1, 1, 1, 2, 1, 1, 1, 1, 2, 1, 2, 1, 1, 1, 1, 1, 1, 1, 1, 1, 1, 1, 1, 1, 1, 1, 1, 1, 2, 2, 1, 2, 1, 1, 1, 1, 1, 2, 1, 1, 1, 1, 1, 1, 1, 1, 1, 1, 1, 1, 1, 2, 1, 1, 2, 1, 1, 2, 1, 1, 1, 1, 1, 1, 2, 2, 1]
w=524085395528025984/590295810358705747841 [cg] doubles=41 n=215
  xk(2^-20 units)=[2864, 10152, 14368, 18720, 23040, 27200, 31400, 35664, 42960, 47400, 51744, 55920, 60176, 64448, 71728, 76032, 80264, 84448, 88632, 93000, 100632, 219696, 109040, 113384, 117768, 125152, 129432, 133632, 137816, 142104, 149784, 154112, 158256, 162376, 166728, 174280, 178544, 182704, 187064, 194752, 199176, 207056, 211400, 215512, 825736, 223864, 228176, 235344, 239592, 243776, 248104, 252472, 256656, 260920, 267840, 272120, 276472, 280824, 284976, 289176, 293432, 300856, 305144, 309360, 317880, 325792, 313512, 400000, 334320, 338608, 345992, 350280, 354456, 358632, 362808, 366976, 952336, 371136, 543208, 379592, 387384, 395544, 330128, 407576, 411832, 416200, 424080, 428424, 432560, 436704, 440880, 445096, 452496, 456936, 461264, 465440, 469720, 477048, 481376, 485640, 489888, 494168, 501592, 506000, 510352, 514528, 518784, 526160, 530584, 534912, 539056, 608560, 624968, 547536, 555552, 563272, 567520, 571672, 575976, 587936, 592216, 600392, 964728, 604472, 375328, 612640, 616752, 620864, 104880, 629272, 636872, 641080, 645264, 649440, 653584, 657744, 662104, 669808, 674040, 678416, 686512, 690944, 698352, 702568, 706752, 710872, 715184, 719512, 723672, 727952, 734968, 743632, 748032, 752264, 759672, 763928, 768272, 772672, 780384, 784720, 788880, 793040, 797248, 801560, 808920, 739288, 813160, 817392, 821552, 583544, 829896, 834040, 838232, 842400, 846616, 850872, 858608, 863128, 870880, 875272, 879632, 883920, 891384, 895704, 900040, 908000, 912440, 916776, 921232, 925752, 930376, 934984, 939488, 943872, 948152, 596312, 956504, 960648, 977448, 969032, 973312, 981552, 985864, 990256, 997568, 1001984, 1006400, 1013776, 1018048, 1022216, 1026368, 1030504, 1034840, 1042824, 1047200]
  m=[1, 1, 1, 2, 1, 1, 1, 1, 1, 2, 1, 1, 1, 1, 1, 1, 1, 1, 1, 2, 1, 1, 1, 2, 1, 1, 1, 1, 1, 1, 2, 1, 1, 1, 2, 1, 1, 1, 2, 1, 2, 2, 1, 1, 1, 1, 1, 1, 1, 1, 2, 1, 1, 1, 1, 1, 2, 1, 1, 1, 1, 1, 1, 1, 2, 2, 1, 1, 1, 1, 1, 1, 1, 1, 1, 1, 1, 1, 1, 1, 2, 2, 1, 1, 1, 2, 2, 1, 1, 1, 1, 1, 1, 2, 1, 1, 1, 1, 1, 1, 1, 1, 1, 2, 1, 1, 1, 1, 2, 1, 1, 1, 1, 2, 2, 1, 1, 1, 2, 2, 1, 1, 1, 1, 1, 1, 1, 1, 1, 2, 1, 1, 1, 1, 1, 1, 2, 1, 1, 2, 2, 1, 1, 1, 1, 1, 2, 1, 1, 1, 1, 2, 1, 1, 1, 1, 2, 1, 2, 1, 1, 1, 1, 1, 1, 1, 1, 1, 1, 1, 1, 1, 1, 1, 1, 1, 2, 2, 1, 2, 1, 1, 1, 1, 1, 2, 1, 1, 1, 1, 1, 1, 1, 1, 1, 1, 1, 1, 1, 2, 1, 1, 2, 1, 1, 2, 1, 1, 1, 1, 1, 1, 2, 2, 1]
w=2696626540573726720/590295810358705747841 [cg] doubles=41 n=215
  xk(2^-20 units)=[6984, 11168, 15304, 19664, 27328, 31560, 35728, 39896, 44080, 51824, 56136, 60224, 64336, 68432, 72552, 219880, 80816, 89104, 420528, 93432, 101080, 105336, 109464, 113784, 118120, 122360, 129600, 133880, 138080, 142248, 146584, 150992, 158216, 162424, 166752, 171088, 175208, 179472, 187048, 195528, 199888, 207984, 191392, 212464, 252848, 224144, 228360, 232592, 236904, 244136, 248520, 256984, 261168, 265352, 269608, 76696, 277408, 281784, 286072, 290344, 297744, 301896, 306040, 84984, 314408, 326696, 367744, 331024, 335200, 339472, 346832, 351096, 355264, 359448, 363600, 310160, 371872, 376000, 380104, 384216, 388536, 400576, 404864, 409008, 413232, 318840, 424944, 429296, 433480, 437760, 444968, 449240, 453432, 457760, 462112, 466368, 473536, 477824, 482048, 486240, 490448, 494624, 498840, 506432, 510784, 514968, 519152, 523400, 531080, 535408, 539552, 543744, 547984, 555816, 563784, 568136, 572248, 731776, 576600, 584496, 588824, 592960, 597144, 601384, 605640, 612968, 617280, 621480, 625672, 630016, 637704, 641928, 646088, 650280, 654448, 658632, 663016, 670544, 674768, 679128, 687216, 691616, 695848, 703120, 707408, 711584, 715928, 760584, 724472, 736056, 740256, 744584, 748992, 756384, 720232, 838632, 764920, 769200, 773496, 781248, 785496, 789816, 794096, 801408, 805600, 809784, 813920, 818056, 822184, 826272, 830376, 834488, 842760, 846888, 851032, 855256, 862912, 867408, 396200, 879696, 887440, 891672, 895872, 900096, 904320, 912080, 937336, 916424, 920568, 924728, 928904, 933064, 875264, 944744, 949024, 953216, 957384, 961536, 965704, 970072, 977792, 981960, 986264, 990640, 998176, 1002608, 1010336, 1014592, 1018808, 1022960, 1027152, 1031296, 1035624, 1043512, 2712]
  m=[1, 1, 1, 2, 1, 1, 1, 1, 1, 2, 1, 1, 1, 1, 1, 1, 1, 1, 1, 2, 1, 1, 1, 2, 1, 1, 1, 1, 1, 1, 2, 1, 1, 1, 2, 1, 1, 1, 2, 1, 2, 2, 1, 1, 1, 1, 1, 1, 1, 1, 2, 1, 1, 1, 1, 1, 2, 1, 1, 1, 1, 1, 1, 1, 2, 2, 1, 1, 1, 1, 1, 1, 1, 1, 1, 1, 1, 1, 1, 1, 2, 2, 1, 1, 1, 2, 2, 1, 1, 1, 1, 1, 1, 2, 1, 1, 1, 1, 1, 1, 1, 1, 1, 2, 1, 1, 1, 1, 2, 1, 1, 1, 1, 2, 2, 1, 1, 1, 2, 2, 1, 1, 1, 1, 1, 1, 1, 1, 1, 2, 1, 1, 1, 1, 1, 1, 2, 1, 1, 2, 2, 1, 1, 1, 1, 1, 2, 1, 1, 1, 1, 2, 1, 1, 1, 1, 2, 1, 2, 1, 1, 1, 1, 1, 1, 1, 1, 1, 1, 1, 1, 1, 1, 1, 1, 1, 2, 2, 1, 2, 1, 1, 1, 1, 1, 2, 1, 1, 1, 1, 1, 1, 1, 1, 1, 1, 1, 1, 1, 2, 1, 1, 2, 1, 1, 2, 1, 1, 1, 1, 1, 1, 2, 2, 1]
w=9295185749086480384/590295810358705747841 [cg] doubles=41 n=215
  xk(2^-20 units)=[6816, 1010352, 10952, 15280, 22992, 27208, 31360, 35544, 43912, 51584, 55912, 60024, 64152, 68288, 72408, 76544, 80688, 84864, 89080, 96800, 101128, 105280, 109424, 113776, 121440, 125656, 129832, 134032, 138192, 142432, 150104, 154440, 158592, 162840, 170496, 174840, 178952, 653736, 183280, 789096, 199408, 207344, 219952, 215760, 846936, 224088, 228352, 235608, 239896, 252584, 248360, 256680, 260808, 264904, 682656, 269024, 273320, 281064, 285328, 289544, 293776, 298080, 305464, 309752, 314120, 322120, 326440, 330544, 334656, 338832, 343008, 347248, 351528, 358688, 362976, 367200, 371368, 375552, 379720, 383976, 391792, 396280, 404040, 408272, 412560, 420336, 424840, 432528, 436768, 440936, 445104, 449232, 453392, 457712, 462080, 469400, 473720, 477944, 482160, 486352, 490616, 497952, 502208, 506520, 510840, 514944, 519072, 719672, 527488, 531872, 670648, 543456, 547648, 552000, 560016, 605064, 567768, 572048, 576376, 588472, 592768, 596864, 600976, 211672, 609192, 613320, 617432, 621576, 625696, 630088, 637800, 642040, 646320, 539192, 657984, 662112, 666416, 793304, 707424, 674944, 687072, 739912, 694856, 699072, 703264, 244032, 711768, 1006176, 723944, 728264, 735640, 744264, 748568, 752736, 757008, 764176, 768568, 772896, 777200, 784872, 190904, 580752, 797472, 801696, 805976, 195088, 813464, 817720, 821928, 826128, 830272, 834456, 838624, 842776, 851120, 855352, 863080, 867560, 875240, 879632, 883952, 888120, 892464, 899792, 904072, 908480, 912952, 917416, 922104, 926880, 931512, 935968, 940288, 944552, 948744, 952944, 957120, 961320, 965528, 973208, 977552, 981704, 986064, 39688, 993928, 1001784, 523192, 1014504, 1018704, 1022880, 1027136, 1034480, 1038904, 1046928, 2680]
  m=[1, 1, 1, 2, 1, 1, 1, 1, 1, 2, 1, 1, 1, 1, 1, 1, 1, 1, 1, 2, 1, 1, 1, 2, 1, 1, 1, 1, 1, 1, 2, 1, 1, 1, 2, 1, 1, 1, 2, 1, 2, 2, 1, 1, 1, 1, 1, 1, 1, 1, 2, 1, 1, 1, 1, 1, 2, 1, 1, 1, 1, 1, 1, 1, 2, 2, 1, 1, 1, 1, 1, 1, 1, 1, 1, 1, 1, 1, 1, 1, 2, 2, 1, 1, 1, 2, 2, 1, 1, 1, 1, 1, 1, 2, 1, 1, 1, 1, 1, 1, 1, 1, 1, 2, 1, 1, 1, 1, 2, 1, 1, 1, 1, 2, 2, 1, 1, 1, 2, 2, 1, 1, 1, 1, 1, 1, 1, 1, 1, 2, 1, 1, 1, 1, 1, 1, 2, 1, 1, 2, 2, 1, 1, 1, 1, 1, 2, 1, 1, 1, 1, 2, 1, 1, 1, 1, 2, 1, 2, 1, 1, 1, 1, 1, 1, 1, 1, 1, 1, 1, 1, 1, 1, 1, 1, 1, 2, 2, 1, 2, 1, 1, 1, 1, 1, 2, 1, 1, 1, 1, 1, 1, 1, 1, 1, 1, 1, 1, 1, 2, 1, 1, 2, 1, 1, 2, 1, 1, 1, 1, 1, 1, 2, 2, 1]
w=4953521091681042432/590295810358705747841 [cg] doubles=41 n=215
  xk(2^-20 units)=[3200, 1007032, 7336, 15792, 23376, 27616, 31752, 35936, 617352, 44408, 56296, 60472, 64664, 597208, 73128, 1047680, 80560, 84888, 89080, 93432, 101152, 105416, 109560, 113952, 121648, 125872, 130008, 134184, 764944, 142448, 146728, 151128, 158512, 11464, 162920, 167264, 171512, 178864, 187400, 191656, 195944, 203928, 219792, 212520, 846832, 224032, 228184, 232360, 236504, 240656, 244912, 249312, 261040, 265272, 269568, 276992, 281384, 256744, 285704, 289864, 294008, 298184, 302376, 306584, 314328, 318824, 326576, 330808, 334944, 339096, 343240, 347400, 351592, 355808, 363192, 367488, 371664, 375848, 379984, 384128, 388488, 396472, 400840, 405064, 412432, 416920, 425000, 429368, 433624, 986480, 440968, 445280, 449512, 461456, 453776, 465800, 469920, 474056, 482352, 138296, 490616, 494776, 498968, 506648, 510992, 515160, 519360, 523600, 531192, 535536, 539664, 543800, 547912, 552240, 560080, 478200, 564424, 568672, 576416, 588616, 592976, 68880, 601512, 208272, 608872, 613144, 584208, 621584, 625744, 630104, 637728, 641944, 52056, 650384, 654632, 661976, 666384, 670712, 674880, 679264, 687328, 646160, 694968, 699248, 703456, 707632, 711960, 716376, 723712, 728008, 732208, 736552, 748400, 752544, 756696, 760808, 769264, 776824, 781208, 785496, 789584, 793752, 797904, 965616, 802152, 809440, 813704, 817880, 822040, 826192, 830336, 834480, 838592, 842712, 850936, 855072, 859400, 867432, 744184, 875552, 879992, 887584, 891888, 896120, 900440, 909192, 913776, 918464, 923208, 927728, 932112, 936392, 940632, 944800, 948960, 953136, 957280, 961456, 904712, 969952, 977680, 486496, 982088, 40064, 994000, 998408, 1002752, 1014360, 1018688, 1022840, 1027056, 1031184, 1035520, 1043336, 183088]
  m=[1, 1, 1, 2, 1, 1, 1, 1, 1, 2, 1, 1, 1, 1, 1, 1, 1, 1, 1, 2, 1, 1, 1, 2, 1, 1, 1, 1, 1, 1, 2, 1, 1, 1, 2, 1, 1, 1, 2, 1, 2, 2, 1, 1, 1, 1, 1, 1, 1, 1, 2, 1, 1, 1, 1, 1, 2, 1, 1, 1, 1, 1, 1, 1, 2, 2, 1, 1, 1, 1, 1, 1, 1, 1, 1, 1, 1, 1, 1, 1, 2, 2, 1, 1, 1, 2, 2, 1, 1, 1, 1, 1, 1, 2, 1, 1, 1, 1, 1, 1, 1, 1, 1, 2, 1, 1, 1, 1, 2, 1, 1, 1, 1, 2, 2, 1, 1, 1, 2, 2, 1, 1, 1, 1, 1, 1, 1, 1, 1, 2, 1, 1, 1, 1, 1, 1, 2, 1, 1, 2, 2, 1, 1, 1, 1, 1, 2, 1, 1, 1, 1, 2, 1, 1, 1, 1, 2, 1, 2, 1, 1, 1, 1, 1, 1, 1, 1, 1, 1, 1, 1, 1, 1, 1, 1, 1, 2, 2, 1, 2, 1, 1, 1, 1, 1, 2, 1, 1, 1, 1, 1, 1, 1, 1, 1, 1, 1, 1, 1, 2, 1, 1, 2, 1, 1, 2, 1, 1, 1, 1, 1, 1, 2, 2, 1]
w=2785798832550154752/590295810358705747841 [cg] doubles=41 n=215
  xk(2^-20 units)=[6856, 1010208, 1039048, 15376, 23040, 27296, 31464, 35632, 617336, 44144, 875112, 56080, 64408, 68584, 72792, 77064, 84480, 551752, 88760, 93136, 100896, 547632, 105120, 113664, 118088, 125400, 129672, 133888, 138088, 142296, 154168, 162632, 158496, 11048, 166888, 171152, 175264, 179376, 183704, 191208, 195624, 203608, 220496, 216264, 1014464, 227768, 232024, 236224, 240392, 207936, 244720, 249120, 260656, 264880, 269080, 273240, 277600, 256368, 285304, 289592, 293840, 298144, 305816, 322512, 310264, 318184, 326640, 330784, 334928, 339096, 343296, 347576, 354704, 358984, 363160, 367336, 371504, 375656, 379792, 383912, 388248, 396328, 400800, 408192, 412392, 416808, 424896, 429368, 436784, 441040, 445224, 449416, 453560, 457888, 462296, 469544, 473784, 477984, 482136, 486272, 490408, 494536, 498664, 502968, 507368, 514672, 518928, 523136, 527528, 535112, 539328, 543464, 670568, 556080, 563968, 604864, 568296, 572472, 580128, 588816, 60248, 593240, 600600, 212080, 609024, 613200, 584488, 621512, 625664, 629968, 637520, 641784, 51848, 650184, 654392, 658632, 666208, 674704, 777144, 679096, 691296, 645968, 698992, 686872, 703240, 707416, 711736, 716128, 723576, 727840, 732056, 736408, 748472, 752704, 756888, 761120, 768648, 773008, 781472, 785808, 790064, 797296, 805808, 846824, 801576, 810016, 814232, 109320, 818448, 822728, 830064, 834344, 838520, 842712, 850968, 855096, 859416, 867392, 744192, 879504, 883808, 887936, 892056, 896192, 900352, 908936, 913432, 917984, 922672, 927328, 931808, 936184, 940488, 944720, 948944, 953120, 957312, 961504, 904552, 973568, 977920, 982136, 989792, 39784, 994144, 998464, 1002872, 146568, 1018632, 1022792, 1026944, 965784, 1031296, 1043448, 2592]
  m=[1, 1, 1, 2, 1, 1, 1, 1, 1, 2, 1, 1, 1, 1, 1, 1, 1, 1, 1, 2, 1, 1, 1, 2, 1, 1, 1, 1, 1, 1, 2, 1, 1, 1, 2, 1, 1, 1, 2, 1, 2, 2, 1, 1, 1, 1, 1, 1, 1, 1, 2, 1, 1, 1, 1, 1, 2, 1, 1, 1, 1, 1, 1, 1, 2, 2, 1, 1, 1, 1, 1, 1, 1, 1, 1, 1, 1, 1, 1, 1, 2, 2, 1, 1, 1, 2, 2, 1, 1, 1, 1, 1, 1, 2, 1, 1, 1, 1, 1, 1, 1, 1, 1, 2, 1, 1, 1, 1, 2, 1, 1, 1, 1, 2, 2, 1, 1, 1, 2, 2, 1, 1, 1, 1, 1, 1, 1, 1, 1, 2, 1, 1, 1, 1, 1, 1, 2, 1, 1, 2, 2, 1, 1, 1, 1, 1, 2, 1, 1, 1, 1, 2, 1, 1, 1, 1, 2, 1, 2, 1, 1, 1, 1, 1, 1, 1, 1, 1, 1, 1, 1, 1, 1, 1, 1, 1, 2, 2, 1, 2, 1, 1, 1, 1, 1, 2, 1, 1, 1, 1, 1, 1, 1, 1, 1, 1, 1, 1, 1, 2, 1, 1, 2, 1, 1, 2, 1, 1, 1, 1, 1, 1, 2, 2, 1]
w=423809559729842176/590295810358705747841 [cg] doubles=41 n=215
  xk(2^-20 units)=[3192, 1007032, 7448, 19120, 23424, 27560, 31680, 35808, 617480, 44200, 768936, 60256, 64392, 68520, 72608, 76704, 80792, 84920, 105088, 93344, 97720, 89048, 109328, 113720, 121512, 125760, 129936, 134104, 138240, 142376, 146680, 151088, 158576, 14728, 163000, 170856, 175120, 179288, 183656, 191440, 195872, 203960, 220056, 215880, 846696, 224224, 228376, 232544, 236728, 240968, 248512, 252864, 261248, 265432, 269672, 276968, 281368, 257032, 285720, 289920, 294200, 301624, 305840, 310040, 318760, 314344, 326440, 330648, 334784, 338944, 343088, 347240, 351360, 355504, 359672, 363856, 368168, 375488, 379752, 383904, 388304, 396328, 400712, 404912, 411976, 424984, 420552, 432688, 436888, 441016, 445184, 449336, 453504, 457840, 462232, 469384, 473680, 477864, 482040, 486208, 490336, 494472, 498592, 502912, 510656, 514928, 519136, 523408, 531040, 535408, 539576, 543736, 548008, 555784, 563768, 604936, 568088, 572200, 576536, 588840, 416232, 56104, 596528, 211680, 609136, 613288, 584376, 621632, 625872, 633480, 637848, 642016, 51872, 650408, 654680, 662048, 666472, 670816, 675048, 682904, 687384, 646200, 695024, 699216, 703376, 707544, 711888, 719752, 724024, 728280, 735696, 740104, 748568, 752760, 810152, 756984, 764576, 773096, 777440, 785072, 789304, 793448, 797616, 965704, 805976, 801800, 600776, 814352, 818624, 825832, 830056, 834280, 838432, 842576, 850824, 854960, 859288, 867264, 744416, 875328, 879728, 883920, 888208, 895800, 900176, 908944, 913472, 918064, 922880, 927568, 932072, 936416, 940712, 944920, 949096, 953264, 957424, 961552, 904496, 970072, 977744, 981944, 986280, 39904, 993992, 998416, 1002752, 1014208, 1018504, 1022680, 1026864, 1030992, 1035336, 1043248, 1047616]
  m=[1, 1, 1, 2, 1, 1, 1, 1, 1, 2, 1, 1, 1, 1, 1, 1, 1, 1, 1, 2, 1, 1, 1, 2, 1, 1, 1, 1, 1, 1, 2, 1, 1, 1, 2, 1, 1, 1, 2, 1, 2, 2, 1, 1, 1, 1, 1, 1, 1, 1, 2, 1, 1, 1, 1, 1, 2, 1, 1, 1, 1, 1, 1, 1, 2, 2, 1, 1, 1, 1, 1, 1, 1, 1, 1, 1, 1, 1, 1, 1, 2, 2, 1, 1, 1, 2, 2, 1, 1, 1, 1, 1, 1, 2, 1, 1, 1, 1, 1, 1, 1, 1, 1, 2, 1, 1, 1, 1, 2, 1, 1, 1, 1, 2, 2, 1, 1, 1, 2, 2, 1, 1, 1, 1, 1, 1, 1, 1, 1, 2, 1, 1, 1, 1, 1, 1, 2, 1, 1, 2, 2, 1, 1, 1, 1, 1, 2, 1, 1, 1, 1, 2, 1, 1, 1, 1, 2, 1, 2, 1, 1, 1, 1, 1, 1, 1, 1, 1, 1, 1, 1, 1, 1, 1, 1, 1, 2, 2, 1, 2, 1, 1, 1, 1, 1, 2, 1, 1, 1, 1, 1, 1, 1, 1, 1, 1, 1, 1, 1, 2, 1, 1, 2, 1, 1, 2, 1, 1, 1, 1, 1, 1, 2, 2, 1]
w=1544839570762185216/590295810358705747841 [cg] doubles=51 n=205
  xk(2^-20 units)=[1048, 8472, 12784, 17048, 29152, 33584, 41288, 45656, 139824, 50000, 58016, 65760, 70136, 74440, 78576, 82752, 86920, 91200, 98504, 102928, 107272, 111440, 115704, 123480, 480096, 127960, 135520, 144072, 148272, 152536, 160296, 164784, 172128, 176408, 180536, 844584, 184824, 193232, 197584, 205240, 209456, 213656, 217880, 222216, 233728, 237888, 242184, 246504, 250696, 258400, 262752, 422824, 271152, 275440, 282880, 287112, 291472, 299448, 229440, 303880, 311688, 319776, 324272, 332032, 336240, 340600, 348672, 353104, 569976, 364896, 369104, 266928, 373320, 377504, 381744, 389568, 397712, 402112, 406352, 995624, 414216, 360584, 418568, 430696, 435160, 442624, 446864, 451184, 455512, 459704, 464032, 471376, 475800, 803400, 484400, 492096, 496496, 500912, 508488, 512816, 517128, 524712, 529120, 533536, 541040, 545424, 549760, 553904, 558216, 565768, 909880, 574120, 578272, 582416, 586552, 590688, 602672, 594928, 607136, 614824, 619040, 623408, 631056, 635256, 643568, 647696, 651816, 655960, 660064, 664200, 668312, 672448, 676704, 684328, 692968, 697368, 704760, 709176, 713600, 721104, 725544, 799232, 901472, 733656, 741680, 21360, 750168, 754512, 762208, 766640, 774544, 778832, 783128, 790488, 794904, 688664, 807608, 746040, 816048, 823360, 189120, 827600, 831968, 840128, 905688, 852128, 856312, 860624, 865032, 872328, 876544, 880912, 888872, 893160, 897304, 639416, 811808, 914176, 921512, 925800, 930032, 934240, 938440, 942672, 950232, 954560, 958728, 962888, 967008, 971136, 975488, 983048, 987304, 991472, 999784, 1003872, 1008184, 1012616, 1019944, 1024216, 1028416, 1032584, 1036752, 1040880, 1045200]
  m=[1, 1, 1, 1, 2, 1, 2, 1, 1, 2, 2, 1, 2, 1, 1, 1, 1, 1, 1, 2, 1, 1, 1, 2, 1, 1, 1, 1, 1, 1, 2, 1, 1, 1, 1, 1, 2, 1, 2, 1, 1, 1, 1, 1, 1, 1, 2, 1, 1, 2, 1, 1, 1, 1, 1, 1, 2, 2, 1, 1, 2, 2, 2, 1, 1, 2, 2, 1, 1, 1, 1, 1, 1, 1, 1, 2, 2, 1, 1, 1, 2, 1, 1, 2, 1, 1, 1, 2, 1, 1, 1, 1, 2, 1, 2, 1, 2, 1, 1, 1, 1, 1, 2, 1, 1, 2, 1, 1, 2, 1, 1, 1, 1, 1, 1, 1, 2, 1, 2, 1, 1, 2, 1, 1, 1, 1, 1, 1, 1, 1, 1, 1, 1, 2, 2, 1, 1, 2, 1, 1, 2, 1, 1, 2, 2, 1, 1, 2, 1, 2, 1, 1, 1, 1, 2, 1, 1, 1, 1, 1, 1, 1, 2, 2, 1, 1, 1, 2, 1, 1, 1, 2, 2, 1, 1, 1, 1, 1, 1, 1, 1, 1, 1, 1, 2, 1, 1, 1, 1, 1, 2, 1, 1, 1, 1, 1, 2, 1, 1, 1, 1, 1, 1, 1, 2]
w=1745331273445701632/590295810358705747841 [cg] doubles=41 n=215
  xk(2^-20 units)=[3776, 7928, 12152, 19760, 24136, 28320, 32488, 36720, 44144, 48560, 52864, 56992, 61120, 65264, 69520, 76880, 81144, 85336, 89496, 93824, 98224, 105624, 109872, 114208, 118608, 125872, 130120, 134352, 138568, 142856, 150544, 154904, 159080, 163256, 167616, 175288, 179552, 183816, 191624, 556048, 196112, 208288, 212592, 216744, 220904, 225176, 232496, 236768, 240944, 245080, 249392, 253728, 257952, 265224, 269448, 273592, 277936, 282280, 286480, 290744, 298248, 409184, 302568, 306840, 314488, 323152, 330872, 335064, 339224, 343368, 347520, 351640, 355784, 359928, 364056, 368176, 372288, 376440, 380600, 384848, 392664, 397160, 404904, 318816, 413424, 417848, 426128, 430656, 435136, 439744, 444328, 448824, 453152, 457560, 461912, 466128, 470344, 474552, 478856, 486240, 490552, 494760, 499024, 506720, 511048, 515224, 519448, 523672, 531272, 535624, 539808, 543952, 970944, 548304, 560464, 568264, 572536, 576792, 584640, 589080, 593384, 597640, 605088, 1036000, 609344, 613504, 617672, 621832, 625984, 634520, 630160, 642224, 646472, 650688, 654944, 662480, 666896, 671240, 675456, 683184, 687680, 695464, 699672, 703800, 707920, 711992, 716264, 720576, 724752, 729032, 736288, 740688, 745040, 749328, 756768, 761024, 765368, 777144, 781520, 785832, 826824, 794184, 798408, 790008, 802712, 809968, 203904, 818480, 822672, 863760, 830976, 835144, 843592, 814280, 850928, 855168, 859504, 868016, 872368, 880032, 884392, 888576, 892760, 897000, 904416, 908872, 916736, 920984, 925120, 929272, 933424, 937544, 941680, 945800, 949920, 954024, 958112, 962216, 769736, 966536, 978392, 982616, 986952, 991352, 998832, 1003264, 1007704, 1015040, 1019272, 1023456, 1027640, 1031800, 1043640, 1048064, 839344]
  m=[1, 1, 1, 2, 1, 1, 1, 1, 1, 2, 1, 1, 1, 1, 1, 1, 1, 1, 1, 2, 1, 1, 1, 2, 1, 1, 1, 1, 1, 1, 2, 1, 1, 1, 2, 1, 1, 1, 2, 1, 2, 2, 1, 1, 1, 1, 1, 1, 1, 1, 2, 1, 1, 1, 1, 1, 2, 1, 1, 1, 1, 1, 1, 1, 2, 2, 1, 1, 1, 1, 1, 1, 1, 1, 1, 1, 1, 1, 1, 1, 2, 2, 1, 1, 1, 2, 2, 1, 1, 1, 1, 1, 1, 2, 1, 1, 1, 1, 1, 1, 1, 1, 1, 2, 1, 1, 1, 1, 2, 1, 1, 1, 1, 2, 2, 1, 1, 1, 2, 2, 1, 1, 1, 1, 1, 1, 1, 1, 1, 2, 1, 1, 1, 1, 1, 1, 2, 1, 1, 2, 2, 1, 1, 1, 1, 1, 2, 1, 1, 1, 1, 2, 1, 1, 1, 1, 2, 1, 2, 1, 1, 1, 1, 1, 1, 1, 1, 1, 1, 1, 1, 1, 1, 1, 1, 1, 2, 2, 1, 2, 1, 1, 1, 1, 1, 2, 1, 1, 1, 1, 1, 1, 1, 1, 1, 1, 1, 1, 1, 2, 1, 1, 2, 1, 1, 2, 1, 1, 1, 1, 1, 1, 2, 2, 1]
w=156363171826976064/590295810358705747841 [cg] doubles=41 n=215
  xk(2^-20 units)=[3640, 10968, 1007064, 19552, 23872, 28008, 32168, 36416, 43712, 48104, 52432, 56584, 60752, 64928, 69208, 76552, 80840, 85048, 89264, 93608, 98024, 134208, 109568, 113928, 105368, 121744, 125952, 580552, 138336, 142480, 146808, 154536, 158760, 429216, 163088, 174928, 843016, 179192, 187752, 195512, 199936, 207936, 212280, 216440, 220624, 224920, 232016, 236288, 240448, 244584, 248864, 253144, 257280, 167480, 265552, 269712, 281720, 273952, 286096, 290328, 297848, 302120, 306400, 347208, 314240, 318720, 330464, 334704, 338872, 343040, 323080, 351320, 355440, 359584, 363696, 367824, 371920, 376040, 380176, 384288, 388616, 396552, 405104, 183384, 412544, 416976, 424904, 15208, 433328, 437448, 441544, 445664, 449832, 454168, 461808, 466040, 470240, 474416, 482888, 478624, 490224, 494496, 498696, 503024, 507352, 511576, 519008, 523264, 527600, 531992, 539472, 543736, 548016, 555776, 560216, 400896, 571912, 723816, 576280, 584800, 589080, 593208, 597432, 604848, 609112, 613312, 617512, 621696, 625888, 633600, 637952, 642096, 646256, 650432, 654664, 662072, 666504, 670896, 564584, 678640, 683080, 694960, 711680, 699168, 703344, 707520, 716016, 687464, 728080, 732256, 736488, 744168, 748496, 752648, 756800, 760912, 765176, 769536, 777264, 781616, 785872, 793176, 797448, 801640, 805840, 810016, 814152, 818280, 822408, 826544, 830656, 834776, 838888, 847168, 851296, 855424, 859768, 867696, 875488, 879912, 933136, 887680, 891904, 896096, 900248, 904600, 912392, 916632, 920768, 924856, 928992, 937296, 130088, 945672, 949944, 261424, 954240, 961592, 965912, 970328, 978104, 982328, 986664, 991040, 998368, 1002752, 1011240, 941480, 1015448, 1019736, 1026976, 1031208, 1035592, 1043568, 1047968]
  m=[1, 1, 1, 2, 1, 1, 1, 1, 1, 2, 1, 1, 1, 1, 1, 1, 1, 1, 1, 2, 1, 1, 1, 2, 1, 1, 1, 1, 1, 1, 2, 1, 1, 1, 2, 1, 1, 1, 2, 1, 2, 2, 1, 1, 1, 1, 1, 1, 1, 1, 2, 1, 1, 1, 1, 1, 2, 1, 1, 1, 1, 1, 1, 1, 2, 2, 1, 1, 1, 1, 1, 1, 1, 1, 1, 1, 1, 1, 1, 1, 2, 2, 1, 1, 1, 2, 2, 1, 1, 1, 1, 1, 1, 2, 1, 1, 1, 1, 1, 1, 1, 1, 1, 2, 1, 1, 1, 1, 2, 1, 1, 1, 1, 2, 2, 1, 1, 1, 2, 2, 1, 1, 1, 1, 1, 1, 1, 1, 1, 2, 1, 1, 1, 1, 1, 1, 2, 1, 1, 2, 2, 1, 1, 1, 1, 1, 2, 1, 1, 1, 1, 2, 1, 1, 1, 1, 2, 1, 2, 1, 1, 1, 1, 1, 1, 1, 1, 1, 1, 1, 1, 1, 1, 1, 1, 1, 2, 2, 1, 2, 1, 1, 1, 1, 1, 2, 1, 1, 1, 1, 1, 1, 1, 1, 1, 1, 1, 1, 1, 2, 1, 1, 2, 1, 1, 2, 1, 1, 1, 1, 1, 1, 2, 2, 1]
w=6365123051006446592/590295810358705747841 [cg] doubles=41 n=215
  xk(2^-20 units)=[3672, 937080, 15240, 19584, 23912, 28096, 32352, 39576, 43832, 48168, 52520, 56736, 61024, 68248, 72528, 76712, 80896, 85064, 89208, 93560, 101136, 105384, 109560, 113872, 118232, 122512, 129576, 133896, 138096, 142272, 146624, 151008, 158320, 162552, 166864, 171168, 175304, 179512, 187320, 191752, 199456, 203928, 211832, 216112, 220408, 227944, 232224, 236424, 240592, 244752, 249048, 253384, 257616, 264864, 269144, 273376, 277752, 282176, 289472, 293728, 297936, 302096, 306256, 310400, 314656, 319072, 330760, 334920, 339056, 343184, 347304, 351424, 355512, 359616, 363784, 367968, 372216, 379592, 383864, 388032, 392384, 400424, 404856, 412376, 326576, 416832, 424760, 429096, 433232, 437400, 441608, 445848, 453152, 457560, 461936, 466144, 470448, 477784, 482040, 486256, 490448, 494648, 498904, 506568, 510904, 515064, 519248, 523480, 531272, 535584, 539688, 543792, 547880, 552216, 564440, 572152, 560016, 728304, 576576, 584584, 588944, 593152, 597416, 604792, 609016, 613176, 617328, 621512, 625624, 629944, 634352, 641616, 645872, 650080, 654248, 658432, 662752, 670384, 674584, 678936, 686952, 691296, 695464, 699648, 703912, 711248, 715640, 719984, 724160, 732432, 736648, 744376, 748768, 753016, 760408, 838744, 764824, 769240, 777128, 781584, 789104, 793328, 797488, 801624, 805752, 809912, 814056, 818168, 822272, 826376, 830480, 834616, 842872, 847000, 851120, 855208, 859544, 867600, 875392, 879784, 884128, 10992, 895808, 900112, 904384, 912168, 888384, 916480, 920584, 924688, 928816, 932944, 941208, 945312, 949432, 953528, 957632, 961760, 965896, 970224, 978008, 982304, 989944, 994320, 998488, 1002832, 1007248, 1014584, 1018816, 1023008, 1027176, 1031312, 1035632, 1043576, 1047952]
  m=[1, 1, 1, 2, 1, 1, 1, 1, 1, 2, 1, 1, 1, 1, 1, 1, 1, 1, 1, 2, 1, 1, 1, 2, 1, 1, 1, 1, 1, 1, 2, 1, 1, 1, 2, 1, 1, 1, 2, 1, 2, 2, 1, 1, 1, 1, 1, 1, 1, 1, 2, 1, 1, 1, 1, 1, 2, 1, 1, 1, 1, 1, 1, 1, 2, 2, 1, 1, 1, 1, 1, 1, 1, 1, 1, 1, 1, 1, 1, 1, 2, 2, 1, 1, 1, 2, 2, 1, 1, 1, 1, 1, 1, 2, 1, 1, 1, 1, 1, 1, 1, 1, 1, 2, 1, 1, 1, 1, 2, 1, 1, 1, 1, 2, 2, 1, 1, 1, 2, 2, 1, 1, 1, 1, 1, 1, 1, 1, 1, 2, 1, 1, 1, 1, 1, 1, 2, 1, 1, 2, 2, 1, 1, 1, 1, 1, 2, 1, 1, 1, 1, 2, 1, 1, 1, 1, 2, 1, 2, 1, 1, 1, 1, 1, 1, 1, 1, 1, 1, 1, 1, 1, 1, 1, 1, 1, 2, 2, 1, 2, 1, 1, 1, 1, 1, 2, 1, 1, 1, 1, 1, 1, 1, 1, 1, 1, 1, 1, 1, 2, 1, 1, 2, 1, 1, 2, 1, 1, 1, 1, 1, 1, 2, 2, 1]
w=10287752446728040448/590295810358705747841 [cg] doubles=41 n=215
  xk(2^-20 units)=[3776, 10960, 175240, 19560, 23856, 27960, 32072, 36208, 40424, 48128, 52488, 56672, 60864, 65152, 72488, 76768, 80960, 85152, 89336, 93704, 101272, 134320, 109688, 114024, 105512, 121816, 126024, 130160, 138464, 142624, 146976, 154688, 158912, 429256, 163288, 171000, 843064, 769664, 187952, 195656, 200080, 208056, 212360, 216504, 220688, 224968, 232176, 236424, 240568, 244688, 253064, 904360, 257328, 261432, 265576, 269784, 277488, 281848, 286024, 290280, 297688, 301960, 306144, 347144, 310480, 318464, 330408, 334664, 338848, 343000, 322904, 351296, 355408, 359528, 363640, 367728, 371832, 376000, 380160, 384376, 392048, 396480, 404896, 183600, 409104, 416920, 424912, 15232, 433384, 437552, 441736, 445992, 453376, 457792, 462096, 466216, 470384, 474528, 478784, 486120, 490360, 494568, 498744, 503072, 507480, 514808, 519064, 523248, 527632, 535408, 539656, 543840, 547968, 552272, 560200, 400752, 572176, 719840, 576608, 584480, 588808, 597056, 601184, 605288, 609400, 613504, 617640, 621824, 626008, 633792, 638144, 642344, 646536, 650800, 658344, 179424, 662784, 670736, 564632, 675160, 683168, 687608, 695208, 699448, 703608, 707768, 712128, 724080, 248784, 732392, 592928, 740808, 748480, 752720, 756896, 761016, 765304, 728224, 777344, 781736, 786016, 793264, 797512, 801712, 805872, 810056, 814200, 818328, 822464, 826600, 830704, 834816, 838944, 847200, 851320, 855416, 859752, 867752, 875624, 880064, 998584, 887776, 891976, 896120, 900264, 908640, 912936, 917024, 921112, 925224, 929392, 933656, 940992, 945248, 949440, 953576, 957688, 961824, 965960, 970304, 978112, 982456, 990080, 994432, 736488, 1002920, 1014648, 1007328, 1018912, 1023088, 1027304, 1031544, 1039336, 1043776, 1048112]
  m=[1, 1, 1, 2, 1, 1, 1, 1, 1, 2, 1, 1, 1, 1, 1, 1, 1, 1, 1, 2, 1, 1, 1, 2, 1, 1, 1, 1, 1, 1, 2, 1, 1, 1, 2, 1, 1, 1, 2, 1, 2, 2, 1, 1, 1, 1, 1, 1, 1, 1, 2, 1, 1, 1, 1, 1, 2, 1, 1, 1, 1, 1, 1, 1, 2, 2, 1, 1, 1, 1, 1, 1, 1, 1, 1, 1, 1, 1, 1, 1, 2, 2, 1, 1, 1, 2, 2, 1, 1, 1, 1, 1, 1, 2, 1, 1, 1, 1, 1, 1, 1, 1, 1, 2, 1, 1, 1, 1, 2, 1, 1, 1, 1, 2, 2, 1, 1, 1, 2, 2, 1, 1, 1, 1, 1, 1, 1, 1, 1, 2, 1, 1, 1, 1, 1, 1, 2, 1, 1, 2, 2, 1, 1, 1, 1, 1, 2, 1, 1, 1, 1, 2, 1, 1, 1, 1, 2, 1, 2, 1, 1, 1, 1, 1, 1, 1, 1, 1, 1, 1, 1, 1, 1, 1, 1, 1, 2, 2, 1, 2, 1, 1, 1, 1, 1, 2, 1, 1, 1, 1, 1, 1, 1, 1, 1, 1, 1, 1, 1, 2, 1, 1, 2, 1, 1, 2, 1, 1, 1, 1, 1, 1, 2, 2, 1]
w=11060998739506556928/590295810358705747841 [cg] doubles=41 n=215
  xk(2^-20 units)=[7064, 11184, 15312, 19664, 27232, 31472, 35624, 39784, 43928, 55712, 899840, 60056, 64168, 68312, 72464, 76584, 80728, 84872, 88992, 93296, 100944, 318704, 105160, 113680, 118128, 125336, 129592, 133824, 138056, 142320, 149912, 154256, 158408, 162528, 166864, 174688, 178976, 183216, 190880, 195200, 199520, 207568, 211872, 215968, 220112, 224328, 228592, 235968, 240240, 244456, 248816, 256504, 260784, 264944, 269088, 273224, 277512, 109344, 285896, 290152, 297480, 301744, 305920, 310064, 314344, 326336, 330632, 334736, 338840, 342936, 347032, 351128, 355280, 359424, 363616, 367800, 372056, 379304, 383568, 387784, 392160, 400208, 404568, 408800, 416344, 420792, 428848, 281784, 433224, 437464, 444944, 449224, 453408, 457728, 462088, 466344, 473552, 477856, 482064, 486224, 490360, 494512, 498656, 502984, 510608, 514872, 519072, 523216, 527560, 535256, 539496, 543696, 547968, 555640, 564216, 580520, 568568, 731872, 576168, 584864, 592496, 596768, 600984, 605168, 609384, 1010456, 613672, 621160, 625416, 629792, 637616, 641872, 646024, 650216, 559936, 658504, 662856, 670568, 674744, 679096, 687032, 691408, 695672, 702960, 707264, 711432, 715784, 756608, 727600, 736072, 740248, 744624, 752336, 986080, 720192, 838656, 765160, 654376, 777200, 781536, 785776, 793040, 797288, 801480, 805616, 809776, 813920, 818032, 822168, 826296, 830408, 834520, 842776, 846904, 851056, 855256, 863008, 867448, 871808, 879576, 884000, 891432, 895656, 772824, 903992, 908352, 916096, 48160, 990208, 924808, 929000, 933256, 940584, 944872, 949080, 953224, 957352, 961464, 965616, 969976, 977728, 981928, 920488, 994352, 998512, 1002864, 760808, 1014712, 1018864, 1023000, 1027176, 1031440, 1039240, 1047232, 2976]
  m=[1, 1, 1, 2, 1, 1, 1, 1, 1, 2, 1, 1, 1, 1, 1, 1, 1, 1, 1, 2, 1, 1, 1, 2, 1, 1, 1, 1, 1, 1, 2, 1, 1, 1, 2, 1, 1, 1, 2, 1, 2, 2, 1, 1, 1, 1, 1, 1, 1, 1, 2, 1, 1, 1, 1, 1, 2, 1, 1, 1, 1, 1, 1, 1, 2, 2, 1, 1, 1, 1, 1, 1, 1, 1, 1, 1, 1, 1, 1, 1, 2, 2, 1, 1, 1, 2, 2, 1, 1, 1, 1, 1, 1, 2, 1, 1, 1, 1, 1, 1, 1, 1, 1, 2, 1, 1, 1, 1, 2, 1, 1, 1, 1, 2, 2, 1, 1, 1, 2, 2, 1, 1, 1, 1, 1, 1, 1, 1, 1, 2, 1, 1, 1, 1, 1, 1, 2, 1, 1, 2, 2, 1, 1, 1, 1, 1, 2, 1, 1, 1, 1, 2, 1, 1, 1, 1, 2, 1, 2, 1, 1, 1, 1, 1, 1, 1, 1, 1, 1, 1, 1, 1, 1, 1, 1, 1, 2, 2, 1, 2, 1, 1, 1, 1, 1, 2, 1, 1, 1, 1, 1, 1, 1, 1, 1, 1, 1, 1, 1, 2, 1, 1, 2, 1, 1, 2, 1, 1, 1, 1, 1, 1, 2, 2, 1]
w=2606165930302784000/590295810358705747841 [cg] doubles=41 n=215
  xk(2^-20 units)=[6984, 11208, 175248, 19656, 23928, 28040, 32152, 36288, 40520, 48240, 52568, 56696, 60808, 64960, 69136, 73344, 77616, 84896, 89152, 93544, 101312, 134344, 109704, 114032, 105552, 121816, 126040, 130192, 138496, 142640, 146992, 154688, 159032, 429296, 166768, 171104, 842856, 179408, 187888, 363792, 195904, 208024, 212336, 216504, 220752, 228112, 232376, 236544, 240688, 286064, 249040, 253344, 257496, 261648, 265896, 273136, 277552, 281904, 244784, 290328, 297848, 302152, 306456, 347288, 314336, 318840, 330752, 334888, 339016, 343136, 326536, 351416, 355536, 359664, 797544, 367960, 372144, 376424, 383984, 592824, 388456, 396440, 405032, 183528, 412552, 416984, 424984, 15352, 433392, 437520, 441632, 445792, 449920, 454208, 458624, 465912, 470208, 474392, 478592, 482824, 487136, 494280, 498512, 502856, 515592, 511360, 523024, 507192, 527440, 531880, 539408, 543648, 547816, 552152, 560152, 400808, 572072, 720384, 576536, 584424, 588744, 596968, 601144, 605240, 609352, 613496, 617656, 621824, 626024, 633704, 638064, 642208, 646384, 650568, 654792, 662176, 666584, 670992, 564592, 678736, 683232, 691024, 695240, 699392, 711768, 707664, 716048, 703512, 724624, 731984, 736248, 740640, 748384, 752648, 756848, 761000, 765344, 773024, 777464, 785096, 789328, 793448, 203616, 801680, 805784, 809912, 814000, 818128, 822232, 826352, 830480, 834584, 838728, 846984, 851096, 855224, 859568, 871600, 875992, 883696, 867232, 888032, 892128, 896312, 900520, 908192, 912552, 916704, 920848, 924976, 929128, 933312, 937584, 944992, 949248, 953416, 957568, 961720, 965880, 970224, 977968, 982160, 986464, 990768, 994976, 1002744, 1014712, 1007240, 1018976, 1023160, 1027344, 1039480, 1031688, 1043864, 1048272]
  m=[1, 1, 1, 2, 1, 1, 1, 1, 1, 2, 1, 1, 1, 1, 1, 1, 1, 1, 1, 2, 1, 1, 1, 2, 1, 1, 1, 1, 1, 1, 2, 1, 1, 1, 2, 1, 1, 1, 2, 1, 2, 2, 1, 1, 1, 1, 1, 1, 1, 1, 2, 1, 1, 1, 1, 1, 2, 1, 1, 1, 1, 1, 1, 1, 2, 2, 1, 1, 1, 1, 1, 1, 1, 1, 1, 1, 1, 1, 1, 1, 2, 2, 1, 1, 1, 2, 2, 1, 1, 1, 1, 1, 1, 2, 1, 1, 1, 1, 1, 1, 1, 1, 1, 2, 1, 1, 1, 1, 2, 1, 1, 1, 1, 2, 2, 1, 1, 1, 2, 2, 1, 1, 1, 1, 1, 1, 1, 1, 1, 2, 1, 1, 1, 1, 1, 1, 2, 1, 1, 2, 2, 1, 1, 1, 1, 1, 2, 1, 1, 1, 1, 2, 1, 1, 1, 1, 2, 1, 2, 1, 1, 1, 1, 1, 1, 1, 1, 1, 1, 1, 1, 1, 1, 1, 1, 1, 2, 2, 1, 2, 1, 1, 1, 1, 1, 2, 1, 1, 1, 1, 1, 1, 1, 1, 1, 1, 1, 1, 1, 2, 1, 1, 2, 1, 1, 2, 1, 1, 1, 1, 1, 1, 2, 2, 1]
w=5579191268286322688/590295810358705747841 [cg] doubles=41 n=215
  xk(2^-20 units)=[3672, 7912, 15248, 19680, 24072, 28360, 35648, 39936, 44112, 48472, 52792, 56960, 61224, 68464, 72752, 76944, 81088, 85232, 89368, 93680, 98088, 105368, 109624, 114016, 121840, 126112, 130328, 134624, 142072, 146312, 150640, 154944, 159064, 163200, 167544, 175232, 179504, 183784, 191576, 195984, 203728, 208160, 212432, 216568, 220736, 224992, 232336, 236576, 240760, 244880, 249176, 253464, 257608, 261800, 266056, 273432, 277888, 285720, 290000, 294208, 298408, 302584, 326720, 306792, 314496, 319000, 330936, 335088, 339216, 343368, 347512, 351680, 355856, 360064, 364352, 393192, 371784, 376048, 380288, 384448, 388792, 400672, 405024, 409160, 413320, 417656, 425824, 430304, 434784, 439528, 444288, 448824, 453184, 457608, 461960, 466128, 470328, 474528, 478800, 486184, 490456, 494664, 498824, 503160, 510896, 515136, 519352, 523520, 527848, 535560, 539816, 543976, 548136, 552464, 560432, 564896, 572392, 576656, 581016, 589064, 593480, 601016, 605272, 1035744, 609416, 613576, 617704, 621864, 626008, 630352, 638016, 642224, 646384, 650584, 654736, 658976, 666832, 671272, 678768, 683208, 691256, 695576, 699688, 703776, 707904, 712000, 716312, 720720, 728120, 732368, 736544, 740912, 748640, 752896, 757096, 761256, 765592, 773280, 777720, 785416, 789656, 793816, 797912, 802016, 806112, 810224, 814352, 818472, 822584, 826696, 830792, 834896, 843176, 847368, 851592, 928992, 859328, 863824, 871592, 876016, 883808, 888040, 896320, 900464, 904608, 908968, 916552, 920752, 924880, 892168, 933152, 937280, 941408, 945560, 949640, 953760, 957872, 962032, 966272, 973896, 978248, 982384, 986680, 991048, 998440, 1002848, 1007192, 1011392, 1015688, 1022952, 1027240, 1031472, 1043464, 1047928, 839008]
  m=[1, 1, 1, 2, 1, 1, 1, 1, 1, 2, 1, 1, 1, 1, 1, 1, 1, 1, 1, 2, 1, 1, 1, 2, 1, 1, 1, 1, 1, 1, 2, 1, 1, 1, 2, 1, 1, 1, 2, 1, 2, 2, 1, 1, 1, 1, 1, 1, 1, 1, 2, 1, 1, 1, 1, 1, 2, 1, 1, 1, 1, 1, 1, 1, 2, 2, 1, 1, 1, 1, 1, 1, 1, 1, 1, 1, 1, 1, 1, 1, 2, 2, 1, 1, 1, 2, 2, 1, 1, 1, 1, 1, 1, 2, 1, 1, 1, 1, 1, 1, 1, 1, 1, 2, 1, 1, 1, 1, 2, 1, 1, 1, 1, 2, 2, 1, 1, 1, 2, 2, 1, 1, 1, 1, 1, 1, 1, 1, 1, 2, 1, 1, 1, 1, 1, 1, 2, 1, 1, 2, 2, 1, 1, 1, 1, 1, 2, 1, 1, 1, 1, 2, 1, 1, 1, 1, 2, 1, 2, 1, 1, 1, 1, 1, 1, 1, 1, 1, 1, 1, 1, 1, 1, 1, 1, 1, 2, 2, 1, 2, 1, 1, 1, 1, 1, 2, 1, 1, 1, 1, 1, 1, 1, 1, 1, 1, 1, 1, 1, 2, 1, 1, 2, 1, 1, 2, 1, 1, 1, 1, 1, 1, 2, 2, 1]
w=1323648210750564352/590295810358705747841 [cg] doubles=51 n=205
  xk(2^-20 units)=[4336, 8544, 12688, 127376, 29456, 16848, 37504, 45248, 139816, 49672, 57768, 62208, 69912, 74280, 78432, 82664, 86952, 94272, 98528, 102872, 107192, 111408, 118680, 123072, 983240, 131528, 135640, 143968, 148096, 152344, 160080, 164560, 172120, 176368, 180512, 844536, 184808, 193224, 197600, 205184, 209472, 213680, 217960, 225312, 233864, 237992, 242320, 246712, 254016, 258448, 262760, 471216, 271104, 275288, 279584, 287080, 295088, 299632, 229648, 307464, 311920, 319888, 324392, 332144, 336392, 340736, 348848, 353280, 569656, 364936, 369144, 266928, 373352, 377520, 381768, 389536, 394064, 401864, 406240, 995816, 413992, 360664, 418344, 430472, 434952, 442432, 446736, 451040, 455384, 459672, 466968, 189096, 475576, 479944, 487712, 492040, 496376, 504176, 508464, 512696, 516984, 524608, 529032, 536768, 541024, 545368, 549776, 556856, 561264, 565576, 909920, 573800, 577928, 582072, 590384, 25088, 602544, 594664, 610528, 614920, 619088, 623440, 631000, 635248, 643568, 647664, 651776, 655928, 660056, 664224, 668384, 672656, 680176, 684632, 692704, 697144, 704752, 709192, 713608, 721120, 725592, 799336, 901592, 733744, 741792, 20976, 750232, 754584, 762312, 766776, 774664, 778952, 783240, 790592, 795000, 803472, 807632, 746120, 819192, 823480, 422600, 827688, 832032, 840064, 905752, 852048, 856288, 860624, 864936, 869192, 876560, 880984, 888976, 893320, 897456, 639400, 811888, 914072, 918240, 922456, 929816, 934144, 938400, 942656, 950320, 954664, 958800, 963000, 967168, 971304, 975672, 1032648, 987488, 991656, 999936, 1004056, 1008384, 1012712, 1016968, 1024144, 1028440, 586200, 1036816, 1040952, 1045320]
  m=[1, 1, 1, 1, 2, 1, 2, 1, 1, 2, 2, 1, 2, 1, 1, 1, 1, 1, 1, 2, 1, 1, 1, 2, 1, 1, 1, 1, 1, 1, 2, 1, 1, 1, 1, 1, 2, 1, 2, 1, 1, 1, 1, 1, 1, 1, 2, 1, 1, 2, 1, 1, 1, 1, 1, 1, 2, 2, 1, 1, 2, 2, 2, 1, 1, 2, 2, 1, 1, 1, 1, 1, 1, 1, 1, 2, 2, 1, 1, 1, 2, 1, 1, 2, 1, 1, 1, 2, 1, 1, 1, 1, 2, 1, 2, 1, 2, 1, 1, 1, 1, 1, 2, 1, 1, 2, 1, 1, 2, 1, 1, 1, 1, 1, 1, 1, 2, 1, 2, 1, 1, 2, 1, 1, 1, 1, 1, 1, 1, 1, 1, 1, 1, 2, 2, 1, 1, 2, 1, 1, 2, 1, 1, 2, 2, 1, 1, 2, 1, 2, 1, 1, 1, 1, 2, 1, 1, 1, 1, 1, 1, 1, 2, 2, 1, 1, 1, 2, 1, 1, 1, 2, 2, 1, 1, 1, 1, 1, 1, 1, 1, 1, 1, 1, 2, 1, 1, 1, 1, 1, 2, 1, 1, 1, 1, 1, 2, 1, 1, 1, 1, 1, 1, 1, 2]
w=2283932678945922048/590295810358705747841 [cg] doubles=41 n=215
  xk(2^-20 units)=[6720, 1010296, 10864, 15176, 19600, 26936, 31192, 35392, 43720, 48048, 55808, 60032, 64184, 68344, 926928, 76624, 80792, 84976, 89232, 96896, 101272, 105528, 965240, 113408, 125288, 129576, 133808, 719528, 420992, 138048, 146584, 151016, 158240, 162488, 166840, 171272, 178760, 650088, 187368, 191784, 199600, 211808, 223480, 216240, 846696, 227752, 231984, 236152, 240304, 252344, 244656, 256584, 260760, 264872, 269016, 273136, 277432, 281792, 286048, 293376, 297656, 301912, 318168, 306176, 313856, 322400, 326704, 330832, 334952, 339112, 343264, 347448, 351744, 358848, 363144, 367336, 371528, 375672, 379776, 383888, 388240, 396224, 400680, 408000, 412272, 416616, 428664, 433008, 437168, 461640, 441368, 445672, 452888, 457328, 465752, 469896, 473984, 514648, 478128, 482320, 486496, 490776, 498112, 502568, 510400, 592328, 518824, 522976, 527328, 531744, 674072, 543312, 547496, 551864, 559776, 604896, 564104, 568176, 572512, 584664, 183008, 596592, 600776, 207400, 609032, 613160, 617296, 621480, 625696, 633328, 637648, 641776, 645928, 539032, 654360, 661832, 666296, 895688, 707488, 678536, 686488, 690832, 694952, 699104, 703280, 117872, 715184, 723712, 727896, 732168, 739680, 744104, 748472, 752768, 760040, 764312, 768664, 773088, 780904, 788632, 792880, 580240, 797104, 801248, 805392, 809536, 813688, 817808, 821904, 826032, 830144, 834272, 838408, 842544, 850856, 855096, 862808, 867344, 875064, 879512, 887248, 891480, 969392, 899896, 904128, 908552, 913024, 917536, 922208, 142256, 931440, 935864, 940160, 944384, 948600, 952776, 956928, 961080, 72464, 973712, 978112, 985296, 989696, 39552, 994016, 998368, 1006040, 1014496, 1018680, 1022896, 1027152, 1034464, 1038880, 1043352, 2480]
  m=[1, 1, 1, 2, 1, 1, 1, 1, 1, 2, 1, 1, 1, 1, 1, 1, 1, 1, 1, 2, 1, 1, 1, 2, 1, 1, 1, 1, 1, 1, 2, 1, 1, 1, 2, 1, 1, 1, 2, 1, 2, 2, 1, 1, 1, 1, 1, 1, 1, 1, 2, 1, 1, 1, 1, 1, 2, 1, 1, 1, 1, 1, 1, 1, 2, 2, 1, 1, 1, 1, 1, 1, 1, 1, 1, 1, 1, 1, 1, 1, 2, 2, 1, 1, 1, 2, 2, 1, 1, 1, 1, 1, 1, 2, 1, 1, 1, 1, 1, 1, 1, 1, 1, 2, 1, 1, 1, 1, 2, 1, 1, 1, 1, 2, 2, 1, 1, 1, 2, 2, 1, 1, 1, 1, 1, 1, 1, 1, 1, 2, 1, 1, 1, 1, 1, 1, 2, 1, 1, 2, 2, 1, 1, 1, 1, 1, 2, 1, 1, 1, 1, 2, 1, 1, 1, 1, 2, 1, 2, 1, 1, 1, 1, 1, 1, 1, 1, 1, 1, 1, 1, 1, 1, 1, 1, 1, 2, 2, 1, 2, 1, 1, 1, 1, 1, 2, 1, 1, 1, 1, 1, 1, 1, 1, 1, 1, 1, 1, 1, 2, 1, 1, 2, 1, 1, 2, 1, 1, 1, 1, 1, 1, 2, 2, 1]
w=116514245532045360/590295810358705747841 [cg] doubles=41 n=215
  xk(2^-20 units)=[6848, 1010904, 1035696, 15496, 23224, 27488, 31664, 35848, 617280, 47768, 871592, 56240, 64544, 68720, 72928, 77192, 84400, 551704, 88656, 93000, 97312, 101448, 105656, 113328, 117744, 122016, 129432, 133688, 137904, 142072, 150496, 154744, 158808, 11112, 163128, 170664, 174912, 179120, 190984, 183344, 195480, 203512, 223648, 216328, 977776, 227976, 232176, 236320, 240456, 207912, 244752, 249096, 260728, 265032, 269216, 273392, 277792, 253304, 285512, 289816, 294056, 298344, 305792, 322608, 310240, 318296, 326712, 330784, 334928, 339072, 343288, 347560, 354720, 358984, 363168, 367344, 371504, 375648, 379760, 383880, 388232, 396272, 400688, 408152, 412424, 416808, 424792, 429176, 433440, 440792, 445088, 449320, 453480, 457888, 465344, 469576, 473744, 477912, 482072, 486192, 490336, 494456, 498584, 502920, 510520, 514752, 518912, 523080, 527464, 535088, 539296, 543448, 547568, 556000, 563904, 604848, 568352, 575768, 580184, 592240, 60384, 596616, 600752, 212064, 608984, 613144, 584576, 621456, 625680, 633288, 637656, 641824, 52112, 650216, 654464, 661800, 666224, 670544, 674664, 679016, 691200, 646008, 695600, 686768, 703000, 707280, 711680, 719408, 723664, 727880, 732024, 736400, 748448, 752664, 756840, 761088, 768856, 773264, 781192, 785600, 789856, 797216, 805696, 846880, 801448, 809840, 813976, 818080, 822184, 826304, 830416, 834528, 838648, 842744, 850992, 855088, 859376, 867304, 744184, 875888, 880312, 887608, 891920, 896152, 900376, 909016, 913456, 917872, 922432, 927024, 931600, 936016, 940392, 944656, 948880, 953096, 957288, 961512, 904600, 973480, 990472, 981880, 986160, 40112, 994656, 1002344, 1006688, 146192, 1015208, 1022616, 1026864, 965784, 1031264, 1043496, 1047952]
  m=[1, 1, 1, 2, 1, 1, 1, 1, 1, 2, 1, 1, 1, 1, 1, 1, 1, 1, 1, 2, 1, 1, 1, 2, 1, 1, 1, 1, 1, 1, 2, 1, 1, 1, 2, 1, 1, 1, 2, 1, 2, 2, 1, 1, 1, 1, 1, 1, 1, 1, 2, 1, 1, 1, 1, 1, 2, 1, 1, 1, 1, 1, 1, 1, 2, 2, 1, 1, 1, 1, 1, 1, 1, 1, 1, 1, 1, 1, 1, 1, 2, 2, 1, 1, 1, 2, 2, 1, 1, 1, 1, 1, 1, 2, 1, 1, 1, 1, 1, 1, 1, 1, 1, 2, 1, 1, 1, 1, 2, 1, 1, 1, 1, 2, 2, 1, 1, 1, 2, 2, 1, 1, 1, 1, 1, 1, 1, 1, 1, 2, 1, 1, 1, 1, 1, 1, 2, 1, 1, 2, 2, 1, 1, 1, 1, 1, 2, 1, 1, 1, 1, 2, 1, 1, 1, 1, 2, 1, 2, 1, 1, 1, 1, 1, 1, 1, 1, 1, 1, 1, 1, 1, 1, 1, 1, 1, 2, 2, 1, 2, 1, 1, 1, 1, 1, 2, 1, 1, 1, 1, 1, 1, 1, 1, 1, 1, 1, 1, 1, 2, 1, 1, 2, 1, 1, 2, 1, 1, 1, 1, 1, 1, 2, 2, 1]
w=6193344071627915264/590295810358705747841 [cg] doubles=41 n=215
  xk(2^-20 units)=[966016, 7560, 171952, 19400, 23760, 27928, 32128, 36400, 43728, 48136, 52472, 56664, 60840, 65080, 72448, 76752, 80968, 85144, 89392, 97160, 101512, 134416, 109776, 114136, 105664, 121816, 126088, 130272, 138600, 142720, 147072, 154800, 159032, 3408, 163344, 167704, 843056, 179256, 183704, 191544, 195960, 207952, 212264, 216376, 220536, 224688, 228960, 236208, 240472, 244616, 248944, 253192, 257296, 261400, 265504, 269632, 278128, 285704, 289968, 294192, 298416, 302720, 310152, 347024, 314568, 319040, 326920, 331216, 335504, 342712, 273776, 351232, 355400, 359544, 363640, 367760, 371848, 375976, 380080, 384224, 388584, 396520, 408472, 200360, 412616, 416952, 424816, 11784, 433264, 437416, 441616, 445848, 453152, 457568, 461896, 466032, 470144, 474248, 482424, 486584, 490728, 494888, 499112, 506624, 510984, 515152, 519360, 523584, 531200, 535568, 539752, 543944, 548208, 555936, 563848, 404216, 572384, 719816, 576720, 584760, 589128, 593376, 600808, 605136, 609368, 613592, 617944, 634064, 625352, 629760, 638208, 642336, 646432, 650544, 654664, 658784, 663120, 670768, 568232, 675192, 683272, 687744, 695168, 699416, 703608, 707776, 712160, 724000, 728144, 732264, 736408, 740696, 745120, 752344, 756616, 760752, 765080, 769488, 777304, 781680, 785944, 793312, 797600, 801768, 805936, 810056, 814160, 818264, 822360, 826504, 830624, 834776, 838912, 847248, 851432, 855720, 863392, 871400, 875744, 880064, 478344, 887744, 891952, 896160, 900296, 904640, 912440, 916640, 920784, 924920, 929072, 933208, 941592, 945912, 429136, 953232, 957496, 961720, 937408, 973728, 978056, 982160, 986472, 990864, 998248, 1002680, 1014752, 1010496, 1018904, 1023072, 1027208, 1031336, 1035656, 1043496, 1047848]
  m=[1, 1, 1, 2, 1, 1, 1, 1, 1, 2, 1, 1, 1, 1, 1, 1, 1, 1, 1, 2, 1, 1, 1, 2, 1, 1, 1, 1, 1, 1, 2, 1, 1, 1, 2, 1, 1, 1, 2, 1, 2, 2, 1, 1, 1, 1, 1, 1, 1, 1, 2, 1, 1, 1, 1, 1, 2, 1, 1, 1, 1, 1, 1, 1, 2, 2, 1, 1, 1, 1, 1, 1, 1, 1, 1, 1, 1, 1, 1, 1, 2, 2, 1, 1, 1, 2, 2, 1, 1, 1, 1, 1, 1, 2, 1, 1, 1, 1, 1, 1, 1, 1, 1, 2, 1, 1, 1, 1, 2, 1, 1, 1, 1, 2, 2, 1, 1, 1, 2, 2, 1, 1, 1, 1, 1, 1, 1, 1, 1, 2, 1, 1, 1, 1, 1, 1, 2, 1, 1, 2, 2, 1, 1, 1, 1, 1, 2, 1, 1, 1, 1, 2, 1, 1, 1, 1, 2, 1, 2, 1, 1, 1, 1, 1, 1, 1, 1, 1, 1, 1, 1, 1, 1, 1, 1, 1, 2, 2, 1, 2, 1, 1, 1, 1, 1, 2, 1, 1, 1, 1, 1, 1, 1, 1, 1, 1, 1, 1, 1, 2, 1, 1, 2, 1, 1, 2, 1, 1, 1, 1, 1, 1, 2, 2, 1]
w=210420553710172384/590295810358705747841 [cg] doubles=41 n=215
  xk(2^-20 units)=[6992, 11136, 15352, 23040, 27400, 31528, 35640, 39760, 43920, 55672, 48152, 60024, 64152, 68272, 72416, 76560, 80712, 84840, 88960, 93328, 100968, 322248, 105224, 113720, 118144, 125344, 129624, 133832, 138040, 142192, 146552, 154280, 158512, 162720, 167056, 174752, 178992, 183200, 187592, 195440, 203200, 207656, 211968, 216096, 220272, 224464, 228752, 236088, 240384, 244696, 252456, 256816, 260920, 265032, 269168, 273280, 277600, 109392, 286096, 290368, 297640, 301904, 379912, 306112, 314616, 326680, 331120, 310272, 338512, 342720, 346936, 351080, 355224, 359352, 363456, 367576, 371688, 375776, 383992, 388120, 392432, 400352, 404648, 408808, 413032, 420840, 428816, 281912, 433160, 437328, 441528, 445800, 453192, 457592, 461960, 466216, 473592, 477888, 482072, 486248, 490440, 494632, 498896, 506504, 510840, 514968, 519104, 523240, 527600, 535288, 539568, 543784, 548080, 555976, 564032, 580440, 568440, 731672, 576104, 584744, 589168, 596456, 600720, 604904, 609056, 613192, 617312, 621448, 625584, 629928, 637592, 641864, 646048, 650224, 654392, 658552, 662888, 670552, 674792, 679176, 687088, 691456, 695704, 703000, 707240, 711408, 715728, 760592, 724376, 735952, 740152, 744504, 748952, 756360, 720096, 838864, 764928, 769216, 773512, 781168, 785392, 789672, 793952, 801168, 805456, 809696, 813888, 818056, 822216, 826336, 830480, 834632, 843192, 863504, 850648, 854880, 859232, 867816, 875360, 879736, 884096, 888344, 895456, 899736, 903912, 908224, 912512, 916624, 920712, 924864, 929064, 933368, 940504, 944816, 949040, 953264, 957472, 961744, 969144, 973568, 977920, 982128, 989864, 994288, 998544, 1006296, 1010608, 1014768, 1018984, 1023232, 1030408, 1034688, 1039072, 1047104, 2872]
  m=[1, 1, 1, 2, 1, 1, 1, 1, 1, 2, 1, 1, 1, 1, 1, 1, 1, 1, 1, 2, 1, 1, 1, 2, 1, 1, 1, 1, 1, 1, 2, 1, 1, 1, 2, 1, 1, 1, 2, 1, 2, 2, 1, 1, 1, 1, 1, 1, 1, 1, 2, 1, 1, 1, 1, 1, 2, 1, 1, 1, 1, 1, 1, 1, 2, 2, 1, 1, 1, 1, 1, 1, 1, 1, 1, 1, 1, 1, 1, 1, 2, 2, 1, 1, 1, 2, 2, 1, 1, 1, 1, 1, 1, 2, 1, 1, 1, 1, 1, 1, 1, 1, 1, 2, 1, 1, 1, 1, 2, 1, 1, 1, 1, 2, 2, 1, 1, 1, 2, 2, 1, 1, 1, 1, 1, 1, 1, 1, 1, 2, 1, 1, 1, 1, 1, 1, 2, 1, 1, 2, 2, 1, 1, 1, 1, 1, 2, 1, 1, 1, 1, 2, 1, 1, 1, 1, 2, 1, 2, 1, 1, 1, 1, 1, 1, 1, 1, 1, 1, 1, 1, 1, 1, 1, 1, 1, 2, 2, 1, 2, 1, 1, 1, 1, 1, 2, 1, 1, 1, 1, 1, 1, 1, 1, 1, 1, 1, 1, 1, 2, 1, 1, 2, 1, 1, 2, 1, 1, 1, 1, 1, 1, 2, 2, 1]
w=209770253681835232/590295810358705747841 [cg] doubles=41 n=215
  xk(2^-20 units)=[3648, 7864, 171872, 19616, 23952, 28096, 32280, 36544, 43832, 48272, 52584, 56720, 60864, 65056, 69272, 76600, 80920, 85088, 89272, 93656, 101472, 130720, 110008, 117848, 105752, 122224, 126440, 392592, 138176, 142472, 146864, 154688, 158952, 429144, 163288, 167616, 843144, 179104, 187680, 192072, 199760, 204256, 211984, 216248, 220472, 224688, 229000, 236280, 240552, 244712, 249032, 253328, 257408, 261536, 265648, 269776, 274160, 281928, 286304, 293864, 298240, 302520, 309944, 347256, 314328, 318792, 330728, 334872, 338976, 343120, 326480, 351376, 355512, 359624, 363744, 367848, 371992, 376160, 433272, 380416, 388160, 400200, 404584, 183344, 445608, 416376, 420808, 15208, 699336, 437360, 441488, 425072, 449744, 454088, 461688, 465952, 470072, 474224, 482440, 486544, 490672, 494784, 498920, 503280, 510736, 515008, 519200, 523456, 531144, 535488, 539664, 543872, 548144, 555952, 564024, 408800, 597000, 716536, 572760, 580872, 588584, 592824, 601144, 605304, 609432, 613536, 617664, 621768, 625856, 630192, 637896, 642168, 646288, 650472, 654592, 658736, 663088, 670840, 568392, 675296, 683280, 687656, 691936, 826648, 703592, 707776, 712120, 723936, 728160, 732376, 736528, 740848, 745272, 752600, 756880, 761040, 765344, 769744, 777432, 781768, 785984, 790248, 797432, 801728, 805912, 810088, 814248, 818376, 822504, 478328, 830752, 834904, 839024, 847272, 851392, 855512, 859864, 867672, 872096, 879672, 933400, 888168, 892304, 896472, 900696, 908280, 912664, 916840, 920992, 925096, 929248, 884016, 937584, 941864, 949080, 953352, 957560, 961728, 965864, 970256, 977864, 982112, 986480, 990800, 995032, 1002712, 1011296, 1007072, 1015584, 1022760, 1027080, 1031280, 1035632, 1043656, 1048000]
  m=[1, 1, 1, 2, 1, 1, 1, 1, 1, 2, 1, 1, 1, 1, 1, 1, 1, 1, 1, 2, 1, 1, 1, 2, 1, 1, 1, 1, 1, 1, 2, 1, 1, 1, 2, 1, 1, 1, 2, 1, 2, 2, 1, 1, 1, 1, 1, 1, 1, 1, 2, 1, 1, 1, 1, 1, 2, 1, 1, 1, 1, 1, 1, 1, 2, 2, 1, 1, 1, 1, 1, 1, 1, 1, 1, 1, 1, 1, 1, 1, 2, 2, 1, 1, 1, 2, 2, 1, 1, 1, 1, 1, 1, 2, 1, 1, 1, 1, 1, 1, 1, 1, 1, 2, 1, 1, 1, 1, 2, 1, 1, 1, 1, 2, 2, 1, 1, 1, 2, 2, 1, 1, 1, 1, 1, 1, 1, 1, 1, 2, 1, 1, 1, 1, 1, 1, 2, 1, 1, 2, 2, 1, 1, 1, 1, 1, 2, 1, 1, 1, 1, 2, 1, 1, 1, 1, 2, 1, 2, 1, 1, 1, 1, 1, 1, 1, 1, 1, 1, 1, 1, 1, 1, 1, 1, 1, 2, 2, 1, 2, 1, 1, 1, 1, 1, 2, 1, 1, 1, 1, 1, 1, 1, 1, 1, 1, 1, 1, 1, 2, 1, 1, 2, 1, 1, 2, 1, 1, 1, 1, 1, 1, 2, 2, 1]
w=15416596895769716736/590295810358705747841 [cg] doubles=41 n=215
  xk(2^-20 units)=[6688, 1010328, 10824, 15152, 22832, 27080, 31304, 35480, 47160, 51592, 55912, 60056, 64176, 68296, 72416, 76568, 80712, 84920, 89160, 96808, 101160, 105336, 109576, 117216, 121584, 125776, 130016, 637808, 134352, 145912, 150256, 154616, 158888, 166184, 170600, 174960, 179208, 653576, 186928, 191360, 199160, 207144, 219936, 215728, 846792, 224256, 231512, 235800, 239992, 252656, 248408, 256744, 260808, 264888, 682744, 268992, 277264, 281576, 285712, 289896, 294176, 301424, 305664, 309864, 314240, 322136, 326488, 330616, 334744, 338904, 343056, 347320, 354688, 358976, 363176, 141616, 367320, 375640, 379840, 384088, 391816, 396328, 403984, 408208, 412368, 416728, 424720, 432384, 436664, 440864, 445008, 449168, 453304, 457656, 465328, 469552, 473736, 477904, 482064, 486248, 490416, 494688, 501888, 506320, 510632, 514736, 518920, 523120, 530840, 535176, 674064, 543416, 547536, 551832, 559784, 604952, 564232, 571704, 576160, 588320, 273032, 596744, 600840, 211528, 609080, 613208, 617368, 621544, 625760, 633384, 592624, 642008, 646336, 539280, 657872, 662024, 666376, 793176, 707488, 678448, 687080, 739904, 694768, 699008, 703216, 244112, 715288, 723096, 727376, 731568, 735744, 744248, 752016, 756288, 371496, 760472, 764856, 772656, 777080, 784760, 789024, 580552, 797312, 801448, 805576, 809696, 813824, 817920, 822008, 826128, 830240, 834360, 838520, 842632, 850952, 855184, 862880, 867368, 875120, 879520, 883936, 891360, 895632, 899896, 904080, 908488, 912928, 917344, 921952, 926616, 931240, 935744, 940120, 944408, 948672, 952856, 957064, 961232, 965480, 973272, 977704, 981944, 989696, 39784, 993992, 998360, 1006040, 1014504, 1018720, 1022976, 1030280, 1034536, 1038944, 1046840, 2576]
  m=[1, 1, 1, 2, 1, 1, 1, 1, 1, 2, 1, 1, 1, 1, 1, 1, 1, 1, 1, 2, 1, 1, 1, 2, 1, 1, 1, 1, 1, 1, 2, 1, 1, 1, 2, 1, 1, 1, 2, 1, 2, 2, 1, 1, 1, 1, 1, 1, 1, 1, 2, 1, 1, 1, 1, 1, 2, 1, 1, 1, 1, 1, 1, 1, 2, 2, 1, 1, 1, 1, 1, 1, 1, 1, 1, 1, 1, 1, 1, 1, 2, 2, 1, 1, 1, 2, 2, 1, 1, 1, 1, 1, 1, 2, 1, 1, 1, 1, 1, 1, 1, 1, 1, 2, 1, 1, 1, 1, 2, 1, 1, 1, 1, 2, 2, 1, 1, 1, 2, 2, 1, 1, 1, 1, 1, 1, 1, 1, 1, 2, 1, 1, 1, 1, 1, 1, 2, 1, 1, 2, 2, 1, 1, 1, 1, 1, 2, 1, 1, 1, 1, 2, 1, 1, 1, 1, 2, 1, 2, 1, 1, 1, 1, 1, 1, 1, 1, 1, 1, 1, 1, 1, 1, 1, 1, 1, 2, 2, 1, 2, 1, 1, 1, 1, 1, 2, 1, 1, 1, 1, 1, 1, 1, 1, 1, 1, 1, 1, 1, 2, 1, 1, 2, 1, 1, 2, 1, 1, 1, 1, 1, 1, 2, 2, 1]
w=5861015876415830016/590295810358705747841 [cg] doubles=41 n=215
  xk(2^-20 units)=[3872, 7984, 12112, 16456, 24080, 28272, 32488, 36648, 40920, 48480, 52832, 56960, 61136, 65312, 69616, 76784, 81112, 85312, 89456, 93760, 98096, 102376, 109656, 114064, 121864, 126128, 130336, 134488, 138640, 142800, 147136, 154792, 159072, 163232, 167600, 175216, 179504, 183688, 188072, 552648, 195992, 208136, 212488, 216632, 220824, 225096, 232496, 236728, 240912, 245064, 249368, 253712, 257976, 265120, 269368, 273544, 277864, 282232, 286464, 293944, 298224, 302416, 306616, 310848, 318512, 323000, 327408, 334800, 339072, 343264, 347416, 351608, 355752, 359880, 363992, 368136, 372264, 376384, 380560, 384696, 389088, 397144, 404840, 409104, 413312, 417736, 426040, 430576, 435040, 439696, 444312, 448816, 453160, 457576, 461928, 466184, 470488, 477824, 482136, 486376, 490568, 494704, 498856, 503168, 510864, 515144, 519312, 523464, 527776, 532200, 539576, 543848, 974264, 548216, 560520, 564896, 569136, 576592, 581024, 589056, 593448, 597712, 605080, 1035896, 609400, 613608, 617816, 621992, 626224, 633912, 638280, 642400, 646568, 650720, 654880, 659112, 666800, 671192, 675440, 683240, 691304, 695624, 699776, 703856, 707960, 712088, 716408, 720712, 724920, 732304, 736528, 740912, 745328, 752800, 757048, 875976, 761440, 773520, 781240, 785608, 789744, 793904, 798008, 802152, 806224, 810360, 200416, 818600, 822712, 826840, 830992, 835152, 843568, 814472, 847808, 855264, 859672, 867568, 871912, 880288, 884560, 888712, 892976, 900248, 904528, 908944, 916624, 920840, 925000, 929160, 933296, 937448, 941568, 945688, 949840, 953968, 958120, 962240, 769216, 966600, 978504, 982680, 987056, 994712, 998936, 1003264, 1007672, 1015048, 1019312, 1023472, 1027632, 1031760, 1040208, 1048112, 839360]
  m=[1, 1, 1, 2, 1, 1, 1, 1, 1, 2, 1, 1, 1, 1, 1, 1, 1, 1, 1, 2, 1, 1, 1, 2, 1, 1, 1, 1, 1, 1, 2, 1, 1, 1, 2, 1, 1, 1, 2, 1, 2, 2, 1, 1, 1, 1, 1, 1, 1, 1, 2, 1, 1, 1, 1, 1, 2, 1, 1, 1, 1, 1, 1, 1, 2, 2, 1, 1, 1, 1, 1, 1, 1, 1, 1, 1, 1, 1, 1, 1, 2, 2, 1, 1, 1, 2, 2, 1, 1, 1, 1, 1, 1, 2, 1, 1, 1, 1, 1, 1, 1, 1, 1, 2, 1, 1, 1, 1, 2, 1, 1, 1, 1, 2, 2, 1, 1, 1, 2, 2, 1, 1, 1, 1, 1, 1, 1, 1, 1, 2, 1, 1, 1, 1, 1, 1, 2, 1, 1, 2, 2, 1, 1, 1, 1, 1, 2, 1, 1, 1, 1, 2, 1, 1, 1, 1, 2, 1, 2, 1, 1, 1, 1, 1, 1, 1, 1, 1, 1, 1, 1, 1, 1, 1, 1, 1, 2, 2, 1, 2, 1, 1, 1, 1, 1, 2, 1, 1, 1, 1, 1, 1, 1, 1, 1, 1, 1, 1, 1, 2, 1, 1, 2, 1, 1, 2, 1, 1, 1, 1, 1, 1, 2, 2, 1]
w=471187392165303104/590295810358705747841 [cg] doubles=41 n=215
  xk(2^-20 units)=[6808, 11096, 174976, 19600, 23944, 28128, 35424, 39704, 43872, 48176, 52480, 56600, 60776, 64952, 69232, 76456, 80776, 84976, 89176, 93480, 97928, 134304, 109584, 113968, 105312, 118416, 125824, 130112, 138448, 142592, 146936, 154608, 158856, 429160, 163192, 167600, 842984, 179272, 187864, 195576, 200040, 207856, 212200, 216328, 220480, 224656, 228856, 233136, 240480, 244672, 249016, 253312, 257456, 261584, 265768, 269984, 277680, 285448, 289704, 293912, 298104, 302304, 306536, 347160, 314200, 318728, 330640, 334784, 338912, 343048, 326400, 351272, 355352, 359488, 363576, 367712, 371768, 375896, 380000, 384104, 388440, 396400, 404840, 183472, 409064, 416752, 424800, 15288, 433312, 437488, 441616, 445792, 450064, 457728, 462088, 466216, 470336, 474472, 478640, 482824, 487048, 491344, 498560, 502952, 515592, 511416, 519872, 507288, 527512, 531944, 536200, 543696, 547992, 552400, 560496, 400720, 572416, 723672, 576824, 584808, 589168, 593440, 600896, 605120, 609344, 613480, 617648, 621776, 625920, 630304, 638016, 642240, 646504, 650752, 658024, 662296, 666600, 670912, 568184, 675240, 683256, 687696, 694920, 699168, 711656, 707512, 716032, 703344, 727912, 732072, 736176, 740560, 748304, 752512, 756736, 760960, 768648, 772984, 777312, 785056, 789272, 793464, 797608, 801744, 805880, 810032, 814136, 818272, 822376, 826512, 830616, 834752, 838888, 847128, 851232, 855336, 859672, 871712, 879424, 883784, 867280, 888096, 892200, 896376, 900624, 908336, 912656, 916816, 920976, 925224, 932448, 936752, 940968, 945128, 949296, 953448, 957584, 961768, 966024, 973688, 978112, 982400, 990120, 994528, 1006568, 1002200, 1014784, 1010664, 1018936, 1023056, 1027208, 1031304, 1035632, 1043584, 1048048]
  m=[1, 1, 1, 2, 1, 1, 1, 1, 1, 2, 1, 1, 1, 1, 1, 1, 1, 1, 1, 2, 1, 1, 1, 2, 1, 1, 1, 1, 1, 1, 2, 1, 1, 1, 2, 1, 1, 1, 2, 1, 2, 2, 1, 1, 1, 1, 1, 1, 1, 1, 2, 1, 1, 1, 1, 1, 2, 1, 1, 1, 1, 1, 1, 1, 2, 2, 1, 1, 1, 1, 1, 1, 1, 1, 1, 1, 1, 1, 1, 1, 2, 2, 1, 1, 1, 2, 2, 1, 1, 1, 1, 1, 1, 2, 1, 1, 1, 1, 1, 1, 1, 1, 1, 2, 1, 1, 1, 1, 2, 1, 1, 1, 1, 2, 2, 1, 1, 1, 2, 2, 1, 1, 1, 1, 1, 1, 1, 1, 1, 2, 1, 1, 1, 1, 1, 1, 2, 1, 1, 2, 2, 1, 1, 1, 1, 1, 2, 1, 1, 1, 1, 2, 1, 1, 1, 1, 2, 1, 2, 1, 1, 1, 1, 1, 1, 1, 1, 1, 1, 1, 1, 1, 1, 1, 1, 1, 2, 2, 1, 2, 1, 1, 1, 1, 1, 2, 1, 1, 1, 1, 1, 1, 1, 1, 1, 1, 1, 1, 1, 2, 1, 1, 2, 1, 1, 2, 1, 1, 1, 1, 1, 1, 2, 2, 1]
w=4279990680481165312/590295810358705747841 [cg] doubles=41 n=215
  xk(2^-20 units)=[7560, 11808, 175192, 19496, 23840, 27960, 32160, 36472, 43800, 48208, 52544, 56704, 60912, 65240, 72624, 76856, 81088, 85216, 89384, 93736, 101400, 134376, 109752, 114104, 105600, 121808, 126056, 130200, 138496, 142624, 146968, 154656, 158872, 429056, 163272, 170984, 843048, 179336, 187752, 192184, 199912, 204440, 212032, 216312, 220680, 228032, 232304, 236496, 240616, 244728, 248960, 253256, 257352, 261480, 265600, 269736, 281672, 273992, 286072, 290344, 297792, 302048, 306256, 347224, 310608, 318656, 330624, 334832, 338928, 343112, 326384, 351400, 355552, 359784, 364048, 507416, 371432, 375728, 379920, 384088, 388448, 400408, 3392, 183464, 408936, 416808, 421320, 395992, 433304, 437472, 441576, 445720, 449880, 454248, 461944, 466160, 470432, 474680, 482040, 486328, 490520, 494672, 498816, 503096, 679200, 511632, 519064, 523344, 527728, 532152, 539608, 543784, 547968, 552344, 560328, 404704, 572224, 719872, 576624, 581120, 588888, 593200, 597504, 604872, 609208, 613408, 617568, 621728, 625856, 630168, 637776, 642000, 646128, 650248, 663056, 658816, 654536, 670400, 564744, 674800, 686864, 691200, 695360, 699496, 703640, 707880, 715520, 724040, 728136, 732336, 736520, 744072, 748472, 752600, 756728, 760872, 765184, 769544, 777352, 781728, 786000, 793352, 797592, 801792, 805944, 810064, 814168, 818304, 822448, 826568, 830656, 834792, 838896, 847176, 851528, 858872, 863344, 871384, 875728, 880048, 933032, 887728, 891944, 896152, 900392, 908008, 912376, 916528, 920672, 924768, 928896, 937168, 941304, 945416, 949544, 953648, 957776, 961888, 966056, 970384, 978000, 982200, 986544, 990920, 998288, 1002704, 1011152, 1007016, 1015344, 1019632, 1026904, 1031152, 1035512, 1043488, 1047832]
  m=[1, 1, 1, 2, 1, 1, 1, 1, 1, 2, 1, 1, 1, 1, 1, 1, 1, 1, 1, 2, 1, 1, 1, 2, 1, 1, 1, 1, 1, 1, 2, 1, 1, 1, 2, 1, 1, 1, 2, 1, 2, 2, 1, 1, 1, 1, 1, 1, 1, 1, 2, 1, 1, 1, 1, 1, 2, 1, 1, 1, 1, 1, 1, 1, 2, 2, 1, 1, 1, 1, 1, 1, 1, 1, 1, 1, 1, 1, 1, 1, 2, 2, 1, 1, 1, 2, 2, 1, 1, 1, 1, 1, 1, 2, 1, 1, 1, 1, 1, 1, 1, 1, 1, 2, 1, 1, 1, 1, 2, 1, 1, 1, 1, 2, 2, 1, 1, 1, 2, 2, 1, 1, 1, 1, 1, 1, 1, 1, 1, 2, 1, 1, 1, 1, 1, 1, 2, 1, 1, 2, 2, 1, 1, 1, 1, 1, 2, 1, 1, 1, 1, 2, 1, 1, 1, 1, 2, 1, 2, 1, 1, 1, 1, 1, 1, 1, 1, 1, 1, 1, 1, 1, 1, 1, 1, 1, 2, 2, 1, 2, 1, 1, 1, 1, 1, 2, 1, 1, 1, 1, 1, 1, 1, 1, 1, 1, 1, 1, 1, 2, 1, 1, 2, 1, 1, 2, 1, 1, 1, 1, 1, 1, 2, 2, 1]
w=8716338749270787072/590295810358705747841 [cg] doubles=41 n=215
  xk(2^-20 units)=[3448, 7680, 175056, 19416, 23768, 27928, 32136, 36392, 43624, 48080, 52432, 56576, 60744, 64992, 72408, 76672, 80928, 85120, 89384, 97120, 101464, 134288, 109744, 114088, 105608, 118496, 125848, 130112, 138440, 142568, 146888, 154640, 158832, 429088, 163184, 167640, 842928, 179344, 183784, 191520, 195960, 207928, 212232, 216336, 220512, 224680, 920784, 236184, 240456, 244600, 248944, 253192, 257256, 261344, 265448, 269552, 278048, 285592, 289816, 294024, 298200, 302384, 314008, 347392, 318408, 322872, 330568, 334824, 338952, 343136, 273664, 351680, 228936, 359152, 363376, 367608, 371752, 375912, 380056, 384184, 388528, 396560, 408176, 203544, 412456, 416808, 424712, 15056, 433208, 437368, 441496, 445648, 449880, 457480, 461808, 465920, 470064, 474176, 482384, 486520, 490656, 494784, 498920, 503280, 510864, 515128, 519304, 523440, 527800, 535520, 539752, 543944, 548184, 555952, 560400, 400984, 568936, 719632, 576688, 584768, 589120, 593320, 597632, 604992, 609328, 613568, 617808, 634096, 622056, 629768, 638232, 642336, 646488, 650592, 654760, 658976, 666688, 671096, 564696, 678792, 683312, 690992, 695208, 699392, 703520, 707648, 712000, 723888, 728096, 732232, 736392, 740744, 748392, 752600, 756768, 760912, 765256, 772904, 777328, 781760, 789048, 793328, 797536, 801680, 805800, 809944, 814056, 818184, 822296, 826416, 830536, 834664, 838792, 847064, 851240, 855480, 863240, 871280, 875704, 883520, 478264, 887872, 892000, 896208, 900440, 908160, 912504, 916648, 306632, 924960, 929128, 933416, 940840, 945080, 949296, 953464, 957608, 961760, 965920, 970272, 977840, 982024, 986320, 990648, 994872, 1002656, 1014680, 1010400, 1018896, 1023056, 1027232, 1031456, 1039056, 1043536, 1047864]
  m=[1, 1, 1, 2, 1, 1, 1, 1, 1, 2, 1, 1, 1, 1, 1, 1, 1, 1, 1, 2, 1, 1, 1, 2, 1, 1, 1, 1, 1, 1, 2, 1, 1, 1, 2, 1, 1, 1, 2, 1, 2, 2, 1, 1, 1, 1, 1, 1, 1, 1, 2, 1, 1, 1, 1, 1, 2, 1, 1, 1, 1, 1, 1, 1, 2, 2, 1, 1, 1, 1, 1, 1, 1, 1, 1, 1, 1, 1, 1, 1, 2, 2, 1, 1, 1, 2, 2, 1, 1, 1, 1, 1, 1, 2, 1, 1, 1, 1, 1, 1, 1, 1, 1, 2, 1, 1, 1, 1, 2, 1, 1, 1, 1, 2, 2, 1, 1, 1, 2, 2, 1, 1, 1, 1, 1, 1, 1, 1, 1, 2, 1, 1, 1, 1, 1, 1, 2, 1, 1, 2, 2, 1, 1, 1, 1, 1, 2, 1, 1, 1, 1, 2, 1, 1, 1, 1, 2, 1, 2, 1, 1, 1, 1, 1, 1, 1, 1, 1, 1, 1, 1, 1, 1, 1, 1, 1, 2, 2, 1, 2, 1, 1, 1, 1, 1, 2, 1, 1, 1, 1, 1, 1, 1, 1, 1, 1, 1, 1, 1, 2, 1, 1, 2, 1, 1, 2, 1, 1, 1, 1, 1, 1, 2, 2, 1]
w=3954637448904875520/590295810358705747841 [cg] doubles=41 n=215
  xk(2^-20 units)=[7032, 11168, 15368, 23040, 27400, 31544, 35688, 39872, 44096, 51664, 56016, 60168, 64296, 68400, 72552, 76640, 80784, 84928, 89024, 93400, 101032, 105256, 109408, 113744, 118144, 125360, 129648, 133872, 138032, 142184, 146480, 150816, 155024, 162576, 166968, 171352, 175648, 183136, 187568, 191944, 199744, 204256, 211880, 216104, 220272, 224512, 228784, 236192, 240464, 244672, 249040, 256728, 260952, 265120, 269232, 273360, 277680, 282080, 289344, 293656, 297864, 302056, 306304, 318344, 314056, 322624, 326960, 331184, 338472, 342768, 346968, 351152, 355296, 359440, 363560, 367704, 371824, 375976, 380168, 384392, 392176, 400128, 404464, 408616, 412856, 420616, 425096, 429488, 436744, 440968, 445136, 449304, 453440, 457784, 465464, 469712, 473888, 478056, 482224, 486416, 490648, 494952, 502312, 506752, 511096, 515264, 519520, 526888, 531312, 535624, 539720, 543848, 547976, 552336, 560336, 564760, 572072, 728344, 576520, 584584, 589080, 596472, 600736, 604928, 609088, 613256, 617392, 621536, 625648, 629952, 634352, 641640, 645904, 650104, 654272, 658416, 662784, 670424, 674640, 679000, 686904, 691280, 695472, 699760, 706960, 711248, 715592, 760640, 724112, 735784, 740064, 744488, 752232, 756464, 719944, 838648, 764984, 772592, 776968, 781288, 785448, 789752, 797152, 801408, 805616, 809768, 813952, 818056, 822184, 826280, 830408, 834544, 842752, 846872, 850984, 855112, 859456, 867424, 875200, 879568, 883944, 888184, 895480, 899720, 903864, 908176, 912480, 916608, 920736, 924936, 929216, 936424, 940696, 944904, 949072, 953232, 957376, 961488, 965624, 969976, 977752, 982056, 989824, 994176, 998336, 1002664, 1010408, 1014632, 1018848, 1023104, 1030520, 1034800, 1039216, 1047152, 2920]
  m=[1, 1, 1, 2, 1, 1, 1, 1, 1, 2, 1, 1, 1, 1, 1, 1, 1, 1, 1, 2, 1, 1, 1, 2, 1, 1, 1, 1, 1, 1, 2, 1, 1, 1, 2, 1, 1, 1, 2, 1, 2, 2, 1, 1, 1, 1, 1, 1, 1, 1, 2, 1, 1, 1, 1, 1, 2, 1, 1, 1, 1, 1, 1, 1, 2, 2, 1, 1, 1, 1, 1, 1, 1, 1, 1, 1, 1, 1, 1, 1, 2, 2, 1, 1, 1, 2, 2, 1, 1, 1, 1, 1, 1, 2, 1, 1, 1, 1, 1, 1, 1, 1, 1, 2, 1, 1, 1, 1, 2, 1, 1, 1, 1, 2, 2, 1, 1, 1, 2, 2, 1, 1, 1, 1, 1, 1, 1, 1, 1, 2, 1, 1, 1, 1, 1, 1, 2, 1, 1, 2, 2, 1, 1, 1, 1, 1, 2, 1, 1, 1, 1, 2, 1, 1, 1, 1, 2, 1, 2, 1, 1, 1, 1, 1, 1, 1, 1, 1, 1, 1, 1, 1, 1, 1, 1, 1, 2, 2, 1, 2, 1, 1, 1, 1, 1, 2, 1, 1, 1, 1, 1, 1, 1, 1, 1, 1, 1, 1, 1, 2, 1, 1, 2, 1, 1, 2, 1, 1, 1, 1, 1, 1, 2, 2, 1]
w=10909790151663710/590295810358705747841 [cg] doubles=41 n=215
  xk(2^-20 units)=[7016, 11152, 15360, 22992, 27320, 31464, 35584, 39728, 43832, 52296, 47960, 59920, 64136, 68312, 72512, 76616, 80744, 84896, 89024, 93368, 101008, 318480, 105232, 113680, 118008, 122280, 129616, 133904, 138104, 142256, 146584, 154200, 158424, 162512, 166768, 175128, 179192, 183296, 187568, 191928, 199624, 204144, 211816, 216056, 220240, 224488, 228792, 236112, 240368, 244528, 248920, 256664, 260840, 265000, 269128, 273280, 277592, 109368, 289256, 293616, 297824, 302056, 171032, 306352, 314136, 322832, 330456, 334680, 338824, 342936, 347072, 351216, 355352, 359488, 363584, 367768, 371968, 376272, 383568, 387856, 392272, 400240, 404576, 408736, 412976, 420792, 425288, 282000, 432936, 437216, 441424, 445632, 449920, 457656, 462040, 466296, 473584, 477864, 482056, 486224, 490400, 494520, 498640, 502984, 510672, 514912, 519136, 523384, 531024, 535416, 539544, 543736, 547960, 555752, 563800, 580440, 568248, 731856, 576104, 584736, 589072, 593320, 600608, 604856, 609040, 613224, 617360, 621504, 625632, 629960, 637632, 641824, 645976, 650136, 654328, 658536, 666224, 670616, 674880, 682584, 687056, 691488, 698960, 703208, 707368, 711528, 715864, 760632, 727552, 736072, 740216, 744600, 752272, 756488, 720264, 834904, 764936, 769360, 777120, 781464, 785648, 789944, 797216, 801464, 805664, 809816, 814032, 818176, 822352, 826496, 830664, 936992, 839216, 846496, 850840, 855080, 859464, 867352, 871792, 879576, 883960, 888248, 895600, 899832, 903984, 908288, 912544, 916640, 920712, 924768, 928832, 932936, 941048, 945128, 949200, 953352, 957464, 961592, 965768, 973360, 977728, 981840, 986176, 993864, 998128, 1002464, 1010280, 1014528, 1018792, 1023088, 1030496, 1034760, 1039120, 1047088, 2880]
  m=[1, 1, 1, 2, 1, 1, 1, 1, 1, 2, 1, 1, 1, 1, 1, 1, 1, 1, 1, 2, 1, 1, 1, 2, 1, 1, 1, 1, 1, 1, 2, 1, 1, 1, 2, 1, 1, 1, 2, 1, 2, 2, 1, 1, 1, 1, 1, 1, 1, 1, 2, 1, 1, 1, 1, 1, 2, 1, 1, 1, 1, 1, 1, 1, 2, 2, 1, 1, 1, 1, 1, 1, 1, 1, 1, 1, 1, 1, 1, 1, 2, 2, 1, 1, 1, 2, 2, 1, 1, 1, 1, 1, 1, 2, 1, 1, 1, 1, 1, 1, 1, 1, 1, 2, 1, 1, 1, 1, 2, 1, 1, 1, 1, 2, 2, 1, 1, 1, 2, 2, 1, 1, 1, 1, 1, 1, 1, 1, 1, 2, 1, 1, 1, 1, 1, 1, 2, 1, 1, 2, 2, 1, 1, 1, 1, 1, 2, 1, 1, 1, 1, 2, 1, 1, 1, 1, 2, 1, 2, 1, 1, 1, 1, 1, 1, 1, 1, 1, 1, 1, 1, 1, 1, 1, 1, 1, 2, 2, 1, 2, 1, 1, 1, 1, 1, 2, 1, 1, 1, 1, 1, 1, 1, 1, 1, 1, 1, 1, 1, 2, 1, 1, 2, 1, 1, 2, 1, 1, 1, 1, 1, 1, 2, 2, 1]
w=460435052296689088/590295810358705747841 [cg] doubles=25 n=231
  xk(2^-20 units)=[1952, 24720, 10864, 6424, 276480, 38432, 42864, 51528, 55880, 15440, 60264, 64712, 73800, 69224, 451456, 839024, 82832, 1015544, 87224, 141472, 91544, 124520, 731888, 554128, 171472, 108040, 112416, 1024144, 128792, 195600, 133040, 150232, 154552, 116792, 267752, 158696, 78312, 343184, 175680, 100192, 179960, 187056, 191360, 330176, 204040, 514832, 216984, 230688, 208320, 235472, 240232, 254176, 587480, 249576, 258768, 263296, 162816, 225984, 272136, 244960, 289528, 821976, 293696, 297880, 302048, 306224, 310352, 318680, 322952, 137248, 952528, 334592, 167136, 338960, 314504, 379360, 350752, 355136, 359368, 280760, 367144, 1019848, 506408, 383800, 199800, 424560, 388008, 396824, 401168, 629336, 405680, 410312, 371616, 415096, 519144, 641904, 532240, 429064, 998488, 438096, 460360, 442624, 447096, 889784, 455888, 489736, 468376, 472792, 477096, 481360, 485568, 212664, 493880, 145800, 498024, 502192, 510608, 523464, 433560, 527792, 221360, 536736, 419928, 545448, 940040, 558472, 570400, 566064, 982400, 633560, 578984, 549792, 583240, 960952, 591688, 694424, 595872, 1037184, 600048, 604216, 608384, 612544, 616744, 29424, 620928, 625128, 646064, 690008, 663376, 650408, 1007040, 654784, 658976, 667832, 672192, 676616, 681080, 392416, 685544, 574696, 698800, 703216, 707520, 711960, 718960, 736200, 740544, 748176, 33992, 761280, 752512, 770224, 808848, 765688, 774816, 788280, 1032832, 95856, 797112, 813320, 756896, 801440, 792704, 817712, 826256, 830560, 834824, 843200, 868400, 986696, 860120, 948344, 864264, 872592, 20056, 1028472, 856016, 851672, 881000, 885392, 876808, 901472, 894088, 847384, 910200, 779416, 637736, 914584, 923040, 723272, 783888, 956720, 918808, 927240, 727600, 935712, 991072, 905784, 944152, 965232, 969520, 973816, 978088, 541064, 931400, 1002784, 1011288, 1041600, 1046056, 47200, 285160]
  m=[1, 1, 1, 1, 1, 1, 1, 1, 1, 2, 1, 1, 1, 1, 1, 1, 1, 1, 1, 1, 1, 1, 1, 1, 1, 2, 1, 1, 1, 1, 1, 2, 1, 2, 1, 1, 1, 1, 1, 1, 1, 1, 1, 1, 1, 1, 1, 1, 1, 1, 1, 1, 1, 1, 1, 1, 1, 2, 1, 1, 1, 1, 1, 1, 1, 1, 1, 1, 1, 1, 1, 2, 2, 1, 1, 2, 2, 1, 1, 1, 2, 1, 1, 1, 1, 1, 1, 1, 1, 1, 1, 1, 1, 1, 1, 1, 2, 1, 1, 2, 1, 2, 1, 1, 1, 1, 1, 1, 1, 1, 1, 1, 1, 2, 1, 1, 1, 1, 2, 1, 1, 1, 1, 1, 1, 1, 1, 1, 1, 1, 1, 1, 1, 1, 1, 1, 1, 1, 1, 1, 1, 1, 1, 1, 1, 1, 1, 1, 2, 2, 1, 1, 1, 1, 1, 1, 1, 2, 1, 1, 1, 1, 1, 1, 1, 1, 1, 1, 1, 1, 1, 1, 1, 1, 1, 1, 1, 1, 1, 2, 1, 1, 2, 1, 1, 1, 1, 1, 1, 1, 1, 1, 1, 1, 1, 1, 1, 2, 1, 2, 1, 1, 1, 1, 2, 1, 1, 1, 1, 1, 1, 1, 1, 1, 1, 2, 1, 1, 1, 1, 1, 1, 1, 1, 1, 1, 1, 1, 1, 1, 2]
w=4144781332652446720/590295810358705747841 [cg] doubles=41 n=215
  xk(2^-20 units)=[3216, 1006848, 7328, 15776, 23392, 27648, 31824, 35984, 617368, 44432, 768904, 60448, 64656, 68864, 73040, 167080, 77248, 81536, 88944, 93376, 97824, 105152, 109448, 113808, 118200, 125568, 129824, 134016, 138136, 142320, 146664, 154288, 158512, 11448, 162800, 171216, 175392, 179624, 187416, 191824, 199616, 207640, 220152, 216048, 846824, 224264, 228376, 232480, 236568, 240688, 244992, 252696, 261120, 265256, 269432, 273688, 281488, 256936, 285872, 290088, 294376, 301616, 305896, 310048, 314384, 322248, 326568, 330688, 334760, 338880, 343000, 347144, 351360, 355624, 362848, 367112, 371344, 375504, 379672, 383824, 388160, 396064, 400456, 404720, 412048, 428632, 420720, 432936, 437040, 441112, 445240, 449352, 453464, 457752, 462080, 466336, 473576, 477888, 482120, 486304, 490456, 494616, 498800, 503160, 510824, 514968, 519120, 523240, 527576, 535360, 539632, 543936, 551256, 555656, 560136, 604680, 567840, 572072, 576456, 588632, 416344, 56168, 592992, 211944, 608968, 613192, 584240, 621544, 625792, 633504, 637872, 642016, 48840, 650320, 654496, 658728, 666336, 670680, 674832, 679168, 687136, 646168, 694968, 699232, 703464, 707704, 715352, 719752, 723944, 728256, 735560, 739992, 748544, 752800, 810152, 760184, 764576, 773048, 777424, 785024, 789248, 793432, 797600, 965616, 805928, 801776, 597272, 814408, 821784, 826056, 830248, 834400, 838552, 842680, 850968, 855104, 859456, 867336, 744336, 871832, 879704, 884000, 888352, 895960, 900288, 909040, 913544, 918080, 922760, 927376, 931888, 936240, 940544, 944768, 948984, 953160, 957320, 961472, 904552, 969968, 977696, 981904, 986264, 40120, 990640, 998360, 1002704, 1011056, 1015248, 1019536, 1026800, 1031048, 1035416, 1043360, 1047672]
  m=[1, 1, 1, 2, 1, 1, 1, 1, 1, 2, 1, 1, 1, 1, 1, 1, 1, 1, 1, 2, 1, 1, 1, 2, 1, 1, 1, 1, 1, 1, 2, 1, 1, 1, 2, 1, 1, 1, 2, 1, 2, 2, 1, 1, 1, 1, 1, 1, 1, 1, 2, 1, 1, 1, 1, 1, 2, 1, 1, 1, 1, 1, 1, 1, 2, 2, 1, 1, 1, 1, 1, 1, 1, 1, 1, 1, 1, 1, 1, 1, 2, 2, 1, 1, 1, 2, 2, 1, 1, 1, 1, 1, 1, 2, 1, 1, 1, 1, 1, 1, 1, 1, 1, 2, 1, 1, 1, 1, 2, 1, 1, 1, 1, 2, 2, 1, 1, 1, 2, 2, 1, 1, 1, 1, 1, 1, 1, 1, 1, 2, 1, 1, 1, 1, 1, 1, 2, 1, 1, 2, 2, 1, 1, 1, 1, 1, 2, 1, 1, 1, 1, 2, 1, 1, 1, 1, 2, 1, 2, 1, 1, 1, 1, 1, 1, 1, 1, 1, 1, 1, 1, 1, 1, 1, 1, 1, 2, 2, 1, 2, 1, 1, 1, 1, 1, 2, 1, 1, 1, 1, 1, 1, 1, 1, 1, 1, 1, 1, 1, 2, 1, 1, 2, 1, 1, 2, 1, 1, 1, 1, 1, 1, 2, 2, 1]
w=4846543566295396352/590295810358705747841 [cg] doubles=41 n=215
  xk(2^-20 units)=[6728, 1010432, 10880, 15168, 19616, 27008, 31272, 35456, 43928, 51576, 55936, 60072, 64176, 68312, 117800, 76528, 80616, 84728, 88872, 97336, 104944, 92976, 109144, 113488, 72424, 122024, 129456, 716040, 137928, 142056, 146400, 154056, 158304, 162480, 166792, 171168, 178472, 400248, 187192, 194912, 199360, 207416, 223456, 216072, 846968, 227728, 231912, 236056, 240216, 252272, 244552, 256488, 260648, 264800, 268904, 277600, 273192, 285016, 289296, 293504, 297712, 302016, 309376, 182776, 313816, 321864, 326232, 330416, 334568, 338760, 343024, 350360, 354616, 358840, 362968, 367096, 371248, 375352, 379488, 383632, 387928, 395920, 404424, 408712, 416120, 420536, 428512, 432848, 437024, 461480, 441184, 445432, 452728, 457152, 465616, 469728, 473880, 478008, 482152, 486312, 490432, 494576, 498808, 506360, 510752, 514872, 519032, 523160, 527528, 535120, 670656, 543488, 547616, 551944, 559944, 604800, 564400, 571792, 576272, 592096, 650128, 596472, 600648, 211792, 608920, 613088, 617192, 621320, 630056, 625632, 637472, 641728, 645920, 539320, 654440, 661824, 666256, 793312, 707304, 678544, 686432, 690768, 694920, 699040, 703136, 133736, 711640, 723520, 727744, 731976, 736208, 744000, 748392, 752608, 756920, 764328, 768776, 773184, 780776, 785120, 789192, 584160, 797432, 801520, 805616, 809744, 813840, 817960, 822080, 826224, 830352, 834488, 838640, 842784, 851264, 858616, 863024, 867456, 875176, 879528, 883928, 888216, 895552, 899848, 904048, 908448, 912888, 917312, 921872, 926520, 931136, 935624, 940016, 944272, 948528, 952768, 957000, 961224, 965520, 973288, 977704, 981968, 989784, 39656, 994216, 1001936, 1006280, 1014584, 1018768, 1022936, 1027192, 1034528, 1038904, 1043392, 2528]
  m=[1, 1, 1, 2, 1, 1, 1, 1, 1, 2, 1, 1, 1, 1, 1, 1, 1, 1, 1, 2, 1, 1, 1, 2, 1, 1, 1, 1, 1, 1, 2, 1, 1, 1, 2, 1, 1, 1, 2, 1, 2, 2, 1, 1, 1, 1, 1, 1, 1, 1, 2, 1, 1, 1, 1, 1, 2, 1, 1, 1, 1, 1, 1, 1, 2, 2, 1, 1, 1, 1, 1, 1, 1, 1, 1, 1, 1, 1, 1, 1, 2, 2, 1, 1, 1, 2, 2, 1, 1, 1, 1, 1, 1, 2, 1, 1, 1, 1, 1, 1, 1, 1, 1, 2, 1, 1, 1, 1, 2, 1, 1, 1, 1, 2, 2, 1, 1, 1, 2, 2, 1, 1, 1, 1, 1, 1, 1, 1, 1, 2, 1, 1, 1, 1, 1, 1, 2, 1, 1, 2, 2, 1, 1, 1, 1, 1, 2, 1, 1, 1, 1, 2, 1, 1, 1, 1, 2, 1, 2, 1, 1, 1, 1, 1, 1, 1, 1, 1, 1, 1, 1, 1, 1, 1, 1, 1, 2, 2, 1, 2, 1, 1, 1, 1, 1, 2, 1, 1, 1, 1, 1, 1, 1, 1, 1, 1, 1, 1, 1, 2, 1, 1, 2, 1, 1, 2, 1, 1, 1, 1, 1, 1, 2, 2, 1]
w=350896277334549696/590295810358705747841 [cg] doubles=41 n=215
  xk(2^-20 units)=[3304, 7520, 175232, 19424, 23776, 28016, 32320, 39688, 43928, 48248, 986328, 56640, 60744, 64864, 69016, 77240, 81440, 85712, 92880, 97296, 101616, 134424, 110008, 117592, 105768, 121952, 126120, 130240, 138584, 142800, 150472, 154832, 159024, 429472, 163368, 171016, 842944, 179424, 183784, 318608, 191760, 207864, 212208, 216344, 220488, 224640, 228776, 232952, 237216, 244576, 248984, 253368, 257616, 196176, 264928, 269248, 281208, 285600, 289856, 294136, 301488, 305744, 309912, 347208, 314240, 326184, 330512, 334696, 338832, 343016, 273520, 351408, 355632, 470120, 359928, 367440, 371696, 375880, 380048, 384168, 388496, 396552, 408304, 203472, 412544, 416944, 425056, 11760, 433744, 867360, 441160, 445464, 449640, 453976, 461736, 465968, 1027192, 474272, 482496, 486608, 490720, 494856, 498960, 503264, 507672, 515088, 519352, 523536, 527856, 532296, 539680, 543976, 548288, 556024, 560488, 400976, 572384, 719776, 576808, 584808, 589160, 593296, 597456, 601672, 605960, 613336, 617624, 630592, 621808, 626184, 637904, 642120, 646304, 650456, 654592, 658752, 663104, 670792, 564880, 675216, 683224, 687608, 691896, 699176, 703480, 707680, 712024, 724008, 728200, 732352, 736496, 740824, 748424, 752656, 756824, 760952, 765256, 769616, 777280, 781680, 785952, 793264, 797504, 801648, 805816, 809968, 814112, 818240, 822352, 826456, 830536, 834688, 838816, 847104, 851240, 855368, 859688, 871760, 876128, 883760, 478376, 888088, 892296, 896568, 903832, 908232, 912584, 916720, 920880, 925048, 929232, 933480, 940840, 945136, 949360, 953536, 957736, 962008, 969384, 973776, 978072, 982184, 990664, 73120, 998432, 1002848, 1014784, 1010552, 1018936, 1023080, 1031288, 52536, 1035544, 1039968, 1047624]
  m=[1, 1, 1, 2, 1, 1, 1, 1, 1, 2, 1, 1, 1, 1, 1, 1, 1, 1, 1, 2, 1, 1, 1, 2, 1, 1, 1, 1, 1, 1, 2, 1, 1, 1, 2, 1, 1, 1, 2, 1, 2, 2, 1, 1, 1, 1, 1, 1, 1, 1, 2, 1, 1, 1, 1, 1, 2, 1, 1, 1, 1, 1, 1, 1, 2, 2, 1, 1, 1, 1, 1, 1, 1, 1, 1, 1, 1, 1, 1, 1, 2, 2, 1, 1, 1, 2, 2, 1, 1, 1, 1, 1, 1, 2, 1, 1, 1, 1, 1, 1, 1, 1, 1, 2, 1, 1, 1, 1, 2, 1, 1, 1, 1, 2, 2, 1, 1, 1, 2, 2, 1, 1, 1, 1, 1, 1, 1, 1, 1, 2, 1, 1, 1, 1, 1, 1, 2, 1, 1, 2, 2, 1, 1, 1, 1, 1, 2, 1, 1, 1, 1, 2, 1, 1, 1, 1, 2, 1, 2, 1, 1, 1, 1, 1, 1, 1, 1, 1, 1, 1, 1, 1, 1, 1, 1, 1, 2, 2, 1, 2, 1, 1, 1, 1, 1, 2, 1, 1, 1, 1, 1, 1, 1, 1, 1, 1, 1, 1, 1, 2, 1, 1, 2, 1, 1, 2, 1, 1, 1, 1, 1, 1, 2, 2, 1]
w=5540793683790667776/590295810358705747841 [cg] doubles=41 n=215
  xk(2^-20 units)=[3464, 7584, 175328, 16072, 23752, 27960, 32160, 36344, 40552, 48232, 52568, 56704, 60840, 65000, 69192, 73480, 80816, 85104, 89296, 93696, 101360, 134360, 109720, 114024, 11704, 118432, 125888, 130160, 138576, 142840, 150568, 154912, 159040, 428968, 163376, 171088, 843144, 179496, 188016, 195696, 200056, 204504, 212168, 216392, 220600, 224768, 228936, 233136, 237352, 241496, 249000, 253344, 257496, 261624, 265824, 270032, 277848, 282216, 286448, 290704, 298136, 302432, 306600, 347440, 310960, 318944, 330656, 334952, 339104, 343280, 323416, 351560, 355696, 359824, 363952, 368072, 372192, 376304, 433208, 380432, 384776, 392816, 404696, 183664, 408840, 413184, 421288, 650528, 699392, 437400, 441544, 445728, 449968, 457616, 461968, 466072, 470224, 474344, 482656, 486808, 490992, 495240, 585336, 502944, 507336, 511512, 515784, 523280, 527688, 532048, 536320, 543720, 548008, 552368, 560272, 400456, 568704, 740888, 573048, 580992, 589488, 593752, 601032, 605280, 609464, 613608, 617760, 621888, 626008, 630312, 637944, 642216, 646384, 753440, 654664, 658760, 663080, 670848, 564592, 675248, 683264, 687624, 691888, 826680, 703648, 707776, 712104, 720664, 727976, 777632, 732272, 736592, 745048, 749208, 912584, 760768, 765192, 716440, 773288, 781840, 786096, 793296, 797584, 801824, 805944, 810104, 814288, 818424, 822552, 478496, 830776, 834928, 839024, 847280, 851408, 855504, 859840, 867688, 872096, 879824, 933272, 888224, 892352, 896520, 900688, 908264, 1026896, 916728, 920848, 924976, 929112, 884144, 937472, 941768, 949080, 953352, 957512, 961680, 965824, 970184, 977872, 982104, 986456, 990808, 998224, 1002616, 1011064, 1006936, 1015232, 1019528, 105560, 1031176, 1035520, 1043544, 1047872]
  m=[1, 1, 1, 2, 1, 1, 1, 1, 1, 2, 1, 1, 1, 1, 1, 1, 1, 1, 1, 2, 1, 1, 1, 2, 1, 1, 1, 1, 1, 1, 2, 1, 1, 1, 2, 1, 1, 1, 2, 1, 2, 2, 1, 1, 1, 1, 1, 1, 1, 1, 2, 1, 1, 1, 1, 1, 2, 1, 1, 1, 1, 1, 1, 1, 2, 2, 1, 1, 1, 1, 1, 1, 1, 1, 1, 1, 1, 1, 1, 1, 2, 2, 1, 1, 1, 2, 2, 1, 1, 1, 1, 1, 1, 2, 1, 1, 1, 1, 1, 1, 1, 1, 1, 2, 1, 1, 1, 1, 2, 1, 1, 1, 1, 2, 2, 1, 1, 1, 2, 2, 1, 1, 1, 1, 1, 1, 1, 1, 1, 2, 1, 1, 1, 1, 1, 1, 2, 1, 1, 2, 2, 1, 1, 1, 1, 1, 2, 1, 1, 1, 1, 2, 1, 1, 1, 1, 2, 1, 2, 1, 1, 1, 1, 1, 1, 1, 1, 1, 1, 1, 1, 1, 1, 1, 1, 1, 2, 2, 1, 2, 1, 1, 1, 1, 1, 2, 1, 1, 1, 1, 1, 1, 1, 1, 1, 1, 1, 1, 1, 2, 1, 1, 2, 1, 1, 2, 1, 1, 1, 1, 1, 1, 2, 2, 1]
w=1829423082197045248/590295810358705747841 [cg] doubles=41 n=215
  xk(2^-20 units)=[11192, 146224, 15384, 23032, 27376, 31504, 35616, 39760, 43896, 52336, 48024, 56712, 63944, 68264, 72456, 76600, 80776, 84960, 89176, 96752, 101080, 318664, 105208, 113592, 117912, 122208, 129400, 133664, 137864, 142016, 150624, 7024, 158376, 162672, 170472, 174824, 178960, 183144, 187480, 195192, 199608, 207504, 211840, 215992, 220152, 224384, 228680, 236104, 240360, 244560, 248936, 253336, 260656, 264864, 269048, 273168, 277480, 294304, 285888, 290056, 392472, 301632, 305832, 309992, 314312, 326288, 330624, 334736, 338832, 342952, 347088, 351208, 355352, 359472, 363616, 367728, 371888, 376048, 380304, 551440, 388016, 400216, 404584, 408792, 413016, 420832, 428864, 281760, 433168, 437296, 441472, 445752, 453064, 457512, 461848, 465992, 470224, 474536, 481808, 486072, 490280, 494448, 498624, 502944, 510648, 514896, 519160, 523408, 531096, 535480, 539696, 543952, 109296, 555856, 563928, 580440, 568320, 731968, 576112, 584776, 592368, 596616, 600784, 604952, 609072, 613224, 617352, 621448, 625552, 629872, 637552, 641736, 645904, 650048, 654184, 658304, 662632, 670272, 674480, 678840, 686712, 691112, 695368, 702904, 707208, 711416, 715784, 760552, 727744, 736104, 740288, 744600, 749024, 756320, 723472, 838696, 764920, 772672, 777064, 781368, 785520, 789680, 797056, 801312, 805592, 809808, 813944, 818104, 822232, 826344, 830480, 834592, 842808, 846944, 851072, 855192, 859544, 867488, 875296, 879680, 884032, 888288, 895616, 899848, 903976, 908280, 912568, 916672, 920792, 924920, 929112, 933360, 940592, 944856, 949104, 953272, 957424, 961616, 965848, 973488, 977800, 981920, 986248, 994032, 998360, 1006128, 1010472, 1014640, 1018824, 1023032, 1027304, 1034656, 1039080, 1047096, 2872]
  m=[1, 1, 1, 2, 1, 1, 1, 1, 1, 2, 1, 1, 1, 1, 1, 1, 1, 1, 1, 2, 1, 1, 1, 2, 1, 1, 1, 1, 1, 1, 2, 1, 1, 1, 2, 1, 1, 1, 2, 1, 2, 2, 1, 1, 1, 1, 1, 1, 1, 1, 2, 1, 1, 1, 1, 1, 2, 1, 1, 1, 1, 1, 1, 1, 2, 2, 1, 1, 1, 1, 1, 1, 1, 1, 1, 1, 1, 1, 1, 1, 2, 2, 1, 1, 1, 2, 2, 1, 1, 1, 1, 1, 1, 2, 1, 1, 1, 1, 1, 1, 1, 1, 1, 2, 1, 1, 1, 1, 2, 1, 1, 1, 1, 2, 2, 1, 1, 1, 2, 2, 1, 1, 1, 1, 1, 1, 1, 1, 1, 2, 1, 1, 1, 1, 1, 1, 2, 1, 1, 2, 2, 1, 1, 1, 1, 1, 2, 1, 1, 1, 1, 2, 1, 1, 1, 1, 2, 1, 2, 1, 1, 1, 1, 1, 1, 1, 1, 1, 1, 1, 1, 1, 1, 1, 1, 1, 2, 2, 1, 2, 1, 1, 1, 1, 1, 2, 1, 1, 1, 1, 1, 1, 1, 1, 1, 1, 1, 1, 1, 2, 1, 1, 2, 1, 1, 2, 1, 1, 1, 1, 1, 1, 2, 2, 1]
w=580186156404090496/590295810358705747841 [cg] doubles=41 n=215
  xk(2^-20 units)=[3352, 7504, 175248, 19312, 23680, 134328, 32032, 36208, 40440, 48120, 52480, 56696, 60944, 68360, 72632, 76792, 80992, 85160, 89304, 97768, 269520, 306408, 109552, 113968, 102184, 121712, 125976, 130152, 138504, 142736, 150424, 154784, 159064, 404688, 166776, 171128, 842872, 179400, 183752, 191456, 195832, 207848, 212200, 216320, 220480, 224608, 228800, 233088, 240280, 244528, 248848, 253120, 257224, 261320, 265424, 27864, 277904, 282288, 289616, 293888, 298088, 302216, 310608, 515368, 322584, 327072, 314840, 331480, 338896, 343216, 273608, 347480, 351792, 359176, 363440, 367616, 371768, 375896, 380040, 384144, 388472, 396240, 408792, 200200, 412936, 417256, 425400, 11704, 433104, 437360, 441584, 445752, 449864, 454160, 461632, 465808, 470072, 474232, 482552, 486704, 490840, 495032, 499248, 506888, 511216, 478400, 519488, 523616, 527904, 532336, 539544, 543784, 547952, 552264, 560224, 400560, 568704, 719624, 573048, 581096, 588968, 593232, 597552, 604976, 609272, 613472, 617664, 633848, 621832, 626208, 638096, 642280, 646440, 650584, 654744, 658976, 666624, 670936, 564552, 675248, 683368, 690968, 695216, 699376, 703512, 707632, 711960, 723816, 727976, 732104, 736264, 740600, 748280, 752536, 756720, 760904, 765240, 772864, 777272, 784984, 789216, 793384, 797536, 801656, 805760, 809880, 814000, 818120, 822192, 826304, 830416, 834552, 838704, 847040, 851280, 858768, 863232, 871288, 875688, 883456, 93448, 887840, 892152, 899480, 903768, 908120, 912424, 916560, 920696, 924848, 929040, 933304, 940688, 944984, 949168, 953296, 957464, 961632, 965728, 970048, 974440, 981832, 986272, 990672, 998232, 1002672, 1014536, 1007080, 1018816, 1023008, 1027144, 1031288, 1035608, 1043488, 1047808]
  m=[1, 1, 1, 2, 1, 1, 1, 1, 1, 2, 1, 1, 1, 1, 1, 1, 1, 1, 1, 2, 1, 1, 1, 2, 1, 1, 1, 1, 1, 1, 2, 1, 1, 1, 2, 1, 1, 1, 2, 1, 2, 2, 1, 1, 1, 1, 1, 1, 1, 1, 2, 1, 1, 1, 1, 1, 2, 1, 1, 1, 1, 1, 1, 1, 2, 2, 1, 1, 1, 1, 1, 1, 1, 1, 1, 1, 1, 1, 1, 1, 2, 2, 1, 1, 1, 2, 2, 1, 1, 1, 1, 1, 1, 2, 1, 1, 1, 1, 1, 1, 1, 1, 1, 2, 1, 1, 1, 1, 2, 1, 1, 1, 1, 2, 2, 1, 1, 1, 2, 2, 1, 1, 1, 1, 1, 1, 1, 1, 1, 2, 1, 1, 1, 1, 1, 1, 2, 1, 1, 2, 2, 1, 1, 1, 1, 1, 2, 1, 1, 1, 1, 2, 1, 1, 1, 1, 2, 1, 2, 1, 1, 1, 1, 1, 1, 1, 1, 1, 1, 1, 1, 1, 1, 1, 1, 1, 2, 2, 1, 2, 1, 1, 1, 1, 1, 2, 1, 1, 1, 1, 1, 1, 1, 1, 1, 1, 1, 1, 1, 2, 1, 1, 2, 1, 1, 2, 1, 1, 1, 1, 1, 1, 2, 2, 1]
w=14321054863624166/590295810358705747841 [cg] doubles=27 n=229
  xk(2^-20 units)=[3768, 1008664, 60520, 8104, 987584, 144304, 322360, 16864, 21264, 30136, 43368, 966472, 47728, 38992, 347808, 974360, 56248, 1004232, 1047880, 77944, 148944, 82600, 171856, 201280, 87272, 91888, 122104, 370584, 105248, 96440, 109656, 114088, 236904, 419448, 135208, 130840, 139704, 25712, 890096, 153912, 384264, 163152, 51976, 335016, 180256, 410696, 73472, 197128, 214120, 218576, 227672, 245952, 254808, 263512, 267800, 272056, 932512, 276456, 285104, 289336, 293608, 313776, 428096, 326592, 302120, 356528, 507208, 393032, 184400, 365792, 397416, 813176, 375240, 379800, 330800, 361080, 550792, 868768, 423816, 339240, 401760, 406232, 855696, 306464, 415088, 205496, 280848, 1038808, 167536, 432512, 436912, 445328, 449728, 441096, 469304, 454200, 460624, 223120, 511448, 64800, 343496, 158616, 502944, 490128, 494424, 999872, 515728, 524264, 519976, 898320, 473648, 532968, 546296, 555248, 465016, 690344, 559656, 846496, 564168, 478000, 572440, 757392, 606192, 576880, 631480, 581264, 664800, 597600, 589896, 485792, 660424, 995496, 232280, 728552, 498680, 610392, 644288, 614728, 619048, 824192, 639968, 627328, 652712, 250416, 648464, 669192, 541856, 12480, 677296, 681728, 686000, 698384, 737032, 702864, 707168, 711464, 715744, 297848, 724304, 804448, 732784, 741296, 877320, 749880, 774688, 745560, 192784, 209800, 766056, 720032, 783224, 770376, 761744, 778976, 176104, 911160, 787456, 795920, 791696, 1034392, 808752, 585648, 841896, 819752, 126496, 832944, 837400, 352136, 259168, 623176, 928240, 851104, 860112, 864488, 873008, 881736, 885992, 1016552, 241416, 188504, 902608, 528584, 894200, 100800, 906968, 800176, 919680, 915432, 923944, 941032, 635640, 936784, 828552, 34568, 945432, 69080, 537392, 953504, 957888, 962080, 978816, 983224, 388672, 602000, 1021008, 1025456, 1029920, 1043304, 318104]
  m=[1, 1, 1, 1, 1, 1, 1, 1, 1, 1, 1, 2, 1, 1, 1, 1, 1, 1, 2, 1, 1, 1, 1, 1, 1, 2, 1, 1, 2, 1, 1, 2, 1, 1, 1, 1, 2, 1, 1, 1, 1, 1, 1, 1, 1, 1, 1, 1, 1, 1, 1, 1, 1, 1, 1, 1, 1, 2, 1, 1, 1, 1, 1, 1, 1, 1, 1, 1, 1, 1, 1, 1, 1, 1, 1, 1, 1, 1, 1, 1, 1, 2, 1, 1, 1, 1, 1, 1, 1, 2, 1, 1, 2, 1, 1, 1, 1, 1, 1, 1, 1, 1, 1, 1, 1, 1, 1, 1, 1, 1, 1, 1, 1, 1, 1, 1, 1, 1, 2, 1, 2, 1, 1, 1, 1, 1, 1, 2, 1, 1, 2, 1, 1, 1, 1, 1, 1, 2, 1, 1, 2, 1, 1, 1, 1, 2, 1, 1, 2, 1, 1, 2, 1, 1, 1, 1, 1, 1, 1, 1, 1, 1, 2, 1, 1, 1, 2, 1, 1, 1, 1, 1, 1, 1, 1, 1, 1, 1, 1, 1, 1, 1, 1, 1, 1, 1, 1, 1, 1, 1, 1, 1, 1, 1, 1, 2, 1, 1, 1, 1, 2, 1, 1, 1, 1, 1, 1, 1, 1, 1, 1, 1, 1, 1, 2, 1, 1, 2, 1, 1, 2, 1, 1, 1, 1, 1, 1, 2, 1]
w=424112500104422336/590295810358705747841 [cg] doubles=28 n=228
  xk(2^-20 units)=[3920, 20712, 16264, 949272, 25072, 41968, 29248, 37624, 46328, 50504, 74968, 54712, 58976, 67592, 79384, 726936, 83776, 88184, 92632, 1008536, 101872, 106504, 953592, 111144, 120008, 124312, 128584, 132776, 115608, 153616, 141144, 149448, 162008, 354016, 771160, 537224, 722664, 829464, 191296, 218304, 209192, 195632, 407088, 200120, 285192, 204672, 222792, 927952, 265128, 97208, 166344, 977704, 227200, 186816, 231560, 398376, 235888, 820560, 252280, 247896, 136976, 1012888, 269408, 273672, 854984, 289544, 587232, 893216, 833848, 302704, 294016, 897632, 385344, 307104, 174256, 320928, 325560, 334848, 330176, 381048, 766592, 339728, 420240, 376624, 344600, 260872, 666848, 662336, 358576, 363128, 367592, 503088, 389688, 394024, 316320, 507328, 424664, 447160, 402728, 482440, 433584, 411448, 442640, 456176, 415832, 311696, 429072, 906432, 438128, 451680, 757048, 460632, 469400, 157792, 473736, 623256, 478064, 256560, 490232, 465040, 494568, 498840, 372072, 550880, 511528, 33440, 515744, 519992, 532872, 541672, 546272, 555576, 298392, 560232, 680248, 564824, 569376, 578328, 591744, 605520, 614520, 734544, 610032, 618904, 627552, 631816, 280992, 178720, 640592, 693264, 649160, 653504, 671384, 675872, 718272, 684568, 596344, 524232, 600904, 697400, 213760, 747992, 713936, 743536, 636184, 240280, 761824, 780072, 1034872, 657864, 788872, 797840, 705672, 793368, 802352, 775672, 806880, 811480, 701528, 816056, 825056, 528520, 752472, 739016, 573928, 842616, 709824, 859424, 863896, 990944, 871936, 986600, 888816, 1004136, 784464, 902024, 838152, 910808, 969816, 915144, 349352, 919448, 940872, 923712, 884440, 932304, 582768, 936672, 644856, 945080, 965384, 1039296, 961080, 880040, 850632, 982184, 688952, 995320, 145296, 999720, 1021776, 1017360, 8392, 1026104, 1030456, 63248, 1043704, 1048112]
  m=[1, 2, 1, 1, 1, 2, 1, 1, 1, 1, 1, 1, 1, 1, 1, 1, 1, 1, 1, 1, 1, 1, 1, 1, 1, 1, 1, 1, 1, 1, 1, 1, 1, 1, 1, 1, 1, 1, 1, 1, 1, 1, 1, 2, 1, 1, 1, 1, 1, 2, 1, 1, 1, 2, 1, 1, 1, 1, 1, 1, 1, 1, 1, 1, 1, 2, 1, 1, 1, 1, 2, 1, 1, 1, 2, 2, 2, 1, 1, 1, 1, 1, 1, 2, 1, 1, 1, 1, 1, 1, 1, 1, 1, 1, 1, 1, 1, 1, 1, 1, 2, 1, 1, 1, 1, 1, 1, 1, 1, 1, 1, 1, 1, 1, 1, 1, 1, 1, 1, 1, 1, 1, 2, 1, 1, 1, 1, 1, 1, 1, 1, 1, 1, 1, 1, 1, 2, 1, 1, 1, 1, 1, 1, 1, 1, 1, 1, 1, 1, 1, 1, 1, 1, 1, 2, 1, 1, 1, 1, 1, 1, 1, 1, 2, 2, 1, 1, 1, 1, 1, 1, 1, 1, 1, 1, 1, 1, 2, 1, 1, 1, 1, 1, 2, 1, 2, 1, 2, 1, 1, 2, 1, 1, 1, 1, 1, 1, 1, 2, 1, 1, 1, 1, 1, 1, 2, 1, 1, 1, 1, 1, 1, 1, 1, 1, 2, 2, 1, 1, 1, 1, 2, 2, 1, 1, 1, 1, 1]
w=10164335183895357440/590295810358705747841 [cg] doubles=41 n=215
  xk(2^-20 units)=[3424, 7712, 175216, 19296, 23624, 27744, 31928, 36104, 40304, 48016, 52376, 56512, 60664, 64824, 69040, 73344, 80704, 84984, 89184, 93552, 101312, 134368, 109896, 117624, 14912, 121968, 126080, 130240, 138520, 142640, 147000, 154648, 158888, 425552, 163272, 170984, 843176, 179360, 187816, 195624, 200032, 208008, 212320, 216456, 220600, 224744, 228912, 233224, 240384, 244632, 248936, 253248, 257416, 261592, 265776, 270008, 277832, 282272, 289696, 294016, 298232, 302376, 306520, 347336, 310888, 318936, 330848, 334976, 339088, 343216, 326592, 351456, 355568, 359688, 363784, 367904, 371992, 376096, 429808, 380224, 384496, 392264, 404768, 183512, 408864, 413192, 421192, 650424, 699376, 437056, 441392, 445640, 449864, 457520, 461864, 465992, 470128, 474272, 482528, 486672, 490824, 494968, 585184, 499320, 507120, 511376, 515672, 523112, 527528, 531848, 536032, 540296, 547664, 552104, 560120, 400664, 568568, 719760, 572888, 580856, 589368, 593624, 600888, 605176, 609376, 613536, 617704, 621856, 626064, 633728, 638064, 642168, 646288, 756576, 654568, 658680, 663000, 670720, 564432, 675136, 683200, 687608, 695104, 826608, 703568, 707696, 712056, 723992, 728144, 777688, 732296, 740672, 744976, 749248, 912544, 760832, 765224, 736392, 773208, 785152, 789408, 793616, 797768, 801904, 806016, 810136, 814264, 818400, 822488, 478392, 830712, 834832, 838968, 847440, 854840, 875816, 859256, 863728, 871472, 883664, 933240, 888032, 892288, 899616, 903920, 908256, 1026944, 916648, 920776, 924904, 929056, 396576, 937496, 944848, 949136, 953320, 957488, 961664, 965776, 970112, 977800, 982024, 986360, 990760, 998192, 1002600, 1011104, 1006936, 1015368, 1022672, 105600, 1031144, 1035488, 1043504, 1047840]
  m=[1, 1, 1, 2, 1, 1, 1, 1, 1, 2, 1, 1, 1, 1, 1, 1, 1, 1, 1, 2, 1, 1, 1, 2, 1, 1, 1, 1, 1, 1, 2, 1, 1, 1, 2, 1, 1, 1, 2, 1, 2, 2, 1, 1, 1, 1, 1, 1, 1, 1, 2, 1, 1, 1, 1, 1, 2, 1, 1, 1, 1, 1, 1, 1, 2, 2, 1, 1, 1, 1, 1, 1, 1, 1, 1, 1, 1, 1, 1, 1, 2, 2, 1, 1, 1, 2, 2, 1, 1, 1, 1, 1, 1, 2, 1, 1, 1, 1, 1, 1, 1, 1, 1, 2, 1, 1, 1, 1, 2, 1, 1, 1, 1, 2, 2, 1, 1, 1, 2, 2, 1, 1, 1, 1, 1, 1, 1, 1, 1, 2, 1, 1, 1, 1, 1, 1, 2, 1, 1, 2, 2, 1, 1, 1, 1, 1, 2, 1, 1, 1, 1, 2, 1, 1, 1, 1, 2, 1, 2, 1, 1, 1, 1, 1, 1, 1, 1, 1, 1, 1, 1, 1, 1, 1, 1, 1, 2, 2, 1, 2, 1, 1, 1, 1, 1, 2, 1, 1, 1, 1, 1, 1, 1, 1, 1, 1, 1, 1, 1, 2, 1, 1, 2, 1, 1, 2, 1, 1, 1, 1, 1, 1, 2, 2, 1]
w=7104331818805823488/590295810358705747841 [cg] doubles=41 n=215
  xk(2^-20 units)=[3360, 1006808, 7600, 19400, 23712, 445304, 28016, 35624, 617456, 44248, 769024, 60256, 64432, 68592, 72704, 76824, 80944, 85056, 449416, 93472, 97920, 105216, 109488, 113896, 121640, 125888, 130072, 134208, 138344, 142504, 146848, 154464, 158744, 14968, 163096, 167504, 175040, 179328, 183712, 191504, 195936, 203920, 220016, 215776, 846776, 224192, 228360, 232456, 236552, 240640, 244896, 253176, 261344, 265424, 269520, 273648, 278000, 257264, 285672, 289968, 294296, 301616, 305904, 310056, 314376, 322312, 326616, 330712, 334840, 338960, 343072, 347224, 351424, 355752, 362880, 367184, 371408, 375584, 379744, 383896, 388248, 396176, 400576, 404848, 412184, 428704, 420816, 433024, 437120, 441224, 89168, 249128, 453504, 457800, 462112, 466392, 473584, 477888, 482128, 486296, 490480, 494672, 498880, 506552, 510920, 515080, 519248, 523360, 527712, 535440, 539696, 543912, 548160, 555872, 560376, 604912, 568032, 572288, 576696, 588832, 416456, 55992, 593272, 208376, 609120, 613320, 584424, 621600, 625776, 630128, 637720, 641984, 48656, 650344, 654504, 658776, 666416, 670784, 675000, 682704, 687192, 646152, 694984, 699240, 703432, 707600, 711968, 719808, 724088, 728376, 735808, 740232, 748712, 752856, 810120, 757056, 764656, 773160, 777528, 785112, 789328, 793488, 797664, 965560, 805952, 801808, 600632, 814328, 818616, 825912, 830144, 834344, 838520, 842664, 850896, 855032, 859336, 867224, 744568, 871704, 879672, 883944, 888296, 895808, 900160, 908952, 913440, 917976, 922680, 927328, 931848, 936248, 940544, 944768, 948952, 953104, 957272, 961432, 904464, 969920, 977624, 981880, 986256, 39856, 993912, 998320, 1002632, 1011024, 1015264, 1022608, 1026880, 1031056, 1035432, 1043424, 1047768]
  m=[1, 1, 1, 2, 1, 1, 1, 1, 1, 2, 1, 1, 1, 1, 1, 1, 1, 1, 1, 2, 1, 1, 1, 2, 1, 1, 1, 1, 1, 1, 2, 1, 1, 1, 2, 1, 1, 1, 2, 1, 2, 2, 1, 1, 1, 1, 1, 1, 1, 1, 2, 1, 1, 1, 1, 1, 2, 1, 1, 1, 1, 1, 1, 1, 2, 2, 1, 1, 1, 1, 1, 1, 1, 1, 1, 1, 1, 1, 1, 1, 2, 2, 1, 1, 1, 2, 2, 1, 1, 1, 1, 1, 1, 2, 1, 1, 1, 1, 1, 1, 1, 1, 1, 2, 1, 1, 1, 1, 2, 1, 1, 1, 1, 2, 2, 1, 1, 1, 2, 2, 1, 1, 1, 1, 1, 1, 1, 1, 1, 2, 1, 1, 1, 1, 1, 1, 2, 1, 1, 2, 2, 1, 1, 1, 1, 1, 2, 1, 1, 1, 1, 2, 1, 1, 1, 1, 2, 1, 2, 1, 1, 1, 1, 1, 1, 1, 1, 1, 1, 1, 1, 1, 1, 1, 1, 1, 2, 2, 1, 2, 1, 1, 1, 1, 1, 2, 1, 1, 1, 1, 1, 1, 1, 1, 1, 1, 1, 1, 1, 2, 1, 1, 2, 1, 1, 2, 1, 1, 1, 1, 1, 1, 2, 2, 1]
w=49905897116894176/590295810358705747841 [cg] doubles=41 n=215
  xk(2^-20 units)=[7016, 11192, 15416, 23000, 27376, 31536, 35712, 39896, 44136, 51688, 56032, 60184, 64312, 68440, 72568, 76664, 80816, 84952, 89208, 96704, 101048, 105168, 109320, 113648, 118040, 125232, 129568, 133784, 137960, 142136, 146440, 150776, 155016, 162536, 167040, 174856, 179088, 183296, 187664, 195424, 199856, 207760, 212088, 216224, 220376, 224560, 228832, 236136, 240416, 244624, 248984, 253384, 260824, 265096, 269320, 273464, 277816, 282128, 286376, 293472, 297768, 301944, 306096, 310248, 314560, 322624, 327080, 334336, 338576, 342784, 346968, 351128, 355256, 359400, 363496, 367608, 371752, 375872, 380024, 384160, 388480, 396536, 404280, 408512, 412704, 417024, 425008, 429336, 433512, 437784, 445088, 449360, 453528, 457864, 462184, 466432, 473728, 478000, 482184, 486376, 490536, 494728, 498976, 506696, 511032, 515152, 519320, 523432, 527792, 535456, 539664, 543824, 547952, 552264, 560240, 564696, 572152, 731664, 576600, 584808, 592560, 596800, 600944, 605080, 609216, 613336, 617432, 621568, 625664, 630000, 637616, 641840, 646024, 650168, 654296, 658440, 662800, 670448, 674648, 678992, 686968, 691352, 695616, 702824, 707120, 711288, 715616, 760576, 724192, 735936, 740120, 744504, 752184, 756432, 719976, 838656, 764872, 769168, 773504, 781168, 785480, 789736, 797152, 801432, 805624, 809776, 813936, 818096, 822224, 826336, 830448, 834560, 842776, 846920, 851040, 855176, 859464, 867328, 871768, 879504, 883872, 887984, 892112, 896288, 900560, 908256, 912568, 916696, 920824, 924920, 929112, 933288, 937504, 944800, 949072, 953256, 957464, 961640, 965888, 973592, 977944, 982088, 986424, 994072, 998272, 1002600, 1007000, 1014400, 1018688, 1022952, 1027224, 1034624, 1039048, 1047080, 2864]
  m=[1, 1, 1, 2, 1, 1, 1, 1, 1, 2, 1, 1, 1, 1, 1, 1, 1, 1, 1, 2, 1, 1, 1, 2, 1, 1, 1, 1, 1, 1, 2, 1, 1, 1, 2, 1, 1, 1, 2, 1, 2, 2, 1, 1, 1, 1, 1, 1, 1, 1, 2, 1, 1, 1, 1, 1, 2, 1, 1, 1, 1, 1, 1, 1, 2, 2, 1, 1, 1, 1, 1, 1, 1, 1, 1, 1, 1, 1, 1, 1, 2, 2, 1, 1, 1, 2, 2, 1, 1, 1, 1, 1, 1, 2, 1, 1, 1, 1, 1, 1, 1, 1, 1, 2, 1, 1, 1, 1, 2, 1, 1, 1, 1, 2, 2, 1, 1, 1, 2, 2, 1, 1, 1, 1, 1, 1, 1, 1, 1, 2, 1, 1, 1, 1, 1, 1, 2, 1, 1, 2, 2, 1, 1, 1, 1, 1, 2, 1, 1, 1, 1, 2, 1, 1, 1, 1, 2, 1, 2, 1, 1, 1, 1, 1, 1, 1, 1, 1, 1, 1, 1, 1, 1, 1, 1, 1, 2, 2, 1, 2, 1, 1, 1, 1, 1, 2, 1, 1, 1, 1, 1, 1, 1, 1, 1, 1, 1, 1, 1, 2, 1, 1, 2, 1, 1, 2, 1, 1, 1, 1, 1, 1, 2, 2, 1]
w=764655810918573696/590295810358705747841 [cg] doubles=41 n=215
  xk(2^-20 units)=[7040, 11304, 175256, 19936, 44184, 27592, 31824, 35960, 40072, 48456, 52744, 56888, 61024, 65320, 72512, 76800, 81016, 85200, 89360, 93712, 98136, 134416, 109872, 117592, 105504, 121944, 126104, 130280, 138576, 142792, 150480, 154824, 158952, 428976, 163320, 170992, 736624, 179440, 191640, 290096, 199640, 204136, 211880, 216120, 220328, 224496, 228680, 232896, 237152, 244520, 248920, 253248, 257384, 261488, 265608, 269768, 274128, 281672, 285912, 294280, 298464, 302736, 310032, 347272, 314440, 322416, 330872, 334992, 339080, 343184, 326744, 351376, 355496, 359584, 363680, 367824, 371928, 376032, 433216, 380136, 384464, 396456, 404912, 183712, 409104, 416824, 421312, 15528, 699472, 437360, 441528, 445704, 449952, 457648, 462024, 466208, 470384, 474536, 478752, 483056, 490192, 494480, 498656, 502960, 507312, 511568, 518936, 523216, 527584, 532016, 539472, 543792, 548112, 555896, 560376, 400768, 572200, 716432, 576624, 584576, 588896, 593024, 601232, 605384, 609520, 613656, 617808, 621960, 626208, 633824, 638152, 642296, 646416, 650528, 654664, 658792, 663136, 670856, 564752, 675256, 683256, 687672, 695232, 826696, 703656, 707776, 712080, 720728, 728064, 732376, 392072, 744232, 748608, 752768, 756888, 760976, 765264, 769536, 773848, 781560, 785832, 790152, 797552, 801808, 805976, 810120, 814288, 818448, 822560, 597128, 830816, 916784, 839144, 843320, 847600, 855144, 859552, 864008, 871792, 879664, 933488, 888144, 908392, 896424, 834976, 900752, 912600, 892264, 920952, 925112, 929272, 884032, 937776, 944952, 949216, 953416, 957600, 961744, 965888, 970264, 977928, 982152, 986480, 990856, 998304, 1002712, 1011232, 1007056, 1015504, 1022800, 1027080, 1031312, 1035680, 1043728, 1048168]
  m=[1, 1, 1, 2, 1, 1, 1, 1, 1, 2, 1, 1, 1, 1, 1, 1, 1, 1, 1, 2, 1, 1, 1, 2, 1, 1, 1, 1, 1, 1, 2, 1, 1, 1, 2, 1, 1, 1, 2, 1, 2, 2, 1, 1, 1, 1, 1, 1, 1, 1, 2, 1, 1, 1, 1, 1, 2, 1, 1, 1, 1, 1, 1, 1, 2, 2, 1, 1, 1, 1, 1, 1, 1, 1, 1, 1, 1, 1, 1, 1, 2, 2, 1, 1, 1, 2, 2, 1, 1, 1, 1, 1, 1, 2, 1, 1, 1, 1, 1, 1, 1, 1, 1, 2, 1, 1, 1, 1, 2, 1, 1, 1, 1, 2, 2, 1, 1, 1, 2, 2, 1, 1, 1, 1, 1, 1, 1, 1, 1, 2, 1, 1, 1, 1, 1, 1, 2, 1, 1, 2, 2, 1, 1, 1, 1, 1, 2, 1, 1, 1, 1, 2, 1, 1, 1, 1, 2, 1, 2, 1, 1, 1, 1, 1, 1, 1, 1, 1, 1, 1, 1, 1, 1, 1, 1, 1, 2, 2, 1, 2, 1, 1, 1, 1, 1, 2, 1, 1, 1, 1, 1, 1, 1, 1, 1, 1, 1, 1, 1, 2, 1, 1, 2, 1, 1, 2, 1, 1, 1, 1, 1, 1, 2, 2, 1]
w=255074925416844832/590295810358705747841 [cg] doubles=41 n=215
  xk(2^-20 units)=[3080, 1006936, 7248, 19192, 23576, 27744, 32056, 39464, 617576, 48048, 405120, 56696, 64056, 601056, 72496, 76696, 80920, 85224, 92632, 97072, 101432, 105696, 113304, 117800, 150760, 125568, 129832, 134000, 138136, 142224, 146488, 154824, 158928, 11440, 163248, 167640, 174800, 179072, 183448, 191256, 195696, 203704, 220104, 215936, 847016, 224272, 228416, 232576, 236704, 240840, 245160, 249592, 261056, 265280, 269488, 273744, 281472, 256784, 285832, 290008, 294256, 298528, 305800, 310056, 314408, 322304, 326656, 330760, 334888, 339024, 343176, 347304, 351480, 355680, 359992, 367336, 371632, 375840, 380040, 384280, 392032, 400696, 1030984, 396368, 412480, 416920, 424896, 429216, 433344, 437496, 441656, 445912, 453144, 457504, 461824, 465976, 470120, 474296, 482680, 855328, 486968, 494272, 498504, 502864, 507200, 511424, 518952, 523224, 527576, 531976, 539448, 543672, 547848, 552200, 560160, 478464, 564592, 571928, 576328, 588480, 592816, 68320, 605168, 211664, 609296, 613440, 580752, 621712, 625912, 633504, 637848, 641968, 52432, 650248, 654392, 658632, 666336, 670664, 674776, 679128, 687120, 646080, 691560, 698896, 703208, 707376, 711744, 719464, 723736, 727960, 732232, 739984, 748560, 752768, 756984, 764136, 768520, 596928, 777032, 785432, 789592, 793768, 798072, 965632, 805264, 809584, 813816, 817992, 822136, 781336, 830440, 834576, 838712, 842888, 851192, 772784, 859680, 867752, 744336, 875872, 880344, 887760, 892080, 896360, 900640, 909312, 913792, 918224, 922736, 927232, 931696, 936080, 940392, 944680, 948888, 953080, 957272, 961464, 904880, 970016, 977704, 981920, 986296, 43688, 993960, 998352, 1002696, 1014232, 1018512, 1022696, 1026856, 826288, 1035336, 1043216, 1047536]
  m=[1, 1, 1, 2, 1, 1, 1, 1, 1, 2, 1, 1, 1, 1, 1, 1, 1, 1, 1, 2, 1, 1, 1, 2, 1, 1, 1, 1, 1, 1, 2, 1, 1, 1, 2, 1, 1, 1, 2, 1, 2, 2, 1, 1, 1, 1, 1, 1, 1, 1, 2, 1, 1, 1, 1, 1, 2, 1, 1, 1, 1, 1, 1, 1, 2, 2, 1, 1, 1, 1, 1, 1, 1, 1, 1, 1, 1, 1, 1, 1, 2, 2, 1, 1, 1, 2, 2, 1, 1, 1, 1, 1, 1, 2, 1, 1, 1, 1, 1, 1, 1, 1, 1, 2, 1, 1, 1, 1, 2, 1, 1, 1, 1, 2, 2, 1, 1, 1, 2, 2, 1, 1, 1, 1, 1, 1, 1, 1, 1, 2, 1, 1, 1, 1, 1, 1, 2, 1, 1, 2, 2, 1, 1, 1, 1, 1, 2, 1, 1, 1, 1, 2, 1, 1, 1, 1, 2, 1, 2, 1, 1, 1, 1, 1, 1, 1, 1, 1, 1, 1, 1, 1, 1, 1, 1, 1, 2, 2, 1, 2, 1, 1, 1, 1, 1, 2, 1, 1, 1, 1, 1, 1, 1, 1, 1, 1, 1, 1, 1, 2, 1, 1, 2, 1, 1, 2, 1, 1, 1, 1, 1, 1, 2, 2, 1]
w=379990332700976448/590295810358705747841 [cg] doubles=41 n=215
  xk(2^-20 units)=[1047560, 1010272, 10640, 15088, 22872, 27152, 31304, 35448, 43736, 48064, 52504, 59880, 64136, 68320, 72456, 76600, 80760, 84864, 88984, 93328, 100968, 105240, 109480, 117160, 121552, 125728, 129904, 719464, 138312, 145680, 150080, 154408, 158568, 162800, 170480, 174872, 179096, 650056, 186792, 195232, 199584, 207552, 220184, 216016, 846792, 224448, 231960, 236312, 240608, 252768, 248392, 191128, 256992, 261296, 268608, 272848, 277192, 281504, 285656, 289904, 294200, 301440, 305696, 309880, 314240, 322152, 326480, 330592, 334736, 338880, 343048, 347312, 354600, 358880, 363056, 367200, 371360, 375472, 379592, 383744, 388072, 396088, 400544, 407904, 412200, 420744, 428640, 432976, 437120, 461464, 441280, 445528, 452728, 457144, 465592, 469728, 473864, 478000, 482128, 486256, 490408, 494568, 498824, 506344, 510696, 514832, 519000, 523096, 527416, 535048, 670792, 543424, 547576, 551952, 559864, 604944, 564208, 568456, 576328, 584520, 592360, 596624, 600784, 211856, 609064, 613208, 617320, 621456, 625576, 629896, 634320, 641576, 645856, 539264, 658552, 838544, 666352, 793296, 707536, 678696, 686664, 690992, 695128, 699264, 654280, 134072, 711880, 723688, 727856, 732016, 736152, 740504, 748232, 752520, 756824, 764224, 768656, 772936, 780648, 784912, 789168, 416392, 797440, 801552, 805704, 809832, 813920, 818024, 822112, 826216, 830304, 834424, 703400, 842664, 850944, 855192, 862776, 867224, 871616, 879368, 883760, 887984, 892304, 899768, 904104, 908552, 913016, 917496, 922224, 926992, 931608, 935984, 940312, 944584, 948824, 953024, 957192, 961368, 965592, 969936, 977576, 981848, 986168, 39584, 993840, 998312, 1006016, 1014456, 1018640, 1022776, 1026952, 1031168, 1038760, 1043216, 3224]
  m=[1, 1, 1, 2, 1, 1, 1, 1, 1, 2, 1, 1, 1, 1, 1, 1, 1, 1, 1, 2, 1, 1, 1, 2, 1, 1, 1, 1, 1, 1, 2, 1, 1, 1, 2, 1, 1, 1, 2, 1, 2, 2, 1, 1, 1, 1, 1, 1, 1, 1, 2, 1, 1, 1, 1, 1, 2, 1, 1, 1, 1, 1, 1, 1, 2, 2, 1, 1, 1, 1, 1, 1, 1, 1, 1, 1, 1, 1, 1, 1, 2, 2, 1, 1, 1, 2, 2, 1, 1, 1, 1, 1, 1, 2, 1, 1, 1, 1, 1, 1, 1, 1, 1, 2, 1, 1, 1, 1, 2, 1, 1, 1, 1, 2, 2, 1, 1, 1, 2, 2, 1, 1, 1, 1, 1, 1, 1, 1, 1, 2, 1, 1, 1, 1, 1, 1, 2, 1, 1, 2, 2, 1, 1, 1, 1, 1, 2, 1, 1, 1, 1, 2, 1, 1, 1, 1, 2, 1, 2, 1, 1, 1, 1, 1, 1, 1, 1, 1, 1, 1, 1, 1, 1, 1, 1, 1, 2, 2, 1, 2, 1, 1, 1, 1, 1, 2, 1, 1, 1, 1, 1, 1, 1, 1, 1, 1, 1, 1, 1, 2, 1, 1, 2, 1, 1, 2, 1, 1, 1, 1, 1, 1, 2, 2, 1]
w=2202241132843436032/590295810358705747841 [cg] doubles=41 n=215
  xk(2^-20 units)=[6976, 936920, 15272, 19568, 23904, 28168, 35416, 39744, 43944, 48328, 55960, 60192, 64352, 68488, 72624, 76720, 80856, 85000, 89264, 96880, 101200, 105312, 109424, 113752, 121472, 125720, 129904, 134120, 138384, 145808, 150216, 154536, 158632, 162760, 167048, 171368, 175560, 182936, 187352, 191768, 199544, 207472, 211832, 215992, 220176, 224392, 228680, 235968, 240248, 244432, 248760, 253096, 257264, 261544, 268944, 273192, 277616, 306544, 289648, 293832, 298056, 302264, 404496, 313808, 318208, 322672, 330440, 334664, 338824, 342960, 347152, 351312, 355488, 359704, 364000, 371192, 375488, 379688, 383872, 388000, 392360, 400192, 408608, 412704, 285392, 416984, 424848, 429184, 433320, 437496, 441776, 449000, 453256, 457608, 461976, 466200, 473592, 477920, 482152, 486376, 490600, 494888, 502112, 506560, 510912, 515104, 519392, 526936, 531360, 625656, 535784, 543272, 547584, 556072, 564008, 572584, 568352, 731560, 580328, 588344, 592672, 596816, 600904, 605032, 609152, 613288, 617400, 621544, 793424, 629960, 634360, 641728, 645992, 650192, 654328, 658456, 662800, 670528, 674760, 679136, 687072, 694960, 699280, 703496, 912336, 707784, 715600, 720008, 724304, 735832, 740024, 744384, 748768, 756048, 760256, 838576, 764560, 772992, 777336, 785016, 789232, 551696, 797608, 801808, 806128, 842688, 813552, 817832, 822032, 826184, 830344, 834464, 768864, 846808, 850952, 855064, 859376, 867280, 871704, 879560, 884008, 11136, 895432, 899640, 903776, 908080, 891192, 916400, 920456, 924560, 928712, 932808, 941040, 945144, 949264, 953384, 957528, 961688, 965920, 973544, 977944, 982192, 989928, 994320, 998560, 1006200, 1010608, 1014784, 1018984, 1023184, 1027456, 1034880, 1039248, 1043736, 2768]
  m=[1, 1, 1, 2, 1, 1, 1, 1, 1, 2, 1, 1, 1, 1, 1, 1, 1, 1, 1, 2, 1, 1, 1, 2, 1, 1, 1, 1, 1, 1, 2, 1, 1, 1, 2, 1, 1, 1, 2, 1, 2, 2, 1, 1, 1, 1, 1, 1, 1, 1, 2, 1, 1, 1, 1, 1, 2, 1, 1, 1, 1, 1, 1, 1, 2, 2, 1, 1, 1, 1, 1, 1, 1, 1, 1, 1, 1, 1, 1, 1, 2, 2, 1, 1, 1, 2, 2, 1, 1, 1, 1, 1, 1, 2, 1, 1, 1, 1, 1, 1, 1, 1, 1, 2, 1, 1, 1, 1, 2, 1, 1, 1, 1, 2, 2, 1, 1, 1, 2, 2, 1, 1, 1, 1, 1, 1, 1, 1, 1, 2, 1, 1, 1, 1, 1, 1, 2, 1, 1, 2, 2, 1, 1, 1, 1, 1, 2, 1, 1, 1, 1, 2, 1, 1, 1, 1, 2, 1, 2, 1, 1, 1, 1, 1, 1, 1, 1, 1, 1, 1, 1, 1, 1, 1, 1, 1, 2, 2, 1, 2, 1, 1, 1, 1, 1, 2, 1, 1, 1, 1, 1, 1, 1, 1, 1, 1, 1, 1, 1, 2, 1, 1, 2, 1, 1, 2, 1, 1, 1, 1, 1, 1, 2, 2, 1]
w=3794721799077833216/590295810358705747841 [cg] doubles=41 n=215
  xk(2^-20 units)=[3752, 7992, 15336, 19696, 24040, 28192, 32480, 39904, 44096, 48432, 52720, 56848, 61056, 65328, 72504, 76752, 80952, 85144, 89296, 93592, 98008, 105360, 109632, 113976, 118416, 125992, 130296, 134568, 138848, 146248, 150696, 154952, 159088, 163224, 167592, 175336, 179568, 183832, 191552, 195888, 200160, 204600, 212304, 216512, 220680, 224888, 229184, 236472, 240720, 244904, 249224, 253536, 257632, 261816, 266056, 273512, 277984, 285760, 289984, 294152, 298336, 302448, 326640, 306576, 310896, 318896, 330904, 335080, 339216, 343328, 347480, 351600, 355728, 359856, 363976, 368072, 372216, 376368, 380520, 384736, 392504, 400568, 404896, 409048, 413224, 417568, 425824, 430336, 434792, 439440, 444160, 448744, 453112, 457528, 461920, 466152, 470496, 477904, 482232, 486448, 490632, 494800, 498944, 503264, 507664, 514992, 519240, 523416, 527768, 535536, 539760, 543904, 548056, 552352, 560336, 564712, 568952, 576368, 580808, 588888, 593240, 597448, 601656, 1035712, 605912, 613248, 617536, 621736, 625896, 630256, 638048, 642304, 646536, 650888, 658288, 662536, 666896, 671208, 675400, 683200, 691136, 695472, 699608, 703704, 707816, 711960, 716288, 723976, 728224, 732408, 736552, 740888, 748640, 752864, 757032, 761200, 765528, 773248, 777656, 785408, 789600, 793768, 797896, 802008, 806112, 810216, 814360, 818440, 822576, 826688, 830784, 834904, 843120, 847256, 851384, 855480, 859816, 867712, 872128, 880016, 884392, 888696, 896032, 900328, 904600, 912344, 916696, 920848, 924976, 929096, 933216, 937344, 941472, 945584, 949720, 953824, 957976, 962152, 966352, 974120, 978456, 982600, 986952, 994576, 998776, 1003096, 1007384, 1011552, 1015848, 1023096, 1027352, 1031552, 1040056, 1047968, 839024]
  m=[1, 1, 1, 2, 1, 1, 1, 1, 1, 2, 1, 1, 1, 1, 1, 1, 1, 1, 1, 2, 1, 1, 1, 2, 1, 1, 1, 1, 1, 1, 2, 1, 1, 1, 2, 1, 1, 1, 2, 1, 2, 2, 1, 1, 1, 1, 1, 1, 1, 1, 2, 1, 1, 1, 1, 1, 2, 1, 1, 1, 1, 1, 1, 1, 2, 2, 1, 1, 1, 1, 1, 1, 1, 1, 1, 1, 1, 1, 1, 1, 2, 2, 1, 1, 1, 2, 2, 1, 1, 1, 1, 1, 1, 2, 1, 1, 1, 1, 1, 1, 1, 1, 1, 2, 1, 1, 1, 1, 2, 1, 1, 1, 1, 2, 2, 1, 1, 1, 2, 2, 1, 1, 1, 1, 1, 1, 1, 1, 1, 2, 1, 1, 1, 1, 1, 1, 2, 1, 1, 2, 2, 1, 1, 1, 1, 1, 2, 1, 1, 1, 1, 2, 1, 1, 1, 1, 2, 1, 2, 1, 1, 1, 1, 1, 1, 1, 1, 1, 1, 1, 1, 1, 1, 1, 1, 1, 2, 2, 1, 2, 1, 1, 1, 1, 1, 2, 1, 1, 1, 1, 1, 1, 1, 1, 1, 1, 1, 1, 1, 2, 1, 1, 2, 1, 1, 2, 1, 1, 1, 1, 1, 1, 2, 2, 1]
w=3149492624296641536/590295810358705747841 [cg] doubles=41 n=215
  xk(2^-20 units)=[3088, 1007112, 7240, 15688, 281480, 27656, 31832, 36000, 617456, 44448, 781408, 60608, 89280, 600720, 69232, 76592, 80912, 85112, 175104, 93616, 101280, 105512, 109680, 114008, 118400, 125712, 129976, 134128, 138264, 142416, 146776, 154248, 158424, 11352, 162728, 171032, 56320, 179192, 183448, 187800, 195536, 203584, 219864, 215592, 846960, 224064, 228240, 232376, 23416, 240656, 245000, 252656, 261088, 265240, 236520, 269400, 273752, 256936, 285768, 289944, 294152, 298320, 302592, 309984, 314376, 318832, 326440, 330648, 334832, 338976, 343120, 347256, 351400, 355576, 359768, 364008, 371392, 375608, 379784, 383968, 388304, 396304, 400744, 408192, 412456, 416784, 421240, 428896, 433136, 437304, 441456, 445600, 449880, 457560, 461904, 466064, 470184, 474328, 482720, 487024, 166968, 494440, 498720, 503112, 510832, 515104, 519288, 523448, 531952, 527592, 539504, 543744, 547928, 552320, 560312, 478496, 564744, 572176, 576624, 588880, 593312, 64888, 604960, 208080, 609160, 613328, 584496, 621584, 625712, 630072, 637680, 641928, 48840, 650280, 654440, 658664, 666328, 670680, 674816, 679176, 687160, 646104, 691584, 698984, 703256, 707472, 711832, 719536, 723752, 727912, 732056, 736400, 748392, 752584, 756752, 760976, 768608, 772888, 777136, 785472, 789592, 793696, 797864, 965752, 802048, 806296, 813600, 817880, 822064, 826224, 830376, 834536, 838680, 842840, 851104, 855232, 859584, 867664, 744144, 875816, 880296, 887800, 892104, 896360, 900672, 909440, 913952, 918416, 922968, 927480, 931920, 936280, 940576, 944848, 949080, 953256, 957440, 961600, 904968, 970120, 977792, 982040, 986408, 40120, 994112, 998536, 1002872, 1014408, 1018680, 1022864, 1027032, 1031152, 1035456, 1039864, 1047464]
  m=[1, 1, 1, 2, 1, 1, 1, 1, 1, 2, 1, 1, 1, 1, 1, 1, 1, 1, 1, 2, 1, 1, 1, 2, 1, 1, 1, 1, 1, 1, 2, 1, 1, 1, 2, 1, 1, 1, 2, 1, 2, 2, 1, 1, 1, 1, 1, 1, 1, 1, 2, 1, 1, 1, 1, 1, 2, 1, 1, 1, 1, 1, 1, 1, 2, 2, 1, 1, 1, 1, 1, 1, 1, 1, 1, 1, 1, 1, 1, 1, 2, 2, 1, 1, 1, 2, 2, 1, 1, 1, 1, 1, 1, 2, 1, 1, 1, 1, 1, 1, 1, 1, 1, 2, 1, 1, 1, 1, 2, 1, 1, 1, 1, 2, 2, 1, 1, 1, 2, 2, 1, 1, 1, 1, 1, 1, 1, 1, 1, 2, 1, 1, 1, 1, 1, 1, 2, 1, 1, 2, 2, 1, 1, 1, 1, 1, 2, 1, 1, 1, 1, 2, 1, 1, 1, 1, 2, 1, 2, 1, 1, 1, 1, 1, 1, 1, 1, 1, 1, 1, 1, 1, 1, 1, 1, 1, 2, 2, 1, 2, 1, 1, 1, 1, 1, 2, 1, 1, 1, 1, 1, 1, 1, 1, 1, 1, 1, 1, 1, 2, 1, 1, 2, 1, 1, 2, 1, 1, 1, 1, 1, 1, 2, 2, 1]
w=1476911997702603520/590295810358705747841 [cg] doubles=41 n=215
  xk(2^-20 units)=[6688, 10896, 15056, 23456, 27712, 31792, 35912, 40064, 44312, 52016, 56392, 60640, 19168, 68088, 72384, 76600, 80784, 84968, 89192, 96832, 101168, 105336, 109472, 113792, 118192, 125520, 129832, 134064, 138344, 158592, 150136, 162736, 154464, 145736, 167056, 171464, 178832, 183080, 187448, 191848, 199672, 204128, 211864, 216144, 220360, 224624, 231992, 236272, 240464, 244664, 249048, 256640, 260872, 265040, 269168, 273312, 277640, 282040, 289368, 293624, 297824, 302008, 306168, 310432, 318128, 322632, 327032, 334344, 338592, 342776, 346920, 351088, 355248, 359376, 363480, 367592, 371728, 375856, 380008, 384144, 388488, 396520, 400960, 408416, 412664, 417032, 425024, 429344, 433528, 437848, 444976, 449256, 453376, 457664, 461944, 470080, 474176, 478256, 482352, 486536, 490760, 495000, 502464, 506976, 465992, 514752, 519040, 523304, 531072, 535464, 539616, 543728, 547848, 552136, 560112, 564448, 568680, 731824, 576424, 584680, 592392, 596640, 600816, 604960, 609096, 613216, 617344, 621488, 625608, 629920, 637600, 641808, 646000, 650160, 654328, 658568, 666160, 670504, 674656, 678976, 686912, 691240, 695376, 699528, 703704, 707968, 715752, 760608, 727544, 736024, 740200, 744576, 752280, 756496, 720176, 838624, 764896, 769184, 773488, 781176, 785424, 789632, 793920, 801192, 805472, 809672, 813848, 818008, 822144, 830384, 826264, 834504, 842760, 846888, 851024, 855120, 859432, 867336, 871768, 879584, 883968, 888144, 892416, 899704, 903960, 908272, 912560, 916672, 920800, 924872, 929024, 933208, 937392, 941672, 948920, 953216, 957456, 961608, 965792, 970112, 977776, 981968, 986272, 990664, 998040, 1002424, 1010800, 1014928, 1019088, 1023272, 1027520, 1034880, 1039328, 1047440, 1006696]
  m=[1, 1, 1, 2, 1, 1, 1, 1, 1, 2, 1, 1, 1, 1, 1, 1, 1, 1, 1, 2, 1, 1, 1, 2, 1, 1, 1, 1, 1, 1, 2, 1, 1, 1, 2, 1, 1, 1, 2, 1, 2, 2, 1, 1, 1, 1, 1, 1, 1, 1, 2, 1, 1, 1, 1, 1, 2, 1, 1, 1, 1, 1, 1, 1, 2, 2, 1, 1, 1, 1, 1, 1, 1, 1, 1, 1, 1, 1, 1, 1, 2, 2, 1, 1, 1, 2, 2, 1, 1, 1, 1, 1, 1, 2, 1, 1, 1, 1, 1, 1, 1, 1, 1, 2, 1, 1, 1, 1, 2, 1, 1, 1, 1, 2, 2, 1, 1, 1, 2, 2, 1, 1, 1, 1, 1, 1, 1, 1, 1, 2, 1, 1, 1, 1, 1, 1, 2, 1, 1, 2, 2, 1, 1, 1, 1, 1, 2, 1, 1, 1, 1, 2, 1, 1, 1, 1, 2, 1, 2, 1, 1, 1, 1, 1, 1, 1, 1, 1, 1, 1, 1, 1, 1, 1, 1, 1, 2, 2, 1, 2, 1, 1, 1, 1, 1, 2, 1, 1, 1, 1, 1, 1, 1, 1, 1, 1, 1, 1, 1, 2, 1, 1, 2, 1, 1, 2, 1, 1, 1, 1, 1, 1, 2, 2, 1]
w=8382279307681902592/590295810358705747841 [cg] doubles=41 n=215
  xk(2^-20 units)=[3176, 1006944, 7280, 15760, 281536, 27520, 31720, 35880, 617320, 44304, 55968, 60240, 64408, 600704, 72696, 76824, 80920, 85048, 89192, 93536, 101080, 105320, 109464, 113816, 121504, 125736, 129880, 134016, 138152, 142304, 146656, 154336, 158568, 11416, 162920, 170696, 174920, 179120, 183480, 191224, 195656, 203640, 219936, 215728, 846928, 224096, 228240, 232376, 23336, 240792, 248400, 252784, 261096, 265248, 236560, 269472, 277192, 256936, 285680, 289848, 294056, 298312, 305704, 309944, 314320, 322224, 326552, 330664, 334800, 338944, 343088, 347224, 351400, 355616, 359880, 367328, 371584, 375792, 379928, 384056, 388384, 396352, 400688, 404848, 409096, 416736, 424808, 429136, 433272, 437384, 441488, 445632, 449768, 454128, 461664, 465864, 470008, 474104, 482352, 486456, 490584, 494688, 498824, 503176, 510736, 515008, 519176, 523344, 535200, 527600, 539544, 543728, 547960, 555632, 560128, 478224, 567848, 572112, 576488, 588752, 596464, 68584, 604872, 211464, 609040, 613192, 584304, 621464, 625544, 629832, 634176, 638456, 48696, 650088, 654288, 658552, 666320, 670688, 674928, 682656, 690608, 645768, 694976, 699136, 703296, 707576, 715312, 719680, 723880, 728176, 735568, 740024, 748544, 752736, 756960, 764304, 768712, 773112, 780832, 785152, 789312, 793464, 797680, 965544, 801912, 806216, 813480, 817776, 821968, 826152, 830312, 834488, 838632, 842784, 851048, 855240, 859568, 867624, 744368, 875712, 883560, 887856, 892104, 896328, 900560, 909216, 913768, 918376, 923096, 927632, 932032, 936328, 940560, 944768, 948952, 953120, 957288, 961400, 904792, 969888, 977608, 981840, 986208, 39992, 993928, 998296, 1002672, 1014272, 1018536, 1022736, 1026904, 1031040, 1035360, 1043304, 1047608]
  m=[1, 1, 1, 2, 1, 1, 1, 1, 1, 2, 1, 1, 1, 1, 1, 1, 1, 1, 1, 2, 1, 1, 1, 2, 1, 1, 1, 1, 1, 1, 2, 1, 1, 1, 2, 1, 1, 1, 2, 1, 2, 2, 1, 1, 1, 1, 1, 1, 1, 1, 2, 1, 1, 1, 1, 1, 2, 1, 1, 1, 1, 1, 1, 1, 2, 2, 1, 1, 1, 1, 1, 1, 1, 1, 1, 1, 1, 1, 1, 1, 2, 2, 1, 1, 1, 2, 2, 1, 1, 1, 1, 1, 1, 2, 1, 1, 1, 1, 1, 1, 1, 1, 1, 2, 1, 1, 1, 1, 2, 1, 1, 1, 1, 2, 2, 1, 1, 1, 2, 2, 1, 1, 1, 1, 1, 1, 1, 1, 1, 2, 1, 1, 1, 1, 1, 1, 2, 1, 1, 2, 2, 1, 1, 1, 1, 1, 2, 1, 1, 1, 1, 2, 1, 1, 1, 1, 2, 1, 2, 1, 1, 1, 1, 1, 1, 1, 1, 1, 1, 1, 1, 1, 1, 1, 1, 1, 2, 2, 1, 2, 1, 1, 1, 1, 1, 2, 1, 1, 1, 1, 1, 1, 1, 1, 1, 1, 1, 1, 1, 2, 1, 1, 2, 1, 1, 2, 1, 1, 1, 1, 1, 1, 2, 2, 1]
w=3732912079154498560/590295810358705747841 [cg] doubles=41 n=215
  xk(2^-20 units)=[3312, 7472, 175136, 20152, 912616, 27800, 32032, 36224, 40496, 48064, 52424, 56560, 60728, 64904, 69136, 73448, 80784, 85096, 89400, 97192, 101528, 134248, 109792, 114088, 11616, 118512, 125808, 130088, 138448, 142584, 146896, 151320, 158784, 425224, 163224, 167648, 736384, 179400, 187936, 195640, 200064, 208000, 212328, 216424, 220568, 224696, 228848, 233024, 237272, 244664, 249048, 253336, 257488, 261640, 265792, 270024, 277856, 282224, 286496, 293896, 298216, 302384, 306624, 347280, 314384, 318864, 330768, 334936, 339072, 343160, 326568, 351376, 355480, 359600, 363680, 367800, 429320, 376000, 433440, 380104, 384424, 392504, 404384, 183576, 408632, 412952, 420896, 650328, 699272, 437576, 441736, 446000, 453288, 457680, 461960, 466104, 470264, 474416, 482840, 490264, 498744, 494568, 585248, 503128, 510720, 515000, 519176, 523336, 527632, 532048, 539472, 543728, 547904, 552264, 560296, 396952, 564712, 719808, 572536, 580776, 592616, 596896, 601104, 605304, 609440, 613584, 617720, 621824, 625936, 630224, 634632, 641936, 646168, 753352, 654512, 658648, 662984, 670800, 15784, 675224, 683248, 687624, 691888, 826736, 703576, 707736, 712112, 371888, 728144, 777688, 732296, 740648, 744952, 749104, 724024, 760472, 764864, 769112, 773368, 781960, 789216, 793488, 797672, 801856, 805984, 810144, 814304, 818448, 822584, 478568, 830904, 835088, 839360, 846848, 851112, 855304, 859656, 867568, 871984, 879808, 933320, 888304, 892552, 899720, 903984, 908328, 1026960, 916736, 920848, 924936, 929104, 884160, 937552, 944792, 949056, 953248, 957416, 961576, 965688, 970008, 974296, 978480, 986240, 990672, 998176, 1002568, 1011056, 1006880, 1015240, 1019512, 105648, 1031216, 1035520, 1039960, 1047640]
  m=[1, 1, 1, 2, 1, 1, 1, 1, 1, 2, 1, 1, 1, 1, 1, 1, 1, 1, 1, 2, 1, 1, 1, 2, 1, 1, 1, 1, 1, 1, 2, 1, 1, 1, 2, 1, 1, 1, 2, 1, 2, 2, 1, 1, 1, 1, 1, 1, 1, 1, 2, 1, 1, 1, 1, 1, 2, 1, 1, 1, 1, 1, 1, 1, 2, 2, 1, 1, 1, 1, 1, 1, 1, 1, 1, 1, 1, 1, 1, 1, 2, 2, 1, 1, 1, 2, 2, 1, 1, 1, 1, 1, 1, 2, 1, 1, 1, 1, 1, 1, 1, 1, 1, 2, 1, 1, 1, 1, 2, 1, 1, 1, 1, 2, 2, 1, 1, 1, 2, 2, 1, 1, 1, 1, 1, 1, 1, 1, 1, 2, 1, 1, 1, 1, 1, 1, 2, 1, 1, 2, 2, 1, 1, 1, 1, 1, 2, 1, 1, 1, 1, 2, 1, 1, 1, 1, 2, 1, 2, 1, 1, 1, 1, 1, 1, 1, 1, 1, 1, 1, 1, 1, 1, 1, 1, 1, 2, 2, 1, 2, 1, 1, 1, 1, 1, 2, 1, 1, 1, 1, 1, 1, 1, 1, 1, 1, 1, 1, 1, 2, 1, 1, 2, 1, 1, 2, 1, 1, 1, 1, 1, 1, 2, 2, 1]
w=11947460773531418624/590295810358705747841 [cg] doubles=41 n=215
  xk(2^-20 units)=[6824, 1010320, 10912, 15248, 22944, 27184, 31344, 35512, 43808, 48144, 55728, 59944, 64088, 68216, 117848, 76464, 80632, 84744, 88880, 100656, 105000, 93080, 109136, 113456, 72352, 125152, 129432, 715928, 137872, 142160, 149824, 154200, 158336, 162496, 166824, 174488, 178704, 400304, 187192, 191568, 199304, 207368, 223456, 216032, 847072, 227736, 231968, 236168, 240384, 252408, 248072, 256520, 260640, 264752, 268880, 272976, 277256, 281656, 289192, 293472, 297760, 302056, 309512, 182864, 313976, 321992, 326344, 330480, 334648, 338824, 343088, 350384, 354632, 358856, 363024, 367152, 371296, 375408, 379536, 383656, 387992, 395928, 404536, 411872, 416112, 420464, 428384, 432720, 436872, 461344, 440992, 445152, 449400, 457000, 465464, 469600, 473744, 477864, 482008, 486168, 490336, 494592, 501872, 506280, 510608, 514744, 518888, 523000, 527344, 534968, 670624, 543368, 547504, 551848, 559864, 604752, 564312, 571952, 579864, 588632, 650216, 596352, 600576, 211760, 608936, 613080, 617232, 621408, 633456, 625784, 637688, 641864, 646040, 539208, 654464, 661840, 666224, 793280, 707216, 678368, 682880, 690560, 694792, 698984, 703112, 133656, 711520, 723368, 727656, 731896, 736176, 743976, 748320, 752504, 756816, 764160, 768576, 772880, 777192, 784904, 789120, 584256, 797408, 801512, 805624, 809768, 813880, 817992, 822080, 826192, 830304, 834448, 838608, 842776, 854256, 858504, 862840, 867264, 871640, 879344, 883720, 887896, 892096, 896416, 904096, 908592, 913048, 917464, 922064, 926728, 931304, 935736, 940128, 944408, 948616, 952840, 957056, 961280, 965528, 973304, 977704, 981960, 989672, 39648, 994048, 998384, 1006096, 1014504, 1018712, 1023016, 1030384, 1034656, 1039008, 1046936, 2688]
  m=[1, 1, 1, 2, 1, 1, 1, 1, 1, 2, 1, 1, 1, 1, 1, 1, 1, 1, 1, 2, 1, 1, 1, 2, 1, 1, 1, 1, 1, 1, 2, 1, 1, 1, 2, 1, 1, 1, 2, 1, 2, 2, 1, 1, 1, 1, 1, 1, 1, 1, 2, 1, 1, 1, 1, 1, 2, 1, 1, 1, 1, 1, 1, 1, 2, 2, 1, 1, 1, 1, 1, 1, 1, 1, 1, 1, 1, 1, 1, 1, 2, 2, 1, 1, 1, 2, 2, 1, 1, 1, 1, 1, 1, 2, 1, 1, 1, 1, 1, 1, 1, 1, 1, 2, 1, 1, 1, 1, 2, 1, 1, 1, 1, 2, 2, 1, 1, 1, 2, 2, 1, 1, 1, 1, 1, 1, 1, 1, 1, 2, 1, 1, 1, 1, 1, 1, 2, 1, 1, 2, 2, 1, 1, 1, 1, 1, 2, 1, 1, 1, 1, 2, 1, 1, 1, 1, 2, 1, 2, 1, 1, 1, 1, 1, 1, 1, 1, 1, 1, 1, 1, 1, 1, 1, 1, 1, 2, 2, 1, 2, 1, 1, 1, 1, 1, 2, 1, 1, 1, 1, 1, 1, 1, 1, 1, 1, 1, 1, 1, 2, 1, 1, 2, 1, 1, 2, 1, 1, 1, 1, 1, 1, 2, 2, 1]
w=151177269283391616/590295810358705747841 [cg] doubles=41 n=215
  xk(2^-20 units)=[3504, 936824, 15064, 19392, 23720, 27904, 32088, 36416, 43832, 51672, 56040, 60184, 64344, 68456, 72576, 76712, 80848, 84992, 89112, 93464, 101032, 105280, 109480, 113816, 118136, 122384, 129768, 134064, 138280, 142576, 150280, 154640, 158784, 162928, 167256, 171656, 178872, 183136, 187480, 191872, 199600, 204112, 211824, 216080, 220280, 224504, 228776, 235976, 240256, 244456, 248832, 256464, 260664, 264784, 268872, 272976, 277240, 285616, 289696, 293848, 298048, 302336, 309656, 313920, 318272, 326240, 330560, 334680, 338800, 342912, 347040, 351216, 355360, 359504, 363680, 367856, 372168, 379632, 383928, 388152, 392552, 400624, 408344, 412584, 281512, 416912, 424816, 429160, 433280, 437400, 441552, 445712, 449984, 457560, 462008, 466296, 473648, 477920, 482112, 486312, 490488, 494632, 498880, 506512, 510872, 515000, 519200, 523464, 531224, 625672, 535616, 539896, 547424, 556008, 560488, 572376, 568136, 728408, 576760, 588272, 592624, 596800, 600904, 605016, 609176, 613280, 617416, 621560, 793248, 629960, 634304, 638592, 645880, 650184, 654384, 658624, 666264, 670624, 674736, 679056, 687096, 691472, 695712, 702904, 707168, 711328, 715640, 719960, 724128, 735688, 739952, 744360, 752096, 756336, 760504, 838568, 764880, 772688, 777120, 784864, 789064, 551656, 797416, 801520, 805648, 809744, 813888, 818032, 822160, 826264, 830344, 834456, 842672, 846824, 851016, 855264, 862992, 870976, 875336, 879656, 884080, 10824, 895680, 899864, 904032, 908368, 891400, 912792, 920056, 924296, 928504, 932696, 940976, 945120, 949248, 953376, 957552, 961704, 965904, 973648, 977960, 982088, 986432, 994144, 998376, 1002728, 1010520, 1014744, 1018912, 1023072, 1027248, 1031416, 1039024, 1043488, 1047840]
  m=[1, 1, 1, 2, 1, 1, 1, 1, 1, 2, 1, 1, 1, 1, 1, 1, 1, 1, 1, 2, 1, 1, 1, 2, 1, 1, 1, 1, 1, 1, 2, 1, 1, 1, 2, 1, 1, 1, 2, 1, 2, 2, 1, 1, 1, 1, 1, 1, 1, 1, 2, 1, 1, 1, 1, 1, 2, 1, 1, 1, 1, 1, 1, 1, 2, 2, 1, 1, 1, 1, 1, 1, 1, 1, 1, 1, 1, 1, 1, 1, 2, 2, 1, 1, 1, 2, 2, 1, 1, 1, 1, 1, 1, 2, 1, 1, 1, 1, 1, 1, 1, 1, 1, 2, 1, 1, 1, 1, 2, 1, 1, 1, 1, 2, 2, 1, 1, 1, 2, 2, 1, 1, 1, 1, 1, 1, 1, 1, 1, 2, 1, 1, 1, 1, 1, 1, 2, 1, 1, 2, 2, 1, 1, 1, 1, 1, 2, 1, 1, 1, 1, 2, 1, 1, 1, 1, 2, 1, 2, 1, 1, 1, 1, 1, 1, 1, 1, 1, 1, 1, 1, 1, 1, 1, 1, 1, 2, 2, 1, 2, 1, 1, 1, 1, 1, 2, 1, 1, 1, 1, 1, 1, 1, 1, 1, 1, 1, 1, 1, 2, 1, 1, 2, 1, 1, 2, 1, 1, 1, 1, 1, 1, 2, 2, 1]
w=9332682871565553664/590295810358705747841 [cg] doubles=41 n=215
  xk(2^-20 units)=[2816, 1010288, 7048, 15640, 23384, 27624, 31784, 35928, 617304, 44440, 777032, 56264, 64576, 68720, 72832, 77000, 81168, 842832, 85408, 93096, 97480, 101704, 109144, 113584, 121304, 125528, 129672, 133800, 137944, 142064, 150456, 154728, 158928, 11256, 166584, 170952, 175248, 1039152, 186944, 191232, 195528, 203496, 220328, 216152, 1014528, 224592, 231928, 236208, 240416, 207832, 244744, 249152, 260752, 264944, 269144, 273304, 277656, 256488, 285456, 289840, 301688, 297400, 305872, 322472, 310200, 318120, 326568, 330664, 334808, 338920, 343048, 347208, 351424, 355696, 362960, 367232, 371448, 375640, 379808, 384072, 391720, 396184, 400480, 404632, 408864, 416680, 424704, 429144, 433448, 440784, 445080, 449312, 453488, 457808, 462216, 469336, 473584, 477768, 481944, 486072, 490200, 494344, 498448, 502776, 510472, 514680, 518872, 523032, 527368, 535072, 539312, 543456, 547584, 555992, 563912, 604640, 568224, 572336, 576672, 588712, 60416, 593040, 597288, 211992, 608920, 613136, 584328, 621456, 625592, 629952, 637520, 641736, 52048, 650096, 654264, 658504, 666200, 670544, 674776, 682488, 691176, 645904, 698896, 686824, 703152, 707360, 711712, 719448, 723728, 727912, 732072, 736408, 748336, 752496, 756648, 760816, 765152, 772808, 781368, 785720, 789960, 797248, 805680, 846952, 801496, 809840, 814016, 818112, 822240, 826368, 830472, 834600, 838720, 913520, 851088, 855216, 859560, 867608, 744080, 875808, 883600, 887864, 892064, 896280, 900472, 909072, 182536, 917912, 922464, 927032, 931576, 936024, 940360, 944624, 948856, 953040, 957216, 961392, 904680, 977536, 965560, 981888, 986240, 40072, 994008, 998424, 1002832, 146184, 1018696, 1022864, 1026984, 969816, 1031344, 1043592, 551672]
  m=[1, 1, 1, 2, 1, 1, 1, 1, 1, 2, 1, 1, 1, 1, 1, 1, 1, 1, 1, 2, 1, 1, 1, 2, 1, 1, 1, 1, 1, 1, 2, 1, 1, 1, 2, 1, 1, 1, 2, 1, 2, 2, 1, 1, 1, 1, 1, 1, 1, 1, 2, 1, 1, 1, 1, 1, 2, 1, 1, 1, 1, 1, 1, 1, 2, 2, 1, 1, 1, 1, 1, 1, 1, 1, 1, 1, 1, 1, 1, 1, 2, 2, 1, 1, 1, 2, 2, 1, 1, 1, 1, 1, 1, 2, 1, 1, 1, 1, 1, 1, 1, 1, 1, 2, 1, 1, 1, 1, 2, 1, 1, 1, 1, 2, 2, 1, 1, 1, 2, 2, 1, 1, 1, 1, 1, 1, 1, 1, 1, 2, 1, 1, 1, 1, 1, 1, 2, 1, 1, 2, 2, 1, 1, 1, 1, 1, 2, 1, 1, 1, 1, 2, 1, 1, 1, 1, 2, 1, 2, 1, 1, 1, 1, 1, 1, 1, 1, 1, 1, 1, 1, 1, 1, 1, 1, 1, 2, 2, 1, 2, 1, 1, 1, 1, 1, 2, 1, 1, 1, 1, 1, 1, 1, 1, 1, 1, 1, 1, 1, 2, 1, 1, 2, 1, 1, 2, 1, 1, 1, 1, 1, 1, 2, 2, 1]
w=6462368063830717440/590295810358705747841 [cg] doubles=41 n=215
  xk(2^-20 units)=[6736, 1010280, 10848, 15120, 19504, 26920, 31208, 35392, 43840, 51560, 55888, 60000, 64120, 68264, 72424, 76584, 80744, 84992, 92288, 96696, 101040, 105200, 109440, 117128, 121496, 125680, 129880, 637776, 134144, 145912, 150248, 154680, 161976, 166208, 170512, 174816, 179032, 653640, 186632, 190944, 199384, 207312, 219960, 215752, 846752, 224248, 231672, 235960, 240216, 252384, 248048, 256528, 260656, 264768, 682920, 268872, 277232, 195064, 285656, 289848, 294112, 301400, 305640, 309808, 314168, 322072, 326424, 330576, 334768, 339056, 346392, 350640, 354816, 359000, 363168, 141648, 367304, 375656, 379904, 384104, 391784, 399776, 404104, 408240, 412456, 420160, 424648, 432432, 436688, 440880, 445088, 449328, 456744, 461136, 465440, 469552, 473712, 477856, 482000, 486144, 490288, 494464, 498712, 506328, 510664, 514792, 518944, 523072, 527384, 535080, 670760, 543504, 547672, 551992, 560000, 604816, 564424, 571904, 576304, 588632, 272968, 596400, 600640, 211616, 608976, 613144, 617304, 621464, 625696, 633416, 719256, 641960, 646216, 539312, 657888, 662048, 666368, 793120, 707304, 678520, 690640, 740216, 694944, 699064, 703192, 281520, 711616, 723480, 727648, 731808, 736008, 747936, 752232, 756376, 371496, 760504, 764840, 772568, 776968, 784704, 788936, 580704, 797256, 801400, 805528, 809648, 813760, 817872, 821968, 826072, 830208, 834328, 838472, 842592, 850920, 855144, 862848, 867336, 875128, 879496, 883928, 891448, 895736, 899968, 904192, 908560, 912984, 917360, 921888, 926544, 931152, 935640, 940064, 944376, 948624, 952832, 957032, 961208, 965384, 969728, 977512, 981816, 989648, 39584, 993992, 998320, 1006024, 1014464, 1018640, 1022816, 1027072, 1034480, 1038904, 1046888, 2616]
  m=[1, 1, 1, 2, 1, 1, 1, 1, 1, 2, 1, 1, 1, 1, 1, 1, 1, 1, 1, 2, 1, 1, 1, 2, 1, 1, 1, 1, 1, 1, 2, 1, 1, 1, 2, 1, 1, 1, 2, 1, 2, 2, 1, 1, 1, 1, 1, 1, 1, 1, 2, 1, 1, 1, 1, 1, 2, 1, 1, 1, 1, 1, 1, 1, 2, 2, 1, 1, 1, 1, 1, 1, 1, 1, 1, 1, 1, 1, 1, 1, 2, 2, 1, 1, 1, 2, 2, 1, 1, 1, 1, 1, 1, 2, 1, 1, 1, 1, 1, 1, 1, 1, 1, 2, 1, 1, 1, 1, 2, 1, 1, 1, 1, 2, 2, 1, 1, 1, 2, 2, 1, 1, 1, 1, 1, 1, 1, 1, 1, 2, 1, 1, 1, 1, 1, 1, 2, 1, 1, 2, 2, 1, 1, 1, 1, 1, 2, 1, 1, 1, 1, 2, 1, 1, 1, 1, 2, 1, 2, 1, 1, 1, 1, 1, 1, 1, 1, 1, 1, 1, 1, 1, 1, 1, 1, 1, 2, 2, 1, 2, 1, 1, 1, 1, 1, 2, 1, 1, 1, 1, 1, 1, 1, 1, 1, 1, 1, 1, 1, 2, 1, 1, 2, 1, 1, 2, 1, 1, 1, 1, 1, 1, 2, 2, 1]
w=2806678813237709312/590295810358705747841 [cg] doubles=41 n=215
  xk(2^-20 units)=[7152, 11264, 117688, 19656, 23952, 28112, 32400, 39608, 43848, 48216, 52560, 56800, 64208, 68496, 72704, 76936, 81232, 298000, 88656, 93040, 97368, 101528, 105704, 110040, 134400, 154864, 126080, 478704, 138632, 904424, 146392, 191928, 159032, 163176, 167504, 175088, 179256, 183400, 187672, 121904, 196216, 204216, 212008, 216248, 220496, 224776, 232136, 236352, 240496, 257280, 248912, 253168, 609496, 261416, 265672, 273024, 277440, 281760, 286048, 244616, 293688, 302320, 309752, 314024, 318312, 322784, 330536, 334752, 338896, 343048, 347208, 351360, 355496, 359640, 363744, 367920, 372112, 376368, 383712, 387992, 392376, 400376, 404720, 408880, 413120, 420896, 429016, 576368, 433336, 437464, 441600, 445736, 449872, 454200, 461856, 466104, 470304, 474496, 130256, 482984, 490288, 494608, 498808, 503152, 507560, 514888, 519128, 523288, 527616, 535416, 539656, 543792, 547944, 552320, 560272, 564616, 568832, 773408, 580752, 585200, 592848, 597072, 601208, 605352, 892168, 613640, 617776, 621912, 626016, 630360, 637952, 642200, 646360, 650520, 654688, 658928, 666576, 670872, 15384, 675168, 683256, 687704, 695144, 699432, 703632, 707800, 712144, 719912, 724152, 728328, 732568, 740256, 744600, 748728, 752880, 757144, 764840, 769192, 781144, 785488, 789600, 793736, 797864, 801992, 806112, 810216, 814376, 818496, 822648, 826800, 830960, 835240, 842512, 846792, 851000, 855136, 859480, 867440, 871848, 879608, 883928, 888048, 150728, 896272, 900328, 908688, 912952, 917072, 921216, 925512, 932648, 936864, 941064, 945248, 949448, 953632, 957816, 962096, 969488, 973872, 978168, 982280, 986608, 994208, 998424, 1002784, 1010496, 1014720, 1018928, 1023096, 1027264, 1039440, 1031624, 1047248, 3040]
  m=[1, 1, 1, 2, 1, 1, 1, 1, 1, 2, 1, 1, 1, 1, 1, 1, 1, 1, 1, 2, 1, 1, 1, 2, 1, 1, 1, 1, 1, 1, 2, 1, 1, 1, 2, 1, 1, 1, 2, 1, 2, 2, 1, 1, 1, 1, 1, 1, 1, 1, 2, 1, 1, 1, 1, 1, 2, 1, 1, 1, 1, 1, 1, 1, 2, 2, 1, 1, 1, 1, 1, 1, 1, 1, 1, 1, 1, 1, 1, 1, 2, 2, 1, 1, 1, 2, 2, 1, 1, 1, 1, 1, 1, 2, 1, 1, 1, 1, 1, 1, 1, 1, 1, 2, 1, 1, 1, 1, 2, 1, 1, 1, 1, 2, 2, 1, 1, 1, 2, 2, 1, 1, 1, 1, 1, 1, 1, 1, 1, 2, 1, 1, 1, 1, 1, 1, 2, 1, 1, 2, 2, 1, 1, 1, 1, 1, 2, 1, 1, 1, 1, 2, 1, 1, 1, 1, 2, 1, 2, 1, 1, 1, 1, 1, 1, 1, 1, 1, 1, 1, 1, 1, 1, 1, 1, 1, 2, 2, 1, 2, 1, 1, 1, 1, 1, 2, 1, 1, 1, 1, 1, 1, 1, 1, 1, 1, 1, 1, 1, 2, 1, 1, 2, 1, 1, 2, 1, 1, 1, 1, 1, 1, 2, 2, 1]
w=1729222882102761472/590295810358705747841 [cg] doubles=41 n=215
  xk(2^-20 units)=[3184, 1010608, 7432, 19176, 23464, 27584, 31688, 35808, 617360, 44232, 875320, 55872, 64368, 68576, 72784, 77064, 84344, 551696, 88592, 92928, 97360, 104824, 109024, 113336, 117752, 125216, 129440, 133608, 137760, 141920, 150336, 154728, 162056, 14800, 166432, 170728, 174880, 305632, 190864, 146048, 195344, 203384, 223784, 219472, 1014808, 228016, 232328, 239704, 243960, 207744, 248280, 252576, 260776, 264880, 268984, 273072, 277328, 256680, 285712, 289840, 294000, 298232, 437024, 322392, 310064, 318032, 326528, 330664, 334808, 338952, 343136, 347400, 354664, 358960, 363184, 367376, 371568, 375768, 380032, 896088, 387936, 396000, 400384, 404632, 412072, 416496, 424472, 428824, 432928, 441128, 445248, 449384, 453472, 457776, 462176, 469512, 473760, 477944, 482128, 486304, 490504, 494728, 281608, 502568, 507024, 514632, 518896, 523080, 527448, 535080, 539296, 543440, 547560, 556024, 563920, 604696, 568240, 572376, 576712, 588744, 60144, 593128, 597416, 212000, 608976, 613176, 584360, 621568, 625792, 633488, 637816, 641952, 48616, 650336, 654608, 661952, 666384, 670720, 674952, 682792, 690864, 646136, 695192, 715576, 699392, 703624, 711216, 719736, 723896, 728048, 732256, 739968, 748536, 752808, 760136, 764352, 768664, 772968, 781384, 785688, 789904, 797120, 805576, 846816, 801408, 809720, 813864, 818000, 822136, 826264, 830368, 834456, 838568, 842680, 850944, 855056, 859408, 867456, 744344, 879760, 777080, 887600, 891872, 179032, 900320, 908960, 913432, 917872, 922464, 927072, 931592, 936000, 940312, 944616, 948856, 953064, 957256, 961472, 904560, 973528, 977896, 982136, 989936, 39928, 994248, 998600, 1006360, 183240, 1035392, 1019088, 1026608, 965712, 1031008, 1043232, 1047584]
  m=[1, 1, 1, 2, 1, 1, 1, 1, 1, 2, 1, 1, 1, 1, 1, 1, 1, 1, 1, 2, 1, 1, 1, 2, 1, 1, 1, 1, 1, 1, 2, 1, 1, 1, 2, 1, 1, 1, 2, 1, 2, 2, 1, 1, 1, 1, 1, 1, 1, 1, 2, 1, 1, 1, 1, 1, 2, 1, 1, 1, 1, 1, 1, 1, 2, 2, 1, 1, 1, 1, 1, 1, 1, 1, 1, 1, 1, 1, 1, 1, 2, 2, 1, 1, 1, 2, 2, 1, 1, 1, 1, 1, 1, 2, 1, 1, 1, 1, 1, 1, 1, 1, 1, 2, 1, 1, 1, 1, 2, 1, 1, 1, 1, 2, 2, 1, 1, 1, 2, 2, 1, 1, 1, 1, 1, 1, 1, 1, 1, 2, 1, 1, 1, 1, 1, 1, 2, 1, 1, 2, 2, 1, 1, 1, 1, 1, 2, 1, 1, 1, 1, 2, 1, 1, 1, 1, 2, 1, 2, 1, 1, 1, 1, 1, 1, 1, 1, 1, 1, 1, 1, 1, 1, 1, 1, 1, 2, 2, 1, 2, 1, 1, 1, 1, 1, 2, 1, 1, 1, 1, 1, 1, 1, 1, 1, 1, 1, 1, 1, 2, 1, 1, 2, 1, 1, 2, 1, 1, 1, 1, 1, 1, 2, 2, 1]
w=11798630141434247168/590295810358705747841 [cg] doubles=41 n=215
  xk(2^-20 units)=[3560, 7784, 175176, 19512, 23816, 27976, 32176, 36424, 43720, 48128, 52464, 56624, 60808, 65072, 72368, 76696, 80920, 85144, 89408, 97144, 101528, 134384, 109928, 117640, 105712, 121976, 126112, 130256, 138528, 142648, 146952, 154608, 158848, 428864, 163168, 167568, 842720, 179488, 191648, 290040, 199768, 204208, 208592, 216088, 220320, 224536, 228744, 232920, 237192, 244560, 248936, 253240, 257344, 261456, 265584, 269704, 274056, 281672, 285888, 294224, 298400, 302672, 310056, 347192, 314488, 322424, 330816, 334904, 338984, 343088, 326728, 351304, 355392, 359504, 363608, 367760, 371912, 376088, 433088, 380312, 388080, 396160, 404672, 183752, 408880, 416536, 421024, 15080, 699288, 437272, 441504, 445768, 453296, 457680, 461976, 466120, 470280, 474448, 478664, 482928, 490264, 494528, 498728, 503056, 507456, 514840, 519120, 523296, 527664, 535424, 539648, 543792, 547952, 552288, 560208, 400496, 568760, 719696, 576504, 580992, 588680, 592896, 601160, 605312, 609440, 613584, 617704, 621864, 626104, 633744, 638072, 642200, 646344, 650496, 654664, 658904, 666488, 670816, 564544, 675128, 683168, 687608, 695024, 826816, 703472, 707616, 711960, 723936, 728112, 732296, 736552, 744208, 748528, 752664, 756768, 760848, 765104, 769336, 773632, 781384, 785648, 789880, 794168, 801600, 805848, 810040, 814232, 818432, 822608, 597024, 831120, 838448, 994528, 846912, 851064, 855208, 859544, 867496, 871896, 879648, 933080, 888104, 892216, 896376, 900512, 904824, 909208, 916368, 920640, 924824, 928952, 883984, 941312, 945448, 949584, 953760, 958048, 937192, 965472, 969880, 974200, 978424, 986072, 990400, 998648, 1002968, 1011576, 1007344, 1018752, 1023040, 1027192, 1031360, 1035680, 1043616, 1047968]
  m=[1, 1, 1, 2, 1, 1, 1, 1, 1, 2, 1, 1, 1, 1, 1, 1, 1, 1, 1, 2, 1, 1, 1, 2, 1, 1, 1, 1, 1, 1, 2, 1, 1, 1, 2, 1, 1, 1, 2, 1, 2, 2, 1, 1, 1, 1, 1, 1, 1, 1, 2, 1, 1, 1, 1, 1, 2, 1, 1, 1, 1, 1, 1, 1, 2, 2, 1, 1, 1, 1, 1, 1, 1, 1, 1, 1, 1, 1, 1, 1, 2, 2, 1, 1, 1, 2, 2, 1, 1, 1, 1, 1, 1, 2, 1, 1, 1, 1, 1, 1, 1, 1, 1, 2, 1, 1, 1, 1, 2, 1, 1, 1, 1, 2, 2, 1, 1, 1, 2, 2, 1, 1, 1, 1, 1, 1, 1, 1, 1, 2, 1, 1, 1, 1, 1, 1, 2, 1, 1, 2, 2, 1, 1, 1, 1, 1, 2, 1, 1, 1, 1, 2, 1, 1, 1, 1, 2, 1, 2, 1, 1, 1, 1, 1, 1, 1, 1, 1, 1, 1, 1, 1, 1, 1, 1, 1, 2, 2, 1, 2, 1, 1, 1, 1, 1, 2, 1, 1, 1, 1, 1, 1, 1, 1, 1, 1, 1, 1, 1, 2, 1, 1, 2, 1, 1, 2, 1, 1, 1, 1, 1, 1, 2, 2, 1]
w=2881381740935222272/590295810358705747841 [cg] doubles=41 n=215
  xk(2^-20 units)=[3176, 7360, 175048, 15792, 20192, 27536, 31776, 35952, 40088, 48472, 44192, 56872, 61016, 65200, 69456, 76696, 80992, 85232, 89472, 97328, 101664, 134456, 110048, 117760, 105824, 122072, 126176, 130304, 138600, 142728, 147056, 154720, 158928, 429384, 163256, 167648, 842880, 179304, 183664, 318608, 191648, 207888, 212184, 216320, 220472, 224640, 228808, 233048, 240448, 244688, 249032, 253440, 260912, 196104, 265192, 269384, 281352, 285712, 289912, 294096, 298368, 305760, 310000, 347104, 314328, 322888, 327216, 331480, 338680, 342928, 273656, 351264, 355424, 359544, 363648, 367800, 371920, 376048, 380160, 384296, 388640, 396656, 408416, 203480, 412656, 417024, 425048, 11488, 433688, 867160, 441176, 445496, 449784, 457560, 461904, 466024, 470160, 474280, 482544, 486656, 490808, 494968, 499184, 506824, 511168, 515320, 519480, 523704, 531416, 535744, 539904, 544064, 548312, 556008, 560488, 401072, 572440, 716544, 576784, 584816, 589160, 593336, 597600, 605056, 609336, 613520, 617664, 630360, 621808, 626072, 752720, 638760, 646056, 650328, 654520, 658688, 663048, 670760, 568224, 675160, 683184, 687560, 691752, 696032, 703448, 707744, 712112, 723816, 728112, 732304, 736488, 740808, 748496, 634520, 756864, 760968, 765288, 769640, 777288, 781656, 785864, 790120, 797360, 801632, 805816, 809984, 814136, 818248, 822368, 826432, 830536, 834632, 838752, 846968, 851096, 855224, 859552, 871512, 875880, 883592, 478408, 887944, 892088, 896256, 900464, 908160, 912512, 916656, 920808, 924976, 929128, 933320, 937560, 944984, 949272, 953464, 957640, 961856, 966072, 973752, 978128, 982368, 990072, 994408, 998552, 1002920, 1014872, 1010656, 1019048, 1023200, 1027360, 52728, 1031688, 1039800, 1047520]
  m=[1, 1, 1, 2, 1, 1, 1, 1, 1, 2, 1, 1, 1, 1, 1, 1, 1, 1, 1, 2, 1, 1, 1, 2, 1, 1, 1, 1, 1, 1, 2, 1, 1, 1, 2, 1, 1, 1, 2, 1, 2, 2, 1, 1, 1, 1, 1, 1, 1, 1, 2, 1, 1, 1, 1, 1, 2, 1, 1, 1, 1, 1, 1, 1, 2, 2, 1, 1, 1, 1, 1, 1, 1, 1, 1, 1, 1, 1, 1, 1, 2, 2, 1, 1, 1, 2, 2, 1, 1, 1, 1, 1, 1, 2, 1, 1, 1, 1, 1, 1, 1, 1, 1, 2, 1, 1, 1, 1, 2, 1, 1, 1, 1, 2, 2, 1, 1, 1, 2, 2, 1, 1, 1, 1, 1, 1, 1, 1, 1, 2, 1, 1, 1, 1, 1, 1, 2, 1, 1, 2, 2, 1, 1, 1, 1, 1, 2, 1, 1, 1, 1, 2, 1, 1, 1, 1, 2, 1, 2, 1, 1, 1, 1, 1, 1, 1, 1, 1, 1, 1, 1, 1, 1, 1, 1, 1, 2, 2, 1, 2, 1, 1, 1, 1, 1, 2, 1, 1, 1, 1, 1, 1, 1, 1, 1, 1, 1, 1, 1, 2, 1, 1, 2, 1, 1, 2, 1, 1, 1, 1, 1, 1, 2, 2, 1]
w=16763286972877870/590295810358705747841 [cg] doubles=41 n=215
  xk(2^-20 units)=[6800, 11016, 15192, 19560, 27216, 31432, 35592, 39768, 43912, 52352, 48040, 56728, 64056, 68272, 72432, 76568, 80712, 84880, 89040, 93392, 100968, 318704, 105184, 113624, 117952, 122192, 129528, 133792, 137992, 142248, 150040, 154384, 158536, 162672, 167000, 171392, 178792, 183056, 187440, 195152, 199552, 207424, 211792, 215960, 220144, 224312, 228560, 235992, 240288, 244456, 248840, 256608, 260832, 265032, 269208, 273376, 277752, 109336, 408472, 289792, 294048, 298312, 305720, 310000, 314344, 326376, 330672, 334752, 338872, 342992, 347104, 351184, 355288, 359448, 363624, 367800, 372056, 379408, 383656, 387816, 392144, 400088, 404384, 412568, 416680, 420992, 428792, 473696, 433128, 437288, 441440, 445592, 449824, 457568, 461944, 466176, 285528, 477936, 482112, 486280, 490440, 494584, 498712, 503016, 510720, 514912, 519088, 523248, 527592, 535360, 539616, 543840, 548096, 555920, 564000, 580368, 568304, 732040, 572616, 584784, 592432, 596640, 600808, 604944, 609048, 613192, 617328, 621488, 625600, 629912, 634312, 641704, 645936, 650144, 654304, 658416, 662744, 670464, 674664, 679024, 687080, 691424, 695592, 699832, 707200, 711472, 715848, 760784, 727864, 752480, 736224, 740600, 748264, 756648, 723624, 838760, 765072, 769440, 777088, 781424, 785568, 789752, 794024, 801256, 805544, 809768, 813976, 818112, 822232, 826344, 830472, 834616, 842928, 847184, 854608, 863408, 859024, 871120, 875424, 879704, 884104, 891472, 895712, 899864, 904000, 908296, 912576, 916704, 920848, 925056, 929320, 936552, 940824, 945016, 949160, 953304, 957448, 961592, 965704, 970024, 977720, 981952, 986272, 990680, 998240, 1002648, 1010528, 1014800, 1019048, 1023304, 1030648, 1034888, 1039184, 1043592, 1047968]
  m=[1, 1, 1, 2, 1, 1, 1, 1, 1, 2, 1, 1, 1, 1, 1, 1, 1, 1, 1, 2, 1, 1, 1, 2, 1, 1, 1, 1, 1, 1, 2, 1, 1, 1, 2, 1, 1, 1, 2, 1, 2, 2, 1, 1, 1, 1, 1, 1, 1, 1, 2, 1, 1, 1, 1, 1, 2, 1, 1, 1, 1, 1, 1, 1, 2, 2, 1, 1, 1, 1, 1, 1, 1, 1, 1, 1, 1, 1, 1, 1, 2, 2, 1, 1, 1, 2, 2, 1, 1, 1, 1, 1, 1, 2, 1, 1, 1, 1, 1, 1, 1, 1, 1, 2, 1, 1, 1, 1, 2, 1, 1, 1, 1, 2, 2, 1, 1, 1, 2, 2, 1, 1, 1, 1, 1, 1, 1, 1, 1, 2, 1, 1, 1, 1, 1, 1, 2, 1, 1, 2, 2, 1, 1, 1, 1, 1, 2, 1, 1, 1, 1, 2, 1, 1, 1, 1, 2, 1, 2, 1, 1, 1, 1, 1, 1, 1, 1, 1, 1, 1, 1, 1, 1, 1, 1, 1, 2, 2, 1, 2, 1, 1, 1, 1, 1, 2, 1, 1, 1, 1, 1, 1, 1, 1, 1, 1, 1, 1, 1, 2, 1, 1, 2, 1, 1, 2, 1, 1, 1, 1, 1, 1, 2, 2, 1]
w=2233922981931322368/590295810358705747841 [cg] doubles=41 n=215
  xk(2^-20 units)=[3600, 937016, 15072, 19400, 23736, 27984, 35528, 39792, 44088, 51808, 56128, 60232, 64376, 68512, 72608, 76712, 80832, 84968, 89120, 93496, 101088, 105304, 109464, 113776, 118104, 122368, 129768, 134040, 138264, 142520, 150240, 154584, 158736, 162848, 167144, 171528, 178784, 182992, 187296, 322304, 199304, 207912, 215720, 219944, 203632, 224136, 228416, 235928, 240200, 244376, 248736, 256440, 260664, 264816, 268928, 273040, 277304, 285672, 289800, 293920, 298072, 302264, 306504, 313648, 318040, 326568, 330832, 335000, 339232, 346616, 191664, 350896, 355136, 359368, 363592, 367872, 375392, 379680, 383920, 388216, 396088, 404096, 408472, 412616, 281576, 416904, 421320, 428992, 433240, 437416, 441600, 445872, 453152, 457592, 461944, 466208, 473576, 477848, 482072, 486296, 490504, 494728, 502096, 506504, 510832, 514984, 519168, 523440, 531144, 625704, 535632, 543280, 547520, 556072, 564072, 572632, 568432, 728432, 580376, 588408, 592728, 596832, 600944, 605056, 609168, 613328, 617440, 621568, 793272, 630008, 634424, 641640, 645896, 650112, 654256, 658384, 662712, 670456, 674656, 679008, 687064, 691520, 698864, 703128, 707288, 711408, 715712, 720024, 724184, 735736, 740024, 744368, 748752, 756208, 760464, 838688, 764784, 769168, 777048, 784832, 789080, 551712, 797432, 801576, 805696, 809848, 813984, 818104, 822208, 826320, 830432, 834544, 842808, 846960, 851096, 855248, 859592, 867576, 875312, 879688, 884056, 10816, 895704, 899984, 904160, 908496, 888336, 912912, 920256, 924520, 928680, 932848, 941128, 945256, 949376, 953520, 957680, 961832, 966016, 973688, 978016, 982136, 986456, 994152, 998368, 1002712, 1010528, 1014760, 1018912, 1023056, 1027192, 1031328, 1035656, 1043568, 1047936]
  m=[1, 1, 1, 2, 1, 1, 1, 1, 1, 2, 1, 1, 1, 1, 1, 1, 1, 1, 1, 2, 1, 1, 1, 2, 1, 1, 1, 1, 1, 1, 2, 1, 1, 1, 2, 1, 1, 1, 2, 1, 2, 2, 1, 1, 1, 1, 1, 1, 1, 1, 2, 1, 1, 1, 1, 1, 2, 1, 1, 1, 1, 1, 1, 1, 2, 2, 1, 1, 1, 1, 1, 1, 1, 1, 1, 1, 1, 1, 1, 1, 2, 2, 1, 1, 1, 2, 2, 1, 1, 1, 1, 1, 1, 2, 1, 1, 1, 1, 1, 1, 1, 1, 1, 2, 1, 1, 1, 1, 2, 1, 1, 1, 1, 2, 2, 1, 1, 1, 2, 2, 1, 1, 1, 1, 1, 1, 1, 1, 1, 2, 1, 1, 1, 1, 1, 1, 2, 1, 1, 2, 2, 1, 1, 1, 1, 1, 2, 1, 1, 1, 1, 2, 1, 1, 1, 1, 2, 1, 2, 1, 1, 1, 1, 1, 1, 1, 1, 1, 1, 1, 1, 1, 1, 1, 1, 1, 2, 2, 1, 2, 1, 1, 1, 1, 1, 2, 1, 1, 1, 1, 1, 1, 1, 1, 1, 1, 1, 1, 1, 2, 1, 1, 2, 1, 1, 2, 1, 1, 1, 1, 1, 1, 2, 2, 1]
w=561460449129798400/590295810358705747841 [cg] doubles=41 n=215
  xk(2^-20 units)=[6664, 1010152, 10760, 15032, 55872, 26888, 31200, 35456, 47184, 51576, 19424, 59976, 64096, 68216, 72336, 76464, 80584, 84760, 88920, 93304, 101048, 105408, 112904, 117320, 121632, 125800, 129960, 637656, 134096, 145752, 150184, 154552, 158816, 166264, 170704, 175080, 182608, 653664, 187016, 191376, 199192, 203688, 219984, 215728, 846920, 224288, 231640, 235872, 240032, 252736, 248448, 256896, 261192, 268504, 682936, 716064, 277072, 281384, 285552, 289736, 294000, 301408, 305680, 309952, 317696, 322144, 326440, 330568, 334712, 338880, 343176, 350400, 354656, 358880, 363040, 138336, 367176, 375520, 379688, 383856, 388192, 396200, 403960, 408224, 412504, 420256, 424744, 432472, 436704, 440864, 445016, 449136, 453272, 457560, 461976, 469368, 473656, 477864, 482056, 486208, 490408, 494648, 501968, 506368, 510664, 514784, 518920, 523040, 527368, 535008, 674232, 543408, 547584, 551912, 559960, 604984, 564392, 571816, 576216, 588328, 272752, 596752, 600888, 211472, 609112, 613256, 617400, 621504, 625632, 629984, 592648, 641968, 646232, 539248, 657936, 662208, 669896, 793104, 707328, 678552, 690648, 740064, 694968, 699072, 703224, 244152, 711640, 723152, 727432, 731648, 735808, 747776, 752104, 756264, 371344, 760400, 764720, 772512, 776928, 784704, 788944, 580616, 797256, 801392, 805536, 809672, 813824, 817952, 822056, 826160, 830288, 834432, 838584, 842728, 851232, 858544, 862944, 867408, 875184, 879568, 883976, 891456, 895720, 899952, 904144, 908552, 912976, 917336, 921944, 926640, 931264, 935704, 940096, 944376, 948624, 952856, 957016, 961192, 965328, 969672, 977416, 981648, 986008, 39712, 993776, 998144, 1002584, 1014496, 1018816, 1026144, 1030440, 1034632, 1038968, 1046872, 2584]
  m=[1, 1, 1, 2, 1, 1, 1, 1, 1, 2, 1, 1, 1, 1, 1, 1, 1, 1, 1, 2, 1, 1, 1, 2, 1, 1, 1, 1, 1, 1, 2, 1, 1, 1, 2, 1, 1, 1, 2, 1, 2, 2, 1, 1, 1, 1, 1, 1, 1, 1, 2, 1, 1, 1, 1, 1, 2, 1, 1, 1, 1, 1, 1, 1, 2, 2, 1, 1, 1, 1, 1, 1, 1, 1, 1, 1, 1, 1, 1, 1, 2, 2, 1, 1, 1, 2, 2, 1, 1, 1, 1, 1, 1, 2, 1, 1, 1, 1, 1, 1, 1, 1, 1, 2, 1, 1, 1, 1, 2, 1, 1, 1, 1, 2, 2, 1, 1, 1, 2, 2, 1, 1, 1, 1, 1, 1, 1, 1, 1, 2, 1, 1, 1, 1, 1, 1, 2, 1, 1, 2, 2, 1, 1, 1, 1, 1, 2, 1, 1, 1, 1, 2, 1, 1, 1, 1, 2, 1, 2, 1, 1, 1, 1, 1, 1, 1, 1, 1, 1, 1, 1, 1, 1, 1, 1, 1, 2, 2, 1, 2, 1, 1, 1, 1, 1, 2, 1, 1, 1, 1, 1, 1, 1, 1, 1, 1, 1, 1, 1, 2, 1, 1, 2, 1, 1, 2, 1, 1, 1, 1, 1, 1, 2, 2, 1]
w=7101738740183501824/590295810358705747841 [cg] doubles=41 n=215
  xk(2^-20 units)=[2864, 1006848, 7104, 15624, 23320, 27560, 31728, 35896, 617400, 44368, 748608, 60168, 859568, 68504, 72616, 76760, 80912, 85048, 89184, 93552, 101280, 105552, 109688, 114000, 118400, 125816, 130048, 134240, 138440, 142696, 150376, 154736, 158896, 11288, 163192, 167608, 174968, 179248, 187800, 64368, 195792, 203920, 220168, 216000, 846976, 224320, 228464, 232616, 236776, 240992, 248504, 252864, 261136, 265280, 269456, 273712, 281392, 256984, 285784, 289936, 294120, 298376, 305744, 309960, 314312, 322272, 326584, 330704, 334832, 338960, 343064, 347176, 351304, 355432, 359592, 363776, 368032, 375440, 412384, 379704, 384064, 396344, 404000, 408208, 391936, 428784, 420848, 433128, 437304, 441560, 416520, 449064, 453336, 457688, 461984, 466168, 470416, 477832, 482096, 486288, 490456, 494616, 498752, 503056, 507432, 514776, 519064, 523224, 527584, 535376, 539600, 543776, 547928, 552296, 560312, 604752, 564752, 572152, 576536, 585160, 769088, 55944, 592944, 211744, 608992, 613208, 580832, 621536, 625688, 630032, 637664, 641896, 48768, 650224, 654384, 658536, 662880, 670504, 674736, 683216, 691104, 646072, 695400, 699488, 703576, 707680, 712008, 719688, 723912, 728088, 732336, 740072, 678880, 752896, 810464, 760376, 764784, 773208, 777552, 785240, 789464, 793640, 797800, 969040, 806168, 801960, 597296, 817840, 822112, 826312, 830472, 834632, 838760, 842864, 851064, 880216, 855328, 863856, 744440, 871704, 876048, 884544, 891968, 896240, 900520, 909248, 913744, 918184, 922712, 927216, 931656, 936032, 940344, 944608, 948856, 953136, 957384, 961672, 904800, 973456, 977776, 981920, 986280, 40056, 993976, 998368, 1002664, 1011128, 1018568, 1022872, 1027096, 1031352, 1039152, 1043664, 183432]
  m=[1, 1, 1, 2, 1, 1, 1, 1, 1, 2, 1, 1, 1, 1, 1, 1, 1, 1, 1, 2, 1, 1, 1, 2, 1, 1, 1, 1, 1, 1, 2, 1, 1, 1, 2, 1, 1, 1, 2, 1, 2, 2, 1, 1, 1, 1, 1, 1, 1, 1, 2, 1, 1, 1, 1, 1, 2, 1, 1, 1, 1, 1, 1, 1, 2, 2, 1, 1, 1, 1, 1, 1, 1, 1, 1, 1, 1, 1, 1, 1, 2, 2, 1, 1, 1, 2, 2, 1, 1, 1, 1, 1, 1, 2, 1, 1, 1, 1, 1, 1, 1, 1, 1, 2, 1, 1, 1, 1, 2, 1, 1, 1, 1, 2, 2, 1, 1, 1, 2, 2, 1, 1, 1, 1, 1, 1, 1, 1, 1, 2, 1, 1, 1, 1, 1, 1, 2, 1, 1, 2, 2, 1, 1, 1, 1, 1, 2, 1, 1, 1, 1, 2, 1, 1, 1, 1, 2, 1, 2, 1, 1, 1, 1, 1, 1, 1, 1, 1, 1, 1, 1, 1, 1, 1, 1, 1, 2, 2, 1, 2, 1, 1, 1, 1, 1, 2, 1, 1, 1, 1, 1, 1, 1, 1, 1, 1, 1, 1, 1, 2, 1, 1, 2, 1, 1, 2, 1, 1, 1, 1, 1, 1, 2, 2, 1]
w=4130614838793070592/590295810358705747841 [cg] doubles=41 n=215
  xk(2^-20 units)=[6736, 1010216, 10832, 15152, 22872, 27088, 31240, 35400, 43680, 48040, 55672, 59896, 64080, 68248, 72400, 76560, 80760, 85016, 92368, 96784, 101152, 105400, 112784, 117200, 121552, 125688, 129856, 134040, 138336, 145752, 150168, 154488, 158632, 162824, 170368, 174720, 178872, 653672, 183208, 195080, 199416, 207368, 219936, 215784, 846920, 224088, 228264, 232432, 236680, 252600, 248296, 256728, 260904, 265056, 682568, 269224, 273592, 281272, 285568, 289752, 294048, 301440, 305696, 309872, 314240, 322168, 326488, 330592, 334728, 338888, 343056, 347248, 351520, 358624, 362912, 367104, 371296, 375480, 379640, 383848, 391648, 396128, 403952, 408224, 412504, 420320, 424816, 432552, 436776, 440976, 445144, 449280, 453416, 457736, 462136, 469408, 473680, 477888, 482048, 486208, 490336, 494496, 498728, 506464, 510784, 514896, 519048, 523176, 527528, 535224, 670600, 543616, 657936, 547976, 555976, 605096, 564616, 571912, 576320, 588448, 592784, 596880, 600992, 211688, 609192, 613336, 617456, 190864, 625736, 630096, 637800, 642072, 646368, 539464, 621608, 662072, 666352, 793296, 707304, 674920, 686968, 739760, 691312, 695584, 703008, 243888, 719416, 723752, 727976, 560352, 732256, 744160, 748432, 752568, 756680, 760760, 765072, 772832, 777264, 784904, 789128, 580712, 797456, 801624, 805808, 810016, 814256, 821720, 884016, 825984, 830168, 834360, 838544, 842704, 851176, 858552, 862920, 867344, 875192, 879608, 711576, 891368, 895640, 899872, 904096, 908472, 912912, 917312, 921896, 926600, 931200, 935672, 940048, 944320, 948584, 952824, 957000, 961200, 965440, 973096, 977448, 981608, 985944, 39552, 993736, 998160, 1005928, 1014440, 1018768, 1026120, 1030416, 1034592, 1038944, 1046872, 2624]
  m=[1, 1, 1, 2, 1, 1, 1, 1, 1, 2, 1, 1, 1, 1, 1, 1, 1, 1, 1, 2, 1, 1, 1, 2, 1, 1, 1, 1, 1, 1, 2, 1, 1, 1, 2, 1, 1, 1, 2, 1, 2, 2, 1, 1, 1, 1, 1, 1, 1, 1, 2, 1, 1, 1, 1, 1, 2, 1, 1, 1, 1, 1, 1, 1, 2, 2, 1, 1, 1, 1, 1, 1, 1, 1, 1, 1, 1, 1, 1, 1, 2, 2, 1, 1, 1, 2, 2, 1, 1, 1, 1, 1, 1, 2, 1, 1, 1, 1, 1, 1, 1, 1, 1, 2, 1, 1, 1, 1, 2, 1, 1, 1, 1, 2, 2, 1, 1, 1, 2, 2, 1, 1, 1, 1, 1, 1, 1, 1, 1, 2, 1, 1, 1, 1, 1, 1, 2, 1, 1, 2, 2, 1, 1, 1, 1, 1, 2, 1, 1, 1, 1, 2, 1, 1, 1, 1, 2, 1, 2, 1, 1, 1, 1, 1, 1, 1, 1, 1, 1, 1, 1, 1, 1, 1, 1, 1, 2, 2, 1, 2, 1, 1, 1, 1, 1, 2, 1, 1, 1, 1, 1, 1, 1, 1, 1, 1, 1, 1, 1, 2, 1, 1, 2, 1, 1, 2, 1, 1, 1, 1, 1, 1, 2, 2, 1]
w=4656617965837486080/590295810358705747841 [cg] doubles=41 n=215
  xk(2^-20 units)=[3136, 1006792, 7264, 15688, 23320, 27560, 31720, 35880, 617472, 44296, 768840, 60192, 64360, 68520, 72616, 76752, 80872, 85008, 89144, 93424, 97808, 105160, 109392, 113752, 118160, 125688, 129976, 134216, 138480, 145912, 150312, 154616, 158744, 11384, 163040, 167448, 174936, 179176, 183576, 191472, 195936, 204008, 220344, 216144, 846792, 224552, 228784, 236016, 892072, 240264, 244528, 252968, 261272, 265560, 272952, 277216, 281576, 257088, 285992, 293408, 297648, 301848, 306016, 310152, 314416, 322232, 326544, 330632, 334768, 338920, 343088, 347256, 351512, 358912, 363128, 367304, 371488, 375632, 379784, 383904, 388272, 396168, 400536, 404656, 408928, 428896, 420872, 433240, 437464, 248856, 441752, 449176, 453424, 457760, 462064, 466248, 470504, 477872, 482152, 486336, 490504, 494704, 498960, 506696, 511032, 515160, 519328, 523440, 527784, 535472, 539728, 543888, 548000, 552312, 560400, 604968, 564832, 572288, 576760, 588944, 416432, 55944, 593376, 211848, 609160, 613320, 584552, 621632, 625784, 630120, 637824, 642064, 48688, 650456, 654736, 662104, 666520, 670832, 675056, 682840, 687336, 646264, 695016, 699248, 703424, 707568, 711896, 719696, 723928, 728112, 732360, 740064, 748520, 752672, 810352, 756808, 761160, 773080, 777456, 785176, 789392, 793560, 797720, 965824, 806072, 801864, 600720, 817632, 821896, 826088, 830232, 834408, 838552, 842704, 850920, 855024, 859344, 867256, 744400, 875272, 879624, 883768, 887912, 896208, 900400, 909024, 913520, 918024, 922736, 927376, 931896, 936264, 940560, 944784, 948992, 953216, 957400, 961584, 904616, 973480, 977808, 981912, 986248, 40000, 993960, 998328, 1002640, 1011080, 1018480, 1022720, 1026896, 1031040, 1035368, 1043264, 1047600]
  m=[1, 1, 1, 2, 1, 1, 1, 1, 1, 2, 1, 1, 1, 1, 1, 1, 1, 1, 1, 2, 1, 1, 1, 2, 1, 1, 1, 1, 1, 1, 2, 1, 1, 1, 2, 1, 1, 1, 2, 1, 2, 2, 1, 1, 1, 1, 1, 1, 1, 1, 2, 1, 1, 1, 1, 1, 2, 1, 1, 1, 1, 1, 1, 1, 2, 2, 1, 1, 1, 1, 1, 1, 1, 1, 1, 1, 1, 1, 1, 1, 2, 2, 1, 1, 1, 2, 2, 1, 1, 1, 1, 1, 1, 2, 1, 1, 1, 1, 1, 1, 1, 1, 1, 2, 1, 1, 1, 1, 2, 1, 1, 1, 1, 2, 2, 1, 1, 1, 2, 2, 1, 1, 1, 1, 1, 1, 1, 1, 1, 2, 1, 1, 1, 1, 1, 1, 2, 1, 1, 2, 2, 1, 1, 1, 1, 1, 2, 1, 1, 1, 1, 2, 1, 1, 1, 1, 2, 1, 2, 1, 1, 1, 1, 1, 1, 1, 1, 1, 1, 1, 1, 1, 1, 1, 1, 1, 2, 2, 1, 2, 1, 1, 1, 1, 1, 2, 1, 1, 1, 1, 1, 1, 1, 1, 1, 1, 1, 1, 1, 2, 1, 1, 2, 1, 1, 2, 1, 1, 1, 1, 1, 1, 2, 2, 1]
w=414298000452082240/590295810358705747841 [cg] doubles=41 n=215
  xk(2^-20 units)=[3888, 8032, 12240, 19928, 24272, 28440, 32592, 36840, 44208, 48608, 52904, 57024, 61160, 65352, 69576, 73856, 81024, 85312, 89512, 93856, 101608, 105832, 109968, 114272, 118600, 122904, 130136, 134400, 138616, 142776, 147144, 151560, 158960, 163216, 167616, 175336, 179624, 183864, 191632, 556160, 196096, 208160, 212512, 216696, 220840, 225056, 229312, 236592, 240880, 245072, 249392, 253800, 261112, 265328, 269512, 273664, 277968, 282320, 286568, 293856, 298120, 302320, 306496, 310648, 314984, 322952, 327272, 331472, 335736, 339976, 347432, 351608, 355784, 359928, 364088, 368216, 372344, 376512, 380696, 384920, 392696, 397208, 404952, 409216, 413440, 417832, 425920, 430408, 434824, 439376, 444056, 448672, 453096, 457576, 461992, 466224, 470568, 477928, 482240, 486440, 490624, 494808, 498960, 503296, 510952, 515192, 519368, 523496, 527816, 532200, 539696, 543952, 974160, 548336, 560552, 564888, 569120, 576504, 580872, 589360, 593648, 597760, 601920, 1035872, 606176, 613624, 617856, 622096, 626352, 634248, 585112, 638624, 642912, 650408, 654720, 658936, 663312, 671088, 675424, 683184, 687696, 695480, 699704, 703872, 708040, 712152, 716480, 720904, 728152, 732416, 736624, 740936, 745240, 749448, 756704, 760928, 765248, 773752, 781368, 785672, 789784, 793928, 798040, 802112, 806208, 810360, 200448, 818600, 822728, 826840, 830968, 835136, 843608, 814464, 851072, 855344, 859720, 867752, 872160, 879904, 884256, 888448, 892760, 900152, 904448, 908824, 916616, 920880, 925072, 929192, 933336, 937480, 941600, 945696, 949824, 953968, 958080, 962168, 769544, 966488, 978376, 982528, 986880, 994624, 998832, 1003184, 1010976, 1015200, 1019360, 1023512, 1027648, 1031776, 1040192, 1048120, 839352]
  m=[1, 1, 1, 2, 1, 1, 1, 1, 1, 2, 1, 1, 1, 1, 1, 1, 1, 1, 1, 2, 1, 1, 1, 2, 1, 1, 1, 1, 1, 1, 2, 1, 1, 1, 2, 1, 1, 1, 2, 1, 2, 2, 1, 1, 1, 1, 1, 1, 1, 1, 2, 1, 1, 1, 1, 1, 2, 1, 1, 1, 1, 1, 1, 1, 2, 2, 1, 1, 1, 1, 1, 1, 1, 1, 1, 1, 1, 1, 1, 1, 2, 2, 1, 1, 1, 2, 2, 1, 1, 1, 1, 1, 1, 2, 1, 1, 1, 1, 1, 1, 1, 1, 1, 2, 1, 1, 1, 1, 2, 1, 1, 1, 1, 2, 2, 1, 1, 1, 2, 2, 1, 1, 1, 1, 1, 1, 1, 1, 1, 2, 1, 1, 1, 1, 1, 1, 2, 1, 1, 2, 2, 1, 1, 1, 1, 1, 2, 1, 1, 1, 1, 2, 1, 1, 1, 1, 2, 1, 2, 1, 1, 1, 1, 1, 1, 1, 1, 1, 1, 1, 1, 1, 1, 1, 1, 1, 2, 2, 1, 2, 1, 1, 1, 1, 1, 2, 1, 1, 1, 1, 1, 1, 1, 1, 1, 1, 1, 1, 1, 2, 1, 1, 2, 1, 1, 2, 1, 1, 1, 1, 1, 1, 2, 2, 1]
w=2399313561505984000/590295810358705747841 [cg] doubles=41 n=215
  xk(2^-20 units)=[6664, 1010360, 10920, 15296, 23032, 27248, 31392, 35520, 43824, 48152, 55816, 60040, 64224, 68368, 72528, 76680, 80872, 85120, 92464, 96872, 101184, 105312, 109552, 117232, 121560, 125720, 129848, 134040, 138304, 145664, 150064, 154352, 158512, 162728, 170408, 174784, 179032, 650504, 186736, 789104, 199544, 207568, 691416, 219568, 846800, 223840, 228080, 232400, 239824, 252672, 248368, 256776, 260904, 265040, 682600, 269128, 273432, 277840, 285200, 289504, 293712, 297912, 302176, 309560, 314016, 322016, 326352, 330496, 334624, 338784, 342944, 347168, 351464, 358760, 363016, 367200, 371392, 375560, 379736, 383960, 391720, 396200, 403976, 408248, 412512, 420232, 424752, 805552, 436808, 441016, 445184, 449368, 453544, 465440, 457792, 469776, 473928, 478064, 482240, 486400, 490544, 494784, 502056, 506464, 510800, 514888, 519032, 719568, 527448, 535080, 670600, 543440, 547576, 551912, 559920, 605096, 564288, 568512, 576248, 588416, 592752, 596856, 600960, 211984, 609192, 613336, 617456, 621592, 625816, 633512, 637880, 642048, 646256, 539288, 657776, 662000, 666296, 793200, 707352, 674936, 686992, 739664, 432560, 698928, 703160, 244064, 711704, 1006224, 723824, 728048, 732344, 744088, 748392, 752560, 756768, 764096, 768504, 772888, 780616, 784960, 191072, 580664, 797328, 801440, 809672, 195216, 813792, 817896, 822008, 826144, 830280, 834384, 838520, 842656, 850944, 855096, 859448, 867424, 875208, 879616, 883968, 888144, 892400, 899880, 904176, 908592, 913040, 917424, 921984, 926648, 931320, 935808, 940184, 944456, 948696, 952904, 957072, 961304, 965584, 973296, 977672, 981912, 989792, 39680, 994176, 1001864, 523144, 1014504, 1018656, 1022800, 1026912, 1031048, 1035384, 1047576, 1043128]
  m=[1, 1, 1, 2, 1, 1, 1, 1, 1, 2, 1, 1, 1, 1, 1, 1, 1, 1, 1, 2, 1, 1, 1, 2, 1, 1, 1, 1, 1, 1, 2, 1, 1, 1, 2, 1, 1, 1, 2, 1, 2, 2, 1, 1, 1, 1, 1, 1, 1, 1, 2, 1, 1, 1, 1, 1, 2, 1, 1, 1, 1, 1, 1, 1, 2, 2, 1, 1, 1, 1, 1, 1, 1, 1, 1, 1, 1, 1, 1, 1, 2, 2, 1, 1, 1, 2, 2, 1, 1, 1, 1, 1, 1, 2, 1, 1, 1, 1, 1, 1, 1, 1, 1, 2, 1, 1, 1, 1, 2, 1, 1, 1, 1, 2, 2, 1, 1, 1, 2, 2, 1, 1, 1, 1, 1, 1, 1, 1, 1, 2, 1, 1, 1, 1, 1, 1, 2, 1, 1, 2, 2, 1, 1, 1, 1, 1, 2, 1, 1, 1, 1, 2, 1, 1, 1, 1, 2, 1, 2, 1, 1, 1, 1, 1, 1, 1, 1, 1, 1, 1, 1, 1, 1, 1, 1, 1, 2, 2, 1, 2, 1, 1, 1, 1, 1, 2, 1, 1, 1, 1, 1, 1, 1, 1, 1, 1, 1, 1, 1, 2, 1, 1, 2, 1, 1, 2, 1, 1, 1, 1, 1, 1, 2, 2, 1]
w=5760509052383680512/590295810358705747841 [cg] doubles=41 n=215
  xk(2^-20 units)=[3224, 1010320, 7448, 19184, 23472, 27640, 31768, 35944, 617376, 47728, 777304, 56176, 64432, 68584, 72720, 76864, 81024, 224048, 85216, 92792, 97168, 101328, 105528, 109872, 117536, 121784, 125968, 130128, 134328, 138472, 150360, 154672, 158808, 14824, 163112, 167496, 174840, 179048, 183416, 191264, 195672, 203752, 433112, 219872, 1014576, 228240, 232440, 236616, 240840, 208152, 248424, 252768, 261096, 265272, 269504, 773104, 281184, 256920, 285496, 289656, 293832, 298016, 302264, 322416, 309984, 318080, 326576, 330744, 334968, 339232, 346544, 350792, 354968, 359152, 363312, 367464, 371616, 375776, 379928, 384096, 391864, 396352, 404152, 408376, 412592, 420288, 424696, 428984, 276784, 441336, 445448, 449624, 453832, 461688, 551752, 466056, 470320, 477704, 481992, 486152, 490304, 494440, 498544, 502840, 507120, 511272, 515512, 522928, 527328, 531664, 535856, 540128, 547504, 556128, 564232, 604736, 568624, 575888, 580272, 588832, 60328, 593160, 597384, 215608, 608976, 613168, 584536, 621560, 625768, 633472, 637800, 641912, 52064, 650192, 654320, 658472, 662816, 670488, 674720, 679096, 691376, 646056, 699144, 686928, 703368, 707504, 711792, 716208, 723648, 727880, 732032, 736352, 748376, 752600, 756728, 760992, 768704, 437200, 784928, 789256, 793400, 797496, 805744, 846968, 801616, 809864, 813976, 818104, 822232, 826336, 830472, 834600, 838720, 842840, 851120, 855256, 859600, 867640, 744120, 875736, 880176, 887720, 891984, 896208, 900392, 908968, 913368, 917712, 922128, 926616, 931144, 935640, 940064, 944392, 948704, 952960, 957160, 961360, 904576, 973248, 977608, 981752, 986056, 40136, 990448, 998248, 1002704, 142688, 1018808, 1023064, 1030680, 965616, 1035152, 1043216, 1047592]
  m=[1, 1, 1, 2, 1, 1, 1, 1, 1, 2, 1, 1, 1, 1, 1, 1, 1, 1, 1, 2, 1, 1, 1, 2, 1, 1, 1, 1, 1, 1, 2, 1, 1, 1, 2, 1, 1, 1, 2, 1, 2, 2, 1, 1, 1, 1, 1, 1, 1, 1, 2, 1, 1, 1, 1, 1, 2, 1, 1, 1, 1, 1, 1, 1, 2, 2, 1, 1, 1, 1, 1, 1, 1, 1, 1, 1, 1, 1, 1, 1, 2, 2, 1, 1, 1, 2, 2, 1, 1, 1, 1, 1, 1, 2, 1, 1, 1, 1, 1, 1, 1, 1, 1, 2, 1, 1, 1, 1, 2, 1, 1, 1, 1, 2, 2, 1, 1, 1, 2, 2, 1, 1, 1, 1, 1, 1, 1, 1, 1, 2, 1, 1, 1, 1, 1, 1, 2, 1, 1, 2, 2, 1, 1, 1, 1, 1, 2, 1, 1, 1, 1, 2, 1, 1, 1, 1, 2, 1, 2, 1, 1, 1, 1, 1, 1, 1, 1, 1, 1, 1, 1, 1, 1, 1, 1, 1, 2, 2, 1, 2, 1, 1, 1, 1, 1, 2, 1, 1, 1, 1, 1, 1, 1, 1, 1, 1, 1, 1, 1, 2, 1, 1, 2, 1, 1, 2, 1, 1, 1, 1, 1, 1, 2, 2, 1]
w=126782391745398496/590295810358705747841 [cg] doubles=41 n=215
  xk(2^-20 units)=[2840, 1010480, 7096, 19128, 23456, 27616, 31744, 35920, 617400, 47768, 776904, 56216, 64488, 68632, 72792, 76960, 81216, 842800, 88600, 93048, 100800, 105040, 109200, 113504, 117928, 125304, 129544, 133712, 137848, 142008, 150392, 154768, 162120, 11368, 166504, 170816, 174968, 1039176, 186880, 191216, 195520, 203504, 220272, 216112, 1014640, 224488, 231808, 236064, 240336, 207800, 248080, 252432, 260720, 264856, 269024, 273176, 277512, 256592, 285368, 289672, 293968, 301472, 305736, 322376, 310096, 318040, 326488, 330632, 334784, 338928, 343112, 347360, 354600, 358904, 363080, 367280, 371432, 375600, 379776, 384000, 391800, 396304, 404032, 408256, 412408, 416720, 424736, 429160, 433424, 440832, 445120, 449312, 453440, 457800, 465432, 469616, 473776, 477928, 482024, 486144, 490264, 494416, 498512, 502848, 510544, 514800, 518960, 523088, 527432, 535144, 539352, 543528, 547704, 559616, 564040, 601608, 568296, 572400, 576728, 588848, 60384, 593152, 597320, 211952, 608880, 613176, 584456, 621536, 625768, 633456, 637776, 641896, 52080, 650200, 654312, 658448, 662808, 670488, 674704, 679112, 691256, 646040, 695672, 686856, 703184, 707416, 711768, 719536, 723800, 727976, 732144, 736504, 748360, 752520, 756664, 760800, 765096, 769464, 781336, 785640, 789808, 794088, 805552, 846968, 801296, 809712, 813864, 818008, 822128, 826264, 830400, 834520, 838648, 913552, 851112, 855256, 859600, 867736, 744144, 875872, 880336, 887848, 892152, 896376, 900592, 909144, 179200, 917872, 922288, 926760, 931264, 935736, 940152, 944520, 948824, 953080, 957288, 961488, 904768, 974232, 965688, 981984, 986440, 40136, 994176, 998632, 1006248, 146096, 1018776, 1022936, 1027072, 969888, 1031408, 1043584, 551928]
  m=[1, 1, 1, 2, 1, 1, 1, 1, 1, 2, 1, 1, 1, 1, 1, 1, 1, 1, 1, 2, 1, 1, 1, 2, 1, 1, 1, 1, 1, 1, 2, 1, 1, 1, 2, 1, 1, 1, 2, 1, 2, 2, 1, 1, 1, 1, 1, 1, 1, 1, 2, 1, 1, 1, 1, 1, 2, 1, 1, 1, 1, 1, 1, 1, 2, 2, 1, 1, 1, 1, 1, 1, 1, 1, 1, 1, 1, 1, 1, 1, 2, 2, 1, 1, 1, 2, 2, 1, 1, 1, 1, 1, 1, 2, 1, 1, 1, 1, 1, 1, 1, 1, 1, 2, 1, 1, 1, 1, 2, 1, 1, 1, 1, 2, 2, 1, 1, 1, 2, 2, 1, 1, 1, 1, 1, 1, 1, 1, 1, 2, 1, 1, 1, 1, 1, 1, 2, 1, 1, 2, 2, 1, 1, 1, 1, 1, 2, 1, 1, 1, 1, 2, 1, 1, 1, 1, 2, 1, 2, 1, 1, 1, 1, 1, 1, 1, 1, 1, 1, 1, 1, 1, 1, 1, 1, 1, 2, 2, 1, 2, 1, 1, 1, 1, 1, 2, 1, 1, 1, 1, 1, 1, 1, 1, 1, 1, 1, 1, 1, 2, 1, 1, 2, 1, 1, 2, 1, 1, 1, 1, 1, 1, 2, 2, 1]
w=1805097875967548160/590295810358705747841 [cg] doubles=41 n=215
  xk(2^-20 units)=[3880, 8016, 12224, 19864, 24200, 28344, 32504, 36672, 40912, 48488, 52840, 56976, 61176, 65368, 69568, 73880, 81112, 85376, 89568, 93872, 98264, 105656, 109904, 114256, 118656, 126016, 130320, 134512, 138712, 142848, 147192, 154840, 159064, 163248, 167600, 175312, 179520, 183664, 187992, 556048, 195992, 208192, 212528, 216696, 220928, 225200, 232480, 236680, 240872, 245056, 249368, 253696, 257944, 265152, 269416, 273656, 277952, 282272, 286544, 293800, 298104, 302312, 306520, 310744, 318512, 322984, 330720, 334936, 339072, 343232, 347400, 351576, 355704, 359872, 364000, 368152, 372288, 376408, 380568, 384688, 389048, 397104, 401568, 409168, 413528, 421536, 426056, 430464, 434888, 439488, 444200, 448816, 453232, 457688, 462104, 466384, 470640, 477912, 482216, 486456, 490648, 494816, 498976, 503288, 507664, 514952, 519216, 523368, 527712, 535488, 539720, 543880, 974368, 548224, 560464, 564872, 572336, 576624, 581000, 589048, 593392, 597568, 601848, 1036040, 609280, 613520, 617736, 621936, 626176, 633888, 638224, 642360, 646512, 650704, 654936, 662272, 666656, 671000, 675256, 683072, 691088, 695424, 699560, 703696, 707824, 711896, 716208, 723856, 728088, 732264, 736392, 740720, 748456, 752704, 756856, 760992, 765296, 777008, 781392, 785672, 789752, 793888, 797976, 802080, 806176, 810288, 200408, 818520, 822656, 826808, 830928, 835168, 846800, 814416, 851064, 855264, 859632, 867720, 872120, 879800, 884152, 888352, 892560, 896824, 904352, 908840, 916584, 920896, 925040, 929184, 933344, 937456, 941568, 945720, 949848, 953992, 958120, 962352, 769664, 970032, 978536, 982752, 990456, 994768, 998920, 1003272, 1010960, 1015168, 1019344, 1023512, 1027672, 1031824, 1043736, 1048176, 839440]
  m=[1, 1, 1, 2, 1, 1, 1, 1, 1, 2, 1, 1, 1, 1, 1, 1, 1, 1, 1, 2, 1, 1, 1, 2, 1, 1, 1, 1, 1, 1, 2, 1, 1, 1, 2, 1, 1, 1, 2, 1, 2, 2, 1, 1, 1, 1, 1, 1, 1, 1, 2, 1, 1, 1, 1, 1, 2, 1, 1, 1, 1, 1, 1, 1, 2, 2, 1, 1, 1, 1, 1, 1, 1, 1, 1, 1, 1, 1, 1, 1, 2, 2, 1, 1, 1, 2, 2, 1, 1, 1, 1, 1, 1, 2, 1, 1, 1, 1, 1, 1, 1, 1, 1, 2, 1, 1, 1, 1, 2, 1, 1, 1, 1, 2, 2, 1, 1, 1, 2, 2, 1, 1, 1, 1, 1, 1, 1, 1, 1, 2, 1, 1, 1, 1, 1, 1, 2, 1, 1, 2, 2, 1, 1, 1, 1, 1, 2, 1, 1, 1, 1, 2, 1, 1, 1, 1, 2, 1, 2, 1, 1, 1, 1, 1, 1, 1, 1, 1, 1, 1, 1, 1, 1, 1, 1, 1, 2, 2, 1, 2, 1, 1, 1, 1, 1, 2, 1, 1, 1, 1, 1, 1, 1, 1, 1, 1, 1, 1, 1, 2, 1, 1, 2, 1, 1, 2, 1, 1, 1, 1, 1, 1, 2, 2, 1]
w=348147657779880320/590295810358705747841 [cg] doubles=41 n=215
  xk(2^-20 units)=[3264, 1010624, 7528, 19208, 23480, 27584, 31704, 35832, 617360, 44288, 872072, 56096, 64448, 68624, 72864, 77104, 84336, 551424, 88600, 92952, 97248, 101392, 105632, 113336, 117712, 121976, 129480, 133736, 137904, 142088, 150496, 154888, 162056, 14808, 166416, 170736, 174920, 302240, 186832, 191128, 195424, 203440, 223696, 219432, 1014816, 227912, 232104, 236272, 240504, 207808, 248208, 252568, 260872, 265000, 269136, 273264, 277616, 256720, 285336, 289600, 293800, 298008, 436696, 322440, 310072, 318088, 326560, 330696, 334840, 338992, 343184, 347432, 354672, 358960, 363168, 367360, 371528, 375712, 379920, 896080, 387584, 396184, 400568, 407920, 412128, 416496, 424568, 391904, 432448, 440896, 445088, 449256, 453400, 457768, 465384, 469600, 473784, 477944, 482080, 486208, 490320, 494448, 498584, 502840, 507144, 511296, 515512, 522816, 527232, 531528, 535712, 539888, 544168, 555824, 567984, 604888, 563608, 572376, 580160, 592272, 60296, 596616, 600712, 212048, 609048, 613184, 584536, 621536, 625736, 633552, 637840, 641960, 51840, 650264, 654416, 658648, 666296, 670616, 674768, 679096, 691208, 646088, 695632, 686824, 703080, 707320, 711656, 716048, 723592, 727864, 732056, 736448, 748504, 752720, 757008, 764344, 768712, 773032, 781416, 785728, 789976, 797192, 805672, 847136, 801464, 809824, 813944, 818128, 822232, 826336, 830480, 834672, 838800, 842960, 851336, 855552, 863272, 867712, 744216, 879864, 777128, 884240, 888528, 179136, 900416, 909096, 913536, 917928, 922408, 926920, 931432, 935864, 940232, 944560, 948824, 953088, 957296, 961448, 904664, 970048, 977792, 982032, 986432, 39952, 994232, 1002064, 1006448, 146184, 1038944, 1019024, 1023320, 965664, 1031016, 1043328, 1047664]
  m=[1, 1, 1, 2, 1, 1, 1, 1, 1, 2, 1, 1, 1, 1, 1, 1, 1, 1, 1, 2, 1, 1, 1, 2, 1, 1, 1, 1, 1, 1, 2, 1, 1, 1, 2, 1, 1, 1, 2, 1, 2, 2, 1, 1, 1, 1, 1, 1, 1, 1, 2, 1, 1, 1, 1, 1, 2, 1, 1, 1, 1, 1, 1, 1, 2, 2, 1, 1, 1, 1, 1, 1, 1, 1, 1, 1, 1, 1, 1, 1, 2, 2, 1, 1, 1, 2, 2, 1, 1, 1, 1, 1, 1, 2, 1, 1, 1, 1, 1, 1, 1, 1, 1, 2, 1, 1, 1, 1, 2, 1, 1, 1, 1, 2, 2, 1, 1, 1, 2, 2, 1, 1, 1, 1, 1, 1, 1, 1, 1, 2, 1, 1, 1, 1, 1, 1, 2, 1, 1, 2, 2, 1, 1, 1, 1, 1, 2, 1, 1, 1, 1, 2, 1, 1, 1, 1, 2, 1, 2, 1, 1, 1, 1, 1, 1, 1, 1, 1, 1, 1, 1, 1, 1, 1, 1, 1, 2, 2, 1, 2, 1, 1, 1, 1, 1, 2, 1, 1, 1, 1, 1, 1, 1, 1, 1, 1, 1, 1, 1, 2, 1, 1, 2, 1, 1, 2, 1, 1, 1, 1, 1, 1, 2, 2, 1]
w=305652569170112704/590295810358705747841 [cg] doubles=41 n=215
  xk(2^-20 units)=[3120, 1006768, 7200, 15648, 23376, 27616, 31816, 36064, 617376, 47792, 769024, 60320, 64448, 68552, 72656, 76768, 80888, 85056, 89280, 96992, 101312, 105472, 109664, 117384, 121728, 125856, 130000, 134128, 138264, 142368, 146696, 154384, 158616, 11336, 162936, 170808, 175104, 179344, 187312, 191720, 199504, 203968, 248896, 216128, 846800, 220416, 227896, 232104, 236264, 240392, 244616, 252968, 261168, 265304, 269464, 273704, 281512, 257056, 285864, 290128, 297352, 301624, 305816, 309928, 314280, 322232, 326536, 330624, 334704, 338848, 342992, 347128, 351296, 355464, 359680, 363928, 371184, 375456, 379656, 383848, 388184, 396144, 400512, 404696, 412040, 428600, 420632, 432960, 437088, 441248, 445312, 449464, 453592, 457888, 462272, 469560, 473792, 478000, 482176, 486336, 490512, 494768, 502056, 506464, 510768, 514928, 519120, 523376, 531112, 535472, 539648, 543936, 551352, 555792, 563880, 604728, 634064, 568312, 576264, 588624, 416288, 56200, 593024, 211832, 609008, 613208, 580688, 621480, 625600, 629832, 638136, 642248, 52096, 650456, 654600, 658800, 666504, 670848, 675096, 682904, 687384, 646328, 695136, 699360, 703512, 707688, 712048, 719808, 724080, 728400, 735776, 740168, 748640, 752800, 810200, 756952, 761344, 773224, 777608, 785320, 789504, 793656, 797792, 965648, 806048, 801936, 597256, 814360, 818544, 822784, 830048, 834288, 838472, 842656, 850968, 855072, 859408, 867432, 744496, 875520, 879920, 884208, 891784, 896120, 900392, 909096, 913600, 918144, 922856, 927504, 931968, 936336, 940600, 944824, 949008, 953168, 957328, 961512, 904664, 969984, 977736, 981912, 986272, 43360, 993960, 998312, 1002632, 1010952, 1015176, 1022464, 1026760, 1030952, 1035312, 1043224, 1047568]
  m=[1, 1, 1, 2, 1, 1, 1, 1, 1, 2, 1, 1, 1, 1, 1, 1, 1, 1, 1, 2, 1, 1, 1, 2, 1, 1, 1, 1, 1, 1, 2, 1, 1, 1, 2, 1, 1, 1, 2, 1, 2, 2, 1, 1, 1, 1, 1, 1, 1, 1, 2, 1, 1, 1, 1, 1, 2, 1, 1, 1, 1, 1, 1, 1, 2, 2, 1, 1, 1, 1, 1, 1, 1, 1, 1, 1, 1, 1, 1, 1, 2, 2, 1, 1, 1, 2, 2, 1, 1, 1, 1, 1, 1, 2, 1, 1, 1, 1, 1, 1, 1, 1, 1, 2, 1, 1, 1, 1, 2, 1, 1, 1, 1, 2, 2, 1, 1, 1, 2, 2, 1, 1, 1, 1, 1, 1, 1, 1, 1, 2, 1, 1, 1, 1, 1, 1, 2, 1, 1, 2, 2, 1, 1, 1, 1, 1, 2, 1, 1, 1, 1, 2, 1, 1, 1, 1, 2, 1, 2, 1, 1, 1, 1, 1, 1, 1, 1, 1, 1, 1, 1, 1, 1, 1, 1, 1, 2, 2, 1, 2, 1, 1, 1, 1, 1, 2, 1, 1, 1, 1, 1, 1, 1, 1, 1, 1, 1, 1, 1, 2, 1, 1, 2, 1, 1, 2, 1, 1, 1, 1, 1, 1, 2, 2, 1]
w=11304315348572602368/590295810358705747841 [cg] doubles=41 n=215
  xk(2^-20 units)=[3440, 7592, 175032, 19480, 23824, 27960, 32104, 36256, 40392, 44752, 52400, 56640, 60832, 65016, 69280, 76584, 80840, 85056, 89224, 93608, 101320, 134360, 109720, 114056, 11800, 121824, 126024, 130192, 138552, 142768, 150528, 154880, 158992, 425576, 163304, 167680, 843064, 179288, 187728, 192128, 199776, 207840, 212192, 216360, 220488, 224640, 228784, 232944, 237112, 241336, 249000, 253328, 257448, 261600, 265744, 269848, 274200, 281952, 286272, 290552, 297976, 302232, 306440, 347344, 310760, 318792, 330752, 334928, 339064, 343208, 326520, 351472, 355584, 359712, 363816, 367936, 372080, 376200, 429840, 380344, 384648, 392672, 404520, 183424, 408768, 413144, 421192, 650520, 699488, 437144, 441416, 445632, 449792, 454128, 461816, 466048, 470208, 474368, 482624, 486768, 490960, 495208, 585248, 502880, 507272, 511536, 518968, 523232, 527560, 531888, 536048, 540336, 547784, 552232, 560184, 397064, 568608, 720024, 572904, 580888, 589416, 593640, 597888, 605088, 609376, 613552, 617696, 621840, 625968, 630280, 637944, 642184, 646368, 756432, 654640, 658768, 663120, 670856, 564528, 675272, 683320, 687712, 695200, 826560, 703696, 707928, 715680, 724192, 728376, 777816, 732640, 740416, 744800, 749048, 912616, 760664, 764984, 769248, 773520, 782064, 789232, 793504, 797696, 801864, 806000, 810128, 814264, 818352, 822472, 478488, 830672, 834800, 838936, 847192, 851336, 855464, 859816, 867712, 872080, 879768, 933352, 888184, 892328, 896464, 900656, 908296, 1026904, 916728, 920848, 925008, 929144, 884080, 937632, 944920, 949216, 953432, 957584, 961752, 965872, 970184, 974568, 982040, 986440, 990824, 998264, 1002648, 1011128, 1006960, 1015296, 1019536, 105552, 1031152, 1035552, 1043520, 1047848]
  m=[1, 1, 1, 2, 1, 1, 1, 1, 1, 2, 1, 1, 1, 1, 1, 1, 1, 1, 1, 2, 1, 1, 1, 2, 1, 1, 1, 1, 1, 1, 2, 1, 1, 1, 2, 1, 1, 1, 2, 1, 2, 2, 1, 1, 1, 1, 1, 1, 1, 1, 2, 1, 1, 1, 1, 1, 2, 1, 1, 1, 1, 1, 1, 1, 2, 2, 1, 1, 1, 1, 1, 1, 1, 1, 1, 1, 1, 1, 1, 1, 2, 2, 1, 1, 1, 2, 2, 1, 1, 1, 1, 1, 1, 2, 1, 1, 1, 1, 1, 1, 1, 1, 1, 2, 1, 1, 1, 1, 2, 1, 1, 1, 1, 2, 2, 1, 1, 1, 2, 2, 1, 1, 1, 1, 1, 1, 1, 1, 1, 2, 1, 1, 1, 1, 1, 1, 2, 1, 1, 2, 2, 1, 1, 1, 1, 1, 2, 1, 1, 1, 1, 2, 1, 1, 1, 1, 2, 1, 2, 1, 1, 1, 1, 1, 1, 1, 1, 1, 1, 1, 1, 1, 1, 1, 1, 1, 2, 2, 1, 2, 1, 1, 1, 1, 1, 2, 1, 1, 1, 1, 1, 1, 1, 1, 1, 1, 1, 1, 1, 2, 1, 1, 2, 1, 1, 2, 1, 1, 1, 1, 1, 1, 2, 2, 1]
w=3254893057317489152/590295810358705747841 [cg] doubles=41 n=215
  xk(2^-20 units)=[3112, 88952, 7360, 19096, 23424, 27544, 31680, 35808, 617512, 44232, 769040, 60416, 64760, 203840, 72152, 76440, 80632, 84792, 150688, 93288, 100952, 105224, 109400, 113784, 121464, 125736, 129872, 133984, 138096, 142200, 146448, 154776, 158888, 14688, 163224, 170848, 175144, 179392, 187160, 191640, 199408, 211536, 256936, 215864, 846832, 224168, 228288, 232424, 236568, 240824, 248440, 252792, 261048, 265192, 269296, 273440, 277784, 1047536, 285592, 289928, 297384, 301632, 383832, 309984, 314336, 322184, 326480, 330608, 334696, 338840, 343008, 347152, 351312, 355512, 359800, 367088, 371344, 375560, 379704, 994344, 388144, 392584, 400288, 404544, 408864, 428688, 420728, 433040, 437160, 441304, 445392, 449536, 453648, 457952, 462352, 469456, 473752, 477928, 482112, 486272, 490416, 494544, 498664, 502984, 305832, 510768, 519216, 523456, 531168, 535512, 539688, 543872, 548120, 555832, 560360, 604952, 568040, 572320, 576728, 588840, 416288, 56224, 596504, 219984, 609176, 613328, 584400, 621776, 629064, 633480, 637808, 641984, 51928, 650280, 654456, 658696, 666376, 670760, 675016, 682792, 687296, 646112, 695048, 699304, 703480, 707600, 711952, 719736, 724032, 728336, 735776, 740184, 748648, 752848, 810352, 757032, 764688, 773192, 777560, 785152, 789360, 793520, 797688, 965592, 806048, 801848, 600768, 817608, 821888, 826088, 830240, 834384, 838560, 842712, 850976, 855152, 859512, 867496, 744512, 875600, 879952, 884144, 888336, 892608, 896952, 909120, 913656, 918192, 922864, 927448, 931912, 936304, 940576, 944800, 948976, 953144, 957320, 961464, 904608, 969904, 974304, 981528, 985936, 39928, 990248, 998664, 1006424, 1010672, 1014848, 1019072, 1023384, 1030792, 1035232, 1043200, 515024]
  m=[1, 1, 1, 2, 1, 1, 1, 1, 1, 2, 1, 1, 1, 1, 1, 1, 1, 1, 1, 2, 1, 1, 1, 2, 1, 1, 1, 1, 1, 1, 2, 1, 1, 1, 2, 1, 1, 1, 2, 1, 2, 2, 1, 1, 1, 1, 1, 1, 1, 1, 2, 1, 1, 1, 1, 1, 2, 1, 1, 1, 1, 1, 1, 1, 2, 2, 1, 1, 1, 1, 1, 1, 1, 1, 1, 1, 1, 1, 1, 1, 2, 2, 1, 1, 1, 2, 2, 1, 1, 1, 1, 1, 1, 2, 1, 1, 1, 1, 1, 1, 1, 1, 1, 2, 1, 1, 1, 1, 2, 1, 1, 1, 1, 2, 2, 1, 1, 1, 2, 2, 1, 1, 1, 1, 1, 1, 1, 1, 1, 2, 1, 1, 1, 1, 1, 1, 2, 1, 1, 2, 2, 1, 1, 1, 1, 1, 2, 1, 1, 1, 1, 2, 1, 1, 1, 1, 2, 1, 2, 1, 1, 1, 1, 1, 1, 1, 1, 1, 1, 1, 1, 1, 1, 1, 1, 1, 2, 2, 1, 2, 1, 1, 1, 1, 1, 2, 1, 1, 1, 1, 1, 1, 1, 1, 1, 1, 1, 1, 1, 2, 1, 1, 2, 1, 1, 2, 1, 1, 1, 1, 1, 1, 2, 2, 1]
w=4382806536896538624/590295810358705747841 [cg] doubles=41 n=215
  xk(2^-20 units)=[6744, 11000, 174912, 19432, 23728, 27848, 32016, 36248, 43600, 48000, 52336, 56512, 60704, 65000, 72384, 76664, 80896, 85104, 89344, 97016, 101424, 134240, 113104, 117520, 105712, 121824, 125960, 130104, 138392, 142504, 146808, 151208, 158656, 429240, 163096, 167536, 843016, 179192, 187728, 195376, 199736, 204208, 211944, 216232, 220488, 227960, 232240, 236424, 240608, 978096, 244968, 252752, 257016, 261216, 265384, 269568, 281616, 273840, 286000, 290240, 297696, 302000, 306168, 347160, 310520, 318648, 330640, 334792, 338928, 343048, 326400, 351288, 355392, 359488, 363560, 367656, 371752, 375880, 379992, 384120, 388448, 396440, 408464, 183360, 412752, 420528, 424976, 15136, 433312, 437448, 441584, 445752, 449992, 457656, 462024, 466208, 470400, 474696, 481944, 486200, 490400, 494568, 498672, 502984, 507320, 511552, 518984, 523264, 527656, 535408, 539640, 543824, 547960, 552296, 560160, 404152, 572648, 719736, 576944, 584824, 589192, 593424, 600800, 605056, 609256, 613432, 617584, 621712, 625864, 630208, 637824, 642056, 646224, 650432, 654608, 658832, 666544, 670848, 564456, 675152, 683160, 687544, 691800, 699152, 703464, 707648, 712016, 723968, 728144, 732280, 736408, 740720, 748416, 752656, 756816, 760920, 765272, 772928, 777328, 781760, 789168, 793424, 797600, 801752, 805872, 810008, 814152, 818280, 822416, 826544, 830640, 834752, 838880, 847160, 851320, 855392, 859736, 867680, 875608, 880088, 933024, 887752, 891984, 896176, 900304, 904672, 912288, 916520, 920688, 924792, 928912, 937160, 941312, 945440, 949576, 953696, 957856, 962088, 969368, 973776, 568552, 982176, 986536, 994176, 998392, 1002712, 1011216, 1007016, 1015528, 1022760, 1027064, 1031368, 1039264, 1043720, 1048120]
  m=[1, 1, 1, 2, 1, 1, 1, 1, 1, 2, 1, 1, 1, 1, 1, 1, 1, 1, 1, 2, 1, 1, 1, 2, 1, 1, 1, 1, 1, 1, 2, 1, 1, 1, 2, 1, 1, 1, 2, 1, 2, 2, 1, 1, 1, 1, 1, 1, 1, 1, 2, 1, 1, 1, 1, 1, 2, 1, 1, 1, 1, 1, 1, 1, 2, 2, 1, 1, 1, 1, 1, 1, 1, 1, 1, 1, 1, 1, 1, 1, 2, 2, 1, 1, 1, 2, 2, 1, 1, 1, 1, 1, 1, 2, 1, 1, 1, 1, 1, 1, 1, 1, 1, 2, 1, 1, 1, 1, 2, 1, 1, 1, 1, 2, 2, 1, 1, 1, 2, 2, 1, 1, 1, 1, 1, 1, 1, 1, 1, 2, 1, 1, 1, 1, 1, 1, 2, 1, 1, 2, 2, 1, 1, 1, 1, 1, 2, 1, 1, 1, 1, 2, 1, 1, 1, 1, 2, 1, 2, 1, 1, 1, 1, 1, 1, 1, 1, 1, 1, 1, 1, 1, 1, 1, 1, 1, 2, 2, 1, 2, 1, 1, 1, 1, 1, 2, 1, 1, 1, 1, 1, 1, 1, 1, 1, 1, 1, 1, 1, 2, 1, 1, 2, 1, 1, 2, 1, 1, 1, 1, 1, 1, 2, 2, 1]
w=2594555250446546432/590295810358705747841 [cg] doubles=41 n=215
  xk(2^-20 units)=[3160, 1010280, 7304, 19192, 23536, 27704, 31856, 36024, 617248, 47768, 776800, 56248, 64568, 68712, 72864, 77104, 84456, 842792, 88712, 93112, 97536, 105032, 109320, 113720, 121376, 125592, 129792, 133976, 138176, 142416, 150152, 154528, 158776, 11528, 166552, 170904, 175072, 1038976, 187016, 191344, 195664, 203600, 220320, 216176, 1014520, 224512, 228784, 236024, 240296, 207928, 244696, 252424, 260824, 264960, 269104, 273256, 277616, 256664, 285312, 289576, 293784, 297952, 302184, 322592, 309760, 318312, 326656, 330752, 334856, 338984, 343144, 347328, 351568, 358864, 363160, 367352, 371536, 375688, 379840, 383984, 388360, 396320, 400680, 404912, 412296, 416768, 424808, 429232, 433528, 440784, 445056, 449264, 453408, 457760, 462168, 469328, 473608, 477824, 481984, 486120, 490248, 494368, 498456, 502728, 507064, 511312, 518688, 522960, 527352, 535160, 539456, 543680, 547928, 555776, 563816, 604744, 568168, 572424, 580136, 588752, 60432, 593128, 600488, 212056, 608920, 613080, 314064, 621432, 625688, 633280, 637632, 641800, 52104, 650096, 654272, 658544, 666216, 670560, 674712, 679064, 691208, 645928, 695632, 686776, 703104, 707384, 711784, 719496, 723760, 727928, 732072, 736400, 748328, 752512, 756680, 760784, 765112, 769472, 781208, 785552, 789784, 797176, 805616, 846920, 801440, 809784, 813920, 818072, 822192, 826312, 830408, 834536, 838648, 913488, 851064, 855168, 859504, 867624, 744088, 875720, 880208, 887728, 892024, 896264, 900472, 909064, 179336, 917880, 922368, 926912, 931440, 935864, 940256, 944560, 948792, 952992, 957192, 961368, 904664, 974152, 965576, 981912, 989832, 40264, 994200, 998480, 1002912, 1047632, 1018720, 1022840, 1026960, 969760, 1031280, 1043344, 584448]
  m=[1, 1, 1, 2, 1, 1, 1, 1, 1, 2, 1, 1, 1, 1, 1, 1, 1, 1, 1, 2, 1, 1, 1, 2, 1, 1, 1, 1, 1, 1, 2, 1, 1, 1, 2, 1, 1, 1, 2, 1, 2, 2, 1, 1, 1, 1, 1, 1, 1, 1, 2, 1, 1, 1, 1, 1, 2, 1, 1, 1, 1, 1, 1, 1, 2, 2, 1, 1, 1, 1, 1, 1, 1, 1, 1, 1, 1, 1, 1, 1, 2, 2, 1, 1, 1, 2, 2, 1, 1, 1, 1, 1, 1, 2, 1, 1, 1, 1, 1, 1, 1, 1, 1, 2, 1, 1, 1, 1, 2, 1, 1, 1, 1, 2, 2, 1, 1, 1, 2, 2, 1, 1, 1, 1, 1, 1, 1, 1, 1, 2, 1, 1, 1, 1, 1, 1, 2, 1, 1, 2, 2, 1, 1, 1, 1, 1, 2, 1, 1, 1, 1, 2, 1, 1, 1, 1, 2, 1, 2, 1, 1, 1, 1, 1, 1, 1, 1, 1, 1, 1, 1, 1, 1, 1, 1, 1, 2, 2, 1, 2, 1, 1, 1, 1, 1, 2, 1, 1, 1, 1, 1, 1, 1, 1, 1, 1, 1, 1, 1, 2, 1, 1, 2, 1, 1, 2, 1, 1, 1, 1, 1, 1, 2, 2, 1]
w=561461065194945600/590295810358705747841 [cg] doubles=41 n=215
  xk(2^-20 units)=[3448, 7712, 171832, 19440, 23752, 27896, 32096, 36344, 43696, 48088, 52424, 56576, 60768, 65000, 72416, 76712, 80952, 85176, 89328, 93728, 101448, 134400, 109832, 114176, 105664, 118584, 125952, 130208, 138576, 142704, 147032, 151424, 158752, 429104, 163200, 167576, 843136, 179272, 183744, 191472, 195856, 204456, 212048, 216312, 220520, 224688, 920848, 236104, 240344, 244528, 248808, 253088, 257168, 261272, 265352, 269464, 277888, 285488, 289728, 293904, 298056, 302232, 310584, 347320, 318272, 326288, 330656, 334792, 338944, 343128, 580600, 351592, 228976, 358968, 363256, 367496, 371632, 375800, 379984, 384168, 388512, 396488, 408248, 200136, 412496, 416880, 424752, 15024, 433224, 437360, 441456, 445632, 449768, 454104, 461688, 465936, 470088, 474248, 482576, 486728, 490904, 495144, 859104, 502896, 507312, 511584, 519024, 523288, 527712, 535472, 539736, 543912, 548008, 552336, 560256, 400920, 568680, 719592, 573024, 584968, 589304, 593512, 600880, 605184, 609384, 613616, 617904, 634016, 625280, 629704, 638136, 642248, 646416, 650632, 654896, 662280, 666728, 671136, 564592, 678888, 686800, 691136, 695256, 699384, 703512, 707624, 711968, 723824, 728000, 732184, 736304, 740656, 748352, 752576, 756744, 760896, 765264, 772968, 777344, 781792, 789112, 793368, 797544, 801712, 805840, 809968, 814112, 818256, 822368, 826496, 830624, 834784, 838944, 847424, 854832, 273552, 863440, 867920, 875640, 880104, 478432, 887784, 892040, 896256, 900512, 908240, 912568, 916728, 306368, 925000, 929200, 933496, 940784, 945048, 949232, 953368, 957528, 961680, 965832, 970152, 977776, 981960, 986272, 990584, 994808, 1002536, 1011160, 1006920, 1018672, 1022952, 1027176, 1031424, 1039120, 1043560, 1047856]
  m=[1, 1, 1, 2, 1, 1, 1, 1, 1, 2, 1, 1, 1, 1, 1, 1, 1, 1, 1, 2, 1, 1, 1, 2, 1, 1, 1, 1, 1, 1, 2, 1, 1, 1, 2, 1, 1, 1, 2, 1, 2, 2, 1, 1, 1, 1, 1, 1, 1, 1, 2, 1, 1, 1, 1, 1, 2, 1, 1, 1, 1, 1, 1, 1, 2, 2, 1, 1, 1, 1, 1, 1, 1, 1, 1, 1, 1, 1, 1, 1, 2, 2, 1, 1, 1, 2, 2, 1, 1, 1, 1, 1, 1, 2, 1, 1, 1, 1, 1, 1, 1, 1, 1, 2, 1, 1, 1, 1, 2, 1, 1, 1, 1, 2, 2, 1, 1, 1, 2, 2, 1, 1, 1, 1, 1, 1, 1, 1, 1, 2, 1, 1, 1, 1, 1, 1, 2, 1, 1, 2, 2, 1, 1, 1, 1, 1, 2, 1, 1, 1, 1, 2, 1, 1, 1, 1, 2, 1, 2, 1, 1, 1, 1, 1, 1, 1, 1, 1, 1, 1, 1, 1, 1, 1, 1, 1, 2, 2, 1, 2, 1, 1, 1, 1, 1, 2, 1, 1, 1, 1, 1, 1, 1, 1, 1, 1, 1, 1, 1, 2, 1, 1, 2, 1, 1, 2, 1, 1, 1, 1, 1, 1, 2, 2, 1]
w=7016583646588352512/590295810358705747841 [cg] doubles=41 n=215
  xk(2^-20 units)=[7120, 11296, 15528, 23064, 27400, 31560, 35696, 39832, 43984, 55728, 899824, 60096, 64216, 68336, 72464, 76600, 80736, 84896, 89024, 93376, 100944, 322120, 105176, 113656, 117968, 122128, 126400, 133688, 137968, 142160, 146496, 150896, 158208, 162456, 166808, 171152, 175408, 182944, 187392, 195120, 199552, 207512, 211864, 215976, 220160, 224312, 228600, 236024, 240288, 244504, 248848, 253288, 260584, 264848, 269008, 273136, 277448, 109344, 285936, 290176, 297560, 301800, 306000, 310120, 314464, 326496, 330760, 334848, 338920, 342992, 347104, 351216, 355336, 359488, 363640, 367840, 372104, 379440, 383712, 387912, 392272, 400352, 404800, 412200, 416464, 420776, 429312, 281744, 433560, 437680, 441848, 446088, 453360, 457768, 462136, 466360, 473688, 477968, 482136, 486312, 490480, 494608, 498760, 503096, 510768, 515008, 519224, 523472, 531248, 535608, 539776, 543952, 548200, 556040, 564112, 580584, 568552, 731648, 576248, 584920, 592576, 596840, 601056, 605248, 609448, 1010368, 613768, 621192, 625416, 629840, 637608, 641872, 646040, 650216, 425056, 658480, 662808, 667168, 674456, 678864, 686888, 691288, 695576, 702984, 707248, 711440, 715776, 756288, 724352, 735920, 740096, 744432, 748832, 985896, 720096, 838592, 764880, 654360, 777056, 781432, 785712, 793056, 797328, 801488, 805640, 809760, 813912, 818040, 822152, 826264, 830376, 834488, 842704, 846840, 850968, 855080, 859400, 867344, 871736, 879544, 883912, 888184, 895576, 769272, 904048, 908416, 916192, 48176, 990056, 925000, 932352, 936632, 940824, 944984, 949128, 953248, 957384, 961496, 965648, 969992, 974392, 981616, 920576, 994200, 998376, 1002720, 760512, 1014616, 1018824, 1023000, 1027208, 1031488, 1039248, 1047240, 3000]
  m=[1, 1, 1, 2, 1, 1, 1, 1, 1, 2, 1, 1, 1, 1, 1, 1, 1, 1, 1, 2, 1, 1, 1, 2, 1, 1, 1, 1, 1, 1, 2, 1, 1, 1, 2, 1, 1, 1, 2, 1, 2, 2, 1, 1, 1, 1, 1, 1, 1, 1, 2, 1, 1, 1, 1, 1, 2, 1, 1, 1, 1, 1, 1, 1, 2, 2, 1, 1, 1, 1, 1, 1, 1, 1, 1, 1, 1, 1, 1, 1, 2, 2, 1, 1, 1, 2, 2, 1, 1, 1, 1, 1, 1, 2, 1, 1, 1, 1, 1, 1, 1, 1, 1, 2, 1, 1, 1, 1, 2, 1, 1, 1, 1, 2, 2, 1, 1, 1, 2, 2, 1, 1, 1, 1, 1, 1, 1, 1, 1, 2, 1, 1, 1, 1, 1, 1, 2, 1, 1, 2, 2, 1, 1, 1, 1, 1, 2, 1, 1, 1, 1, 2, 1, 1, 1, 1, 2, 1, 2, 1, 1, 1, 1, 1, 1, 1, 1, 1, 1, 1, 1, 1, 1, 1, 1, 1, 2, 2, 1, 2, 1, 1, 1, 1, 1, 2, 1, 1, 1, 1, 1, 1, 1, 1, 1, 1, 1, 1, 1, 2, 1, 1, 2, 1, 1, 2, 1, 1, 1, 1, 1, 1, 2, 2, 1]
w=500812391472077120/590295810358705747841 [cg] doubles=41 n=215
  xk(2^-20 units)=[6952, 1010480, 11088, 15432, 23040, 27280, 31440, 35568, 48424, 44016, 55656, 59912, 64120, 68248, 117896, 76512, 80648, 84768, 88880, 97288, 101672, 92992, 109040, 113456, 72352, 125264, 129536, 715992, 137904, 142184, 149912, 154248, 158360, 162480, 166784, 171176, 178512, 400280, 187056, 191440, 199248, 207232, 223256, 215896, 850128, 227536, 231696, 235824, 239920, 252528, 248272, 256560, 260664, 264768, 268880, 272952, 277296, 281680, 289176, 293520, 297896, 305336, 309640, 182736, 314016, 321960, 326344, 330480, 334616, 338776, 342984, 347264, 354536, 358808, 362984, 367144, 371296, 375416, 379544, 383616, 387928, 395936, 404544, 411944, 416200, 420584, 428464, 432792, 436912, 461264, 441048, 445176, 449320, 453696, 465472, 469584, 473728, 477904, 482088, 486272, 490520, 497792, 502000, 506304, 834320, 514736, 518840, 522936, 527304, 534864, 674072, 543368, 547648, 555400, 559912, 604672, 567672, 571912, 576296, 588552, 650232, 593000, 600392, 211608, 608872, 613040, 617184, 621336, 633328, 625664, 637592, 641760, 645968, 539136, 657592, 661880, 666272, 793272, 707272, 678488, 686408, 690744, 694888, 699040, 703192, 133744, 711560, 723368, 727680, 731888, 736120, 743904, 748264, 752392, 756560, 760784, 768512, 772832, 777192, 784824, 789096, 584136, 797480, 801648, 805944, 510616, 813360, 817608, 821800, 825968, 830160, 244008, 838528, 842808, 854384, 858560, 862904, 870816, 875144, 879440, 883872, 891216, 895528, 899776, 903992, 908352, 912856, 917408, 922120, 926864, 931432, 935840, 940184, 944440, 948648, 952848, 957056, 961272, 965560, 973272, 977672, 981960, 989808, 39696, 994112, 998456, 1006192, 1014648, 1018808, 1023016, 1027280, 1034648, 1039104, 1047048, 2824]
  m=[1, 1, 1, 2, 1, 1, 1, 1, 1, 2, 1, 1, 1, 1, 1, 1, 1, 1, 1, 2, 1, 1, 1, 2, 1, 1, 1, 1, 1, 1, 2, 1, 1, 1, 2, 1, 1, 1, 2, 1, 2, 2, 1, 1, 1, 1, 1, 1, 1, 1, 2, 1, 1, 1, 1, 1, 2, 1, 1, 1, 1, 1, 1, 1, 2, 2, 1, 1, 1, 1, 1, 1, 1, 1, 1, 1, 1, 1, 1, 1, 2, 2, 1, 1, 1, 2, 2, 1, 1, 1, 1, 1, 1, 2, 1, 1, 1, 1, 1, 1, 1, 1, 1, 2, 1, 1, 1, 1, 2, 1, 1, 1, 1, 2, 2, 1, 1, 1, 2, 2, 1, 1, 1, 1, 1, 1, 1, 1, 1, 2, 1, 1, 1, 1, 1, 1, 2, 1, 1, 2, 2, 1, 1, 1, 1, 1, 2, 1, 1, 1, 1, 2, 1, 1, 1, 1, 2, 1, 2, 1, 1, 1, 1, 1, 1, 1, 1, 1, 1, 1, 1, 1, 1, 1, 1, 1, 2, 2, 1, 2, 1, 1, 1, 1, 1, 2, 1, 1, 1, 1, 1, 1, 1, 1, 1, 1, 1, 1, 1, 2, 1, 1, 2, 1, 1, 2, 1, 1, 1, 1, 1, 1, 2, 2, 1]
w=960755158830802560/590295810358705747841 [cg] doubles=41 n=215
  xk(2^-20 units)=[3504, 937104, 15184, 19608, 23904, 28064, 32216, 36464, 43696, 48096, 52480, 56680, 60928, 68288, 72552, 76720, 80904, 85104, 89384, 96960, 101304, 105440, 109576, 113888, 118240, 122496, 129728, 134032, 138240, 142376, 146688, 151080, 158440, 162672, 167000, 171304, 175448, 179648, 187456, 191768, 196080, 204096, 212008, 216288, 220544, 224800, 232200, 236440, 240624, 244760, 249056, 253384, 257600, 261856, 269056, 273312, 277696, 285456, 289680, 293816, 297952, 302088, 306280, 310368, 314704, 322552, 682792, 331144, 335448, 342896, 347160, 351408, 355576, 863096, 363912, 368112, 372376, 379600, 383920, 388096, 392448, 400456, 404840, 409072, 326936, 416744, 421272, 429000, 433232, 437456, 441688, 445944, 453336, 457752, 462064, 466248, 470552, 477784, 482088, 486296, 490496, 494656, 498912, 506648, 510976, 515128, 519344, 523576, 531248, 535600, 539728, 543864, 547976, 552336, 564504, 572272, 560080, 728160, 576688, 584688, 589032, 593168, 597384, 601664, 608904, 613192, 617400, 621576, 625712, 630000, 634352, 638592, 645904, 666672, 650264, 654576, 662328, 670808, 359776, 675152, 687160, 691456, 695584, 699744, 704000, 711232, 715624, 719936, 724048, 732288, 736424, 740784, 748520, 752824, 757056, 838720, 764640, 769008, 780776, 785080, 789280, 793472, 797584, 801736, 805848, 809928, 814048, 818168, 822272, 826376, 830480, 834584, 842824, 846960, 851104, 773144, 855448, 867488, 871896, 879664, 884072, 7760, 895712, 900016, 904256, 908616, 888344, 916312, 920552, 924688, 928832, 932968, 941224, 945352, 949456, 953568, 957672, 961800, 965936, 970328, 974728, 982168, 986552, 994264, 998488, 1002808, 1007256, 1014544, 1018832, 1023040, 1027224, 1031440, 1039168, 1043592, 1047904]
  m=[1, 1, 1, 2, 1, 1, 1, 1, 1, 2, 1, 1, 1, 1, 1, 1, 1, 1, 1, 2, 1, 1, 1, 2, 1, 1, 1, 1, 1, 1, 2, 1, 1, 1, 2, 1, 1, 1, 2, 1, 2, 2, 1, 1, 1, 1, 1, 1, 1, 1, 2, 1, 1, 1, 1, 1, 2, 1, 1, 1, 1, 1, 1, 1, 2, 2, 1, 1, 1, 1, 1, 1, 1, 1, 1, 1, 1, 1, 1, 1, 2, 2, 1, 1, 1, 2, 2, 1, 1, 1, 1, 1, 1, 2, 1, 1, 1, 1, 1, 1, 1, 1, 1, 2, 1, 1, 1, 1, 2, 1, 1, 1, 1, 2, 2, 1, 1, 1, 2, 2, 1, 1, 1, 1, 1, 1, 1, 1, 1, 2, 1, 1, 1, 1, 1, 1, 2, 1, 1, 2, 2, 1, 1, 1, 1, 1, 2, 1, 1, 1, 1, 2, 1, 1, 1, 1, 2, 1, 2, 1, 1, 1, 1, 1, 1, 1, 1, 1, 1, 1, 1, 1, 1, 1, 1, 1, 2, 2, 1, 2, 1, 1, 1, 1, 1, 2, 1, 1, 1, 1, 1, 1, 1, 1, 1, 1, 1, 1, 1, 2, 1, 1, 2, 1, 1, 2, 1, 1, 1, 1, 1, 1, 2, 2, 1]
w=295402457442545408/590295810358705747841 [cg] doubles=41 n=215
  xk(2^-20 units)=[6688, 1010056, 10832, 15192, 22832, 27096, 31296, 35504, 47200, 51624, 420672, 55928, 64200, 68352, 72456, 76584, 80728, 84856, 89008, 93384, 101040, 105264, 109544, 117328, 121688, 125864, 130160, 637664, 137584, 146040, 150352, 154680, 158912, 166360, 170768, 175072, 179304, 653560, 186992, 191304, 195616, 203632, 219904, 215576, 846728, 224144, 228448, 235696, 239928, 252648, 248352, 256760, 260864, 264984, 682552, 269128, 277584, 60056, 285440, 289720, 294040, 301456, 305712, 309888, 314248, 322184, 326504, 330616, 334752, 338896, 343080, 347360, 354584, 358872, 363072, 141872, 367232, 375544, 379744, 383992, 391744, 396216, 400608, 407848, 412080, 416376, 424968, 432536, 436784, 440928, 445072, 449200, 453368, 457672, 462080, 469360, 473600, 477808, 481960, 486120, 490248, 494384, 498504, 502848, 510440, 514704, 518872, 523000, 527344, 534992, 673880, 543384, 547512, 551872, 559872, 605040, 564344, 571760, 576176, 588328, 273232, 596776, 600888, 208104, 609128, 613256, 617376, 621512, 625632, 629968, 592656, 641968, 646232, 539208, 657824, 661960, 666304, 793304, 710808, 678288, 686880, 739848, 694640, 698904, 703192, 244072, 715264, 719680, 727224, 731496, 735672, 744184, 751944, 756208, 371376, 760344, 764672, 769056, 780736, 785032, 789152, 580592, 797424, 801592, 805784, 810056, 776368, 817416, 821696, 825896, 830096, 834224, 838384, 842544, 850912, 855152, 862800, 867264, 871640, 879480, 883888, 888160, 895544, 899880, 904128, 908528, 912952, 917320, 921816, 926464, 931152, 935688, 940128, 944448, 948720, 952920, 957080, 961272, 965568, 973280, 977608, 981736, 986056, 39752, 993808, 998224, 1002624, 1014392, 1018632, 1022936, 1030232, 1034512, 1038904, 1046824, 2576]
  m=[1, 1, 1, 2, 1, 1, 1, 1, 1, 2, 1, 1, 1, 1, 1, 1, 1, 1, 1, 2, 1, 1, 1, 2, 1, 1, 1, 1, 1, 1, 2, 1, 1, 1, 2, 1, 1, 1, 2, 1, 2, 2, 1, 1, 1, 1, 1, 1, 1, 1, 2, 1, 1, 1, 1, 1, 2, 1, 1, 1, 1, 1, 1, 1, 2, 2, 1, 1, 1, 1, 1, 1, 1, 1, 1, 1, 1, 1, 1, 1, 2, 2, 1, 1, 1, 2, 2, 1, 1, 1, 1, 1, 1, 2, 1, 1, 1, 1, 1, 1, 1, 1, 1, 2, 1, 1, 1, 1, 2, 1, 1, 1, 1, 2, 2, 1, 1, 1, 2, 2, 1, 1, 1, 1, 1, 1, 1, 1, 1, 2, 1, 1, 1, 1, 1, 1, 2, 1, 1, 2, 2, 1, 1, 1, 1, 1, 2, 1, 1, 1, 1, 2, 1, 1, 1, 1, 2, 1, 2, 1, 1, 1, 1, 1, 1, 1, 1, 1, 1, 1, 1, 1, 1, 1, 1, 1, 2, 2, 1, 2, 1, 1, 1, 1, 1, 2, 1, 1, 1, 1, 1, 1, 1, 1, 1, 1, 1, 1, 1, 2, 1, 1, 2, 1, 1, 2, 1, 1, 1, 1, 1, 1, 2, 2, 1]
w=4989751078800918528/590295810358705747841 [cg] doubles=41 n=215
  xk(2^-20 units)=[3080, 1010192, 7184, 15680, 23352, 27648, 31848, 36128, 617312, 47920, 776872, 56328, 64592, 68704, 72840, 77040, 81304, 842736, 88648, 93088, 97528, 105016, 109304, 113712, 121328, 125552, 129728, 133888, 138000, 142120, 150496, 154768, 158960, 11320, 166600, 170952, 175088, 1038888, 187000, 191344, 195656, 203544, 220280, 216136, 1014464, 224448, 228744, 236048, 240328, 207872, 244736, 252480, 260856, 265016, 269144, 273296, 277648, 256704, 285408, 289648, 293888, 298160, 305648, 322448, 310104, 318080, 326568, 330704, 334824, 338952, 343088, 347232, 351376, 355576, 359896, 367176, 371472, 375688, 379872, 384024, 388384, 396400, 404096, 408344, 412472, 416848, 424864, 429256, 433536, 440776, 445080, 449296, 453464, 457800, 462192, 469376, 473656, 477864, 482024, 486176, 490312, 494464, 498576, 502896, 510576, 514824, 518984, 523160, 527528, 535328, 539608, 904712, 543784, 555848, 560368, 604792, 568088, 572416, 580232, 588840, 60456, 593216, 600560, 212000, 608968, 613128, 584544, 621496, 146216, 633400, 637736, 641888, 52208, 650152, 654296, 658472, 662832, 670480, 674744, 679104, 691240, 646016, 695576, 686832, 699808, 707264, 711736, 719528, 723800, 727976, 732144, 736496, 748400, 752584, 756704, 760808, 765096, 769472, 781264, 785584, 789840, 797136, 805592, 846864, 801408, 809744, 813872, 818016, 822128, 826248, 830344, 834464, 838600, 913520, 850992, 855120, 859448, 867544, 744160, 875648, 883560, 887848, 892072, 896304, 900520, 909096, 179328, 917896, 922360, 926896, 931432, 935856, 940240, 944560, 948800, 952984, 957176, 961344, 625728, 977504, 965552, 981944, 989712, 43528, 994048, 998360, 1002760, 1047552, 1018664, 1022792, 1026928, 969816, 1031264, 1043256, 548048]
  m=[1, 1, 1, 2, 1, 1, 1, 1, 1, 2, 1, 1, 1, 1, 1, 1, 1, 1, 1, 2, 1, 1, 1, 2, 1, 1, 1, 1, 1, 1, 2, 1, 1, 1, 2, 1, 1, 1, 2, 1, 2, 2, 1, 1, 1, 1, 1, 1, 1, 1, 2, 1, 1, 1, 1, 1, 2, 1, 1, 1, 1, 1, 1, 1, 2, 2, 1, 1, 1, 1, 1, 1, 1, 1, 1, 1, 1, 1, 1, 1, 2, 2, 1, 1, 1, 2, 2, 1, 1, 1, 1, 1, 1, 2, 1, 1, 1, 1, 1, 1, 1, 1, 1, 2, 1, 1, 1, 1, 2, 1, 1, 1, 1, 2, 2, 1, 1, 1, 2, 2, 1, 1, 1, 1, 1, 1, 1, 1, 1, 2, 1, 1, 1, 1, 1, 1, 2, 1, 1, 2, 2, 1, 1, 1, 1, 1, 2, 1, 1, 1, 1, 2, 1, 1, 1, 1, 2, 1, 2, 1, 1, 1, 1, 1, 1, 1, 1, 1, 1, 1, 1, 1, 1, 1, 1, 1, 2, 2, 1, 2, 1, 1, 1, 1, 1, 2, 1, 1, 1, 1, 1, 1, 1, 1, 1, 1, 1, 1, 1, 2, 1, 1, 2, 1, 1, 2, 1, 1, 1, 1, 1, 1, 2, 2, 1]
w=3423605348892685312/590295810358705747841 [cg] doubles=41 n=215
  xk(2^-20 units)=[7112, 11264, 15488, 23096, 27408, 31544, 35656, 39800, 43896, 52336, 48024, 56720, 64008, 68256, 72440, 76608, 80808, 85120, 92608, 97088, 2992, 318720, 104872, 113448, 117760, 121880, 130336, 126056, 137736, 142048, 146464, 154312, 158544, 162712, 167024, 171448, 178816, 183064, 187384, 191664, 195968, 204032, 211704, 215944, 220168, 224344, 228656, 236056, 240336, 244528, 248864, 256608, 260832, 264984, 269088, 273200, 277472, 109128, 285880, 290040, 294256, 301656, 305944, 310080, 314384, 326440, 330752, 334832, 338912, 343016, 347144, 351256, 355416, 359568, 363696, 367880, 372128, 379448, 383760, 387944, 392320, 400304, 404744, 412192, 416464, 420840, 428896, 281752, 433272, 437504, 444936, 449184, 453352, 457672, 462000, 466224, 473544, 477848, 482016, 486176, 490336, 494488, 498672, 503016, 510648, 514896, 519104, 523336, 531056, 535408, 539536, 543632, 547776, 556232, 564112, 580400, 568408, 731904, 572720, 584792, 589128, 593384, 600616, 604864, 609048, 613208, 617344, 977592, 625560, 629888, 637528, 641792, 645928, 650120, 654248, 658384, 662712, 670408, 674624, 678984, 686944, 691336, 695576, 703008, 707280, 711472, 715832, 760472, 727768, 736064, 740168, 744488, 748840, 756256, 723504, 838824, 764784, 769072, 773392, 781120, 785416, 789632, 793960, 801304, 805608, 621464, 813952, 818088, 822256, 826392, 830520, 834664, 843096, 551888, 850632, 854928, 859296, 867328, 875264, 879656, 884000, 888240, 895528, 899776, 903920, 908240, 912504, 916624, 920752, 924904, 929064, 933328, 940680, 944960, 949168, 953304, 957448, 961592, 965744, 970096, 990288, 981736, 986032, 994400, 998480, 1002832, 1010496, 1014744, 1018984, 1023280, 1030624, 1034904, 1039280, 1047216, 809784]
  m=[1, 1, 1, 2, 1, 1, 1, 1, 1, 2, 1, 1, 1, 1, 1, 1, 1, 1, 1, 2, 1, 1, 1, 2, 1, 1, 1, 1, 1, 1, 2, 1, 1, 1, 2, 1, 1, 1, 2, 1, 2, 2, 1, 1, 1, 1, 1, 1, 1, 1, 2, 1, 1, 1, 1, 1, 2, 1, 1, 1, 1, 1, 1, 1, 2, 2, 1, 1, 1, 1, 1, 1, 1, 1, 1, 1, 1, 1, 1, 1, 2, 2, 1, 1, 1, 2, 2, 1, 1, 1, 1, 1, 1, 2, 1, 1, 1, 1, 1, 1, 1, 1, 1, 2, 1, 1, 1, 1, 2, 1, 1, 1, 1, 2, 2, 1, 1, 1, 2, 2, 1, 1, 1, 1, 1, 1, 1, 1, 1, 2, 1, 1, 1, 1, 1, 1, 2, 1, 1, 2, 2, 1, 1, 1, 1, 1, 2, 1, 1, 1, 1, 2, 1, 1, 1, 1, 2, 1, 2, 1, 1, 1, 1, 1, 1, 1, 1, 1, 1, 1, 1, 1, 1, 1, 1, 1, 2, 2, 1, 2, 1, 1, 1, 1, 1, 2, 1, 1, 1, 1, 1, 1, 1, 1, 1, 1, 1, 1, 1, 2, 1, 1, 2, 1, 1, 2, 1, 1, 1, 1, 1, 1, 2, 2, 1]
w=98975318281998528/590295810358705747841 [cg] doubles=41 n=215
  xk(2^-20 units)=[3216, 89392, 7336, 15832, 23432, 27656, 31824, 35968, 617408, 44392, 769296, 60264, 64432, 68584, 72744, 76880, 81024, 760744, 85192, 96904, 101264, 105392, 109520, 113816, 118240, 125664, 129928, 134096, 138232, 142400, 146736, 154488, 158680, 11480, 163008, 167432, 175032, 179424, 187288, 191704, 199512, 204040, 220296, 216088, 846800, 224600, 249072, 232040, 236336, 240512, 244800, 253144, 261360, 265504, 269712, 277032, 281472, 257248, 285824, 290072, 297488, 301736, 305912, 310000, 314264, 318704, 326416, 330688, 334816, 338944, 343104, 347264, 351440, 355584, 359768, 363952, 368256, 375448, 379736, 383912, 388232, 396184, 400560, 404792, 412024, 428592, 420656, 432912, 437032, 441128, 445248, 449384, 453496, 457768, 462200, 469520, 473760, 477976, 482152, 486312, 490464, 494720, 502008, 506408, 510760, 514920, 519104, 523384, 531176, 535520, 539680, 543824, 548080, 555768, 560248, 604824, 567976, 572200, 576576, 588800, 416288, 56016, 593232, 211848, 609040, 613224, 584384, 621576, 625848, 633488, 637832, 641976, 48792, 650280, 654416, 658528, 662840, 670616, 674928, 679288, 687240, 646104, 691640, 695944, 703376, 707656, 712072, 719816, 724128, 728440, 735712, 740096, 748480, 752616, 810424, 756688, 764992, 773480, 781064, 785376, 789496, 793624, 797768, 965656, 806128, 801912, 600552, 817600, 821896, 826080, 830240, 834392, 838520, 842656, 850920, 855032, 859352, 867296, 744392, 871792, 879640, 883944, 888160, 892504, 900216, 909072, 913576, 918064, 922744, 927392, 931920, 936272, 940584, 944800, 949024, 953184, 957320, 961488, 904568, 970024, 977784, 982000, 986400, 40104, 994136, 998600, 1006456, 1010776, 1015064, 1022616, 1026896, 1031064, 1035456, 1043312, 1047672]
  m=[1, 1, 1, 2, 1, 1, 1, 1, 1, 2, 1, 1, 1, 1, 1, 1, 1, 1, 1, 2, 1, 1, 1, 2, 1, 1, 1, 1, 1, 1, 2, 1, 1, 1, 2, 1, 1, 1, 2, 1, 2, 2, 1, 1, 1, 1, 1, 1, 1, 1, 2, 1, 1, 1, 1, 1, 2, 1, 1, 1, 1, 1, 1, 1, 2, 2, 1, 1, 1, 1, 1, 1, 1, 1, 1, 1, 1, 1, 1, 1, 2, 2, 1, 1, 1, 2, 2, 1, 1, 1, 1, 1, 1, 2, 1, 1, 1, 1, 1, 1, 1, 1, 1, 2, 1, 1, 1, 1, 2, 1, 1, 1, 1, 2, 2, 1, 1, 1, 2, 2, 1, 1, 1, 1, 1, 1, 1, 1, 1, 2, 1, 1, 1, 1, 1, 1, 2, 1, 1, 2, 2, 1, 1, 1, 1, 1, 2, 1, 1, 1, 1, 2, 1, 1, 1, 1, 2, 1, 2, 1, 1, 1, 1, 1, 1, 1, 1, 1, 1, 1, 1, 1, 1, 1, 1, 1, 2, 2, 1, 2, 1, 1, 1, 1, 1, 2, 1, 1, 1, 1, 1, 1, 1, 1, 1, 1, 1, 1, 1, 2, 1, 1, 2, 1, 1, 2, 1, 1, 1, 1, 1, 1, 2, 2, 1]
w=9720779155082278912/590295810358705747841 [cg] doubles=41 n=215
  xk(2^-20 units)=[3920, 8176, 15488, 19888, 24184, 28304, 32432, 36576, 40696, 45024, 52688, 56952, 61152, 65368, 69680, 76976, 81272, 85440, 89576, 93904, 98312, 105640, 109856, 114192, 118624, 125976, 130256, 134472, 138672, 142920, 150536, 154896, 159040, 163184, 167512, 175280, 179568, 183856, 191616, 552528, 196104, 208264, 212592, 216768, 221048, 228360, 232648, 236800, 240944, 245088, 249384, 253720, 257992, 265240, 269528, 273704, 278024, 282320, 286456, 290616, 294896, 302096, 306376, 310552, 314912, 322984, 327416, 334720, 338976, 343208, 347376, 351568, 355720, 359872, 364048, 368168, 372296, 376424, 380576, 384704, 389064, 397056, 401520, 408944, 413256, 417664, 425856, 430344, 434752, 439360, 444064, 448688, 453112, 457584, 461960, 466176, 470416, 474712, 482072, 486360, 490576, 494736, 498880, 503240, 510920, 515176, 519344, 523496, 527848, 535472, 539704, 543832, 974240, 548136, 560368, 564872, 572280, 576600, 580984, 589032, 593360, 597528, 601840, 1035856, 609264, 613568, 617768, 621960, 626224, 633952, 638280, 642416, 646544, 650664, 654800, 658944, 663280, 670936, 675168, 679552, 687568, 692016, 699464, 703752, 707944, 712064, 716376, 720704, 724928, 732280, 736504, 740832, 745168, 749400, 756760, 760960, 765288, 777080, 781488, 785736, 789800, 793896, 798016, 802112, 806184, 810272, 203880, 818488, 822640, 826768, 830872, 835040, 843520, 814384, 851000, 855256, 859640, 867560, 872000, 879776, 884144, 888312, 892504, 896800, 904360, 908848, 916592, 920856, 925040, 929200, 933344, 937472, 941608, 945736, 949880, 954000, 958120, 962208, 769688, 966544, 978480, 982640, 987016, 994624, 998840, 1003208, 1007616, 1015032, 1019272, 1023456, 1027608, 1031728, 1040192, 1048128, 839216]
  m=[1, 1, 1, 2, 1, 1, 1, 1, 1, 2, 1, 1, 1, 1, 1, 1, 1, 1, 1, 2, 1, 1, 1, 2, 1, 1, 1, 1, 1, 1, 2, 1, 1, 1, 2, 1, 1, 1, 2, 1, 2, 2, 1, 1, 1, 1, 1, 1, 1, 1, 2, 1, 1, 1, 1, 1, 2, 1, 1, 1, 1, 1, 1, 1, 2, 2, 1, 1, 1, 1, 1, 1, 1, 1, 1, 1, 1, 1, 1, 1, 2, 2, 1, 1, 1, 2, 2, 1, 1, 1, 1, 1, 1, 2, 1, 1, 1, 1, 1, 1, 1, 1, 1, 2, 1, 1, 1, 1, 2, 1, 1, 1, 1, 2, 2, 1, 1, 1, 2, 2, 1, 1, 1, 1, 1, 1, 1, 1, 1, 2, 1, 1, 1, 1, 1, 1, 2, 1, 1, 2, 2, 1, 1, 1, 1, 1, 2, 1, 1, 1, 1, 2, 1, 1, 1, 1, 2, 1, 2, 1, 1, 1, 1, 1, 1, 1, 1, 1, 1, 1, 1, 1, 1, 1, 1, 1, 2, 2, 1, 2, 1, 1, 1, 1, 1, 2, 1, 1, 1, 1, 1, 1, 1, 1, 1, 1, 1, 1, 1, 2, 1, 1, 2, 1, 1, 2, 1, 1, 1, 1, 1, 1, 2, 2, 1]
w=3561513582873416192/590295810358705747841 [cg] doubles=41 n=215
  xk(2^-20 units)=[6720, 1010360, 10872, 15216, 22920, 27160, 31360, 35496, 43928, 51584, 55944, 60064, 64192, 68320, 117864, 76544, 80656, 84776, 88904, 97328, 104984, 93024, 109216, 113536, 72416, 122072, 129416, 719360, 137912, 142064, 146392, 154184, 158416, 162568, 166880, 171304, 178672, 400272, 187264, 191616, 199384, 207440, 220120, 215912, 846992, 224416, 231664, 235976, 240176, 252224, 244592, 256472, 260616, 264744, 268864, 272968, 277256, 281688, 289096, 293368, 297616, 301936, 309432, 182904, 313848, 318320, 326152, 330408, 334576, 338760, 343048, 350432, 354664, 358840, 362976, 367120, 371232, 375400, 379504, 383600, 387904, 395904, 404512, 411872, 416144, 420552, 428464, 432792, 436936, 461320, 441056, 445200, 449336, 453704, 465528, 469688, 473816, 477984, 482160, 486352, 490568, 497888, 502104, 506416, 510704, 514816, 518928, 523048, 527360, 531784, 670672, 543432, 547728, 555512, 560000, 604752, 567712, 571928, 576296, 588584, 650112, 596312, 600552, 211784, 608920, 613048, 617216, 621336, 633360, 625664, 637608, 641768, 645904, 539144, 654384, 661864, 666296, 793360, 707424, 678528, 686576, 690904, 695024, 699144, 703304, 133712, 711776, 723608, 727800, 731968, 736248, 744032, 748408, 752696, 760136, 764392, 768744, 773128, 780832, 785160, 789264, 584128, 797464, 801552, 805728, 809840, 813936, 818016, 822120, 826224, 830360, 834488, 838624, 842776, 851248, 858672, 863080, 867544, 875200, 879584, 883912, 888104, 892384, 899840, 904112, 908520, 912936, 917352, 921912, 926632, 931336, 935848, 940248, 944504, 948768, 952952, 957104, 961288, 965440, 969800, 977560, 981832, 986224, 39672, 993952, 998352, 1006104, 1014504, 1018672, 1022824, 1026984, 1031216, 1038752, 1043272, 2464]
  m=[1, 1, 1, 2, 1, 1, 1, 1, 1, 2, 1, 1, 1, 1, 1, 1, 1, 1, 1, 2, 1, 1, 1, 2, 1, 1, 1, 1, 1, 1, 2, 1, 1, 1, 2, 1, 1, 1, 2, 1, 2, 2, 1, 1, 1, 1, 1, 1, 1, 1, 2, 1, 1, 1, 1, 1, 2, 1, 1, 1, 1, 1, 1, 1, 2, 2, 1, 1, 1, 1, 1, 1, 1, 1, 1, 1, 1, 1, 1, 1, 2, 2, 1, 1, 1, 2, 2, 1, 1, 1, 1, 1, 1, 2, 1, 1, 1, 1, 1, 1, 1, 1, 1, 2, 1, 1, 1, 1, 2, 1, 1, 1, 1, 2, 2, 1, 1, 1, 2, 2, 1, 1, 1, 1, 1, 1, 1, 1, 1, 2, 1, 1, 1, 1, 1, 1, 2, 1, 1, 2, 2, 1, 1, 1, 1, 1, 2, 1, 1, 1, 1, 2, 1, 1, 1, 1, 2, 1, 2, 1, 1, 1, 1, 1, 1, 1, 1, 1, 1, 1, 1, 1, 1, 1, 1, 1, 2, 2, 1, 2, 1, 1, 1, 1, 1, 2, 1, 1, 1, 1, 1, 1, 1, 1, 1, 1, 1, 1, 1, 2, 1, 1, 2, 1, 1, 2, 1, 1, 1, 1, 1, 1, 2, 2, 1]
w=360363567116493760/590295810358705747841 [cg] doubles=41 n=215
  xk(2^-20 units)=[6824, 1010184, 10968, 15312, 22936, 27200, 31360, 35504, 43760, 48104, 55744, 59968, 64152, 68304, 118040, 76560, 80688, 84832, 88968, 97432, 105080, 93096, 109312, 113640, 72416, 125328, 129584, 715872, 137976, 142224, 149920, 154264, 158392, 162472, 166792, 171208, 178600, 400288, 187184, 191560, 199296, 203816, 220168, 215872, 847040, 227704, 231976, 236168, 240312, 249056, 244656, 256256, 260528, 264712, 268880, 272984, 277304, 281728, 289184, 293504, 297832, 305320, 309600, 182840, 313968, 321968, 326328, 330464, 334616, 338776, 343032, 350296, 354584, 358768, 362920, 367040, 371192, 375328, 379440, 383584, 387904, 395896, 404568, 412024, 416296, 420704, 428648, 433032, 437312, 461080, 444672, 969224, 449000, 453408, 465320, 469464, 473616, 477800, 481960, 486104, 490248, 494424, 498664, 506280, 510624, 514776, 518904, 523024, 527392, 535024, 670576, 543400, 547520, 551864, 559872, 604712, 564328, 571712, 576112, 588832, 650168, 593224, 600448, 211592, 608896, 613088, 617280, 621536, 633488, 629128, 637632, 641776, 645920, 539232, 657584, 661824, 666176, 793184, 707184, 678392, 686336, 690680, 694800, 698920, 703056, 133800, 711464, 723264, 727552, 731760, 736024, 743864, 748264, 752544, 759896, 764168, 768536, 772920, 780600, 784936, 789048, 584520, 797312, 801424, 805560, 809704, 813816, 817904, 822016, 826136, 830256, 834408, 838552, 842752, 854336, 858608, 862936, 867344, 871728, 879544, 883944, 888232, 895600, 899960, 904200, 908600, 913056, 917480, 922080, 926808, 931448, 935952, 940368, 944680, 948960, 953208, 580400, 957504, 964992, 973536, 977832, 981936, 986248, 39632, 993840, 998232, 1002672, 1014472, 1018680, 1022912, 1027184, 1034584, 1038936, 1043392, 2616]
  m=[1, 1, 1, 2, 1, 1, 1, 1, 1, 2, 1, 1, 1, 1, 1, 1, 1, 1, 1, 2, 1, 1, 1, 2, 1, 1, 1, 1, 1, 1, 2, 1, 1, 1, 2, 1, 1, 1, 2, 1, 2, 2, 1, 1, 1, 1, 1, 1, 1, 1, 2, 1, 1, 1, 1, 1, 2, 1, 1, 1, 1, 1, 1, 1, 2, 2, 1, 1, 1, 1, 1, 1, 1, 1, 1, 1, 1, 1, 1, 1, 2, 2, 1, 1, 1, 2, 2, 1, 1, 1, 1, 1, 1, 2, 1, 1, 1, 1, 1, 1, 1, 1, 1, 2, 1, 1, 1, 1, 2, 1, 1, 1, 1, 2, 2, 1, 1, 1, 2, 2, 1, 1, 1, 1, 1, 1, 1, 1, 1, 2, 1, 1, 1, 1, 1, 1, 2, 1, 1, 2, 2, 1, 1, 1, 1, 1, 2, 1, 1, 1, 1, 2, 1, 1, 1, 1, 2, 1, 2, 1, 1, 1, 1, 1, 1, 1, 1, 1, 1, 1, 1, 1, 1, 1, 1, 1, 2, 2, 1, 2, 1, 1, 1, 1, 1, 2, 1, 1, 1, 1, 1, 1, 1, 1, 1, 1, 1, 1, 1, 2, 1, 1, 2, 1, 1, 2, 1, 1, 1, 1, 1, 1, 2, 2, 1]
w=1336720293668902400/590295810358705747841 [cg] doubles=41 n=215
  xk(2^-20 units)=[3192, 1010848, 7360, 19272, 281584, 27744, 31880, 36032, 617576, 44424, 52976, 60152, 64384, 600752, 72744, 76880, 81040, 85176, 89296, 93640, 101232, 105432, 109568, 113864, 118288, 125616, 129912, 134088, 138224, 142376, 146704, 154472, 158696, 11584, 163032, 167424, 174848, 179112, 183488, 191248, 195680, 203808, 220040, 215856, 846888, 224184, 228336, 232496, 23608, 240760, 245128, 252760, 261192, 265344, 236624, 269496, 273888, 257016, 285840, 290016, 294248, 298504, 305776, 310016, 314312, 318760, 326472, 330720, 334872, 338984, 343152, 347280, 351440, 355584, 359760, 363944, 368232, 375568, 379848, 384040, 388408, 396368, 400752, 405016, 412472, 416904, 424872, 429192, 433296, 437408, 441504, 445664, 449888, 457504, 461840, 465976, 470112, 474296, 752720, 482784, 490176, 494448, 498656, 503024, 510664, 514928, 519128, 523296, 535208, 527544, 539544, 543656, 547792, 552128, 560096, 478496, 564472, 568704, 576584, 588848, 593264, 68584, 604992, 211608, 609184, 613376, 584440, 621808, 883552, 629640, 634032, 638304, 48736, 650024, 654224, 658392, 662736, 670520, 674744, 679128, 687136, 645728, 691520, 695800, 703224, 707464, 711824, 716144, 720384, 727608, 731816, 736104, 748600, 740392, 756840, 760952, 765280, 773048, 777464, 785168, 789440, 793640, 797848, 965680, 802056, 806344, 813576, 817840, 822048, 826216, 830344, 834488, 838632, 842768, 851016, 855136, 859432, 867296, 744496, 871752, 1015016, 887752, 892016, 896248, 900496, 909224, 913784, 918368, 923040, 927600, 932048, 936360, 940624, 944840, 949032, 953208, 957368, 961520, 904744, 970024, 977704, 981920, 986264, 40144, 990624, 998240, 1002568, 876168, 1019168, 1006696, 1023432, 1030832, 1035312, 1043256, 1047624]
  m=[1, 1, 1, 2, 1, 1, 1, 1, 1, 2, 1, 1, 1, 1, 1, 1, 1, 1, 1, 2, 1, 1, 1, 2, 1, 1, 1, 1, 1, 1, 2, 1, 1, 1, 2, 1, 1, 1, 2, 1, 2, 2, 1, 1, 1, 1, 1, 1, 1, 1, 2, 1, 1, 1, 1, 1, 2, 1, 1, 1, 1, 1, 1, 1, 2, 2, 1, 1, 1, 1, 1, 1, 1, 1, 1, 1, 1, 1, 1, 1, 2, 2, 1, 1, 1, 2, 2, 1, 1, 1, 1, 1, 1, 2, 1, 1, 1, 1, 1, 1, 1, 1, 1, 2, 1, 1, 1, 1, 2, 1, 1, 1, 1, 2, 2, 1, 1, 1, 2, 2, 1, 1, 1, 1, 1, 1, 1, 1, 1, 2, 1, 1, 1, 1, 1, 1, 2, 1, 1, 2, 2, 1, 1, 1, 1, 1, 2, 1, 1, 1, 1, 2, 1, 1, 1, 1, 2, 1, 2, 1, 1, 1, 1, 1, 1, 1, 1, 1, 1, 1, 1, 1, 1, 1, 1, 1, 2, 2, 1, 2, 1, 1, 1, 1, 1, 2, 1, 1, 1, 1, 1, 1, 1, 1, 1, 1, 1, 1, 1, 2, 1, 1, 2, 1, 1, 2, 1, 1, 1, 1, 1, 1, 2, 2, 1]
w=1986801846427244800/590295810358705747841 [cg] doubles=41 n=215
  xk(2^-20 units)=[2912, 1010256, 7104, 18976, 23336, 27504, 31632, 35792, 617400, 44208, 777296, 56032, 64440, 68592, 72728, 76840, 81000, 223848, 85168, 89536, 97144, 101472, 108936, 113352, 117680, 121840, 126000, 130200, 134464, 141784, 150352, 154648, 158720, 11352, 163000, 167432, 174880, 179208, 187000, 191312, 195584, 200064, 433160, 216448, 1014528, 228112, 232304, 236440, 240592, 207824, 244920, 252560, 260984, 265144, 269320, 773040, 281224, 256800, 285576, 289704, 293864, 298040, 302272, 314264, 309944, 318592, 326376, 330648, 334872, 339144, 346480, 350776, 354960, 359112, 363304, 367456, 371624, 375784, 379976, 384224, 391976, 396456, 400872, 408200, 412432, 416792, 424728, 429048, 273560, 441384, 445472, 449624, 453776, 458168, 551624, 465792, 470024, 474280, 478568, 485840, 490104, 494296, 498416, 502696, 507000, 511160, 515408, 522808, 527232, 531576, 535856, 543184, 547432, 555968, 563928, 601456, 568288, 572488, 580184, 588760, 60248, 593056, 597208, 212136, 608864, 613160, 584488, 621664, 629048, 633464, 637760, 641856, 48608, 650128, 654296, 658520, 666240, 670600, 674840, 682544, 691176, 645992, 698872, 686848, 703096, 707280, 711632, 719456, 723728, 727960, 732216, 739928, 748456, 752624, 756792, 761024, 768672, 437272, 785016, 789320, 793400, 797480, 805688, 846880, 801600, 809800, 813880, 817992, 822144, 826256, 830368, 834496, 838624, 842744, 851008, 855120, 859464, 867440, 744288, 875592, 883480, 887816, 892040, 896264, 900448, 909032, 913440, 917776, 922216, 926752, 931280, 935752, 940152, 944464, 948720, 952960, 957160, 961328, 904664, 969752, 974160, 981648, 986080, 39904, 993864, 998288, 1002736, 146008, 1018760, 1022992, 1027240, 965472, 1035064, 1039552, 1047272]
  m=[1, 1, 1, 2, 1, 1, 1, 1, 1, 2, 1, 1, 1, 1, 1, 1, 1, 1, 1, 2, 1, 1, 1, 2, 1, 1, 1, 1, 1, 1, 2, 1, 1, 1, 2, 1, 1, 1, 2, 1, 2, 2, 1, 1, 1, 1, 1, 1, 1, 1, 2, 1, 1, 1, 1, 1, 2, 1, 1, 1, 1, 1, 1, 1, 2, 2, 1, 1, 1, 1, 1, 1, 1, 1, 1, 1, 1, 1, 1, 1, 2, 2, 1, 1, 1, 2, 2, 1, 1, 1, 1, 1, 1, 2, 1, 1, 1, 1, 1, 1, 1, 1, 1, 2, 1, 1, 1, 1, 2, 1, 1, 1, 1, 2, 2, 1, 1, 1, 2, 2, 1, 1, 1, 1, 1, 1, 1, 1, 1, 2, 1, 1, 1, 1, 1, 1, 2, 1, 1, 2, 2, 1, 1, 1, 1, 1, 2, 1, 1, 1, 1, 2, 1, 1, 1, 1, 2, 1, 2, 1, 1, 1, 1, 1, 1, 1, 1, 1, 1, 1, 1, 1, 1, 1, 1, 1, 2, 2, 1, 2, 1, 1, 1, 1, 1, 2, 1, 1, 1, 1, 1, 1, 1, 1, 1, 1, 1, 1, 1, 2, 1, 1, 2, 1, 1, 2, 1, 1, 1, 1, 1, 1, 2, 2, 1]
w=270984047058992288/590295810358705747841 [cg] doubles=41 n=215
  xk(2^-20 units)=[6928, 1010448, 11016, 15352, 22968, 27192, 31376, 35528, 43992, 51624, 55968, 60080, 248376, 68424, 121216, 76768, 81024, 64240, 88456, 97104, 104856, 92744, 109120, 113512, 72584, 125464, 129640, 719416, 137968, 142104, 146400, 150808, 158200, 162448, 166800, 171216, 178696, 400208, 187376, 195024, 199432, 207552, 223744, 219528, 846920, 227896, 232080, 236344, 531264, 252464, 244064, 256592, 260696, 264792, 268872, 277432, 273128, 281704, 289088, 293368, 297624, 301920, 309504, 182952, 313904, 318352, 326152, 330400, 334560, 338704, 342904, 347152, 354432, 358712, 362912, 367064, 371192, 375344, 379456, 383568, 387880, 395840, 404472, 411880, 416136, 420528, 432656, 428280, 437000, 461392, 441128, 445384, 452672, 457064, 465504, 469632, 473776, 477928, 482104, 486280, 490480, 497928, 502168, 506504, 510848, 515080, 776800, 522560, 526928, 535352, 670616, 543640, 547840, 555456, 559952, 604736, 567632, 571880, 576240, 588528, 650096, 596336, 600560, 215248, 608888, 613024, 617192, 621336, 633304, 625680, 637552, 641736, 645896, 539488, 654392, 661800, 666216, 793440, 707328, 678440, 686456, 690800, 694928, 699056, 703200, 133800, 711688, 723656, 727872, 732136, 739584, 744008, 748336, 752504, 756776, 764080, 768464, 772736, 781056, 785296, 789360, 584072, 797504, 801568, 805712, 809816, 813912, 818000, 822128, 826232, 830360, 834504, 838616, 842744, 851096, 855344, 863008, 867464, 871832, 879592, 883960, 888176, 892456, 899896, 904176, 908560, 912984, 917360, 921848, 926480, 931112, 935672, 940096, 944432, 948728, 952936, 957112, 961352, 965600, 973312, 977680, 981840, 986208, 39720, 994040, 1001944, 1006296, 1014584, 1018744, 1022904, 1027056, 1031304, 1038928, 1047048, 2792]
  m=[1, 1, 1, 2, 1, 1, 1, 1, 1, 2, 1, 1, 1, 1, 1, 1, 1, 1, 1, 2, 1, 1, 1, 2, 1, 1, 1, 1, 1, 1, 2, 1, 1, 1, 2, 1, 1, 1, 2, 1, 2, 2, 1, 1, 1, 1, 1, 1, 1, 1, 2, 1, 1, 1, 1, 1, 2, 1, 1, 1, 1, 1, 1, 1, 2, 2, 1, 1, 1, 1, 1, 1, 1, 1, 1, 1, 1, 1, 1, 1, 2, 2, 1, 1, 1, 2, 2, 1, 1, 1, 1, 1, 1, 2, 1, 1, 1, 1, 1, 1, 1, 1, 1, 2, 1, 1, 1, 1, 2, 1, 1, 1, 1, 2, 2, 1, 1, 1, 2, 2, 1, 1, 1, 1, 1, 1, 1, 1, 1, 2, 1, 1, 1, 1, 1, 1, 2, 1, 1, 2, 2, 1, 1, 1, 1, 1, 2, 1, 1, 1, 1, 2, 1, 1, 1, 1, 2, 1, 2, 1, 1, 1, 1, 1, 1, 1, 1, 1, 1, 1, 1, 1, 1, 1, 1, 1, 2, 2, 1, 2, 1, 1, 1, 1, 1, 2, 1, 1, 1, 1, 1, 1, 1, 1, 1, 1, 1, 1, 1, 2, 1, 1, 2, 1, 1, 2, 1, 1, 1, 1, 1, 1, 2, 2, 1]
w=12304527169440748/590295810358705747841 [cg] doubles=41 n=215
  xk(2^-20 units)=[3424, 7592, 175232, 19472, 23784, 134296, 32040, 36176, 40304, 44632, 52368, 56656, 60848, 65136, 72424, 76736, 80944, 85136, 89272, 97752, 269592, 305888, 109712, 114120, 105480, 121792, 126016, 130160, 138480, 142592, 146920, 154632, 158880, 429176, 163280, 171000, 842912, 179368, 183728, 191376, 195776, 207856, 212192, 216328, 220472, 224608, 228744, 232952, 237168, 244448, 248848, 253128, 257256, 261368, 265488, 27896, 278056, 285672, 289944, 294184, 298456, 330920, 310168, 515016, 314544, 322432, 326800, 335048, 339176, 343352, 273720, 347528, 351864, 359104, 363400, 367576, 371696, 375848, 379960, 625768, 388424, 396368, 408256, 200200, 412528, 416864, 424848, 11784, 433288, 437424, 441536, 445704, 449960, 457632, 461944, 466056, 470184, 474288, 482512, 486624, 490728, 494856, 498960, 503248, 507688, 478384, 519288, 523456, 527800, 532224, 539472, 543760, 547896, 552280, 560272, 400840, 568920, 720080, 576784, 584856, 589200, 593352, 597520, 601856, 609112, 613384, 617552, 634280, 621664, 630024, 638368, 642424, 646552, 650688, 654808, 659032, 666784, 671216, 564656, 678944, 683408, 687824, 695240, 699464, 703672, 707848, 712232, 724432, 384080, 731944, 736200, 740584, 748304, 752528, 756696, 760840, 765128, 769504, 777256, 781736, 789208, 793464, 797648, 801800, 805920, 810032, 814152, 818272, 822344, 826448, 830528, 834624, 838760, 847032, 851224, 855496, 863352, 871344, 875800, 883480, 93408, 887840, 891984, 896184, 900432, 908088, 912464, 916592, 920760, 924928, 929144, 933408, 940704, 945040, 949248, 953440, 957600, 961760, 965888, 970192, 974600, 982008, 986408, 990832, 998376, 1002792, 1014680, 1007224, 1018936, 1023112, 1027256, 1031392, 1035688, 1043552, 1047880]
  m=[1, 1, 1, 2, 1, 1, 1, 1, 1, 2, 1, 1, 1, 1, 1, 1, 1, 1, 1, 2, 1, 1, 1, 2, 1, 1, 1, 1, 1, 1, 2, 1, 1, 1, 2, 1, 1, 1, 2, 1, 2, 2, 1, 1, 1, 1, 1, 1, 1, 1, 2, 1, 1, 1, 1, 1, 2, 1, 1, 1, 1, 1, 1, 1, 2, 2, 1, 1, 1, 1, 1, 1, 1, 1, 1, 1, 1, 1, 1, 1, 2, 2, 1, 1, 1, 2, 2, 1, 1, 1, 1, 1, 1, 2, 1, 1, 1, 1, 1, 1, 1, 1, 1, 2, 1, 1, 1, 1, 2, 1, 1, 1, 1, 2, 2, 1, 1, 1, 2, 2, 1, 1, 1, 1, 1, 1, 1, 1, 1, 2, 1, 1, 1, 1, 1, 1, 2, 1, 1, 2, 2, 1, 1, 1, 1, 1, 2, 1, 1, 1, 1, 2, 1, 1, 1, 1, 2, 1, 2, 1, 1, 1, 1, 1, 1, 1, 1, 1, 1, 1, 1, 1, 1, 1, 1, 1, 2, 2, 1, 2, 1, 1, 1, 1, 1, 2, 1, 1, 1, 1, 1, 1, 1, 1, 1, 1, 1, 1, 1, 2, 1, 1, 2, 1, 1, 2, 1, 1, 1, 1, 1, 1, 2, 2, 1]
w=292324355741183488/590295810358705747841 [cg] doubles=41 n=215
  xk(2^-20 units)=[6584, 1010168, 10848, 15264, 22968, 27224, 31416, 35576, 43864, 48192, 52600, 59872, 64160, 68352, 72520, 76680, 80864, 219992, 85136, 97008, 101312, 105432, 109576, 113896, 118304, 125464, 129736, 133944, 138080, 142232, 146544, 150936, 158368, 162640, 167040, 174712, 179056, 650424, 186744, 789328, 199504, 207344, 195168, 215848, 846776, 224168, 228472, 235656, 239936, 252632, 248360, 256744, 260888, 265000, 682576, 269104, 273392, 277800, 285232, 289480, 293696, 297984, 305488, 309704, 314072, 326208, 523320, 330552, 334704, 338808, 342960, 347176, 351448, 358760, 363040, 367248, 371424, 375600, 379832, 384120, 391848, 396352, 404096, 408360, 412552, 416912, 424912, 429384, 436776, 441024, 445200, 449352, 453488, 457808, 462216, 469504, 473776, 477984, 482152, 486352, 490528, 494776, 502104, 506488, 510816, 514936, 519088, 720000, 530944, 535288, 670552, 543528, 547656, 552000, 560016, 604968, 564448, 571816, 576192, 588328, 592656, 596768, 838528, 211712, 609088, 613272, 617392, 621512, 625632, 629992, 637688, 641960, 646144, 539400, 657728, 661968, 666288, 793480, 707272, 674856, 686968, 739912, 691392, 698832, 703104, 244072, 711584, 1002728, 724192, 728480, 735680, 744248, 748552, 752712, 756984, 764304, 768704, 773096, 780880, 785208, 191072, 580616, 797616, 801808, 806096, 318448, 813472, 817728, 821936, 826080, 830256, 834392, 715864, 842640, 850888, 855024, 859328, 867264, 871688, 879568, 92592, 888272, 895568, 899872, 904112, 908520, 912944, 917320, 921880, 926584, 931288, 935768, 940136, 944424, 948672, 952872, 957064, 961240, 965424, 969768, 977456, 981720, 986104, 39736, 993872, 998296, 600864, 1014448, 1018656, 1022872, 1027064, 1031312, 1039136, 1047288, 883968]
  m=[1, 1, 1, 2, 1, 1, 1, 1, 1, 2, 1, 1, 1, 1, 1, 1, 1, 1, 1, 2, 1, 1, 1, 2, 1, 1, 1, 1, 1, 1, 2, 1, 1, 1, 2, 1, 1, 1, 2, 1, 2, 2, 1, 1, 1, 1, 1, 1, 1, 1, 2, 1, 1, 1, 1, 1, 2, 1, 1, 1, 1, 1, 1, 1, 2, 2, 1, 1, 1, 1, 1, 1, 1, 1, 1, 1, 1, 1, 1, 1, 2, 2, 1, 1, 1, 2, 2, 1, 1, 1, 1, 1, 1, 2, 1, 1, 1, 1, 1, 1, 1, 1, 1, 2, 1, 1, 1, 1, 2, 1, 1, 1, 1, 2, 2, 1, 1, 1, 2, 2, 1, 1, 1, 1, 1, 1, 1, 1, 1, 2, 1, 1, 1, 1, 1, 1, 2, 1, 1, 2, 2, 1, 1, 1, 1, 1, 2, 1, 1, 1, 1, 2, 1, 1, 1, 1, 2, 1, 2, 1, 1, 1, 1, 1, 1, 1, 1, 1, 1, 1, 1, 1, 1, 1, 1, 1, 2, 2, 1, 2, 1, 1, 1, 1, 1, 2, 1, 1, 1, 1, 1, 1, 1, 1, 1, 1, 1, 1, 1, 2, 1, 1, 2, 1, 1, 2, 1, 1, 1, 1, 1, 1, 2, 2, 1]
w=98172633334451968/590295810358705747841 [cg] doubles=41 n=215
  xk(2^-20 units)=[6680, 10960, 175072, 19440, 23736, 27904, 32176, 39616, 43912, 48296, 715552, 56216, 60536, 64848, 72360, 76664, 80872, 85072, 89224, 93568, 101296, 134248, 109712, 114024, 105536, 118408, 125792, 130048, 138416, 142560, 146904, 154656, 158880, 429104, 163232, 167632, 842888, 179344, 183744, 191400, 195808, 207920, 212248, 216424, 220696, 228000, 920664, 236400, 240536, 244672, 248928, 253208, 257320, 261464, 265624, 269888, 277728, 285440, 289712, 293912, 298096, 302280, 310704, 347592, 318472, 326520, 330824, 334952, 339104, 343304, 887944, 354864, 232256, 359160, 363368, 367544, 371696, 375848, 380008, 384144, 388488, 396464, 408240, 200184, 412496, 416848, 424792, 15136, 433216, 437344, 441448, 445600, 449696, 454024, 461616, 465840, 470000, 474112, 482376, 486480, 490600, 494720, 498824, 503168, 510808, 515088, 519256, 523392, 527752, 535440, 539720, 543880, 548016, 552368, 560352, 400896, 572248, 719808, 576728, 584744, 589104, 593264, 597536, 604912, 609176, 613392, 617520, 634256, 621632, 629984, 638320, 642400, 646528, 650672, 654912, 662256, 666656, 671088, 564808, 678816, 686792, 691136, 695288, 699400, 703568, 625720, 707928, 723968, 728120, 732280, 736360, 740712, 748360, 752584, 756752, 760880, 765224, 772952, 777392, 785016, 789248, 793416, 797568, 801688, 805808, 809920, 814064, 818152, 822280, 826424, 830528, 834664, 838800, 847000, 851120, 855232, 863688, 871576, 879264, 883664, 478232, 904352, 892032, 896160, 900256, 908712, 859352, 916408, 306440, 924840, 929048, 933336, 940656, 944944, 949128, 953272, 957440, 961568, 965728, 970080, 977656, 981864, 986176, 990496, 994704, 1002552, 1014624, 1010336, 1018808, 1023008, 1027280, 1034624, 1039032, 1043440, 1047824]
  m=[1, 1, 1, 2, 1, 1, 1, 1, 1, 2, 1, 1, 1, 1, 1, 1, 1, 1, 1, 2, 1, 1, 1, 2, 1, 1, 1, 1, 1, 1, 2, 1, 1, 1, 2, 1, 1, 1, 2, 1, 2, 2, 1, 1, 1, 1, 1, 1, 1, 1, 2, 1, 1, 1, 1, 1, 2, 1, 1, 1, 1, 1, 1, 1, 2, 2, 1, 1, 1, 1, 1, 1, 1, 1, 1, 1, 1, 1, 1, 1, 2, 2, 1, 1, 1, 2, 2, 1, 1, 1, 1, 1, 1, 2, 1, 1, 1, 1, 1, 1, 1, 1, 1, 2, 1, 1, 1, 1, 2, 1, 1, 1, 1, 2, 2, 1, 1, 1, 2, 2, 1, 1, 1, 1, 1, 1, 1, 1, 1, 2, 1, 1, 1, 1, 1, 1, 2, 1, 1, 2, 2, 1, 1, 1, 1, 1, 2, 1, 1, 1, 1, 2, 1, 1, 1, 1, 2, 1, 2, 1, 1, 1, 1, 1, 1, 1, 1, 1, 1, 1, 1, 1, 1, 1, 1, 1, 2, 2, 1, 2, 1, 1, 1, 1, 1, 2, 1, 1, 1, 1, 1, 1, 1, 1, 1, 1, 1, 1, 1, 2, 1, 1, 2, 1, 1, 2, 1, 1, 1, 1, 1, 1, 2, 2, 1]
w=4569034875438043648/590295810358705747841 [cg] doubles=41 n=215
  xk(2^-20 units)=[3280, 1010656, 10632, 19200, 23472, 27592, 31696, 35840, 617352, 44344, 871816, 56184, 64520, 68688, 72824, 77016, 81296, 60368, 88664, 93104, 97448, 101680, 109144, 113576, 117920, 122168, 129480, 133704, 137912, 142024, 150408, 154712, 158896, 14864, 166464, 170792, 174936, 302088, 186880, 191168, 195456, 203400, 223664, 216232, 1014888, 227952, 232152, 236320, 240464, 207784, 244840, 252464, 260840, 264992, 269120, 273240, 277568, 256688, 285288, 289496, 293696, 297856, 437064, 322552, 309736, 318280, 326632, 330736, 334848, 338984, 343120, 347264, 354672, 358888, 363200, 367400, 371640, 375896, 383480, 895992, 387968, 396040, 400424, 404656, 412064, 416504, 424520, 428848, 432944, 441144, 445264, 449392, 453504, 457816, 462184, 469320, 473600, 477776, 481936, 486064, 490200, 494312, 498392, 502704, 510424, 514632, 518784, 522928, 527264, 535072, 539344, 543552, 547800, 555688, 563824, 604880, 568208, 572424, 580232, 588888, 314040, 596496, 600720, 211976, 609032, 613160, 584552, 621536, 625760, 633384, 637744, 641880, 51928, 650216, 654472, 661896, 666288, 670616, 674832, 682632, 691216, 646032, 695600, 686928, 703016, 707280, 711656, 719416, 723712, 727904, 732184, 739936, 748520, 752784, 760104, 764344, 768664, 772984, 781432, 785824, 793088, 797336, 805680, 846920, 801536, 809848, 813952, 818112, 822208, 826288, 830400, 834544, 838648, 842784, 851096, 855296, 862976, 867456, 744304, 879688, 777096, 887528, 891776, 179168, 900200, 908856, 913328, 917800, 922400, 927040, 931600, 936032, 940384, 944672, 948912, 953112, 957328, 961648, 904456, 973568, 977920, 982152, 989888, 39968, 994208, 998552, 1006368, 146136, 1038864, 1019200, 1026608, 969144, 1031080, 1043264, 1047624]
  m=[1, 1, 1, 2, 1, 1, 1, 1, 1, 2, 1, 1, 1, 1, 1, 1, 1, 1, 1, 2, 1, 1, 1, 2, 1, 1, 1, 1, 1, 1, 2, 1, 1, 1, 2, 1, 1, 1, 2, 1, 2, 2, 1, 1, 1, 1, 1, 1, 1, 1, 2, 1, 1, 1, 1, 1, 2, 1, 1, 1, 1, 1, 1, 1, 2, 2, 1, 1, 1, 1, 1, 1, 1, 1, 1, 1, 1, 1, 1, 1, 2, 2, 1, 1, 1, 2, 2, 1, 1, 1, 1, 1, 1, 2, 1, 1, 1, 1, 1, 1, 1, 1, 1, 2, 1, 1, 1, 1, 2, 1, 1, 1, 1, 2, 2, 1, 1, 1, 2, 2, 1, 1, 1, 1, 1, 1, 1, 1, 1, 2, 1, 1, 1, 1, 1, 1, 2, 1, 1, 2, 2, 1, 1, 1, 1, 1, 2, 1, 1, 1, 1, 2, 1, 1, 1, 1, 2, 1, 2, 1, 1, 1, 1, 1, 1, 1, 1, 1, 1, 1, 1, 1, 1, 1, 1, 1, 2, 2, 1, 2, 1, 1, 1, 1, 1, 2, 1, 1, 1, 1, 1, 1, 1, 1, 1, 1, 1, 1, 1, 2, 1, 1, 2, 1, 1, 2, 1, 1, 1, 1, 1, 1, 2, 2, 1]
w=406275328559387776/590295810358705747841 [cg] doubles=41 n=215
  xk(2^-20 units)=[3088, 1006840, 7208, 15704, 23416, 27712, 31952, 36224, 617584, 48168, 408496, 56664, 60880, 601072, 72392, 76712, 80904, 85104, 89264, 93648, 101208, 105512, 109824, 117456, 121816, 125960, 130096, 134248, 138392, 142520, 146880, 154608, 158824, 11328, 163168, 167496, 171760, 179160, 183648, 188064, 195696, 200256, 220032, 215704, 846760, 224200, 228360, 232520, 236680, 240824, 245160, 249576, 261152, 265312, 269472, 273616, 277992, 256872, 285672, 289944, 294136, 298424, 305816, 310032, 314344, 318816, 326432, 330688, 334856, 339024, 343192, 347368, 351648, 358928, 363200, 367392, 371568, 375744, 379952, 384232, 391960, 404136, 1031144, 396440, 412584, 416920, 424736, 429088, 433208, 437392, 441560, 445824, 453080, 457504, 461816, 465912, 470056, 474224, 482672, 859048, 490032, 494336, 498504, 502904, 510648, 514944, 519136, 523416, 531072, 535448, 539576, 543728, 547816, 552152, 560024, 478408, 564384, 568512, 572896, 588432, 592792, 65144, 605208, 208112, 609344, 613472, 580784, 621712, 625800, 630144, 637768, 642008, 52488, 650352, 654520, 658800, 666504, 670888, 675000, 679384, 687232, 646168, 691616, 695864, 703200, 707496, 711872, 719600, 723872, 728072, 732264, 736632, 748744, 753080, 760528, 764784, 769104, 596920, 773576, 785408, 789592, 793736, 797880, 965552, 802056, 806336, 813568, 817824, 821992, 781152, 830304, 834432, 838568, 842648, 850864, 854976, 863296, 867760, 744432, 875680, 880144, 887712, 892040, 896304, 900584, 909360, 913896, 918416, 922984, 927448, 931872, 936184, 940464, 944680, 948872, 953048, 957240, 961400, 904880, 969896, 977560, 981968, 989688, 43720, 994000, 998280, 1002624, 1014184, 1018472, 1022688, 1026896, 826160, 1038856, 1043304, 1047568]
  m=[1, 1, 1, 2, 1, 1, 1, 1, 1, 2, 1, 1, 1, 1, 1, 1, 1, 1, 1, 2, 1, 1, 1, 2, 1, 1, 1, 1, 1, 1, 2, 1, 1, 1, 2, 1, 1, 1, 2, 1, 2, 2, 1, 1, 1, 1, 1, 1, 1, 1, 2, 1, 1, 1, 1, 1, 2, 1, 1, 1, 1, 1, 1, 1, 2, 2, 1, 1, 1, 1, 1, 1, 1, 1, 1, 1, 1, 1, 1, 1, 2, 2, 1, 1, 1, 2, 2, 1, 1, 1, 1, 1, 1, 2, 1, 1, 1, 1, 1, 1, 1, 1, 1, 2, 1, 1, 1, 1, 2, 1, 1, 1, 1, 2, 2, 1, 1, 1, 2, 2, 1, 1, 1, 1, 1, 1, 1, 1, 1, 2, 1, 1, 1, 1, 1, 1, 2, 1, 1, 2, 2, 1, 1, 1, 1, 1, 2, 1, 1, 1, 1, 2, 1, 1, 1, 1, 2, 1, 2, 1, 1, 1, 1, 1, 1, 1, 1, 1, 1, 1, 1, 1, 1, 1, 1, 1, 2, 2, 1, 2, 1, 1, 1, 1, 1, 2, 1, 1, 1, 1, 1, 1, 1, 1, 1, 1, 1, 1, 1, 2, 1, 1, 2, 1, 1, 2, 1, 1, 1, 1, 1, 1, 2, 2, 1]
w=250811592805963200/590295810358705747841 [cg] doubles=41 n=215
  xk(2^-20 units)=[3064, 1006832, 7224, 19088, 23448, 27576, 31720, 35832, 617488, 44224, 769032, 60200, 64344, 68480, 72592, 76720, 80816, 84952, 89024, 93304, 97728, 105216, 109456, 113856, 121576, 125848, 130032, 134184, 138352, 142480, 146864, 154576, 158800, 11456, 163176, 170840, 175136, 179288, 183672, 191544, 199440, 207448, 220096, 215952, 846840, 224240, 228360, 232504, 236688, 240944, 248576, 252952, 261272, 265472, 269768, 277232, 285112, 257096, 289544, 293744, 298088, 715968, 305576, 309832, 314184, 322144, 326512, 330640, 334792, 338912, 343048, 347200, 351352, 355544, 359832, 367040, 371336, 375528, 379672, 383832, 388184, 396112, 400448, 404584, 408720, 428664, 420728, 433016, 437088, 441208, 445288, 449424, 453504, 457784, 462096, 466320, 473616, 477928, 482120, 486304, 490480, 494648, 498928, 506528, 510856, 515000, 519160, 523272, 527632, 535296, 539560, 543752, 548048, 555936, 563800, 604952, 568168, 572296, 576680, 588816, 413008, 55944, 593280, 211824, 609160, 613328, 584400, 621624, 625768, 630064, 634488, 641840, 48656, 650368, 654592, 658864, 666616, 670968, 675192, 682776, 687240, 646128, 691552, 695792, 703104, 707328, 711656, 720112, 724368, 731600, 735832, 740144, 748640, 752912, 810232, 760256, 764696, 773280, 780800, 785168, 789296, 793448, 797600, 965768, 805944, 801760, 600680, 817608, 821912, 826088, 830256, 834400, 838528, 842720, 851008, 855112, 859464, 867368, 744464, 871912, 879768, 884056, 888304, 892680, 900312, 909168, 913680, 918144, 922776, 927376, 931824, 936200, 940480, 944744, 948952, 953152, 957328, 961512, 904664, 973480, 977864, 981960, 986344, 39952, 993984, 998376, 1002712, 1011016, 1015288, 1022464, 1026744, 1030888, 1035224, 1043152, 1047512]
  m=[1, 1, 1, 2, 1, 1, 1, 1, 1, 2, 1, 1, 1, 1, 1, 1, 1, 1, 1, 2, 1, 1, 1, 2, 1, 1, 1, 1, 1, 1, 2, 1, 1, 1, 2, 1, 1, 1, 2, 1, 2, 2, 1, 1, 1, 1, 1, 1, 1, 1, 2, 1, 1, 1, 1, 1, 2, 1, 1, 1, 1, 1, 1, 1, 2, 2, 1, 1, 1, 1, 1, 1, 1, 1, 1, 1, 1, 1, 1, 1, 2, 2, 1, 1, 1, 2, 2, 1, 1, 1, 1, 1, 1, 2, 1, 1, 1, 1, 1, 1, 1, 1, 1, 2, 1, 1, 1, 1, 2, 1, 1, 1, 1, 2, 2, 1, 1, 1, 2, 2, 1, 1, 1, 1, 1, 1, 1, 1, 1, 2, 1, 1, 1, 1, 1, 1, 2, 1, 1, 2, 2, 1, 1, 1, 1, 1, 2, 1, 1, 1, 1, 2, 1, 1, 1, 1, 2, 1, 2, 1, 1, 1, 1, 1, 1, 1, 1, 1, 1, 1, 1, 1, 1, 1, 1, 1, 2, 2, 1, 2, 1, 1, 1, 1, 1, 2, 1, 1, 1, 1, 1, 1, 1, 1, 1, 1, 1, 1, 1, 2, 1, 1, 2, 1, 1, 2, 1, 1, 1, 1, 1, 1, 2, 2, 1]
w=25491031477082912/590295810358705747841 [cg] doubles=41 n=215
  xk(2^-20 units)=[3192, 1010304, 7440, 19176, 23496, 27624, 31704, 35856, 617384, 44296, 780560, 56128, 64464, 68584, 72728, 76872, 81040, 223992, 85304, 92944, 97288, 486104, 105688, 113264, 117648, 121800, 101424, 130176, 134504, 141832, 150392, 154696, 158800, 14760, 163120, 167520, 174928, 179328, 187072, 191392, 195712, 203648, 432952, 219776, 1014544, 232376, 60288, 236632, 243880, 208120, 248304, 252648, 260968, 265128, 269296, 773232, 281184, 256800, 285544, 289680, 293888, 298080, 302352, 322488, 310144, 318104, 326608, 330792, 334992, 339264, 346472, 350728, 354928, 359104, 363280, 367424, 371592, 375744, 380032, 387424, 391848, 396304, 403976, 408240, 412368, 416736, 424496, 428864, 273544, 441208, 445320, 449488, 453768, 461416, 548016, 465928, 473416, 477704, 481896, 228184, 490224, 494368, 498456, 502736, 507040, 511208, 515520, 523000, 527472, 535216, 539520, 543728, 125968, 555816, 563888, 601560, 568264, 572512, 580264, 588832, 1031104, 593144, 597296, 215536, 608904, 613160, 584568, 621536, 625656, 630008, 637640, 641896, 51872, 650280, 654552, 661976, 666400, 670688, 674768, 679096, 691136, 646096, 695448, 686736, 703880, 699608, 711640, 716152, 723616, 727904, 732064, 736392, 748240, 752568, 756776, 761064, 768792, 437088, 784968, 789264, 793360, 797464, 805688, 846888, 801584, 809800, 813904, 818032, 822128, 826224, 830352, 834496, 838608, 842736, 851024, 855256, 862936, 867464, 740840, 875512, 879992, 887576, 891880, 896096, 900312, 908896, 913320, 917680, 922104, 926616, 931160, 935664, 940120, 944424, 948704, 952968, 957152, 961328, 904520, 969872, 977600, 981856, 986176, 39968, 990608, 998320, 1002808, 146072, 1018736, 1022880, 1027016, 965496, 1035392, 1039848, 1047520]
  m=[1, 1, 1, 2, 1, 1, 1, 1, 1, 2, 1, 1, 1, 1, 1, 1, 1, 1, 1, 2, 1, 1, 1, 2, 1, 1, 1, 1, 1, 1, 2, 1, 1, 1, 2, 1, 1, 1, 2, 1, 2, 2, 1, 1, 1, 1, 1, 1, 1, 1, 2, 1, 1, 1, 1, 1, 2, 1, 1, 1, 1, 1, 1, 1, 2, 2, 1, 1, 1, 1, 1, 1, 1, 1, 1, 1, 1, 1, 1, 1, 2, 2, 1, 1, 1, 2, 2, 1, 1, 1, 1, 1, 1, 2, 1, 1, 1, 1, 1, 1, 1, 1, 1, 2, 1, 1, 1, 1, 2, 1, 1, 1, 1, 2, 2, 1, 1, 1, 2, 2, 1, 1, 1, 1, 1, 1, 1, 1, 1, 2, 1, 1, 1, 1, 1, 1, 2, 1, 1, 2, 2, 1, 1, 1, 1, 1, 2, 1, 1, 1, 1, 2, 1, 1, 1, 1, 2, 1, 2, 1, 1, 1, 1, 1, 1, 1, 1, 1, 1, 1, 1, 1, 1, 1, 1, 1, 2, 2, 1, 2, 1, 1, 1, 1, 1, 2, 1, 1, 1, 1, 1, 1, 1, 1, 1, 1, 1, 1, 1, 2, 1, 1, 2, 1, 1, 2, 1, 1, 1, 1, 1, 1, 2, 2, 1]
w=734609204947215488/590295810358705747841 [cg] doubles=41 n=215
  xk(2^-20 units)=[3320, 7504, 175184, 19440, 23792, 27904, 32072, 36176, 40304, 44592, 49024, 56456, 60736, 64896, 69104, 73272, 77536, 84952, 89216, 93608, 101304, 134416, 109736, 114088, 11784, 121800, 126088, 130248, 138552, 142800, 150488, 154896, 158984, 428928, 163344, 170928, 843056, 179320, 187752, 192152, 199848, 207824, 212208, 216312, 220512, 224688, 228976, 236272, 240592, 244720, 249056, 253344, 257464, 261624, 265776, 270040, 277744, 282152, 286384, 293808, 298152, 302344, 306672, 347336, 314360, 318896, 330800, 334960, 339072, 343224, 326600, 351448, 355584, 359696, 363824, 367920, 372040, 376216, 433176, 380464, 388112, 392656, 404672, 183456, 408792, 413192, 421200, 650440, 695928, 437344, 441520, 445656, 449832, 454168, 458600, 465936, 818440, 474360, 482640, 486808, 490968, 495096, 585264, 499472, 507152, 511448, 515744, 523200, 527640, 532000, 536288, 543704, 547944, 552320, 560208, 400416, 568656, 863800, 573008, 580896, 589416, 593736, 600880, 605152, 609352, 613520, 617640, 621776, 625872, 630208, 637832, 642120, 646256, 752968, 658680, 470184, 663016, 670696, 564576, 675136, 683104, 687480, 691648, 826632, 703288, 707608, 716152, 723952, 728264, 777760, 732416, 736816, 744520, 748800, 912560, 757248, 764896, 769192, 773472, 782008, 789320, 793608, 797760, 801936, 806064, 810208, 814344, 711752, 822552, 478520, 830752, 834864, 838960, 847144, 851280, 855336, 859600, 868096, 978424, 875984, 933144, 888072, 892264, 896544, 903872, 908280, 1026808, 916648, 920744, 924880, 929016, 883784, 937336, 941544, 945856, 953192, 957440, 961616, 965728, 969984, 974296, 982624, 990120, 994488, 998632, 1003008, 1010792, 654544, 1015088, 1019408, 105576, 1031072, 1035368, 1039840, 1047624]
  m=[1, 1, 1, 2, 1, 1, 1, 1, 1, 2, 1, 1, 1, 1, 1, 1, 1, 1, 1, 2, 1, 1, 1, 2, 1, 1, 1, 1, 1, 1, 2, 1, 1, 1, 2, 1, 1, 1, 2, 1, 2, 2, 1, 1, 1, 1, 1, 1, 1, 1, 2, 1, 1, 1, 1, 1, 2, 1, 1, 1, 1, 1, 1, 1, 2, 2, 1, 1, 1, 1, 1, 1, 1, 1, 1, 1, 1, 1, 1, 1, 2, 2, 1, 1, 1, 2, 2, 1, 1, 1, 1, 1, 1, 2, 1, 1, 1, 1, 1, 1, 1, 1, 1, 2, 1, 1, 1, 1, 2, 1, 1, 1, 1, 2, 2, 1, 1, 1, 2, 2, 1, 1, 1, 1, 1, 1, 1, 1, 1, 2, 1, 1, 1, 1, 1, 1, 2, 1, 1, 2, 2, 1, 1, 1, 1, 1, 2, 1, 1, 1, 1, 2, 1, 1, 1, 1, 2, 1, 2, 1, 1, 1, 1, 1, 1, 1, 1, 1, 1, 1, 1, 1, 1, 1, 1, 1, 2, 2, 1, 2, 1, 1, 1, 1, 1, 2, 1, 1, 1, 1, 1, 1, 1, 1, 1, 1, 1, 1, 1, 2, 1, 1, 2, 1, 1, 2, 1, 1, 1, 1, 1, 1, 2, 2, 1]
w=6794064072514381824/590295810358705747841 [cg] doubles=41 n=215
  xk(2^-20 units)=[6840, 1010368, 10968, 15328, 22880, 27136, 31304, 35424, 43664, 47952, 52392, 59688, 63952, 68136, 121200, 76432, 80576, 84720, 88872, 100696, 105064, 93120, 109192, 113576, 72288, 125448, 129616, 719368, 137912, 142024, 146368, 154072, 158328, 162480, 166848, 174560, 178824, 400232, 187352, 195032, 199488, 207504, 220344, 216016, 847008, 227664, 231928, 236120, 240288, 252304, 244656, 256584, 260744, 264896, 269040, 273152, 277488, 281912, 289216, 293520, 297816, 305264, 309496, 182992, 313904, 321808, 326224, 330352, 334552, 338736, 343056, 350320, 354560, 358744, 362904, 367048, 371216, 375368, 379520, 383632, 388000, 395880, 404392, 408560, 412840, 420512, 428416, 432792, 436928, 461344, 441072, 445232, 449504, 457000, 465440, 469584, 473752, 477896, 482032, 486176, 490336, 494600, 501936, 506336, 510664, 514768, 518912, 523008, 527368, 534976, 670608, 543392, 547528, 551896, 559936, 604872, 567776, 572008, 576392, 588680, 650312, 596408, 600680, 211864, 609080, 613264, 617512, 624840, 633584, 629240, 637696, 641840, 646000, 539216, 657608, 661864, 666200, 793232, 707304, 678392, 682888, 690560, 694824, 698976, 703144, 133760, 711656, 723616, 727800, 732016, 736288, 744096, 748472, 752704, 759968, 764240, 768560, 772856, 777152, 784816, 789080, 584216, 797376, 801520, 805664, 809808, 813912, 818008, 822112, 826240, 830384, 834512, 838664, 842832, 851312, 858592, 863000, 867440, 871808, 879560, 883912, 888080, 892280, 896568, 904304, 908792, 913232, 917576, 922040, 926576, 931112, 935560, 939944, 944264, 948504, 952704, 956936, 961152, 965456, 973232, 977592, 981872, 989616, 39544, 994088, 1001864, 1006240, 1014512, 1018680, 1022888, 1027200, 1034632, 1039048, 1043512, 2576]
  m=[1, 1, 1, 2, 1, 1, 1, 1, 1, 2, 1, 1, 1, 1, 1, 1, 1, 1, 1, 2, 1, 1, 1, 2, 1, 1, 1, 1, 1, 1, 2, 1, 1, 1, 2, 1, 1, 1, 2, 1, 2, 2, 1, 1, 1, 1, 1, 1, 1, 1, 2, 1, 1, 1, 1, 1, 2, 1, 1, 1, 1, 1, 1, 1, 2, 2, 1, 1, 1, 1, 1, 1, 1, 1, 1, 1, 1, 1, 1, 1, 2, 2, 1, 1, 1, 2, 2, 1, 1, 1, 1, 1, 1, 2, 1, 1, 1, 1, 1, 1, 1, 1, 1, 2, 1, 1, 1, 1, 2, 1, 1, 1, 1, 2, 2, 1, 1, 1, 2, 2, 1, 1, 1, 1, 1, 1, 1, 1, 1, 2, 1, 1, 1, 1, 1, 1, 2, 1, 1, 2, 2, 1, 1, 1, 1, 1, 2, 1, 1, 1, 1, 2, 1, 1, 1, 1, 2, 1, 2, 1, 1, 1, 1, 1, 1, 1, 1, 1, 1, 1, 1, 1, 1, 1, 1, 1, 2, 2, 1, 2, 1, 1, 1, 1, 1, 2, 1, 1, 1, 1, 1, 1, 1, 1, 1, 1, 1, 1, 1, 2, 1, 1, 2, 1, 1, 2, 1, 1, 1, 1, 1, 1, 2, 2, 1]
w=362110955018178688/590295810358705747841 [cg] doubles=41 n=215
  xk(2^-20 units)=[408488, 1010320, 6864, 15368, 23024, 27272, 31448, 35608, 43872, 48240, 55864, 60064, 64232, 68368, 72488, 76600, 80744, 84888, 89008, 93376, 101000, 105288, 109432, 113832, 121528, 125784, 129944, 134120, 138304, 142584, 150272, 154616, 158696, 162792, 167112, 174728, 178928, 653840, 183232, 789080, 199496, 207352, 219984, 215824, 846880, 224168, 228432, 235704, 239984, 252672, 248400, 256744, 260864, 264992, 682824, 269104, 273448, 281072, 285328, 289544, 293752, 298024, 305384, 309624, 313984, 321952, 326320, 330440, 334584, 338712, 342880, 347072, 351368, 358640, 362944, 367128, 371328, 375472, 379624, 383712, 388088, 395920, 404368, 719624, 412728, 420296, 424832, 432496, 436768, 440936, 445104, 449272, 453384, 457712, 462128, 469512, 473792, 477984, 482176, 486408, 490704, 498040, 502312, 506648, 511096, 400256, 518664, 723944, 527280, 531696, 670848, 543456, 547624, 552000, 559992, 605064, 564416, 571824, 576256, 588456, 592744, 596848, 600952, 211712, 609216, 613344, 617464, 621584, 625736, 630096, 637760, 642064, 646368, 539136, 658112, 662264, 666592, 793368, 707472, 675168, 687256, 739864, 691656, 699032, 703312, 244104, 711856, 1006048, 10984, 728248, 735608, 744200, 748512, 752608, 756760, 760984, 768584, 772920, 777184, 781624, 187648, 584048, 797552, 801744, 806040, 195024, 813432, 817728, 821928, 826112, 830272, 834440, 838576, 842736, 851056, 855160, 859512, 867464, 871920, 879712, 884056, 888232, 892512, 899936, 904272, 908648, 913072, 917424, 921944, 926576, 931232, 935760, 940168, 944464, 948720, 952912, 957120, 961304, 965592, 973256, 977584, 981712, 986064, 39736, 993856, 998368, 522928, 1014504, 1018680, 1022824, 1026992, 1031144, 1043112, 2496, 1035400]
  m=[1, 1, 1, 2, 1, 1, 1, 1, 1, 2, 1, 1, 1, 1, 1, 1, 1, 1, 1, 2, 1, 1, 1, 2, 1, 1, 1, 1, 1, 1, 2, 1, 1, 1, 2, 1, 1, 1, 2, 1, 2, 2, 1, 1, 1, 1, 1, 1, 1, 1, 2, 1, 1, 1, 1, 1, 2, 1, 1, 1, 1, 1, 1, 1, 2, 2, 1, 1, 1, 1, 1, 1, 1, 1, 1, 1, 1, 1, 1, 1, 2, 2, 1, 1, 1, 2, 2, 1, 1, 1, 1, 1, 1, 2, 1, 1, 1, 1, 1, 1, 1, 1, 1, 2, 1, 1, 1, 1, 2, 1, 1, 1, 1, 2, 2, 1, 1, 1, 2, 2, 1, 1, 1, 1, 1, 1, 1, 1, 1, 2, 1, 1, 1, 1, 1, 1, 2, 1, 1, 2, 2, 1, 1, 1, 1, 1, 2, 1, 1, 1, 1, 2, 1, 1, 1, 1, 2, 1, 2, 1, 1, 1, 1, 1, 1, 1, 1, 1, 1, 1, 1, 1, 1, 1, 1, 1, 2, 2, 1, 2, 1, 1, 1, 1, 1, 2, 1, 1, 1, 1, 1, 1, 1, 1, 1, 1, 1, 1, 1, 2, 1, 1, 2, 1, 1, 2, 1, 1, 1, 1, 1, 1, 2, 2, 1]
w=905205462495119488/590295810358705747841 [cg] doubles=41 n=215
  xk(2^-20 units)=[3128, 1010960, 7296, 19160, 281616, 27624, 31776, 35920, 617384, 44352, 56144, 60416, 64600, 600616, 73088, 84848, 80528, 683080, 88992, 93392, 101136, 105400, 109552, 113880, 118272, 125688, 129944, 134160, 138320, 142624, 150352, 154688, 158760, 11536, 163056, 167392, 171656, 179008, 183464, 187888, 195656, 200216, 219912, 215624, 846888, 224112, 228264, 232416, 23512, 240688, 244984, 249400, 261080, 265280, 236568, 269536, 277256, 256776, 285744, 289880, 294056, 298232, 302512, 309832, 314216, 318704, 326368, 330640, 334792, 338920, 343080, 347232, 351416, 355696, 363032, 367328, 371496, 375664, 379816, 383880, 388136, 396640, 401064, 408224, 412448, 416864, 424800, 429192, 433448, 440872, 445184, 392392, 449376, 453768, 461416, 465680, 469848, 474008, 482256, 486400, 490520, 494648, 498752, 503096, 510728, 515024, 519248, 523536, 535280, 530880, 539568, 543704, 547824, 552184, 560120, 478152, 564560, 572064, 576544, 588792, 593240, 68816, 604872, 208112, 609056, 613224, 584360, 621520, 625640, 630008, 637600, 641840, 48800, 650152, 654296, 658408, 662728, 670320, 674544, 678840, 687328, 645992, 691744, 699040, 703312, 707472, 711832, 719488, 723784, 727944, 732056, 736360, 748256, 752560, 756776, 761080, 768776, 773120, 777448, 785168, 789432, 793600, 797792, 965544, 801968, 806216, 813552, 817832, 822024, 826200, 830328, 834480, 838632, 842752, 851080, 855224, 859616, 867680, 740792, 875784, 883560, 887848, 892104, 896336, 900584, 909312, 913872, 918440, 923088, 927592, 932024, 936312, 940576, 944784, 948976, 953128, 957272, 961440, 904848, 969872, 977600, 981864, 986248, 40032, 993912, 998344, 1002640, 1006768, 1015232, 1022568, 1026832, 1030984, 1035368, 1043248, 1047608]
  m=[1, 1, 1, 2, 1, 1, 1, 1, 1, 2, 1, 1, 1, 1, 1, 1, 1, 1, 1, 2, 1, 1, 1, 2, 1, 1, 1, 1, 1, 1, 2, 1, 1, 1, 2, 1, 1, 1, 2, 1, 2, 2, 1, 1, 1, 1, 1, 1, 1, 1, 2, 1, 1, 1, 1, 1, 2, 1, 1, 1, 1, 1, 1, 1, 2, 2, 1, 1, 1, 1, 1, 1, 1, 1, 1, 1, 1, 1, 1, 1, 2, 2, 1, 1, 1, 2, 2, 1, 1, 1, 1, 1, 1, 2, 1, 1, 1, 1, 1, 1, 1, 1, 1, 2, 1, 1, 1, 1, 2, 1, 1, 1, 1, 2, 2, 1, 1, 1, 2, 2, 1, 1, 1, 1, 1, 1, 1, 1, 1, 2, 1, 1, 1, 1, 1, 1, 2, 1, 1, 2, 2, 1, 1, 1, 1, 1, 2, 1, 1, 1, 1, 2, 1, 1, 1, 1, 2, 1, 2, 1, 1, 1, 1, 1, 1, 1, 1, 1, 1, 1, 1, 1, 1, 1, 1, 1, 2, 2, 1, 2, 1, 1, 1, 1, 1, 2, 1, 1, 1, 1, 1, 1, 1, 1, 1, 1, 1, 1, 1, 2, 1, 1, 2, 1, 1, 2, 1, 1, 1, 1, 1, 1, 2, 2, 1]
w=17242247593031200/590295810358705747841 [cg] doubles=41 n=215
  xk(2^-20 units)=[3560, 10792, 175024, 19408, 23736, 27864, 32200, 39464, 43696, 48024, 52336, 56472, 60680, 64960, 72328, 76648, 80856, 85120, 89352, 93672, 101248, 134152, 109616, 113920, 105472, 118336, 125712, 129976, 138336, 142448, 146800, 154576, 158824, 428880, 163176, 167592, 842936, 179240, 183584, 188008, 195768, 207896, 212248, 216384, 220536, 224728, 920840, 233200, 240304, 244560, 248872, 253152, 257256, 261392, 265488, 269600, 278000, 282424, 289704, 293976, 298176, 302400, 314072, 347368, 318576, 326488, 330824, 334920, 339064, 343208, 273696, 351568, 228912, 355848, 363128, 367448, 371624, 375808, 379976, 384128, 388472, 396384, 408224, 200208, 412440, 416752, 421208, 15056, 433120, 437272, 441440, 445640, 449904, 457648, 462032, 466200, 580840, 470528, 482248, 486440, 490608, 494744, 498872, 503176, 507608, 514992, 519272, 523408, 527776, 535472, 539752, 543912, 548024, 552360, 560272, 400864, 572136, 716312, 576568, 585080, 589384, 593648, 600840, 605152, 609344, 613512, 617704, 633944, 621944, 629568, 638088, 642240, 646360, 650552, 654840, 662232, 666648, 671088, 564728, 678880, 686800, 691144, 695248, 699368, 703496, 707616, 711928, 723728, 727992, 732184, 736320, 740696, 748376, 752608, 756760, 760856, 765184, 772912, 777328, 781648, 785896, 793192, 797456, 801624, 805776, 809912, 814064, 818168, 822256, 826384, 830496, 834632, 838776, 847056, 851256, 855520, 863280, 867824, 875712, 883536, 477960, 887904, 892056, 896224, 900496, 908208, 912560, 916672, 306664, 925000, 929312, 936640, 940912, 945128, 949288, 953408, 957552, 961696, 965808, 970104, 974536, 981776, 986216, 990560, 994816, 1002656, 1014536, 1007144, 1018792, 1023000, 1027168, 1031280, 1035624, 1043512, 1047888]
  m=[1, 1, 1, 2, 1, 1, 1, 1, 1, 2, 1, 1, 1, 1, 1, 1, 1, 1, 1, 2, 1, 1, 1, 2, 1, 1, 1, 1, 1, 1, 2, 1, 1, 1, 2, 1, 1, 1, 2, 1, 2, 2, 1, 1, 1, 1, 1, 1, 1, 1, 2, 1, 1, 1, 1, 1, 2, 1, 1, 1, 1, 1, 1, 1, 2, 2, 1, 1, 1, 1, 1, 1, 1, 1, 1, 1, 1, 1, 1, 1, 2, 2, 1, 1, 1, 2, 2, 1, 1, 1, 1, 1, 1, 2, 1, 1, 1, 1, 1, 1, 1, 1, 1, 2, 1, 1, 1, 1, 2, 1, 1, 1, 1, 2, 2, 1, 1, 1, 2, 2, 1, 1, 1, 1, 1, 1, 1, 1, 1, 2, 1, 1, 1, 1, 1, 1, 2, 1, 1, 2, 2, 1, 1, 1, 1, 1, 2, 1, 1, 1, 1, 2, 1, 1, 1, 1, 2, 1, 2, 1, 1, 1, 1, 1, 1, 1, 1, 1, 1, 1, 1, 1, 1, 1, 1, 1, 2, 2, 1, 2, 1, 1, 1, 1, 1, 2, 1, 1, 1, 1, 1, 1, 1, 1, 1, 1, 1, 1, 1, 2, 1, 1, 2, 1, 1, 2, 1, 1, 1, 1, 1, 1, 2, 2, 1]
w=2818989109567179776/590295810358705747841 [cg] doubles=41 n=215
  xk(2^-20 units)=[3536, 7808, 171832, 19624, 23904, 27984, 32160, 36328, 40608, 48200, 52544, 56680, 60824, 65000, 69192, 73480, 80712, 85064, 89256, 93640, 101384, 134424, 109824, 114216, 105688, 121856, 126104, 130272, 138536, 142648, 146952, 151368, 158752, 425472, 163184, 167528, 842808, 179480, 191696, 290104, 199664, 204104, 208496, 215888, 220176, 224360, 228560, 232752, 237024, 244504, 248912, 253224, 257336, 261432, 265592, 269728, 274064, 281672, 285936, 294328, 298600, 306008, 310248, 449592, 314632, 322520, 330992, 335160, 339312, 343632, 326880, 350984, 355256, 359464, 363664, 367808, 371984, 376160, 432896, 380416, 388224, 396160, 404688, 187176, 408952, 416616, 421072, 15224, 695832, 437160, 441320, 445456, 453672, 457944, 462208, 466312, 470424, 474552, 478736, 483016, 490408, 494736, 498904, 503256, 507712, 514920, 519224, 523392, 527712, 532120, 539480, 543760, 547928, 552296, 560232, 400552, 568792, 719672, 576488, 581016, 588656, 592896, 601168, 605280, 609416, 613544, 617680, 621808, 626064, 633608, 637960, 642072, 646208, 650320, 654440, 658552, 662864, 670504, 564592, 674952, 682928, 687312, 597016, 826856, 703240, 707504, 711920, 723944, 728088, 732248, 736384, 740712, 748304, 752560, 756704, 760800, 765080, 769456, 777096, 781480, 785664, 789968, 797376, 801704, 805872, 810088, 814272, 818472, 822648, 1007224, 831192, 838496, 990984, 846984, 851136, 855264, 859624, 867496, 871792, 876096, 933160, 888064, 892192, 896360, 900472, 904848, 912416, 916656, 920792, 924936, 929056, 883776, 941376, 945480, 949608, 953744, 957840, 937272, 961944, 966280, 973904, 978144, 986576, 982272, 998464, 1002888, 1011520, 691480, 1018792, 1023056, 1027240, 1031336, 1035672, 1043584, 1047976]
  m=[1, 1, 1, 2, 1, 1, 1, 1, 1, 2, 1, 1, 1, 1, 1, 1, 1, 1, 1, 2, 1, 1, 1, 2, 1, 1, 1, 1, 1, 1, 2, 1, 1, 1, 2, 1, 1, 1, 2, 1, 2, 2, 1, 1, 1, 1, 1, 1, 1, 1, 2, 1, 1, 1, 1, 1, 2, 1, 1, 1, 1, 1, 1, 1, 2, 2, 1, 1, 1, 1, 1, 1, 1, 1, 1, 1, 1, 1, 1, 1, 2, 2, 1, 1, 1, 2, 2, 1, 1, 1, 1, 1, 1, 2, 1, 1, 1, 1, 1, 1, 1, 1, 1, 2, 1, 1, 1, 1, 2, 1, 1, 1, 1, 2, 2, 1, 1, 1, 2, 2, 1, 1, 1, 1, 1, 1, 1, 1, 1, 2, 1, 1, 1, 1, 1, 1, 2, 1, 1, 2, 2, 1, 1, 1, 1, 1, 2, 1, 1, 1, 1, 2, 1, 1, 1, 1, 2, 1, 2, 1, 1, 1, 1, 1, 1, 1, 1, 1, 1, 1, 1, 1, 1, 1, 1, 1, 2, 2, 1, 2, 1, 1, 1, 1, 1, 2, 1, 1, 1, 1, 1, 1, 1, 1, 1, 1, 1, 1, 1, 2, 1, 1, 2, 1, 1, 2, 1, 1, 1, 1, 1, 1, 2, 2, 1]
w=294075227081445760/590295810358705747841 [cg] doubles=41 n=215
  xk(2^-20 units)=[7040, 11224, 15432, 23072, 27424, 31504, 35648, 39784, 43920, 52432, 48056, 60016, 64272, 68448, 72608, 76744, 80944, 92592, 85192, 97032, 101360, 318664, 994560, 113344, 117736, 121912, 126208, 133648, 137936, 142256, 150000, 154360, 158496, 162616, 166952, 174664, 178880, 183016, 187336, 191720, 199480, 204040, 211768, 216080, 220272, 224472, 228744, 236104, 240416, 244576, 248952, 256560, 260848, 265016, 269160, 273272, 277600, 105600, 289560, 293840, 683032, 298192, 305664, 309928, 314248, 326392, 330704, 334792, 338904, 342992, 347128, 351216, 355368, 359504, 363632, 367752, 371896, 376056, 380320, 387744, 392224, 400248, 404760, 412328, 416544, 420920, 428888, 282024, 433264, 437416, 441752, 449160, 453440, 457792, 462104, 466336, 473664, 477968, 482152, 486320, 490496, 494648, 498776, 503120, 510768, 515008, 519176, 523312, 527696, 535360, 539632, 543824, 548136, 555968, 563936, 580312, 568248, 731896, 572560, 584736, 589136, 596488, 600736, 604904, 609040, 613192, 617312, 621472, 625568, 629912, 637512, 641760, 645944, 650128, 654280, 658512, 666120, 670472, 674512, 678784, 687288, 691720, 698880, 703152, 707360, 711480, 715832, 760600, 727760, 736048, 740168, 744520, 752200, 756456, 723496, 838536, 764984, 772648, 777072, 781360, 785512, 789776, 796976, 801280, 805464, 809632, 813792, 817928, 822048, 826168, 830280, 834416, 842680, 846840, 851024, 855256, 862968, 867416, 871824, 879608, 883992, 888280, 895552, 899856, 903984, 908296, 912560, 916672, 920816, 924960, 929144, 933400, 940704, 944976, 949128, 953280, 957432, 961568, 965720, 973400, 977800, 981920, 986224, 990504, 998648, 1002960, 1010584, 1014872, 1019056, 1023368, 1030648, 1034880, 1039256, 1047168, 2944]
  m=[1, 1, 1, 2, 1, 1, 1, 1, 1, 2, 1, 1, 1, 1, 1, 1, 1, 1, 1, 2, 1, 1, 1, 2, 1, 1, 1, 1, 1, 1, 2, 1, 1, 1, 2, 1, 1, 1, 2, 1, 2, 2, 1, 1, 1, 1, 1, 1, 1, 1, 2, 1, 1, 1, 1, 1, 2, 1, 1, 1, 1, 1, 1, 1, 2, 2, 1, 1, 1, 1, 1, 1, 1, 1, 1, 1, 1, 1, 1, 1, 2, 2, 1, 1, 1, 2, 2, 1, 1, 1, 1, 1, 1, 2, 1, 1, 1, 1, 1, 1, 1, 1, 1, 2, 1, 1, 1, 1, 2, 1, 1, 1, 1, 2, 2, 1, 1, 1, 2, 2, 1, 1, 1, 1, 1, 1, 1, 1, 1, 2, 1, 1, 1, 1, 1, 1, 2, 1, 1, 2, 2, 1, 1, 1, 1, 1, 2, 1, 1, 1, 1, 2, 1, 1, 1, 1, 2, 1, 2, 1, 1, 1, 1, 1, 1, 1, 1, 1, 1, 1, 1, 1, 1, 1, 1, 1, 2, 2, 1, 2, 1, 1, 1, 1, 1, 2, 1, 1, 1, 1, 1, 1, 1, 1, 1, 1, 1, 1, 1, 2, 1, 1, 2, 1, 1, 2, 1, 1, 1, 1, 1, 1, 2, 2, 1]
w=592602219863636480/590295810358705747841 [cg] doubles=41 n=215
  xk(2^-20 units)=[3184, 1010648, 7456, 19200, 23496, 27600, 31720, 35880, 617384, 44352, 871920, 56208, 64560, 68704, 72856, 77032, 81296, 179288, 88624, 93072, 97408, 101616, 109016, 113448, 117816, 122088, 129472, 133760, 137936, 142064, 150432, 154736, 158928, 14784, 166472, 170856, 175008, 305480, 186816, 191144, 195432, 203352, 220400, 216136, 1014880, 227816, 232152, 236440, 243832, 207712, 248248, 252584, 260848, 264984, 269160, 273280, 277624, 256736, 285416, 289672, 293904, 298200, 437104, 322648, 314024, 318400, 326728, 330856, 334960, 339104, 343232, 347368, 351536, 355864, 363216, 367496, 371728, 376000, 383544, 896152, 388040, 396088, 400472, 404640, 408936, 416696, 424592, 428928, 433016, 441216, 445320, 449456, 453560, 457848, 462256, 469400, 473648, 477800, 481984, 486136, 490272, 494400, 498504, 502864, 510592, 514816, 518976, 523128, 527488, 535208, 539512, 543680, 547968, 555800, 563824, 604896, 568192, 572416, 580184, 588824, 60392, 596464, 600728, 211880, 609072, 613200, 584496, 621552, 625800, 633456, 637808, 641936, 51944, 650320, 654600, 661952, 666352, 670640, 674744, 679096, 691200, 646136, 695600, 686800, 702920, 707160, 711488, 719864, 724032, 728176, 732424, 740032, 748504, 752680, 756856, 761136, 768816, 309744, 781112, 785608, 793040, 797288, 805592, 846904, 801456, 809760, 813872, 818008, 822112, 826224, 830352, 834488, 838608, 842752, 851040, 855160, 859528, 867432, 744376, 879760, 773288, 887648, 891936, 715784, 900392, 909048, 913528, 917984, 922560, 927104, 931584, 935976, 940312, 944560, 948792, 953000, 957216, 961400, 904640, 973416, 977824, 981944, 986296, 39992, 994048, 998520, 1006344, 146160, 1035496, 1019184, 1026608, 965656, 1031032, 1043200, 1047600]
  m=[1, 1, 1, 2, 1, 1, 1, 1, 1, 2, 1, 1, 1, 1, 1, 1, 1, 1, 1, 2, 1, 1, 1, 2, 1, 1, 1, 1, 1, 1, 2, 1, 1, 1, 2, 1, 1, 1, 2, 1, 2, 2, 1, 1, 1, 1, 1, 1, 1, 1, 2, 1, 1, 1, 1, 1, 2, 1, 1, 1, 1, 1, 1, 1, 2, 2, 1, 1, 1, 1, 1, 1, 1, 1, 1, 1, 1, 1, 1, 1, 2, 2, 1, 1, 1, 2, 2, 1, 1, 1, 1, 1, 1, 2, 1, 1, 1, 1, 1, 1, 1, 1, 1, 2, 1, 1, 1, 1, 2, 1, 1, 1, 1, 2, 2, 1, 1, 1, 2, 2, 1, 1, 1, 1, 1, 1, 1, 1, 1, 2, 1, 1, 1, 1, 1, 1, 2, 1, 1, 2, 2, 1, 1, 1, 1, 1, 2, 1, 1, 1, 1, 2, 1, 1, 1, 1, 2, 1, 2, 1, 1, 1, 1, 1, 1, 1, 1, 1, 1, 1, 1, 1, 1, 1, 1, 1, 2, 2, 1, 2, 1, 1, 1, 1, 1, 2, 1, 1, 1, 1, 1, 1, 1, 1, 1, 1, 1, 1, 1, 2, 1, 1, 2, 1, 1, 2, 1, 1, 1, 1, 1, 1, 2, 2, 1]
w=2502369210451975168/590295810358705747841 [cg] doubles=41 n=215
  xk(2^-20 units)=[2968, 1010264, 7144, 15624, 23232, 27496, 31648, 35784, 617312, 44272, 777256, 56136, 64456, 68584, 72752, 76888, 81080, 220488, 85320, 92856, 97248, 101416, 105672, 113336, 117672, 121824, 125992, 130200, 134504, 141800, 150352, 154624, 158728, 11280, 163040, 167432, 174792, 179064, 183448, 191176, 195624, 203576, 433056, 216216, 1014560, 227936, 232216, 236376, 240536, 207912, 244872, 252512, 260936, 265096, 269264, 772976, 281064, 256760, 285448, 289592, 293776, 297952, 302176, 322584, 309752, 318296, 326696, 330856, 335016, 339328, 346512, 350784, 354976, 359152, 363288, 367432, 371592, 375752, 379912, 384184, 391880, 396368, 400768, 408032, 412224, 416528, 421008, 428792, 273488, 441552, 448896, 457328, 453160, 461640, 551632, 465992, 470192, 477608, 481896, 486056, 490240, 494368, 498464, 502768, 507064, 511184, 515408, 522800, 527288, 534992, 539208, 543376, 547528, 556000, 563912, 604616, 568272, 572520, 580144, 588728, 60312, 593024, 597256, 212040, 608904, 613096, 584456, 621576, 629008, 633440, 637744, 641856, 51928, 650200, 654480, 661808, 666216, 670528, 674632, 678960, 691144, 646016, 695544, 686704, 702976, 707208, 711576, 719360, 723680, 727888, 732160, 739720, 748264, 752464, 756656, 760912, 768608, 437264, 785016, 789416, 793688, 801144, 314048, 846824, 805416, 809600, 813776, 817920, 822048, 826176, 830304, 834432, 838552, 842688, 850992, 855136, 859520, 867480, 744104, 875568, 883440, 887712, 891896, 896112, 900320, 908856, 913280, 917600, 922056, 926608, 931192, 935648, 940064, 944368, 948656, 952880, 957104, 961288, 904504, 973272, 977648, 981792, 986112, 39912, 990496, 998144, 1002664, 146016, 1018752, 1022968, 1027232, 965600, 1034984, 1039512, 1047304]
  m=[1, 1, 1, 2, 1, 1, 1, 1, 1, 2, 1, 1, 1, 1, 1, 1, 1, 1, 1, 2, 1, 1, 1, 2, 1, 1, 1, 1, 1, 1, 2, 1, 1, 1, 2, 1, 1, 1, 2, 1, 2, 2, 1, 1, 1, 1, 1, 1, 1, 1, 2, 1, 1, 1, 1, 1, 2, 1, 1, 1, 1, 1, 1, 1, 2, 2, 1, 1, 1, 1, 1, 1, 1, 1, 1, 1, 1, 1, 1, 1, 2, 2, 1, 1, 1, 2, 2, 1, 1, 1, 1, 1, 1, 2, 1, 1, 1, 1, 1, 1, 1, 1, 1, 2, 1, 1, 1, 1, 2, 1, 1, 1, 1, 2, 2, 1, 1, 1, 2, 2, 1, 1, 1, 1, 1, 1, 1, 1, 1, 2, 1, 1, 1, 1, 1, 1, 2, 1, 1, 2, 2, 1, 1, 1, 1, 1, 2, 1, 1, 1, 1, 2, 1, 1, 1, 1, 2, 1, 2, 1, 1, 1, 1, 1, 1, 1, 1, 1, 1, 1, 1, 1, 1, 1, 1, 1, 2, 2, 1, 2, 1, 1, 1, 1, 1, 2, 1, 1, 1, 1, 1, 1, 1, 1, 1, 1, 1, 1, 1, 2, 1, 1, 2, 1, 1, 2, 1, 1, 1, 1, 1, 1, 2, 2, 1]
w=8672326473849701376/590295810358705747841 [cg] doubles=41 n=215
  xk(2^-20 units)=[3416, 7696, 175648, 19512, 23848, 28096, 35384, 39680, 43800, 48088, 52392, 56528, 60736, 65040, 72376, 76688, 80896, 85144, 89424, 97224, 101584, 134424, 109984, 117616, 105712, 122000, 126152, 130280, 138544, 142664, 147032, 154584, 158792, 428936, 163096, 167376, 839304, 179872, 191712, 290048, 199632, 204152, 211912, 216224, 220400, 224560, 228736, 232912, 237152, 244480, 248896, 253192, 257296, 261400, 265520, 269624, 273928, 278344, 285760, 294232, 298432, 302736, 310224, 347328, 314608, 319064, 330832, 334992, 339136, 343232, 326608, 351440, 355568, 359696, 363816, 367920, 372048, 376160, 433200, 380360, 388048, 392576, 404624, 187256, 408944, 416680, 421224, 15120, 695912, 437368, 441544, 445696, 449928, 457608, 461976, 466120, 470232, 474400, 478584, 482888, 490320, 494608, 498776, 503120, 507600, 514872, 519112, 523296, 527704, 535360, 539632, 543776, 547920, 552264, 560088, 400352, 568496, 719616, 572832, 580792, 585264, 592528, 601024, 605192, 609360, 613496, 617640, 621816, 626064, 633720, 638072, 642184, 646304, 650472, 654608, 658856, 666504, 671016, 564424, 678688, 683144, 687416, 691584, 826648, 703168, 707440, 711824, 723880, 728056, 732232, 736360, 740720, 748480, 814256, 756936, 761072, 765448, 793632, 773360, 777864, 785208, 789480, 797736, 801872, 805984, 810104, 990128, 818400, 822504, 171488, 830816, 834992, 994408, 846704, 850960, 855128, 859520, 867400, 871848, 879536, 932848, 888024, 892136, 896304, 900560, 908296, 912672, 916816, 921128, 752752, 928568, 883896, 941240, 945376, 949512, 953648, 957816, 937056, 962072, 969784, 974112, 978200, 982568, 596832, 998520, 1002856, 1014528, 1007264, 1018776, 1022944, 1027112, 1031216, 1035552, 1043440, 1047792]
  m=[1, 1, 1, 2, 1, 1, 1, 1, 1, 2, 1, 1, 1, 1, 1, 1, 1, 1, 1, 2, 1, 1, 1, 2, 1, 1, 1, 1, 1, 1, 2, 1, 1, 1, 2, 1, 1, 1, 2, 1, 2, 2, 1, 1, 1, 1, 1, 1, 1, 1, 2, 1, 1, 1, 1, 1, 2, 1, 1, 1, 1, 1, 1, 1, 2, 2, 1, 1, 1, 1, 1, 1, 1, 1, 1, 1, 1, 1, 1, 1, 2, 2, 1, 1, 1, 2, 2, 1, 1, 1, 1, 1, 1, 2, 1, 1, 1, 1, 1, 1, 1, 1, 1, 2, 1, 1, 1, 1, 2, 1, 1, 1, 1, 2, 2, 1, 1, 1, 2, 2, 1, 1, 1, 1, 1, 1, 1, 1, 1, 2, 1, 1, 1, 1, 1, 1, 2, 1, 1, 2, 2, 1, 1, 1, 1, 1, 2, 1, 1, 1, 1, 2, 1, 1, 1, 1, 2, 1, 2, 1, 1, 1, 1, 1, 1, 1, 1, 1, 1, 1, 1, 1, 1, 1, 1, 1, 2, 2, 1, 2, 1, 1, 1, 1, 1, 2, 1, 1, 1, 1, 1, 1, 1, 1, 1, 1, 1, 1, 1, 2, 1, 1, 2, 1, 1, 2, 1, 1, 1, 1, 1, 1, 2, 2, 1]
w=2866313030724851712/590295810358705747841 [cg] doubles=41 n=215
  xk(2^-20 units)=[7080, 11224, 175000, 19632, 23904, 27968, 32136, 36280, 40512, 48112, 52496, 56736, 64224, 68480, 72672, 76840, 80992, 85168, 89424, 97080, 101432, 785424, 109624, 113952, 105528, 118368, 125672, 134152, 138320, 142608, 150360, 154704, 158824, 429208, 163144, 167568, 842720, 179280, 191216, 195528, 199784, 204216, 211952, 216224, 220424, 224720, 232080, 236368, 240616, 244768, 249112, 732264, 253520, 260920, 265216, 269408, 281976, 273560, 286280, 290496, 297816, 302128, 306432, 347256, 314176, 318728, 330712, 334872, 339016, 343152, 326464, 351376, 355480, 359592, 363712, 367792, 371920, 376016, 380112, 384224, 388568, 396536, 408352, 183568, 412624, 417016, 424904, 15336, 433312, 437424, 441592, 445736, 449976, 457704, 462072, 466240, 470440, 474736, 482080, 486368, 490536, 494688, 498800, 503064, 507384, 511520, 515776, 523216, 527704, 535480, 539760, 543928, 548048, 552408, 560312, 401000, 572280, 719752, 576752, 584664, 589064, 593328, 600784, 605080, 609272, 613400, 617552, 621720, 625832, 630184, 637840, 642096, 646248, 650440, 654584, 658720, 663096, 670824, 564744, 675256, 683240, 691048, 695304, 699488, 703656, 707744, 712088, 724000, 728136, 998432, 736384, 740728, 748352, 752576, 756728, 760800, 765104, 769472, 776960, 781288, 789512, 793616, 797736, 801848, 805952, 810088, 814224, 818408, 822536, 826712, 830976, 277672, 838448, 846944, 851104, 855232, 859568, 867632, 875504, 879984, 933064, 887648, 891920, 896112, 900392, 908016, 912400, 916528, 920664, 924784, 928936, 937184, 941288, 945424, 949552, 953680, 957856, 962144, 969480, 973888, 978152, 982232, 986560, 994176, 129960, 1002752, 1014584, 1007160, 1018840, 1023024, 1027192, 1031320, 1035672, 1043720, 2816]
  m=[1, 1, 1, 2, 1, 1, 1, 1, 1, 2, 1, 1, 1, 1, 1, 1, 1, 1, 1, 2, 1, 1, 1, 2, 1, 1, 1, 1, 1, 1, 2, 1, 1, 1, 2, 1, 1, 1, 2, 1, 2, 2, 1, 1, 1, 1, 1, 1, 1, 1, 2, 1, 1, 1, 1, 1, 2, 1, 1, 1, 1, 1, 1, 1, 2, 2, 1, 1, 1, 1, 1, 1, 1, 1, 1, 1, 1, 1, 1, 1, 2, 2, 1, 1, 1, 2, 2, 1, 1, 1, 1, 1, 1, 2, 1, 1, 1, 1, 1, 1, 1, 1, 1, 2, 1, 1, 1, 1, 2, 1, 1, 1, 1, 2, 2, 1, 1, 1, 2, 2, 1, 1, 1, 1, 1, 1, 1, 1, 1, 2, 1, 1, 1, 1, 1, 1, 2, 1, 1, 2, 2, 1, 1, 1, 1, 1, 2, 1, 1, 1, 1, 2, 1, 1, 1, 1, 2, 1, 2, 1, 1, 1, 1, 1, 1, 1, 1, 1, 1, 1, 1, 1, 1, 1, 1, 1, 2, 2, 1, 2, 1, 1, 1, 1, 1, 2, 1, 1, 1, 1, 1, 1, 1, 1, 1, 1, 1, 1, 1, 2, 1, 1, 2, 1, 1, 2, 1, 1, 1, 1, 1, 1, 2, 2, 1]
w=3400371439900722176/590295810358705747841 [cg] doubles=41 n=215
  xk(2^-20 units)=[7024, 11160, 15264, 19600, 27224, 31424, 35568, 39704, 43856, 52272, 47976, 56672, 63984, 68248, 72424, 76568, 80712, 84832, 88944, 93280, 100832, 318664, 105048, 113416, 117688, 121760, 129944, 134080, 138200, 142400, 150080, 154432, 158560, 162680, 167000, 174752, 178984, 183136, 187440, 191824, 199512, 204032, 211744, 216008, 220184, 224376, 228592, 232896, 240272, 244536, 248888, 253328, 260728, 265016, 269240, 273400, 277792, 109160, 285488, 289792, 294112, 301536, 871784, 309960, 314288, 326280, 330600, 334688, 338784, 342904, 347000, 351120, 305824, 359384, 363488, 367624, 371776, 375968, 380264, 387664, 392128, 400112, 404520, 408784, 416288, 420784, 428680, 1002192, 433032, 437200, 441416, 445704, 453184, 457616, 461968, 466216, 473632, 477888, 482064, 486232, 490392, 494512, 498640, 502976, 507392, 514736, 518992, 523176, 527568, 535280, 539536, 543688, 547848, 552168, 564256, 580760, 571992, 732016, 576376, 588312, 592704, 596872, 601088, 605280, 609496, 912560, 613784, 621248, 625504, 629880, 634312, 641640, 645904, 650096, 654256, 658376, 662720, 670376, 674592, 678952, 686952, 691416, 698944, 703184, 707384, 711536, 715912, 355240, 727864, 736192, 740320, 744672, 752280, 756496, 723616, 838880, 760776, 769176, 773528, 781152, 785416, 789648, 793936, 801272, 805560, 809736, 813912, 818080, 822232, 826384, 830512, 834688, 843192, 125872, 850704, 854952, 859328, 867328, 765080, 879648, 884056, 888296, 895536, 899816, 903976, 908288, 559792, 916664, 920784, 924944, 929104, 933392, 940616, 944904, 949112, 953248, 957384, 961536, 965680, 970016, 977664, 981872, 986200, 990600, 997968, 1006504, 1010768, 1014888, 1019016, 1023176, 1027432, 1034704, 1039192, 1047168, 2928]
  m=[1, 1, 1, 2, 1, 1, 1, 1, 1, 2, 1, 1, 1, 1, 1, 1, 1, 1, 1, 2, 1, 1, 1, 2, 1, 1, 1, 1, 1, 1, 2, 1, 1, 1, 2, 1, 1, 1, 2, 1, 2, 2, 1, 1, 1, 1, 1, 1, 1, 1, 2, 1, 1, 1, 1, 1, 2, 1, 1, 1, 1, 1, 1, 1, 2, 2, 1, 1, 1, 1, 1, 1, 1, 1, 1, 1, 1, 1, 1, 1, 2, 2, 1, 1, 1, 2, 2, 1, 1, 1, 1, 1, 1, 2, 1, 1, 1, 1, 1, 1, 1, 1, 1, 2, 1, 1, 1, 1, 2, 1, 1, 1, 1, 2, 2, 1, 1, 1, 2, 2, 1, 1, 1, 1, 1, 1, 1, 1, 1, 2, 1, 1, 1, 1, 1, 1, 2, 1, 1, 2, 2, 1, 1, 1, 1, 1, 2, 1, 1, 1, 1, 2, 1, 1, 1, 1, 2, 1, 2, 1, 1, 1, 1, 1, 1, 1, 1, 1, 1, 1, 1, 1, 1, 1, 1, 1, 2, 2, 1, 2, 1, 1, 1, 1, 1, 2, 1, 1, 1, 1, 1, 1, 1, 1, 1, 1, 1, 1, 1, 2, 1, 1, 2, 1, 1, 2, 1, 1, 1, 1, 1, 1, 2, 2, 1]
w=725213734678756736/590295810358705747841 [cg] doubles=41 n=215
  xk(2^-20 units)=[6800, 203584, 10920, 15256, 22912, 27160, 31344, 35520, 43968, 51592, 55952, 60080, 64280, 68432, 117888, 76904, 84304, 1010136, 88624, 97208, 104888, 92816, 109128, 113464, 72624, 125272, 129528, 715992, 137952, 142216, 149904, 154256, 158400, 162536, 166840, 171288, 178664, 400376, 187352, 194952, 199336, 207864, 223664, 219336, 846912, 227896, 232080, 236280, 240560, 252464, 248096, 256568, 260728, 264864, 269000, 273104, 277432, 281856, 289296, 293592, 297808, 302120, 309480, 182952, 313976, 321936, 326312, 330464, 334624, 338768, 342952, 347256, 354504, 358792, 362944, 367120, 371272, 375408, 379528, 383656, 388000, 395968, 404640, 411992, 416216, 420560, 425024, 432632, 436880, 461312, 441064, 445328, 452600, 457032, 465424, 469560, 473672, 477768, 481912, 486064, 490216, 494400, 498640, 506176, 510560, 514712, 518864, 523016, 527376, 535008, 670640, 543424, 547544, 551904, 559824, 604776, 564304, 571784, 576264, 588584, 650072, 593056, 600480, 212272, 608968, 613112, 617296, 621392, 630120, 625704, 637424, 641672, 645888, 539256, 654256, 658520, 666184, 793184, 707264, 678384, 682912, 690616, 694848, 699008, 703144, 133752, 711576, 723456, 727752, 731944, 736240, 743912, 748312, 752504, 756784, 764096, 768504, 772784, 777072, 781544, 789024, 584152, 797320, 801472, 805584, 809704, 813856, 817968, 822104, 826216, 830320, 834448, 838576, 842752, 851088, 855352, 863016, 867536, 875240, 879648, 883952, 888120, 892320, 896616, 904192, 908656, 913096, 917456, 921960, 926512, 931112, 935600, 939992, 944368, 948640, 952848, 957088, 961312, 965584, 973368, 977736, 981848, 986200, 39696, 993912, 998360, 1002776, 1014416, 1018608, 1022816, 1027112, 1034496, 1039008, 1046904, 2680]
  m=[1, 1, 1, 2, 1, 1, 1, 1, 1, 2, 1, 1, 1, 1, 1, 1, 1, 1, 1, 2, 1, 1, 1, 2, 1, 1, 1, 1, 1, 1, 2, 1, 1, 1, 2, 1, 1, 1, 2, 1, 2, 2, 1, 1, 1, 1, 1, 1, 1, 1, 2, 1, 1, 1, 1, 1, 2, 1, 1, 1, 1, 1, 1, 1, 2, 2, 1, 1, 1, 1, 1, 1, 1, 1, 1, 1, 1, 1, 1, 1, 2, 2, 1, 1, 1, 2, 2, 1, 1, 1, 1, 1, 1, 2, 1, 1, 1, 1, 1, 1, 1, 1, 1, 2, 1, 1, 1, 1, 2, 1, 1, 1, 1, 2, 2, 1, 1, 1, 2, 2, 1, 1, 1, 1, 1, 1, 1, 1, 1, 2, 1, 1, 1, 1, 1, 1, 2, 1, 1, 2, 2, 1, 1, 1, 1, 1, 2, 1, 1, 1, 1, 2, 1, 1, 1, 1, 2, 1, 2, 1, 1, 1, 1, 1, 1, 1, 1, 1, 1, 1, 1, 1, 1, 1, 1, 1, 2, 2, 1, 2, 1, 1, 1, 1, 1, 2, 1, 1, 1, 1, 1, 1, 1, 1, 1, 1, 1, 1, 1, 2, 1, 1, 2, 1, 1, 2, 1, 1, 1, 1, 1, 1, 2, 2, 1]
w=387075433749392320/590295810358705747841 [cg] doubles=41 n=215
  xk(2^-20 units)=[3392, 7544, 175064, 19416, 23792, 27912, 32112, 36384, 43744, 48168, 52496, 56640, 60840, 65112, 72536, 76808, 80992, 85176, 89304, 93656, 98080, 134416, 109704, 114072, 105400, 121824, 126096, 130272, 138560, 142680, 146976, 151400, 158728, 425600, 163208, 167624, 842584, 179360, 191400, 290064, 195920, 203824, 208224, 212504, 220032, 224328, 228552, 232720, 236856, 240992, 249512, 1043256, 257104, 261368, 265528, 269784, 277400, 281768, 285912, 294248, 298480, 305776, 310176, 347200, 317848, 322304, 330680, 334832, 338944, 343080, 326576, 351280, 355424, 359552, 363688, 367848, 371992, 376176, 433040, 380448, 388208, 396200, 404696, 183656, 408848, 413224, 421144, 11792, 699448, 437312, 441512, 445712, 449976, 457664, 462016, 466144, 470304, 474480, 478688, 482968, 490232, 494536, 498704, 503000, 507344, 511592, 518992, 523232, 527560, 531992, 539552, 543808, 548008, 552344, 560216, 400560, 568640, 719944, 572992, 580944, 585416, 592680, 601136, 605296, 609440, 613560, 617728, 621896, 626144, 633768, 638112, 642240, 646368, 650528, 654704, 658928, 666592, 671056, 564536, 678736, 683232, 690992, 695280, 826784, 703624, 707864, 715576, 724088, 728208, 732328, 736464, 740824, 748400, 752624, 756800, 760896, 765176, 769448, 773784, 781496, 785792, 790112, 797480, 801752, 805944, 810144, 814312, 818456, 822608, 596968, 830960, 835240, 994440, 846824, 851008, 855160, 859520, 867480, 871944, 883672, 933064, 887984, 892064, 896200, 900312, 904624, 909048, 916344, 920584, 924752, 928912, 879264, 941360, 945480, 949640, 953808, 958072, 937224, 965432, 969832, 974152, 978232, 982592, 990168, 998608, 1002968, 1014568, 1007392, 1018816, 1023000, 1027144, 1031272, 1035640, 1047664, 245128]
  m=[1, 1, 1, 2, 1, 1, 1, 1, 1, 2, 1, 1, 1, 1, 1, 1, 1, 1, 1, 2, 1, 1, 1, 2, 1, 1, 1, 1, 1, 1, 2, 1, 1, 1, 2, 1, 1, 1, 2, 1, 2, 2, 1, 1, 1, 1, 1, 1, 1, 1, 2, 1, 1, 1, 1, 1, 2, 1, 1, 1, 1, 1, 1, 1, 2, 2, 1, 1, 1, 1, 1, 1, 1, 1, 1, 1, 1, 1, 1, 1, 2, 2, 1, 1, 1, 2, 2, 1, 1, 1, 1, 1, 1, 2, 1, 1, 1, 1, 1, 1, 1, 1, 1, 2, 1, 1, 1, 1, 2, 1, 1, 1, 1, 2, 2, 1, 1, 1, 2, 2, 1, 1, 1, 1, 1, 1, 1, 1, 1, 2, 1, 1, 1, 1, 1, 1, 2, 1, 1, 2, 2, 1, 1, 1, 1, 1, 2, 1, 1, 1, 1, 2, 1, 1, 1, 1, 2, 1, 2, 1, 1, 1, 1, 1, 1, 1, 1, 1, 1, 1, 1, 1, 1, 1, 1, 1, 2, 2, 1, 2, 1, 1, 1, 1, 1, 2, 1, 1, 1, 1, 1, 1, 1, 1, 1, 1, 1, 1, 1, 2, 1, 1, 2, 1, 1, 2, 1, 1, 1, 1, 1, 1, 2, 2, 1]
w=1610808817882468608/590295810358705747841 [cg] doubles=41 n=215
  xk(2^-20 units)=[3112, 1006968, 7272, 15744, 281664, 27560, 31752, 35944, 617440, 47808, 56248, 60360, 64480, 600640, 72704, 76824, 80944, 85096, 89312, 96928, 101280, 781344, 109512, 113808, 118216, 125536, 129808, 133984, 138144, 142296, 146640, 154360, 158616, 11392, 162992, 170816, 175120, 179392, 187120, 191440, 195744, 203728, 219728, 212384, 846928, 223968, 228168, 232352, 23320, 240776, 248504, 252848, 261128, 265320, 236520, 269552, 277328, 256960, 285800, 290008, 294272, 301696, 305968, 310096, 314392, 318848, 326480, 330680, 334848, 339000, 343120, 347248, 351400, 355528, 359680, 363880, 368168, 375432, 379720, 383896, 388232, 396280, 400680, 404952, 412312, 416768, 424736, 429096, 433192, 437312, 441448, 445576, 449776, 457376, 461720, 465848, 469960, 474064, 482328, 486448, 105408, 494704, 498824, 503192, 510784, 515032, 519208, 523352, 531856, 527488, 539400, 543640, 547800, 552144, 560040, 478200, 564496, 572072, 576544, 588760, 593200, 68592, 604920, 208104, 609104, 613248, 584336, 621552, 625688, 629968, 634304, 638544, 52136, 650080, 654256, 658424, 662784, 670504, 674752, 679144, 687120, 645808, 691576, 699000, 703280, 707464, 711824, 716216, 723592, 727856, 732016, 736352, 748128, 752432, 756600, 760736, 765088, 772704, 777064, 785440, 789552, 793688, 797848, 490576, 802056, 806320, 813568, 817816, 821992, 826184, 830320, 834456, 838616, 842760, 851112, 855352, 863000, 867504, 740760, 875688, 883536, 887888, 892152, 896368, 900672, 909472, 914008, 918544, 923136, 927640, 932064, 936376, 940664, 944896, 949112, 953320, 957504, 961776, 904976, 969680, 977576, 981784, 986136, 40152, 990544, 998264, 1002704, 1014368, 1018664, 1022856, 1027008, 1031104, 1035384, 1039824, 1047440]
  m=[1, 1, 1, 2, 1, 1, 1, 1, 1, 2, 1, 1, 1, 1, 1, 1, 1, 1, 1, 2, 1, 1, 1, 2, 1, 1, 1, 1, 1, 1, 2, 1, 1, 1, 2, 1, 1, 1, 2, 1, 2, 2, 1, 1, 1, 1, 1, 1, 1, 1, 2, 1, 1, 1, 1, 1, 2, 1, 1, 1, 1, 1, 1, 1, 2, 2, 1, 1, 1, 1, 1, 1, 1, 1, 1, 1, 1, 1, 1, 1, 2, 2, 1, 1, 1, 2, 2, 1, 1, 1, 1, 1, 1, 2, 1, 1, 1, 1, 1, 1, 1, 1, 1, 2, 1, 1, 1, 1, 2, 1, 1, 1, 1, 2, 2, 1, 1, 1, 2, 2, 1, 1, 1, 1, 1, 1, 1, 1, 1, 2, 1, 1, 1, 1, 1, 1, 2, 1, 1, 2, 2, 1, 1, 1, 1, 1, 2, 1, 1, 1, 1, 2, 1, 1, 1, 1, 2, 1, 2, 1, 1, 1, 1, 1, 1, 1, 1, 1, 1, 1, 1, 1, 1, 1, 1, 1, 2, 2, 1, 2, 1, 1, 1, 1, 1, 2, 1, 1, 1, 1, 1, 1, 1, 1, 1, 1, 1, 1, 1, 2, 1, 1, 2, 1, 1, 2, 1, 1, 1, 1, 1, 1, 2, 2, 1]
w=4536051267407251968/590295810358705747841 [cg] doubles=41 n=215
  xk(2^-20 units)=[6968, 11128, 15272, 19616, 27304, 31544, 35704, 39856, 44024, 55840, 899936, 60200, 64304, 68440, 72576, 76696, 80832, 84976, 89104, 93472, 101112, 318640, 105352, 113848, 118264, 125536, 129800, 133992, 138168, 142320, 146688, 154328, 158552, 162664, 166976, 171320, 175544, 182992, 187416, 191808, 199528, 207576, 211936, 216064, 220192, 224360, 228552, 232848, 240312, 244592, 249008, 256760, 261040, 633784, 265240, 269512, 277256, 109512, 285848, 290144, 297392, 301680, 305872, 309984, 314264, 326232, 330584, 334720, 338800, 342904, 347048, 351200, 355344, 359488, 363664, 367856, 372104, 379448, 383760, 388032, 395816, 400280, 404688, 412112, 416352, 420760, 428792, 281640, 433248, 440760, 445024, 449216, 453368, 457672, 461984, 466200, 473552, 477832, 482024, 486176, 490312, 494464, 498632, 502992, 510576, 514856, 519032, 523304, 531080, 535432, 539560, 543760, 548056, 555688, 564264, 580592, 568640, 731872, 576264, 584896, 592608, 596872, 601056, 605208, 609360, 1007168, 613520, 617800, 625040, 629440, 637912, 642056, 646176, 650344, 559984, 658720, 666368, 670744, 674952, 682696, 687128, 691456, 695712, 703016, 707320, 711496, 715816, 756552, 727600, 736064, 740240, 744624, 752280, 985992, 720248, 838712, 765064, 654512, 777224, 781624, 789032, 793280, 797456, 801592, 805728, 809872, 814008, 818136, 822248, 826360, 830512, 834624, 842808, 846952, 851072, 855192, 859552, 867432, 875224, 879712, 887376, 891624, 895784, 772808, 904112, 908480, 916096, 48288, 990144, 924800, 928960, 933232, 940552, 944848, 949040, 953184, 957320, 961448, 965600, 969960, 977616, 981840, 920472, 994312, 998440, 1002752, 760712, 1014464, 1018776, 1023072, 1027344, 1034768, 1039184, 1043656, 2728]
  m=[1, 1, 1, 2, 1, 1, 1, 1, 1, 2, 1, 1, 1, 1, 1, 1, 1, 1, 1, 2, 1, 1, 1, 2, 1, 1, 1, 1, 1, 1, 2, 1, 1, 1, 2, 1, 1, 1, 2, 1, 2, 2, 1, 1, 1, 1, 1, 1, 1, 1, 2, 1, 1, 1, 1, 1, 2, 1, 1, 1, 1, 1, 1, 1, 2, 2, 1, 1, 1, 1, 1, 1, 1, 1, 1, 1, 1, 1, 1, 1, 2, 2, 1, 1, 1, 2, 2, 1, 1, 1, 1, 1, 1, 2, 1, 1, 1, 1, 1, 1, 1, 1, 1, 2, 1, 1, 1, 1, 2, 1, 1, 1, 1, 2, 2, 1, 1, 1, 2, 2, 1, 1, 1, 1, 1, 1, 1, 1, 1, 2, 1, 1, 1, 1, 1, 1, 2, 1, 1, 2, 2, 1, 1, 1, 1, 1, 2, 1, 1, 1, 1, 2, 1, 1, 1, 1, 2, 1, 2, 1, 1, 1, 1, 1, 1, 1, 1, 1, 1, 1, 1, 1, 1, 1, 1, 1, 2, 2, 1, 2, 1, 1, 1, 1, 1, 2, 1, 1, 1, 1, 1, 1, 1, 1, 1, 1, 1, 1, 1, 2, 1, 1, 2, 1, 1, 2, 1, 1, 1, 1, 1, 1, 2, 2, 1]
w=3454734509262936576/590295810358705747841 [cg] doubles=41 n=215
  xk(2^-20 units)=[7112, 11264, 15504, 23168, 27544, 31672, 35784, 39904, 44016, 48336, 52744, 60008, 64232, 68400, 72568, 76680, 80824, 84952, 89080, 93432, 101096, 105344, 109472, 113800, 118144, 122384, 129544, 133856, 138048, 142176, 146568, 154216, 158496, 162632, 167000, 171400, 178864, 183104, 187464, 191880, 199648, 207648, 212008, 216160, 220464, 227760, 232016, 236232, 240408, 244560, 248856, 253288, 260792, 265080, 269264, 273432, 277808, 748552, 285656, 290072, 297584, 301904, 306144, 310416, 318096, 322584, 326912, 331168, 338448, 342744, 346944, 351104, 355240, 359384, 363528, 367648, 371760, 375936, 380112, 384384, 392080, 400096, 404424, 408520, 412624, 416952, 424800, 429160, 433320, 437608, 444920, 449216, 453400, 457760, 465552, 469824, 473976, 478128, 482296, 486432, 490584, 494776, 499040, 506712, 511032, 515184, 519328, 523568, 531248, 535592, 756696, 543880, 548120, 555816, 560328, 567936, 572112, 728280, 576416, 588272, 580808, 596736, 600864, 604976, 609112, 613240, 617352, 621504, 625624, 629960, 637568, 641824, 646008, 650144, 654296, 658424, 662760, 670384, 674648, 679008, 686976, 691368, 695632, 703088, 707408, 752632, 711840, 760792, 723976, 735728, 739968, 744288, 539736, 592608, 719672, 838736, 765048, 769432, 777048, 781368, 785512, 789712, 794000, 801288, 805584, 809776, 813960, 818096, 822240, 826368, 830496, 834584, 842840, 846952, 851096, 855200, 859536, 867432, 871872, 879608, 884000, 888176, 892504, 899664, 903904, 908232, 912528, 916648, 920736, 924888, 929040, 933216, 937520, 944824, 949104, 953288, 957456, 961608, 965744, 970112, 977784, 982024, 986408, 994072, 998304, 1002704, 1010384, 1014632, 1018864, 1023088, 1027352, 1034688, 1039152, 1047176, 2976]
  m=[1, 1, 1, 2, 1, 1, 1, 1, 1, 2, 1, 1, 1, 1, 1, 1, 1, 1, 1, 2, 1, 1, 1, 2, 1, 1, 1, 1, 1, 1, 2, 1, 1, 1, 2, 1, 1, 1, 2, 1, 2, 2, 1, 1, 1, 1, 1, 1, 1, 1, 2, 1, 1, 1, 1, 1, 2, 1, 1, 1, 1, 1, 1, 1, 2, 2, 1, 1, 1, 1, 1, 1, 1, 1, 1, 1, 1, 1, 1, 1, 2, 2, 1, 1, 1, 2, 2, 1, 1, 1, 1, 1, 1, 2, 1, 1, 1, 1, 1, 1, 1, 1, 1, 2, 1, 1, 1, 1, 2, 1, 1, 1, 1, 2, 2, 1, 1, 1, 2, 2, 1, 1, 1, 1, 1, 1, 1, 1, 1, 2, 1, 1, 1, 1, 1, 1, 2, 1, 1, 2, 2, 1, 1, 1, 1, 1, 2, 1, 1, 1, 1, 2, 1, 1, 1, 1, 2, 1, 2, 1, 1, 1, 1, 1, 1, 1, 1, 1, 1, 1, 1, 1, 1, 1, 1, 1, 2, 2, 1, 2, 1, 1, 1, 1, 1, 2, 1, 1, 1, 1, 1, 1, 1, 1, 1, 1, 1, 1, 1, 2, 1, 1, 2, 1, 1, 2, 1, 1, 1, 1, 1, 1, 2, 2, 1]
w=545000637338424832/590295810358705747841 [cg] doubles=41 n=215
  xk(2^-20 units)=[7192, 11296, 15424, 19760, 27264, 31488, 35624, 39752, 43880, 52352, 48016, 59992, 64200, 68376, 72536, 76664, 80816, 84960, 89088, 93440, 101056, 318680, 105272, 113768, 118184, 125504, 129752, 133944, 138104, 142224, 146584, 154288, 158544, 162696, 167088, 174736, 178976, 183112, 187432, 191800, 199544, 207488, 211848, 215968, 220120, 224280, 228480, 232784, 240176, 244472, 248872, 256560, 260808, 264944, 269064, 273152, 277408, 109432, 285808, 289968, 294136, 298400, 305720, 309952, 314304, 326328, 330680, 334792, 338888, 343000, 347104, 351216, 355352, 359480, 363640, 367800, 371976, 376264, 383640, 387896, 392304, 400296, 404736, 412160, 416408, 420808, 428784, 281704, 433112, 437256, 441464, 445712, 453208, 457640, 462104, 469576, 473840, 478056, 482248, 486416, 490680, 498208, 531536, 502672, 510448, 514696, 518848, 522968, 527264, 535648, 539784, 543936, 548184, 555896, 560400, 580312, 568136, 732024, 572568, 584712, 589120, 596512, 600768, 604960, 609096, 613256, 617448, 621752, 629024, 633440, 637736, 641840, 645992, 650152, 654336, 658584, 666280, 670752, 678248, 682656, 687072, 691392, 695632, 702968, 707256, 711432, 715800, 760736, 727840, 736200, 740344, 744688, 752320, 756592, 723584, 838608, 764992, 769272, 773560, 781200, 785464, 789704, 793968, 801264, 805536, 809728, 813888, 818016, 822144, 826264, 830384, 834488, 842728, 846856, 851008, 855112, 859448, 867320, 871752, 879576, 883976, 888248, 895504, 899760, 903944, 908264, 912536, 916656, 920768, 924912, 929096, 933344, 940680, 944968, 949168, 953328, 957464, 961608, 965736, 970064, 977712, 981912, 986264, 994024, 998384, 1006208, 1010568, 1014712, 1018920, 1023168, 1027408, 1034816, 1039264, 1047312, 3088]
  m=[1, 1, 1, 2, 1, 1, 1, 1, 1, 2, 1, 1, 1, 1, 1, 1, 1, 1, 1, 2, 1, 1, 1, 2, 1, 1, 1, 1, 1, 1, 2, 1, 1, 1, 2, 1, 1, 1, 2, 1, 2, 2, 1, 1, 1, 1, 1, 1, 1, 1, 2, 1, 1, 1, 1, 1, 2, 1, 1, 1, 1, 1, 1, 1, 2, 2, 1, 1, 1, 1, 1, 1, 1, 1, 1, 1, 1, 1, 1, 1, 2, 2, 1, 1, 1, 2, 2, 1, 1, 1, 1, 1, 1, 2, 1, 1, 1, 1, 1, 1, 1, 1, 1, 2, 1, 1, 1, 1, 2, 1, 1, 1, 1, 2, 2, 1, 1, 1, 2, 2, 1, 1, 1, 1, 1, 1, 1, 1, 1, 2, 1, 1, 1, 1, 1, 1, 2, 1, 1, 2, 2, 1, 1, 1, 1, 1, 2, 1, 1, 1, 1, 2, 1, 1, 1, 1, 2, 1, 2, 1, 1, 1, 1, 1, 1, 1, 1, 1, 1, 1, 1, 1, 1, 1, 1, 1, 2, 2, 1, 2, 1, 1, 1, 1, 1, 2, 1, 1, 1, 1, 1, 1, 1, 1, 1, 1, 1, 1, 1, 2, 1, 1, 2, 1, 1, 2, 1, 1, 1, 1, 1, 1, 2, 2, 1]
w=580326405086308736/590295810358705747841 [cg] doubles=41 n=215
  xk(2^-20 units)=[3120, 1010328, 7408, 14976, 23536, 27712, 31880, 36072, 617464, 48096, 408600, 56800, 64096, 600952, 72584, 76760, 80960, 85144, 89392, 97136, 101496, 105664, 109928, 117736, 122200, 474248, 129736, 134008, 138208, 719952, 146720, 154416, 158616, 19376, 162928, 167272, 171520, 178856, 183272, 187560, 195992, 204000, 220096, 215936, 846784, 224264, 228384, 232536, 236672, 240800, 245160, 252752, 261128, 265288, 269480, 273624, 277992, 256976, 285816, 290152, 191664, 301832, 306032, 310200, 314528, 322368, 326696, 330832, 334960, 339088, 343200, 347336, 351448, 355608, 359824, 364152, 371472, 375752, 380008, 384280, 392136, 404264, 1030656, 396584, 412680, 417008, 424816, 429144, 433240, 437352, 441472, 445600, 449856, 457448, 461800, 465928, 470072, 613328, 482744, 859080, 490080, 494384, 498568, 502888, 507304, 514848, 519096, 523288, 527656, 532080, 539328, 543584, 547728, 552080, 560056, 478456, 564480, 571928, 576328, 588392, 592712, 68368, 605072, 211696, 609192, 896304, 580728, 621600, 625808, 633456, 637792, 641888, 52520, 650200, 654344, 658584, 666248, 670584, 674808, 682456, 686960, 646056, 694760, 699000, 703160, 707280, 711568, 715832, 724096, 728224, 732432, 740104, 748552, 752720, 756888, 761120, 768888, 596824, 773400, 785376, 789544, 793712, 797888, 965616, 802072, 806344, 813576, 817856, 822016, 781096, 830336, 834448, 838560, 842680, 850864, 854992, 863336, 867776, 744432, 875768, 880232, 887792, 892088, 142368, 900536, 909216, 913680, 918136, 922704, 927288, 931816, 936192, 940480, 944704, 948944, 953128, 957296, 961456, 904800, 969976, 977576, 981824, 986136, 40328, 990536, 998256, 1002752, 1014616, 1018824, 1023168, 297552, 826184, 1035176, 1043160, 1047512]
  m=[1, 1, 1, 2, 1, 1, 1, 1, 1, 2, 1, 1, 1, 1, 1, 1, 1, 1, 1, 2, 1, 1, 1, 2, 1, 1, 1, 1, 1, 1, 2, 1, 1, 1, 2, 1, 1, 1, 2, 1, 2, 2, 1, 1, 1, 1, 1, 1, 1, 1, 2, 1, 1, 1, 1, 1, 2, 1, 1, 1, 1, 1, 1, 1, 2, 2, 1, 1, 1, 1, 1, 1, 1, 1, 1, 1, 1, 1, 1, 1, 2, 2, 1, 1, 1, 2, 2, 1, 1, 1, 1, 1, 1, 2, 1, 1, 1, 1, 1, 1, 1, 1, 1, 2, 1, 1, 1, 1, 2, 1, 1, 1, 1, 2, 2, 1, 1, 1, 2, 2, 1, 1, 1, 1, 1, 1, 1, 1, 1, 2, 1, 1, 1, 1, 1, 1, 2, 1, 1, 2, 2, 1, 1, 1, 1, 1, 2, 1, 1, 1, 1, 2, 1, 1, 1, 1, 2, 1, 2, 1, 1, 1, 1, 1, 1, 1, 1, 1, 1, 1, 1, 1, 1, 1, 1, 1, 2, 2, 1, 2, 1, 1, 1, 1, 1, 2, 1, 1, 1, 1, 1, 1, 1, 1, 1, 1, 1, 1, 1, 2, 1, 1, 2, 1, 1, 2, 1, 1, 1, 1, 1, 1, 2, 2, 1]
w=1252960149948813568/590295810358705747841 [cg] doubles=41 n=215
  xk(2^-20 units)=[2968, 1006872, 7104, 15608, 23232, 27456, 31648, 35816, 617456, 44224, 748560, 60128, 199880, 68576, 72744, 76880, 81000, 85136, 89264, 93552, 97968, 105376, 109592, 113944, 118360, 125792, 130064, 134248, 138472, 142736, 150496, 154840, 159048, 11248, 166688, 171040, 175192, 179352, 191216, 64408, 195640, 204168, 220128, 215992, 846896, 224280, 228464, 232632, 236880, 244128, 248536, 252840, 261056, 265176, 269296, 273448, 281928, 256928, 289600, 277560, 293896, 298112, 302400, 309824, 314296, 322232, 326600, 330744, 334888, 339016, 343128, 347264, 351400, 355528, 359680, 363840, 368088, 372360, 412448, 379544, 383968, 396280, 400736, 408144, 388392, 428976, 421008, 433344, 437528, 441784, 416632, 448992, 453288, 457648, 461952, 466168, 470440, 477752, 482056, 486288, 490480, 494632, 498776, 503064, 507392, 511680, 518936, 523200, 527568, 535360, 539600, 543792, 547912, 552248, 560160, 604816, 564488, 572712, 577088, 585184, 769040, 52776, 592992, 211776, 609104, 613288, 568576, 621616, 625760, 630128, 637688, 641912, 48560, 650248, 654376, 658504, 662856, 670400, 674632, 683088, 690968, 646072, 695312, 699456, 703608, 707808, 715544, 719920, 724096, 728392, 735704, 740120, 678744, 752752, 810344, 756992, 764664, 773296, 780912, 785272, 789440, 793592, 797752, 969144, 806112, 801912, 597432, 817696, 821984, 826176, 830320, 834472, 838616, 842776, 851016, 883480, 855352, 863368, 744432, 871448, 875928, 887808, 892048, 896248, 900448, 909056, 913544, 918000, 922616, 927256, 931752, 936152, 940504, 944800, 949032, 953280, 957504, 961784, 904664, 973576, 977896, 982000, 986344, 39920, 994000, 998408, 1002720, 1011152, 1018592, 1022864, 1027080, 1031384, 1039136, 1047184, 183592]
  m=[1, 1, 1, 2, 1, 1, 1, 1, 1, 2, 1, 1, 1, 1, 1, 1, 1, 1, 1, 2, 1, 1, 1, 2, 1, 1, 1, 1, 1, 1, 2, 1, 1, 1, 2, 1, 1, 1, 2, 1, 2, 2, 1, 1, 1, 1, 1, 1, 1, 1, 2, 1, 1, 1, 1, 1, 2, 1, 1, 1, 1, 1, 1, 1, 2, 2, 1, 1, 1, 1, 1, 1, 1, 1, 1, 1, 1, 1, 1, 1, 2, 2, 1, 1, 1, 2, 2, 1, 1, 1, 1, 1, 1, 2, 1, 1, 1, 1, 1, 1, 1, 1, 1, 2, 1, 1, 1, 1, 2, 1, 1, 1, 1, 2, 2, 1, 1, 1, 2, 2, 1, 1, 1, 1, 1, 1, 1, 1, 1, 2, 1, 1, 1, 1, 1, 1, 2, 1, 1, 2, 2, 1, 1, 1, 1, 1, 2, 1, 1, 1, 1, 2, 1, 1, 1, 1, 2, 1, 2, 1, 1, 1, 1, 1, 1, 1, 1, 1, 1, 1, 1, 1, 1, 1, 1, 1, 2, 2, 1, 2, 1, 1, 1, 1, 1, 2, 1, 1, 1, 1, 1, 1, 1, 1, 1, 1, 1, 1, 1, 2, 1, 1, 2, 1, 1, 2, 1, 1, 1, 1, 1, 1, 2, 2, 1]
w=201373052383419200/590295810358705747841 [cg] doubles=41 n=215
  xk(2^-20 units)=[3504, 1006776, 7768, 19464, 23784, 445320, 27944, 32152, 617432, 44064, 769112, 60320, 64504, 68648, 72800, 76920, 81040, 85176, 449440, 93560, 97896, 102152, 109488, 113944, 121680, 125944, 130128, 134288, 138416, 142528, 146832, 151264, 158616, 15040, 163024, 167384, 171656, 179152, 183648, 191448, 195920, 203864, 219856, 212496, 846832, 224128, 228304, 232440, 236600, 240736, 245056, 249472, 261064, 265248, 269384, 273528, 277904, 256792, 285680, 289960, 294248, 301544, 305832, 310040, 314384, 322256, 326576, 330696, 334824, 338944, 343104, 347272, 351440, 355616, 359904, 367048, 371344, 375544, 379720, 383848, 388176, 396088, 400464, 404616, 408872, 428696, 420736, 433024, 437136, 441224, 89264, 1039416, 453568, 457904, 462280, 469608, 473856, 478064, 482232, 486408, 490536, 494704, 498824, 503152, 510792, 515040, 519232, 523520, 531208, 535576, 539728, 543896, 548128, 555872, 560368, 604760, 568072, 572320, 576696, 588832, 416264, 56032, 593168, 208232, 609056, 613240, 584432, 621584, 625728, 630080, 637768, 642048, 48568, 662256, 650608, 658032, 666568, 670896, 675104, 682800, 687304, 646296, 694976, 699208, 703392, 707544, 711920, 719728, 723984, 728160, 732408, 740128, 748632, 752840, 810200, 757096, 764752, 773360, 780960, 785336, 789464, 793592, 797744, 965648, 806024, 801864, 597464, 814392, 818576, 822856, 830000, 834280, 838496, 842664, 850992, 855128, 859504, 867480, 744504, 875512, 879896, 884096, 888400, 895832, 900184, 908888, 913360, 917864, 922552, 927344, 931920, 936312, 940600, 944840, 949072, 953232, 957360, 961520, 904464, 969976, 977664, 981936, 986304, 36400, 993920, 998296, 1002640, 1010960, 1015200, 1022536, 1026760, 1030880, 1035176, 1043640, 1047936]
  m=[1, 1, 1, 2, 1, 1, 1, 1, 1, 2, 1, 1, 1, 1, 1, 1, 1, 1, 1, 2, 1, 1, 1, 2, 1, 1, 1, 1, 1, 1, 2, 1, 1, 1, 2, 1, 1, 1, 2, 1, 2, 2, 1, 1, 1, 1, 1, 1, 1, 1, 2, 1, 1, 1, 1, 1, 2, 1, 1, 1, 1, 1, 1, 1, 2, 2, 1, 1, 1, 1, 1, 1, 1, 1, 1, 1, 1, 1, 1, 1, 2, 2, 1, 1, 1, 2, 2, 1, 1, 1, 1, 1, 1, 2, 1, 1, 1, 1, 1, 1, 1, 1, 1, 2, 1, 1, 1, 1, 2, 1, 1, 1, 1, 2, 2, 1, 1, 1, 2, 2, 1, 1, 1, 1, 1, 1, 1, 1, 1, 2, 1, 1, 1, 1, 1, 1, 2, 1, 1, 2, 2, 1, 1, 1, 1, 1, 2, 1, 1, 1, 1, 2, 1, 1, 1, 1, 2, 1, 2, 1, 1, 1, 1, 1, 1, 1, 1, 1, 1, 1, 1, 1, 1, 1, 1, 1, 2, 2, 1, 2, 1, 1, 1, 1, 1, 2, 1, 1, 1, 1, 1, 1, 1, 1, 1, 1, 1, 1, 1, 2, 1, 1, 2, 1, 1, 2, 1, 1, 1, 1, 1, 1, 2, 2, 1]
w=308299242579451904/590295810358705747841 [cg] doubles=41 n=215
  xk(2^-20 units)=[3608, 15200, 175032, 19520, 23808, 134352, 31944, 36040, 40072, 44328, 52664, 56776, 60912, 65096, 69368, 76704, 80976, 85192, 89384, 101312, 269664, 306456, 109768, 114104, 105656, 121784, 126032, 130216, 138512, 142624, 146928, 151336, 158736, 429256, 163160, 167584, 842896, 179312, 183720, 191448, 195840, 207896, 658400, 216408, 220520, 224632, 228776, 232912, 237080, 241320, 248920, 253256, 257352, 261448, 752488, 27872, 278096, 282488, 289704, 293968, 298144, 302320, 310592, 515184, 314944, 322936, 330648, 334912, 339064, 343256, 273776, 347448, 351648, 355960, 363280, 367544, 371712, 375888, 380040, 384168, 388520, 396544, 408520, 200240, 412704, 417048, 424928, 10984, 433360, 437512, 441712, 445976, 453368, 457784, 462080, 466208, 470360, 474544, 478832, 486304, 490616, 494936, 502296, 506720, 511048, 265560, 519320, 523448, 527792, 535464, 539744, 543952, 548104, 552480, 560392, 404280, 572328, 716536, 576744, 588864, 581136, 593232, 597400, 601608, 605936, 613296, 617608, 634000, 621808, 626168, 638320, 642600, 649944, 212248, 654216, 662504, 666784, 671040, 564848, 675312, 683240, 687592, 691872, 699240, 703536, 707752, 712104, 723912, 728160, 732312, 736448, 740800, 745216, 48576, 756736, 760880, 765232, 772952, 777352, 781768, 789104, 793328, 797528, 801672, 805768, 809936, 814080, 818208, 822312, 826424, 830536, 834640, 838744, 847048, 851208, 855464, 863216, 871224, 875688, 883408, 93616, 887776, 891904, 896064, 900312, 908048, 912400, 916536, 920696, 924840, 929024, 933312, 940624, 944912, 949104, 953272, 957416, 961568, 965736, 970088, 977728, 981944, 986264, 990688, 998240, 1002632, 1011232, 1006992, 1018648, 1022912, 1027120, 1031256, 1035584, 1043544, 1047920]
  m=[1, 1, 1, 2, 1, 1, 1, 1, 1, 2, 1, 1, 1, 1, 1, 1, 1, 1, 1, 2, 1, 1, 1, 2, 1, 1, 1, 1, 1, 1, 2, 1, 1, 1, 2, 1, 1, 1, 2, 1, 2, 2, 1, 1, 1, 1, 1, 1, 1, 1, 2, 1, 1, 1, 1, 1, 2, 1, 1, 1, 1, 1, 1, 1, 2, 2, 1, 1, 1, 1, 1, 1, 1, 1, 1, 1, 1, 1, 1, 1, 2, 2, 1, 1, 1, 2, 2, 1, 1, 1, 1, 1, 1, 2, 1, 1, 1, 1, 1, 1, 1, 1, 1, 2, 1, 1, 1, 1, 2, 1, 1, 1, 1, 2, 2, 1, 1, 1, 2, 2, 1, 1, 1, 1, 1, 1, 1, 1, 1, 2, 1, 1, 1, 1, 1, 1, 2, 1, 1, 2, 2, 1, 1, 1, 1, 1, 2, 1, 1, 1, 1, 2, 1, 1, 1, 1, 2, 1, 2, 1, 1, 1, 1, 1, 1, 1, 1, 1, 1, 1, 1, 1, 1, 1, 1, 1, 2, 2, 1, 2, 1, 1, 1, 1, 1, 2, 1, 1, 1, 1, 1, 1, 1, 1, 1, 1, 1, 1, 1, 2, 1, 1, 2, 1, 1, 2, 1, 1, 1, 1, 1, 1, 2, 2, 1]
w=76384542078718896/590295810358705747841 [cg] doubles=41 n=215
  xk(2^-20 units)=[3816, 7960, 12216, 19832, 24216, 28344, 32512, 36664, 40864, 48544, 52880, 57024, 61208, 65400, 69656, 76944, 81200, 85408, 1007344, 93880, 98304, 105600, 109840, 114176, 118528, 122792, 130152, 134440, 138672, 142952, 150656, 154984, 159080, 163208, 167528, 171928, 179448, 183832, 191632, 552712, 196152, 208248, 212560, 216704, 220864, 225120, 232440, 236744, 240936, 245064, 249384, 253712, 257944, 265232, 269504, 273648, 277968, 282384, 289776, 294032, 298192, 302344, 306496, 310648, 315016, 322984, 327424, 334848, 339088, 343288, 347480, 351624, 355800, 359944, 364080, 368200, 372320, 376472, 380640, 384888, 392728, 397224, 405008, 409296, 413576, 421496, 426000, 430448, 434872, 439488, 444168, 448768, 453152, 457576, 461984, 466200, 470520, 477928, 482224, 486408, 490568, 494736, 498848, 503128, 507568, 514960, 519248, 523448, 527840, 535608, 539864, 544016, 974336, 548320, 560408, 564760, 569024, 576464, 580936, 588880, 593256, 597448, 601680, 1035776, 605992, 613368, 617640, 621872, 626168, 633848, 638208, 642344, 646512, 650680, 654848, 659112, 666736, 671096, 675200, 679544, 687544, 695312, 699560, 703744, 707864, 712008, 716312, 720632, 724888, 732096, 736368, 740720, 745152, 752536, 756792, 760920, 765224, 773696, 781352, 785672, 789776, 793864, 798000, 802088, 806168, 810320, 203872, 818576, 822680, 826776, 835000, 89560, 843312, 814456, 847456, 851704, 859464, 863968, 871664, 880200, 884512, 888664, 892824, 897096, 904552, 909040, 916840, 921064, 925208, 929456, 933752, 941232, 830896, 945488, 949696, 953872, 958072, 962328, 769520, 969952, 978480, 982720, 990272, 994640, 998736, 1003048, 1011496, 1015752, 875880, 1023160, 1027456, 1031632, 1040120, 1048056, 839120]
  m=[1, 1, 1, 2, 1, 1, 1, 1, 1, 2, 1, 1, 1, 1, 1, 1, 1, 1, 1, 2, 1, 1, 1, 2, 1, 1, 1, 1, 1, 1, 2, 1, 1, 1, 2, 1, 1, 1, 2, 1, 2, 2, 1, 1, 1, 1, 1, 1, 1, 1, 2, 1, 1, 1, 1, 1, 2, 1, 1, 1, 1, 1, 1, 1, 2, 2, 1, 1, 1, 1, 1, 1, 1, 1, 1, 1, 1, 1, 1, 1, 2, 2, 1, 1, 1, 2, 2, 1, 1, 1, 1, 1, 1, 2, 1, 1, 1, 1, 1, 1, 1, 1, 1, 2, 1, 1, 1, 1, 2, 1, 1, 1, 1, 2, 2, 1, 1, 1, 2, 2, 1, 1, 1, 1, 1, 1, 1, 1, 1, 2, 1, 1, 1, 1, 1, 1, 2, 1, 1, 2, 2, 1, 1, 1, 1, 1, 2, 1, 1, 1, 1, 2, 1, 1, 1, 1, 2, 1, 2, 1, 1, 1, 1, 1, 1, 1, 1, 1, 1, 1, 1, 1, 1, 1, 1, 1, 2, 2, 1, 2, 1, 1, 1, 1, 1, 2, 1, 1, 1, 1, 1, 1, 1, 1, 1, 1, 1, 1, 1, 2, 1, 1, 2, 1, 1, 2, 1, 1, 1, 1, 1, 1, 2, 2, 1]
w=3932964568517351424/590295810358705747841 [cg] doubles=51 n=205
  xk(2^-20 units)=[976, 721264, 848472, 16888, 28960, 33424, 41208, 45640, 140136, 53400, 57840, 62224, 69888, 74240, 78392, 82584, 237736, 86880, 98576, 102904, 332288, 114616, 118856, 123192, 127496, 131616, 135832, 147384, 151696, 155896, 160288, 167912, 172184, 176336, 180448, 12680, 184760, 196568, 200976, 205320, 209616, 216848, 221144, 225344, 233616, 107336, 242016, 246336, 250560, 258216, 262616, 422720, 271096, 278688, 283000, 287272, 295096, 299624, 229488, 307360, 311840, 319904, 327904, 94296, 336520, 344224, 348744, 356568, 569840, 365080, 393344, 266816, 369408, 376912, 381208, 385616, 397776, 402120, 406344, 995680, 414064, 360856, 418440, 430504, 434992, 442544, 446800, 451176, 458888, 463144, 467280, 471408, 475728, 480104, 487712, 492048, 496376, 504144, 508464, 512792, 520368, 524648, 529056, 536776, 541008, 545352, 549776, 557048, 561448, 565760, 909768, 574008, 578152, 582336, 586600, 593952, 602552, 598168, 610480, 614832, 618944, 623320, 630904, 635200, 643496, 647632, 839712, 655936, 660080, 664232, 668408, 672672, 680064, 684552, 692648, 697128, 704688, 709128, 651792, 716992, 725664, 799168, 901400, 733664, 741784, 21168, 753664, 758080, 762352, 766640, 771040, 778488, 782768, 8352, 794800, 803312, 807448, 746240, 815840, 820160, 189144, 827488, 831976, 844128, 905576, 787096, 852688, 860400, 864824, 869080, 876512, 880920, 885392, 892968, 897208, 639344, 811640, 914016, 921440, 925704, 929920, 934096, 938280, 942408, 946800, 954368, 958616, 962752, 966888, 971024, 975360, 983056, 987312, 991488, 999808, 1003928, 1008304, 1015928, 1020168, 1024336, 1028448, 1032584, 1036720, 1040816, 1045112]
  m=[1, 1, 1, 1, 2, 1, 2, 1, 1, 2, 2, 1, 2, 1, 1, 1, 1, 1, 1, 2, 1, 1, 1, 2, 1, 1, 1, 1, 1, 1, 2, 1, 1, 1, 1, 1, 2, 1, 2, 1, 1, 1, 1, 1, 1, 1, 2, 1, 1, 2, 1, 1, 1, 1, 1, 1, 2, 2, 1, 1, 2, 2, 2, 1, 1, 2, 2, 1, 1, 1, 1, 1, 1, 1, 1, 2, 2, 1, 1, 1, 2, 1, 1, 2, 1, 1, 1, 2, 1, 1, 1, 1, 2, 1, 2, 1, 2, 1, 1, 1, 1, 1, 2, 1, 1, 2, 1, 1, 2, 1, 1, 1, 1, 1, 1, 1, 2, 1, 2, 1, 1, 2, 1, 1, 1, 1, 1, 1, 1, 1, 1, 1, 1, 2, 2, 1, 1, 2, 1, 1, 2, 1, 1, 2, 2, 1, 1, 2, 1, 2, 1, 1, 1, 1, 2, 1, 1, 1, 1, 1, 1, 1, 2, 2, 1, 1, 1, 2, 1, 1, 1, 2, 2, 1, 1, 1, 1, 1, 1, 1, 1, 1, 1, 1, 2, 1, 1, 1, 1, 1, 2, 1, 1, 1, 1, 1, 2, 1, 1, 1, 1, 1, 1, 1, 2]
w=922211517839277568/590295810358705747841 [cg] doubles=41 n=215
  xk(2^-20 units)=[7160, 11288, 15400, 19704, 24144, 31384, 35632, 39800, 43984, 52464, 899656, 56880, 64032, 68320, 72504, 76664, 80816, 84944, 89064, 93400, 100888, 322040, 105104, 113552, 117904, 122136, 129464, 133760, 137976, 142256, 149992, 154336, 158472, 162616, 166976, 174680, 178960, 183240, 190864, 195176, 199512, 207432, 211792, 215944, 220272, 227664, 231936, 236120, 240304, 244464, 248792, 253208, 260560, 264824, 269008, 273144, 277456, 109240, 285848, 290016, 294264, 301568, 305880, 310160, 317712, 326296, 330584, 334664, 338760, 342880, 347000, 351128, 355264, 359400, 363544, 367720, 371888, 376112, 380424, 387752, 395744, 400272, 408008, 412288, 416424, 420816, 428784, 281736, 433160, 437368, 441664, 449056, 453352, 457736, 462072, 466328, 473632, 477888, 482088, 486248, 490424, 494576, 498728, 503048, 507472, 514752, 519040, 523208, 527600, 535312, 539568, 543776, 548032, 555728, 564296, 580600, 568688, 731864, 576312, 584920, 592648, 596904, 601088, 605280, 609456, 1007168, 613640, 617936, 625384, 629840, 634280, 641672, 645920, 650120, 560040, 658400, 662688, 667080, 674472, 678920, 686928, 691320, 695576, 702936, 707208, 711392, 715776, 756304, 727720, 736032, 740168, 744488, 748888, 985984, 723448, 838648, 764888, 654272, 777104, 781560, 788856, 793104, 797288, 801472, 805592, 809768, 813904, 818048, 822176, 826280, 830392, 834512, 842808, 846960, 851128, 855360, 863008, 867528, 875232, 879656, 883968, 888136, 892424, 772664, 903928, 908280, 912704, 48144, 990136, 924784, 928968, 933240, 940576, 944840, 949024, 953208, 957360, 961504, 965624, 970000, 977616, 981856, 920432, 994296, 998432, 1002760, 760520, 1014576, 1018888, 1023096, 1027360, 1034912, 1039384, 1047304, 3056]
  m=[1, 1, 1, 2, 1, 1, 1, 1, 1, 2, 1, 1, 1, 1, 1, 1, 1, 1, 1, 2, 1, 1, 1, 2, 1, 1, 1, 1, 1, 1, 2, 1, 1, 1, 2, 1, 1, 1, 2, 1, 2, 2, 1, 1, 1, 1, 1, 1, 1, 1, 2, 1, 1, 1, 1, 1, 2, 1, 1, 1, 1, 1, 1, 1, 2, 2, 1, 1, 1, 1, 1, 1, 1, 1, 1, 1, 1, 1, 1, 1, 2, 2, 1, 1, 1, 2, 2, 1, 1, 1, 1, 1, 1, 2, 1, 1, 1, 1, 1, 1, 1, 1, 1, 2, 1, 1, 1, 1, 2, 1, 1, 1, 1, 2, 2, 1, 1, 1, 2, 2, 1, 1, 1, 1, 1, 1, 1, 1, 1, 2, 1, 1, 1, 1, 1, 1, 2, 1, 1, 2, 2, 1, 1, 1, 1, 1, 2, 1, 1, 1, 1, 2, 1, 1, 1, 1, 2, 1, 2, 1, 1, 1, 1, 1, 1, 1, 1, 1, 1, 1, 1, 1, 1, 1, 1, 1, 2, 2, 1, 2, 1, 1, 1, 1, 1, 2, 1, 1, 1, 1, 1, 1, 1, 1, 1, 1, 1, 1, 1, 2, 1, 1, 2, 1, 1, 2, 1, 1, 1, 1, 1, 1, 2, 2, 1]
w=3639765684378748928/590295810358705747841 [cg] doubles=41 n=215
  xk(2^-20 units)=[6696, 1010264, 10848, 15200, 22920, 27192, 31400, 35632, 47248, 51656, 408184, 60072, 64192, 68288, 72408, 76552, 80696, 84880, 89112, 96728, 101120, 105320, 109568, 117280, 121672, 125832, 130152, 637888, 137520, 145968, 150280, 154624, 158864, 166256, 170672, 175016, 179264, 653840, 187032, 191504, 199256, 203784, 219960, 215768, 846896, 224192, 228480, 232752, 239880, 252728, 248440, 256816, 260960, 265120, 682928, 55952, 273624, 281304, 285584, 289768, 294016, 298320, 305672, 309912, 314224, 318704, 326336, 330608, 334800, 339008, 343280, 350568, 354840, 359016, 363184, 141824, 367328, 375600, 379784, 384032, 391768, 396264, 403968, 768776, 412312, 416688, 424704, 432432, 436696, 440880, 445040, 449208, 453344, 457704, 465336, 469560, 473720, 477904, 482056, 486248, 490432, 494712, 501992, 506408, 510720, 514832, 518960, 523064, 527376, 531816, 674288, 543352, 547512, 551864, 559896, 604952, 564312, 571792, 576176, 588312, 269248, 596744, 600840, 211528, 609072, 613216, 617384, 621536, 625776, 633496, 592640, 642160, 649552, 539040, 658032, 662304, 669968, 793136, 707520, 678568, 690568, 739824, 694920, 699056, 703248, 244120, 715248, 719736, 727152, 731440, 735656, 744160, 751816, 756064, 371440, 760184, 764488, 772832, 777168, 784776, 789000, 580592, 797264, 801392, 805552, 809680, 813800, 817912, 822000, 826120, 830256, 834408, 838544, 842704, 851176, 858576, 862944, 867424, 875200, 879648, 887320, 891520, 895744, 899992, 904208, 908608, 913072, 917544, 922184, 926808, 931320, 935704, 940040, 944288, 948488, 952688, 956912, 961104, 965400, 973216, 977712, 985168, 989592, 39944, 993896, 998232, 1005960, 1014496, 1018792, 1026072, 1030344, 1034504, 1038864, 1046816, 2568]
  m=[1, 1, 1, 2, 1, 1, 1, 1, 1, 2, 1, 1, 1, 1, 1, 1, 1, 1, 1, 2, 1, 1, 1, 2, 1, 1, 1, 1, 1, 1, 2, 1, 1, 1, 2, 1, 1, 1, 2, 1, 2, 2, 1, 1, 1, 1, 1, 1, 1, 1, 2, 1, 1, 1, 1, 1, 2, 1, 1, 1, 1, 1, 1, 1, 2, 2, 1, 1, 1, 1, 1, 1, 1, 1, 1, 1, 1, 1, 1, 1, 2, 2, 1, 1, 1, 2, 2, 1, 1, 1, 1, 1, 1, 2, 1, 1, 1, 1, 1, 1, 1, 1, 1, 2, 1, 1, 1, 1, 2, 1, 1, 1, 1, 2, 2, 1, 1, 1, 2, 2, 1, 1, 1, 1, 1, 1, 1, 1, 1, 2, 1, 1, 1, 1, 1, 1, 2, 1, 1, 2, 2, 1, 1, 1, 1, 1, 2, 1, 1, 1, 1, 2, 1, 1, 1, 1, 2, 1, 2, 1, 1, 1, 1, 1, 1, 1, 1, 1, 1, 1, 1, 1, 1, 1, 1, 1, 2, 2, 1, 2, 1, 1, 1, 1, 1, 2, 1, 1, 1, 1, 1, 1, 1, 1, 1, 1, 1, 1, 1, 2, 1, 1, 2, 1, 1, 2, 1, 1, 1, 1, 1, 1, 2, 2, 1]
w=81577287107446128/590295810358705747841 [cg] doubles=41 n=215
  xk(2^-20 units)=[7000, 11160, 15288, 19640, 27304, 31536, 35672, 39792, 43944, 52408, 48080, 56832, 64008, 68264, 72432, 76592, 80760, 84904, 89000, 93288, 97712, 322048, 105032, 113584, 117936, 122096, 126376, 133632, 137944, 142128, 146544, 154248, 158520, 162648, 167016, 174792, 179096, 183376, 191120, 195560, 203328, 207784, 212032, 216152, 220304, 224472, 228744, 236112, 240408, 244720, 252432, 256784, 260920, 265048, 269168, 273264, 277568, 109256, 285952, 290120, 294376, 301632, 305952, 310104, 314440, 326440, 330728, 334824, 338928, 343032, 347152, 351256, 355384, 359504, 363624, 367760, 371928, 376120, 380368, 387736, 392224, 400296, 404672, 408904, 416368, 420824, 428864, 531568, 433224, 437392, 441680, 448952, 453264, 457624, 461960, 466224, 473496, 477760, 481984, 486144, 490328, 494472, 498632, 503016, 510528, 514776, 518904, 523008, 527304, 535656, 539776, 543920, 548144, 555888, 563896, 580384, 568368, 731888, 576048, 584672, 589088, 596464, 600688, 604848, 609008, 613136, 617272, 621432, 625552, 629936, 637536, 641784, 645960, 650128, 654320, 658456, 662744, 667136, 674552, 679040, 687000, 691408, 695664, 703008, 707288, 711464, 715824, 760736, 727656, 736056, 740208, 744600, 752312, 756600, 720256, 838680, 765104, 772664, 777072, 781376, 785504, 789680, 793968, 801240, 805520, 809712, 813888, 818040, 822192, 826312, 830440, 834552, 842840, 846984, 851160, 855416, 863024, 867536, 875320, 879744, 884088, 888232, 892528, 899928, 281848, 904440, 912272, 916560, 920760, 924936, 929136, 933408, 940744, 944984, 949152, 953336, 957448, 961544, 965648, 969968, 974368, 981776, 986152, 990576, 998184, 1002664, 1010448, 1014688, 1018896, 1023072, 1027232, 1031480, 1039192, 1043712, 2744]
  m=[1, 1, 1, 2, 1, 1, 1, 1, 1, 2, 1, 1, 1, 1, 1, 1, 1, 1, 1, 2, 1, 1, 1, 2, 1, 1, 1, 1, 1, 1, 2, 1, 1, 1, 2, 1, 1, 1, 2, 1, 2, 2, 1, 1, 1, 1, 1, 1, 1, 1, 2, 1, 1, 1, 1, 1, 2, 1, 1, 1, 1, 1, 1, 1, 2, 2, 1, 1, 1, 1, 1, 1, 1, 1, 1, 1, 1, 1, 1, 1, 2, 2, 1, 1, 1, 2, 2, 1, 1, 1, 1, 1, 1, 2, 1, 1, 1, 1, 1, 1, 1, 1, 1, 2, 1, 1, 1, 1, 2, 1, 1, 1, 1, 2, 2, 1, 1, 1, 2, 2, 1, 1, 1, 1, 1, 1, 1, 1, 1, 2, 1, 1, 1, 1, 1, 1, 2, 1, 1, 2, 2, 1, 1, 1, 1, 1, 2, 1, 1, 1, 1, 2, 1, 1, 1, 1, 2, 1, 2, 1, 1, 1, 1, 1, 1, 1, 1, 1, 1, 1, 1, 1, 1, 1, 1, 1, 2, 2, 1, 2, 1, 1, 1, 1, 1, 2, 1, 1, 1, 1, 1, 1, 1, 1, 1, 1, 1, 1, 1, 2, 1, 1, 2, 1, 1, 2, 1, 1, 1, 1, 1, 1, 2, 2, 1]
w=896565827117851648/590295810358705747841 [cg] doubles=41 n=215
  xk(2^-20 units)=[2832, 1010256, 7112, 15656, 23400, 27680, 31904, 36184, 637584, 47952, 776984, 56368, 64640, 68744, 72920, 77096, 81328, 842880, 88712, 93168, 97608, 104968, 109184, 113520, 117944, 125360, 129608, 133784, 137928, 142048, 150408, 154672, 158728, 11272, 163056, 170688, 174960, 1039192, 183480, 191136, 195592, 203544, 220336, 216168, 1014536, 224632, 231920, 236224, 240416, 207880, 244808, 252408, 260800, 264976, 269152, 273400, 281128, 256656, 285504, 289720, 294000, 301464, 305736, 322184, 310048, 314512, 326440, 330584, 334752, 338896, 343048, 347232, 351432, 355688, 362960, 367256, 371472, 375632, 379808, 383944, 388312, 396280, 400768, 408128, 412392, 416792, 424744, 429136, 433304, 437608, 444944, 449256, 453416, 457768, 462184, 469488, 473736, 477904, 482056, 486216, 490352, 494480, 498608, 502952, 507368, 514688, 519008, 523296, 531064, 535384, 539536, 543680, 547784, 552128, 560048, 605000, 564528, 571936, 580448, 588968, 60504, 593360, 600688, 212008, 609248, 613584, 584704, 621176, 625488, 629872, 715768, 641848, 52256, 650200, 654368, 658488, 662840, 670464, 674696, 679088, 691160, 646040, 695608, 686744, 702928, 707136, 711456, 719856, 723968, 728088, 732192, 736528, 748376, 752560, 756728, 760832, 765152, 769560, 781408, 785752, 790008, 797272, 805752, 847016, 801584, 809888, 814032, 818160, 822296, 826416, 830520, 834616, 838744, 913456, 851144, 855272, 859640, 867568, 744136, 875696, 880200, 887712, 892016, 896208, 900424, 909016, 179104, 917824, 922328, 926856, 931368, 935808, 940192, 944496, 948760, 952976, 957168, 961328, 904624, 977560, 965528, 981880, 986200, 43544, 993992, 998408, 1002840, 146136, 1018728, 1022896, 1027016, 969824, 1031368, 1043656, 576176]
  m=[1, 1, 1, 2, 1, 1, 1, 1, 1, 2, 1, 1, 1, 1, 1, 1, 1, 1, 1, 2, 1, 1, 1, 2, 1, 1, 1, 1, 1, 1, 2, 1, 1, 1, 2, 1, 1, 1, 2, 1, 2, 2, 1, 1, 1, 1, 1, 1, 1, 1, 2, 1, 1, 1, 1, 1, 2, 1, 1, 1, 1, 1, 1, 1, 2, 2, 1, 1, 1, 1, 1, 1, 1, 1, 1, 1, 1, 1, 1, 1, 2, 2, 1, 1, 1, 2, 2, 1, 1, 1, 1, 1, 1, 2, 1, 1, 1, 1, 1, 1, 1, 1, 1, 2, 1, 1, 1, 1, 2, 1, 1, 1, 1, 2, 2, 1, 1, 1, 2, 2, 1, 1, 1, 1, 1, 1, 1, 1, 1, 2, 1, 1, 1, 1, 1, 1, 2, 1, 1, 2, 2, 1, 1, 1, 1, 1, 2, 1, 1, 1, 1, 2, 1, 1, 1, 1, 2, 1, 2, 1, 1, 1, 1, 1, 1, 1, 1, 1, 1, 1, 1, 1, 1, 1, 1, 1, 2, 2, 1, 2, 1, 1, 1, 1, 1, 2, 1, 1, 1, 1, 1, 1, 1, 1, 1, 1, 1, 1, 1, 2, 1, 1, 2, 1, 1, 2, 1, 1, 1, 1, 1, 1, 2, 2, 1]
w=1448844636899859456/590295810358705747841 [cg] doubles=41 n=215
  xk(2^-20 units)=[3000, 1010192, 7112, 15608, 23240, 27472, 31632, 35808, 617280, 44256, 748672, 60272, 859544, 68584, 72712, 76840, 80976, 85136, 89216, 93584, 101232, 105536, 109680, 114032, 118448, 125800, 130104, 134320, 138528, 142816, 150488, 154824, 158888, 11248, 163208, 167536, 171752, 179168, 187824, 64440, 195832, 203848, 220152, 216000, 846968, 224336, 228488, 232624, 236776, 240896, 245232, 252800, 261192, 265352, 269488, 273624, 277992, 257048, 285624, 289904, 294144, 298456, 305776, 310040, 314408, 322280, 326624, 330760, 334872, 339000, 343096, 347224, 351312, 355440, 359592, 363712, 367880, 372016, 412320, 376272, 383928, 396176, 400592, 404896, 388384, 425360, 420896, 433040, 437296, 441472, 416592, 445624, 449888, 457592, 461952, 466096, 470304, 474568, 481872, 486168, 490376, 494552, 498672, 503000, 510712, 531536, 514936, 523272, 654424, 535648, 539736, 543856, 547944, 552320, 560256, 601512, 564720, 572104, 576504, 588680, 768976, 56000, 593032, 211752, 608840, 613120, 580912, 621464, 625616, 629976, 637632, 641848, 48680, 527400, 519128, 658664, 662960, 670496, 674752, 683264, 691144, 646000, 695520, 699744, 707192, 785088, 711696, 719552, 723864, 728176, 735632, 740088, 678920, 756080, 810400, 760320, 764656, 773080, 777456, 789368, 650136, 793504, 797704, 965856, 806120, 801896, 597192, 817792, 822064, 826264, 830432, 834592, 838736, 842856, 851040, 880392, 855304, 863832, 744432, 871704, 876096, 887776, 892088, 896280, 900496, 909136, 913592, 918032, 922576, 927152, 931664, 936072, 940408, 944688, 948944, 953168, 957392, 961552, 904736, 973496, 977864, 982112, 989752, 39936, 994072, 998352, 1002784, 1014464, 1018712, 1023080, 1030608, 1034880, 1039264, 1047216, 183424]
  m=[1, 1, 1, 2, 1, 1, 1, 1, 1, 2, 1, 1, 1, 1, 1, 1, 1, 1, 1, 2, 1, 1, 1, 2, 1, 1, 1, 1, 1, 1, 2, 1, 1, 1, 2, 1, 1, 1, 2, 1, 2, 2, 1, 1, 1, 1, 1, 1, 1, 1, 2, 1, 1, 1, 1, 1, 2, 1, 1, 1, 1, 1, 1, 1, 2, 2, 1, 1, 1, 1, 1, 1, 1, 1, 1, 1, 1, 1, 1, 1, 2, 2, 1, 1, 1, 2, 2, 1, 1, 1, 1, 1, 1, 2, 1, 1, 1, 1, 1, 1, 1, 1, 1, 2, 1, 1, 1, 1, 2, 1, 1, 1, 1, 2, 2, 1, 1, 1, 2, 2, 1, 1, 1, 1, 1, 1, 1, 1, 1, 2, 1, 1, 1, 1, 1, 1, 2, 1, 1, 2, 2, 1, 1, 1, 1, 1, 2, 1, 1, 1, 1, 2, 1, 1, 1, 1, 2, 1, 2, 1, 1, 1, 1, 1, 1, 1, 1, 1, 1, 1, 1, 1, 1, 1, 1, 1, 2, 2, 1, 2, 1, 1, 1, 1, 1, 2, 1, 1, 1, 1, 1, 1, 1, 1, 1, 1, 1, 1, 1, 2, 1, 1, 2, 1, 1, 2, 1, 1, 1, 1, 1, 1, 2, 2, 1]
w=786157833678440704/590295810358705747841 [cg] doubles=41 n=215
  xk(2^-20 units)=[3264, 7448, 175224, 19328, 23688, 27832, 32000, 36168, 40432, 48000, 52384, 56528, 60696, 64864, 69056, 73360, 80704, 84984, 89184, 93536, 101360, 134408, 109936, 117696, 11688, 122008, 126160, 130296, 138536, 142680, 147008, 154688, 158936, 425552, 163312, 170976, 843192, 179416, 187912, 195616, 200056, 207960, 212312, 216432, 220584, 224744, 228936, 233232, 240336, 244592, 248936, 253232, 257368, 261536, 265704, 270000, 277792, 285616, 289872, 294040, 298184, 302352, 306464, 347264, 310816, 318704, 330736, 334896, 339024, 343144, 326472, 351408, 355552, 359656, 363784, 367904, 372072, 376304, 429800, 383544, 387960, 392352, 404880, 183560, 409128, 416744, 421216, 650464, 699120, 437144, 441448, 445656, 449800, 454184, 461824, 466016, 470184, 474312, 482592, 486736, 490856, 494992, 585136, 499352, 507032, 511320, 515528, 519816, 527728, 830704, 535592, 539912, 544080, 548472, 556544, 400744, 568456, 719968, 572816, 580776, 589280, 593464, 597720, 601976, 609360, 613560, 617744, 621872, 626016, 630336, 637904, 642152, 646296, 756648, 654640, 658840, 666408, 670744, 564224, 675064, 683072, 687528, 694864, 826592, 703248, 707368, 711624, 724056, 728128, 780984, 732240, 740592, 745024, 752376, 912880, 760824, 765192, 736328, 773192, 785240, 789400, 793544, 797672, 801816, 805936, 810096, 814200, 818328, 822456, 478448, 834848, 715888, 839024, 847472, 854872, 875960, 859328, 867344, 871728, 883760, 932856, 888136, 892392, 899792, 904072, 908440, 1026928, 965760, 920264, 924528, 928712, 396624, 937024, 945208, 949320, 953416, 957536, 961672, 941112, 970120, 977808, 982024, 986336, 990624, 994824, 1002480, 1011056, 1006872, 1015336, 1022664, 105632, 1031104, 1035464, 1043344, 1047704]
  m=[1, 1, 1, 2, 1, 1, 1, 1, 1, 2, 1, 1, 1, 1, 1, 1, 1, 1, 1, 2, 1, 1, 1, 2, 1, 1, 1, 1, 1, 1, 2, 1, 1, 1, 2, 1, 1, 1, 2, 1, 2, 2, 1, 1, 1, 1, 1, 1, 1, 1, 2, 1, 1, 1, 1, 1, 2, 1, 1, 1, 1, 1, 1, 1, 2, 2, 1, 1, 1, 1, 1, 1, 1, 1, 1, 1, 1, 1, 1, 1, 2, 2, 1, 1, 1, 2, 2, 1, 1, 1, 1, 1, 1, 2, 1, 1, 1, 1, 1, 1, 1, 1, 1, 2, 1, 1, 1, 1, 2, 1, 1, 1, 1, 2, 2, 1, 1, 1, 2, 2, 1, 1, 1, 1, 1, 1, 1, 1, 1, 2, 1, 1, 1, 1, 1, 1, 2, 1, 1, 2, 2, 1, 1, 1, 1, 1, 2, 1, 1, 1, 1, 2, 1, 1, 1, 1, 2, 1, 2, 1, 1, 1, 1, 1, 1, 1, 1, 1, 1, 1, 1, 1, 1, 1, 1, 1, 2, 2, 1, 2, 1, 1, 1, 1, 1, 2, 1, 1, 1, 1, 1, 1, 1, 1, 1, 1, 1, 1, 1, 2, 1, 1, 2, 1, 1, 2, 1, 1, 1, 1, 1, 1, 2, 2, 1]
w=254435152622800576/590295810358705747841 [cg] doubles=41 n=215
  xk(2^-20 units)=[3088, 1006952, 7248, 19160, 23480, 27584, 31712, 35840, 617392, 44320, 777104, 56184, 64496, 68608, 72760, 76904, 81080, 220600, 85336, 92952, 97304, 101448, 105704, 113392, 117720, 121856, 126008, 130224, 134392, 138680, 150320, 154624, 158856, 11528, 166520, 170888, 175040, 179272, 186968, 191312, 195648, 203616, 433120, 216304, 1014448, 227976, 232272, 236488, 240640, 207960, 245008, 252592, 261016, 265176, 269352, 769616, 281280, 256856, 285624, 289792, 293968, 298224, 305696, 322424, 310152, 318072, 326544, 330672, 347248, 338944, 343088, 351448, 334808, 355736, 363000, 367296, 371472, 375656, 379864, 384080, 391784, 396312, 404040, 408288, 412432, 416752, 424680, 429008, 273600, 441392, 445504, 449664, 453888, 461456, 551648, 465784, 469872, 478104, 482264, 486408, 473992, 494816, 490560, 502512, 506872, 511048, 515296, 522728, 527160, 531584, 539040, 543312, 547496, 556000, 563952, 601544, 568320, 572560, 580272, 588840, 60328, 593136, 597288, 212104, 608872, 613160, 584568, 621576, 625736, 630080, 637696, 641928, 51928, 650240, 654416, 658680, 666400, 670752, 675000, 682672, 691312, 646088, 698960, 686984, 703200, 707368, 711720, 719432, 723688, 727888, 732136, 739832, 748336, 752512, 756688, 760856, 765208, 437240, 784904, 789280, 793408, 797552, 805800, 846976, 801688, 809936, 814024, 818152, 822248, 826352, 830456, 834584, 838696, 842840, 851120, 855376, 863040, 867560, 744192, 875600, 883456, 887736, 891952, 896160, 900344, 908936, 913344, 917680, 922152, 926688, 931240, 935712, 940120, 944432, 948696, 952928, 957152, 961320, 904560, 969840, 977592, 981848, 986216, 39976, 993920, 998296, 1002664, 145896, 1018752, 1022968, 1027280, 965472, 1035064, 1039592, 1047384]
  m=[1, 1, 1, 2, 1, 1, 1, 1, 1, 2, 1, 1, 1, 1, 1, 1, 1, 1, 1, 2, 1, 1, 1, 2, 1, 1, 1, 1, 1, 1, 2, 1, 1, 1, 2, 1, 1, 1, 2, 1, 2, 2, 1, 1, 1, 1, 1, 1, 1, 1, 2, 1, 1, 1, 1, 1, 2, 1, 1, 1, 1, 1, 1, 1, 2, 2, 1, 1, 1, 1, 1, 1, 1, 1, 1, 1, 1, 1, 1, 1, 2, 2, 1, 1, 1, 2, 2, 1, 1, 1, 1, 1, 1, 2, 1, 1, 1, 1, 1, 1, 1, 1, 1, 2, 1, 1, 1, 1, 2, 1, 1, 1, 1, 2, 2, 1, 1, 1, 2, 2, 1, 1, 1, 1, 1, 1, 1, 1, 1, 2, 1, 1, 1, 1, 1, 1, 2, 1, 1, 2, 2, 1, 1, 1, 1, 1, 2, 1, 1, 1, 1, 2, 1, 1, 1, 1, 2, 1, 2, 1, 1, 1, 1, 1, 1, 1, 1, 1, 1, 1, 1, 1, 1, 1, 1, 1, 2, 2, 1, 2, 1, 1, 1, 1, 1, 2, 1, 1, 1, 1, 1, 1, 1, 1, 1, 1, 1, 1, 1, 2, 1, 1, 2, 1, 1, 2, 1, 1, 1, 1, 1, 1, 2, 2, 1]
w=3442243952435840000/590295810358705747841 [cg] doubles=41 n=215
  xk(2^-20 units)=[3696, 7872, 12088, 19744, 24088, 28216, 32360, 36504, 40744, 48432, 990696, 56952, 61240, 68568, 72848, 77048, 81216, 85384, 89512, 93888, 101520, 105824, 109976, 114296, 118720, 126144, 130376, 134552, 138728, 142872, 147248, 155024, 159344, 187384, 167216, 310752, 175736, 179984, 191752, 556160, 196176, 208176, 212544, 220960, 605624, 228312, 232600, 236816, 240992, 245152, 249464, 253816, 258072, 265200, 269512, 273696, 278040, 282360, 286544, 290816, 298064, 302376, 306576, 216736, 315128, 323168, 327592, 334904, 339136, 343328, 347488, 351624, 355792, 359896, 364008, 368120, 372232, 376368, 380464, 384600, 388952, 397008, 404752, 409064, 413240, 417624, 425752, 430288, 434776, 439448, 444264, 448928, 453320, 457752, 462152, 466360, 470664, 477944, 482256, 486440, 490624, 494840, 498968, 503296, 507720, 515192, 528200, 519416, 523760, 535680, 539928, 544072, 970616, 548440, 560576, 564984, 572424, 576664, 581024, 588952, 593296, 597400, 601512, 1035816, 609768, 613904, 618032, 622192, 626424, 634032, 638360, 642456, 646584, 650728, 654880, 659128, 666768, 671128, 675352, 683080, 687584, 695328, 699600, 703776, 707960, 712216, 719832, 724176, 728272, 732424, 736544, 740848, 745280, 752672, 756928, 761072, 847168, 773656, 781312, 785672, 789800, 793936, 798072, 802176, 806288, 810408, 200536, 818616, 822696, 826840, 830984, 835144, 765248, 814504, 982120, 851640, 859504, 867552, 872032, 879944, 884360, 888632, 896064, 900344, 904544, 908912, 916672, 920896, 925080, 929224, 933384, 937568, 941720, 945912, 950232, 52792, 957616, 961888, 769432, 966240, 977920, 171568, 986416, 994808, 998920, 1003280, 1010896, 1015136, 1019288, 1023432, 1027552, 1031672, 1040152, 1047936, 839440]
  m=[1, 1, 1, 2, 1, 1, 1, 1, 1, 2, 1, 1, 1, 1, 1, 1, 1, 1, 1, 2, 1, 1, 1, 2, 1, 1, 1, 1, 1, 1, 2, 1, 1, 1, 2, 1, 1, 1, 2, 1, 2, 2, 1, 1, 1, 1, 1, 1, 1, 1, 2, 1, 1, 1, 1, 1, 2, 1, 1, 1, 1, 1, 1, 1, 2, 2, 1, 1, 1, 1, 1, 1, 1, 1, 1, 1, 1, 1, 1, 1, 2, 2, 1, 1, 1, 2, 2, 1, 1, 1, 1, 1, 1, 2, 1, 1, 1, 1, 1, 1, 1, 1, 1, 2, 1, 1, 1, 1, 2, 1, 1, 1, 1, 2, 2, 1, 1, 1, 2, 2, 1, 1, 1, 1, 1, 1, 1, 1, 1, 2, 1, 1, 1, 1, 1, 1, 2, 1, 1, 2, 2, 1, 1, 1, 1, 1, 2, 1, 1, 1, 1, 2, 1, 1, 1, 1, 2, 1, 2, 1, 1, 1, 1, 1, 1, 1, 1, 1, 1, 1, 1, 1, 1, 1, 1, 1, 2, 2, 1, 2, 1, 1, 1, 1, 1, 2, 1, 1, 1, 1, 1, 1, 1, 1, 1, 1, 1, 1, 1, 2, 1, 1, 2, 1, 1, 2, 1, 1, 1, 1, 1, 1, 2, 2, 1]
w=1279847008559344384/590295810358705747841 [cg] doubles=41 n=215
  xk(2^-20 units)=[2784, 1010320, 7024, 15576, 23224, 27464, 31624, 35792, 617304, 44296, 776912, 56152, 64464, 68624, 72768, 76944, 81200, 842752, 88480, 92912, 97344, 104912, 109168, 113544, 121216, 125472, 129648, 133776, 137920, 142040, 150432, 154816, 162144, 11208, 166536, 170896, 175144, 1039248, 186984, 191384, 199128, 203576, 220432, 216160, 1014592, 227728, 232032, 236256, 240424, 207856, 244768, 249184, 260728, 264920, 269120, 273408, 281152, 256480, 285544, 289720, 301448, 294000, 305728, 322368, 310120, 318048, 326472, 330608, 334712, 338864, 343000, 347168, 351496, 358832, 363112, 367296, 371472, 375616, 379792, 383912, 388264, 396256, 400720, 407976, 420792, 416536, 425064, 429392, 433616, 440768, 445048, 449272, 453440, 457776, 462112, 466392, 473440, 477712, 481920, 486096, 490272, 494432, 498576, 502944, 510560, 514768, 518936, 523104, 527496, 535232, 539472, 543680, 547936, 555840, 563856, 601488, 568200, 572328, 576672, 588760, 60296, 593064, 597224, 211984, 608808, 613088, 584360, 621472, 625648, 629992, 637592, 641832, 51888, 650168, 654328, 658456, 662848, 670512, 674856, 682608, 691288, 646008, 698960, 686944, 703240, 707400, 711720, 716128, 723480, 727736, 731912, 736272, 748224, 752440, 756600, 760760, 765104, 769488, 781344, 785680, 789928, 797176, 805648, 846880, 801472, 809800, 813920, 818040, 822152, 826272, 830368, 834480, 838624, 913456, 851048, 855296, 862928, 867448, 743968, 875488, 883368, 887664, 891904, 896120, 900352, 908992, 182608, 917880, 922408, 926936, 931432, 935816, 940152, 944448, 948680, 952928, 957168, 961352, 904608, 977640, 965560, 981960, 986264, 39928, 994040, 998464, 1002872, 146152, 1018816, 1022976, 1027232, 969840, 1034912, 1043576, 412216]
  m=[1, 1, 1, 2, 1, 1, 1, 1, 1, 2, 1, 1, 1, 1, 1, 1, 1, 1, 1, 2, 1, 1, 1, 2, 1, 1, 1, 1, 1, 1, 2, 1, 1, 1, 2, 1, 1, 1, 2, 1, 2, 2, 1, 1, 1, 1, 1, 1, 1, 1, 2, 1, 1, 1, 1, 1, 2, 1, 1, 1, 1, 1, 1, 1, 2, 2, 1, 1, 1, 1, 1, 1, 1, 1, 1, 1, 1, 1, 1, 1, 2, 2, 1, 1, 1, 2, 2, 1, 1, 1, 1, 1, 1, 2, 1, 1, 1, 1, 1, 1, 1, 1, 1, 2, 1, 1, 1, 1, 2, 1, 1, 1, 1, 2, 2, 1, 1, 1, 2, 2, 1, 1, 1, 1, 1, 1, 1, 1, 1, 2, 1, 1, 1, 1, 1, 1, 2, 1, 1, 2, 2, 1, 1, 1, 1, 1, 2, 1, 1, 1, 1, 2, 1, 1, 1, 1, 2, 1, 2, 1, 1, 1, 1, 1, 1, 1, 1, 1, 1, 1, 1, 1, 1, 1, 1, 1, 2, 2, 1, 2, 1, 1, 1, 1, 1, 2, 1, 1, 1, 1, 1, 1, 1, 1, 1, 1, 1, 1, 1, 2, 1, 1, 2, 1, 1, 2, 1, 1, 1, 1, 1, 1, 2, 2, 1]
w=1508811806761108480/590295810358705747841 [cg] doubles=41 n=215
  xk(2^-20 units)=[3408, 7680, 175144, 19400, 23720, 27848, 32000, 36176, 40400, 48088, 52448, 56608, 60800, 65096, 72536, 76792, 81000, 85208, 89456, 97176, 101528, 134264, 109776, 114088, 105648, 118512, 125800, 130064, 138408, 142560, 146920, 154592, 158816, 429216, 163184, 170896, 842936, 179296, 183656, 191368, 195784, 207864, 212224, 216376, 220560, 224840, 920824, 236408, 240576, 244680, 248960, 253208, 257272, 261344, 265456, 269568, 278032, 285616, 289856, 294024, 298184, 302336, 310752, 347496, 318416, 326496, 330816, 334984, 339128, 343304, 273672, 351808, 232120, 359128, 363400, 367600, 371760, 375936, 380072, 384200, 388560, 396528, 408320, 200168, 412608, 416960, 424904, 14992, 433312, 437424, 441552, 445680, 449808, 454168, 461688, 465928, 470072, 474200, 482472, 486616, 490744, 494912, 499120, 506688, 511056, 515200, 519352, 523480, 527792, 532224, 539552, 543792, 547968, 552352, 560312, 400976, 572360, 719808, 576768, 584760, 589112, 593320, 597560, 605064, 609352, 613592, 617896, 634064, 625352, 629760, 638200, 642328, 646464, 650584, 654760, 658976, 666648, 670960, 568104, 675288, 683272, 687712, 695184, 699472, 703672, 707808, 712176, 724032, 728176, 732304, 736448, 740792, 748392, 752664, 756816, 760928, 765288, 772976, 777360, 781736, 785960, 793240, 797512, 801688, 805832, 809968, 814088, 818200, 822312, 826424, 830552, 834680, 838792, 847072, 851224, 855496, 863240, 867776, 875632, 883480, 478336, 887848, 892016, 896184, 900312, 904664, 912336, 916632, 306504, 924960, 929136, 933328, 937536, 941824, 949024, 953304, 957512, 961696, 965824, 970176, 977864, 982080, 986416, 990816, 998264, 1002704, 1014552, 1007144, 1018824, 1023024, 1027200, 1031448, 1039104, 1043544, 1047848]
  m=[1, 1, 1, 2, 1, 1, 1, 1, 1, 2, 1, 1, 1, 1, 1, 1, 1, 1, 1, 2, 1, 1, 1, 2, 1, 1, 1, 1, 1, 1, 2, 1, 1, 1, 2, 1, 1, 1, 2, 1, 2, 2, 1, 1, 1, 1, 1, 1, 1, 1, 2, 1, 1, 1, 1, 1, 2, 1, 1, 1, 1, 1, 1, 1, 2, 2, 1, 1, 1, 1, 1, 1, 1, 1, 1, 1, 1, 1, 1, 1, 2, 2, 1, 1, 1, 2, 2, 1, 1, 1, 1, 1, 1, 2, 1, 1, 1, 1, 1, 1, 1, 1, 1, 2, 1, 1, 1, 1, 2, 1, 1, 1, 1, 2, 2, 1, 1, 1, 2, 2, 1, 1, 1, 1, 1, 1, 1, 1, 1, 2, 1, 1, 1, 1, 1, 1, 2, 1, 1, 2, 2, 1, 1, 1, 1, 1, 2, 1, 1, 1, 1, 2, 1, 1, 1, 1, 2, 1, 2, 1, 1, 1, 1, 1, 1, 1, 1, 1, 1, 1, 1, 1, 1, 1, 1, 1, 2, 2, 1, 2, 1, 1, 1, 1, 1, 2, 1, 1, 1, 1, 1, 1, 1, 1, 1, 1, 1, 1, 1, 2, 1, 1, 2, 1, 1, 2, 1, 1, 1, 1, 1, 1, 2, 2, 1]
w=1964028897555284224/590295810358705747841 [cg] doubles=41 n=215
  xk(2^-20 units)=[7032, 11160, 15280, 19608, 965528, 31560, 35704, 39848, 44016, 52496, 48136, 59944, 64224, 68432, 72624, 76840, 981736, 81120, 88632, 93080, 97528, 321992, 105056, 113640, 118080, 125552, 129816, 133976, 138152, 142320, 146688, 154360, 158640, 662704, 167112, 171520, 178880, 183136, 187488, 191864, 199456, 208096, 650192, 215792, 220064, 224256, 228480, 232768, 239912, 244152, 248464, 256848, 260928, 265016, 269096, 273184, 277440, 109280, 285824, 289976, 294240, 301592, 305872, 310024, 314376, 326360, 330624, 334696, 338776, 342896, 347008, 351136, 355296, 359440, 363584, 367752, 371928, 376208, 383664, 387896, 392312, 400352, 404800, 412312, 416576, 420992, 429024, 281712, 433504, 440720, 252760, 445000, 453336, 457632, 461968, 466192, 473568, 477816, 482016, 486144, 490312, 494488, 498632, 502968, 510592, 514856, 519048, 523328, 531104, 535504, 539624, 543824, 548064, 555840, 563784, 580320, 568256, 731632, 575992, 584656, 592320, 596568, 600728, 604888, 609080, 613224, 617360, 621528, 625768, 633392, 637728, 641864, 646008, 162776, 654344, 658488, 670320, 27304, 674656, 678984, 686944, 691328, 695616, 703000, 707296, 711440, 715760, 760472, 724336, 735928, 740104, 744448, 748880, 756216, 720096, 838792, 764856, 772584, 777016, 781336, 785504, 789688, 793976, 801104, 805416, 990456, 813816, 817968, 822136, 826256, 830432, 834576, 843056, 809624, 850584, 854848, 859248, 867232, 871680, 879496, 883928, 888088, 892384, 899624, 903864, 908200, 912520, 916680, 920888, 925208, 932272, 936568, 940744, 944912, 949048, 953184, 957288, 961416, 449168, 969856, 977544, 203792, 986064, 997656, 1001856, 1006192, 1010504, 1014648, 1018816, 1023024, 1027296, 1034728, 1039208, 1047104, 2872]
  m=[1, 1, 1, 2, 1, 1, 1, 1, 1, 2, 1, 1, 1, 1, 1, 1, 1, 1, 1, 2, 1, 1, 1, 2, 1, 1, 1, 1, 1, 1, 2, 1, 1, 1, 2, 1, 1, 1, 2, 1, 2, 2, 1, 1, 1, 1, 1, 1, 1, 1, 2, 1, 1, 1, 1, 1, 2, 1, 1, 1, 1, 1, 1, 1, 2, 2, 1, 1, 1, 1, 1, 1, 1, 1, 1, 1, 1, 1, 1, 1, 2, 2, 1, 1, 1, 2, 2, 1, 1, 1, 1, 1, 1, 2, 1, 1, 1, 1, 1, 1, 1, 1, 1, 2, 1, 1, 1, 1, 2, 1, 1, 1, 1, 2, 2, 1, 1, 1, 2, 2, 1, 1, 1, 1, 1, 1, 1, 1, 1, 2, 1, 1, 1, 1, 1, 1, 2, 1, 1, 2, 2, 1, 1, 1, 1, 1, 2, 1, 1, 1, 1, 2, 1, 1, 1, 1, 2, 1, 2, 1, 1, 1, 1, 1, 1, 1, 1, 1, 1, 1, 1, 1, 1, 1, 1, 1, 2, 2, 1, 2, 1, 1, 1, 1, 1, 2, 1, 1, 1, 1, 1, 1, 1, 1, 1, 1, 1, 1, 1, 2, 1, 1, 2, 1, 1, 2, 1, 1, 1, 1, 1, 1, 2, 2, 1]
w=242175082228804608/590295810358705747841 [cg] doubles=41 n=215
  xk(2^-20 units)=[7056, 11208, 15360, 19736, 27368, 31592, 35760, 39904, 44072, 48440, 55968, 60224, 64344, 68488, 72632, 76728, 80864, 84984, 89104, 93464, 101024, 105256, 109376, 113680, 118008, 122264, 129528, 133848, 138024, 142192, 146600, 154152, 158400, 162544, 166864, 171192, 175464, 183032, 190920, 195384, 203192, 207656, 211960, 216072, 220248, 224432, 228712, 236120, 240408, 244600, 248944, 253384, 260712, 264960, 269104, 273288, 277600, 281928, 286184, 293240, 297544, 301704, 305832, 309936, 314200, 322720, 327104, 334360, 338608, 342784, 346944, 351096, 355224, 359368, 363472, 367576, 371720, 375872, 380000, 384288, 392064, 400120, 404480, 408624, 412864, 420440, 424888, 429200, 433368, 437648, 445008, 449304, 453488, 457872, 465552, 469864, 474032, 478184, 482320, 486456, 490600, 494752, 498984, 506616, 510984, 515152, 519280, 523528, 531200, 535536, 539648, 543776, 547896, 552240, 560208, 564656, 572088, 728448, 576576, 584544, 588936, 593104, 597368, 604656, 608960, 613176, 617344, 621536, 625792, 633424, 637776, 641888, 646016, 650160, 654304, 658416, 662736, 670408, 674624, 678992, 686944, 691288, 695424, 699616, 703872, 711168, 715584, 760632, 724096, 735864, 740264, 747984, 752368, 756512, 719920, 838800, 764928, 769216, 773520, 781328, 785704, 793096, 797376, 801552, 805720, 809832, 813992, 818096, 822216, 826352, 830480, 834624, 843008, 847280, 854824, 318440, 859296, 867304, 871744, 879584, 883944, 888112, 892408, 899728, 903960, 908288, 912592, 916720, 920856, 925000, 929168, 933432, 940680, 944952, 949136, 953328, 957480, 961640, 965768, 970104, 977768, 981968, 986280, 990680, 998184, 1002616, 1007040, 1014552, 1018824, 1023024, 1027200, 1031480, 1039200, 1043712, 2800]
  m=[1, 1, 1, 2, 1, 1, 1, 1, 1, 2, 1, 1, 1, 1, 1, 1, 1, 1, 1, 2, 1, 1, 1, 2, 1, 1, 1, 1, 1, 1, 2, 1, 1, 1, 2, 1, 1, 1, 2, 1, 2, 2, 1, 1, 1, 1, 1, 1, 1, 1, 2, 1, 1, 1, 1, 1, 2, 1, 1, 1, 1, 1, 1, 1, 2, 2, 1, 1, 1, 1, 1, 1, 1, 1, 1, 1, 1, 1, 1, 1, 2, 2, 1, 1, 1, 2, 2, 1, 1, 1, 1, 1, 1, 2, 1, 1, 1, 1, 1, 1, 1, 1, 1, 2, 1, 1, 1, 1, 2, 1, 1, 1, 1, 2, 2, 1, 1, 1, 2, 2, 1, 1, 1, 1, 1, 1, 1, 1, 1, 2, 1, 1, 1, 1, 1, 1, 2, 1, 1, 2, 2, 1, 1, 1, 1, 1, 2, 1, 1, 1, 1, 2, 1, 1, 1, 1, 2, 1, 2, 1, 1, 1, 1, 1, 1, 1, 1, 1, 1, 1, 1, 1, 1, 1, 1, 1, 2, 2, 1, 2, 1, 1, 1, 1, 1, 2, 1, 1, 1, 1, 1, 1, 1, 1, 1, 1, 1, 1, 1, 2, 1, 1, 2, 1, 1, 2, 1, 1, 1, 1, 1, 1, 2, 2, 1]
w=1135130020863009536/590295810358705747841 [cg] doubles=41 n=215
  xk(2^-20 units)=[6928, 1010432, 11040, 15344, 19752, 27048, 31328, 35520, 43824, 48144, 52536, 59784, 64040, 68224, 121464, 76512, 80648, 84800, 88920, 100752, 105160, 93152, 109416, 117120, 72360, 125584, 129704, 716120, 138032, 142296, 149904, 154272, 158400, 162504, 166816, 171240, 178712, 400240, 187376, 195152, 199592, 207552, 220392, 216120, 847040, 227792, 232080, 236288, 240424, 249160, 244752, 256432, 260664, 264832, 269000, 273128, 277432, 281848, 289304, 293616, 297848, 302120, 309600, 182976, 314008, 318480, 326136, 330384, 334576, 338728, 342928, 347224, 354448, 358712, 362880, 367040, 371200, 375352, 379488, 383624, 387960, 395896, 404408, 408672, 416080, 420544, 428512, 432848, 436984, 678976, 441120, 445280, 449504, 457088, 465552, 469688, 473816, 477944, 482080, 486248, 490416, 494704, 501968, 506376, 510688, 514800, 518944, 523200, 530736, 535088, 670448, 543352, 547480, 551832, 559752, 604864, 567664, 571952, 576360, 588664, 650312, 596408, 600688, 211920, 609080, 613288, 617552, 624936, 633640, 629336, 461424, 641960, 646128, 539216, 654568, 661784, 666184, 793280, 707360, 674712, 683264, 687672, 694736, 699016, 703232, 133864, 711688, 723464, 727760, 732072, 739624, 744064, 748496, 755896, 760136, 764304, 768592, 772880, 777224, 784824, 789072, 584232, 797464, 801704, 806016, 637792, 813480, 817800, 821984, 826176, 830320, 834512, 838680, 842856, 851320, 858592, 863008, 867480, 875232, 879632, 883936, 888072, 892256, 896464, 900752, 908720, 913224, 917640, 922128, 926672, 931208, 935664, 940016, 944312, 948576, 952848, 957064, 961288, 965608, 973352, 977752, 982016, 989752, 39680, 994224, 1001936, 1006304, 1014584, 1018768, 1022944, 1027208, 1034576, 1039024, 1047000, 2792]
  m=[1, 1, 1, 2, 1, 1, 1, 1, 1, 2, 1, 1, 1, 1, 1, 1, 1, 1, 1, 2, 1, 1, 1, 2, 1, 1, 1, 1, 1, 1, 2, 1, 1, 1, 2, 1, 1, 1, 2, 1, 2, 2, 1, 1, 1, 1, 1, 1, 1, 1, 2, 1, 1, 1, 1, 1, 2, 1, 1, 1, 1, 1, 1, 1, 2, 2, 1, 1, 1, 1, 1, 1, 1, 1, 1, 1, 1, 1, 1, 1, 2, 2, 1, 1, 1, 2, 2, 1, 1, 1, 1, 1, 1, 2, 1, 1, 1, 1, 1, 1, 1, 1, 1, 2, 1, 1, 1, 1, 2, 1, 1, 1, 1, 2, 2, 1, 1, 1, 2, 2, 1, 1, 1, 1, 1, 1, 1, 1, 1, 2, 1, 1, 1, 1, 1, 1, 2, 1, 1, 2, 2, 1, 1, 1, 1, 1, 2, 1, 1, 1, 1, 2, 1, 1, 1, 1, 2, 1, 2, 1, 1, 1, 1, 1, 1, 1, 1, 1, 1, 1, 1, 1, 1, 1, 1, 1, 2, 2, 1, 2, 1, 1, 1, 1, 1, 2, 1, 1, 1, 1, 1, 1, 1, 1, 1, 1, 1, 1, 1, 2, 1, 1, 2, 1, 1, 2, 1, 1, 1, 1, 1, 1, 2, 2, 1]
w=371350728086422272/590295810358705747841 [cg] doubles=41 n=215
  xk(2^-20 units)=[3352, 7512, 175144, 19400, 23760, 27928, 32080, 36240, 40496, 48128, 52480, 56608, 60776, 64952, 69128, 73328, 77632, 84952, 89272, 93672, 101408, 134368, 109792, 114128, 11760, 118560, 125912, 130184, 138560, 142696, 147024, 151432, 158872, 425544, 163328, 167736, 843280, 179408, 187880, 192280, 199968, 204480, 212088, 216328, 220472, 224600, 228760, 232928, 237096, 241304, 248936, 253296, 257424, 261552, 265688, 269808, 274152, 281880, 286136, 290384, 294680, 302128, 306392, 347264, 310768, 318800, 330568, 334792, 338976, 343144, 323264, 351408, 355552, 359656, 363760, 367872, 371984, 376112, 429840, 380248, 384584, 392616, 404640, 183560, 408808, 413144, 421144, 650336, 699440, 437104, 441424, 445616, 449792, 454160, 461792, 466008, 470200, 474336, 482640, 486792, 490944, 495192, 585120, 502912, 507304, 511536, 519048, 523288, 527648, 531984, 536232, 543496, 547752, 552104, 560168, 400384, 568768, 720112, 576368, 580816, 589288, 593568, 600960, 605248, 609464, 613656, 617896, 622184, 667080, 630008, 634472, 641920, 646176, 756400, 654480, 658576, 662824, 671152, 564520, 675448, 683344, 687720, 691952, 826632, 703736, 708024, 715744, 724272, 728440, 777816, 732688, 740408, 744800, 749056, 912840, 760624, 764944, 769216, 773488, 782056, 789184, 793464, 797688, 801832, 805952, 810120, 814248, 818368, 822488, 478488, 830768, 834920, 839096, 847544, 855024, 904336, 859440, 863936, 871808, 879576, 936680, 888032, 892120, 896232, 900288, 908584, 1026960, 916920, 921048, 925224, 929464, 883928, 940928, 945128, 949304, 953456, 957616, 961760, 965992, 973608, 977968, 982080, 986416, 993960, 998184, 1002528, 1011096, 1006848, 1018496, 1022784, 105632, 1031112, 1035472, 1043424, 1047760]
  m=[1, 1, 1, 2, 1, 1, 1, 1, 1, 2, 1, 1, 1, 1, 1, 1, 1, 1, 1, 2, 1, 1, 1, 2, 1, 1, 1, 1, 1, 1, 2, 1, 1, 1, 2, 1, 1, 1, 2, 1, 2, 2, 1, 1, 1, 1, 1, 1, 1, 1, 2, 1, 1, 1, 1, 1, 2, 1, 1, 1, 1, 1, 1, 1, 2, 2, 1, 1, 1, 1, 1, 1, 1, 1, 1, 1, 1, 1, 1, 1, 2, 2, 1, 1, 1, 2, 2, 1, 1, 1, 1, 1, 1, 2, 1, 1, 1, 1, 1, 1, 1, 1, 1, 2, 1, 1, 1, 1, 2, 1, 1, 1, 1, 2, 2, 1, 1, 1, 2, 2, 1, 1, 1, 1, 1, 1, 1, 1, 1, 2, 1, 1, 1, 1, 1, 1, 2, 1, 1, 2, 2, 1, 1, 1, 1, 1, 2, 1, 1, 1, 1, 2, 1, 1, 1, 1, 2, 1, 2, 1, 1, 1, 1, 1, 1, 1, 1, 1, 1, 1, 1, 1, 1, 1, 1, 1, 2, 2, 1, 2, 1, 1, 1, 1, 1, 2, 1, 1, 1, 1, 1, 1, 1, 1, 1, 1, 1, 1, 1, 2, 1, 1, 2, 1, 1, 2, 1, 1, 1, 1, 1, 1, 2, 2, 1]
w=63967973308809736/590295810358705747841 [cg] doubles=28 n=228
  xk(2^-20 units)=[1048016, 6752, 11064, 15344, 19680, 23944, 28400, 32896, 37360, 41984, 46752, 51432, 56024, 60568, 64896, 69272, 85640, 73656, 81272, 89880, 98408, 94144, 102688, 106984, 111328, 115664, 120040, 124424, 128776, 133128, 137432, 141720, 145952, 1020824, 150168, 162088, 166568, 170920, 175136, 179464, 183808, 188352, 192992, 197736, 202392, 206840, 211240, 215728, 1025480, 345376, 227872, 253968, 236472, 240808, 245184, 249568, 258416, 262872, 267344, 271776, 276128, 280552, 284984, 289264, 296440, 300776, 428408, 305032, 313632, 318048, 322464, 327048, 331712, 336312, 826112, 349760, 354000, 358232, 362448, 781024, 366648, 375032, 379216, 383448, 387720, 392056, 396416, 400960, 405632, 414976, 586920, 419504, 423960, 526192, 432904, 410328, 443648, 448128, 452496, 456960, 461472, 465968, 470504, 475008, 479408, 483848, 488216, 496816, 501080, 370832, 232168, 505384, 513208, 517624, 521880, 533816, 492528, 542584, 547064, 551440, 555968, 560512, 639056, 565032, 573928, 578360, 582640, 821856, 591200, 595488, 599800, 604096, 608480, 612856, 617240, 621712, 626160, 630480, 634792, 538144, 647576, 651808, 656016, 569432, 664440, 668704, 672936, 677232, 681592, 685976, 690352, 694872, 699496, 704160, 708952, 713584, 718136, 722584, 727072, 731528, 739088, 743352, 747720, 752144, 643320, 759928, 764312, 768480, 772672, 776856, 785216, 789392, 793584, 797800, 802056, 813272, 806408, 817584, 154464, 830496, 834904, 839208, 843592, 847976, 852544, 897792, 862528, 867008, 871376, 875800, 880296, 884680, 309336, 888928, 893336, 902144, 906592, 911096, 915568, 920032, 660232, 933280, 999048, 937680, 942104, 946592, 951152, 955696, 960168, 964568, 968912, 223560, 981856, 986032, 990360, 994672, 924480, 1030120, 1007296, 1011824, 1016240, 973312, 977672, 928888, 1034736, 1039224, 1043640, 340840]
  m=[1, 1, 1, 1, 1, 1, 2, 1, 1, 1, 1, 1, 2, 1, 1, 1, 1, 1, 1, 1, 1, 1, 1, 1, 1, 1, 1, 1, 1, 1, 1, 1, 1, 2, 1, 2, 2, 1, 1, 1, 1, 1, 1, 1, 1, 1, 1, 2, 1, 2, 1, 1, 1, 1, 1, 1, 1, 1, 1, 1, 1, 2, 1, 1, 1, 1, 1, 1, 1, 1, 1, 1, 1, 1, 1, 1, 1, 1, 1, 1, 1, 1, 1, 1, 1, 1, 1, 1, 1, 1, 1, 1, 1, 1, 1, 1, 1, 1, 1, 2, 2, 2, 2, 1, 1, 1, 1, 1, 1, 1, 1, 1, 2, 1, 1, 1, 1, 2, 1, 1, 1, 1, 1, 1, 2, 1, 1, 1, 1, 1, 1, 1, 1, 1, 1, 2, 1, 1, 1, 1, 1, 1, 1, 1, 1, 1, 1, 1, 1, 1, 1, 1, 1, 1, 1, 1, 1, 1, 2, 1, 1, 1, 2, 1, 1, 2, 1, 1, 1, 1, 1, 1, 1, 1, 1, 1, 1, 1, 1, 2, 1, 1, 1, 1, 1, 1, 1, 1, 1, 2, 2, 1, 1, 1, 2, 1, 1, 1, 1, 1, 1, 1, 2, 1, 1, 1, 1, 1, 1, 1, 1, 1, 1, 1, 2, 1, 1, 1, 2, 1, 1, 2, 1, 1, 1, 1, 1, 2]
w=3357823759801651712/590295810358705747841 [cg] doubles=41 n=215
  xk(2^-20 units)=[3328, 7576, 175160, 19416, 23744, 27896, 32104, 36352, 43744, 48184, 52488, 56648, 60872, 65136, 72512, 76800, 81000, 85152, 89288, 93624, 101352, 134272, 109760, 114136, 105608, 121752, 125960, 130120, 138416, 142528, 146856, 151256, 158616, 429096, 163080, 170864, 843000, 179352, 183712, 191440, 195896, 208064, 212488, 219864, 224136, 232456, 920616, 236552, 240672, 244744, 249000, 253232, 257288, 261376, 265464, 269576, 278024, 285616, 289864, 294040, 298192, 302352, 310696, 347440, 318392, 322896, 330600, 334864, 339032, 343216, 273680, 351728, 228304, 359056, 363304, 367496, 371672, 375864, 380000, 384256, 392000, 396464, 408224, 203640, 412480, 416872, 424776, 15000, 433240, 437360, 441512, 445696, 449960, 457632, 462008, 466184, 470392, 937080, 482120, 486416, 490608, 506816, 494784, 499136, 511032, 515184, 519344, 523440, 527752, 532168, 539616, 543888, 548184, 555936, 564000, 400864, 568384, 719752, 576864, 584792, 589112, 593304, 597560, 604968, 609208, 613424, 617608, 633896, 621840, 629536, 638040, 642184, 646344, 650488, 654640, 658880, 666672, 671104, 572512, 678840, 683344, 691000, 695240, 699416, 703544, 707664, 712024, 723968, 728096, 732288, 736400, 740744, 748376, 752632, 756760, 760904, 765240, 772896, 777288, 781632, 785912, 793232, 797496, 801664, 805848, 809992, 814144, 818272, 822376, 826512, 830608, 834720, 838872, 847176, 851432, 858864, 863304, 871328, 875736, 883480, 474680, 887808, 891952, 896088, 900208, 904568, 912256, 916472, 306496, 924720, 928840, 932976, 941176, 945272, 949352, 953464, 957560, 961688, 965800, 970136, 977816, 982008, 986360, 990792, 998176, 1002632, 1014600, 1010368, 1018792, 1022936, 1027064, 1031184, 1035512, 1043328, 1047728]
  m=[1, 1, 1, 2, 1, 1, 1, 1, 1, 2, 1, 1, 1, 1, 1, 1, 1, 1, 1, 2, 1, 1, 1, 2, 1, 1, 1, 1, 1, 1, 2, 1, 1, 1, 2, 1, 1, 1, 2, 1, 2, 2, 1, 1, 1, 1, 1, 1, 1, 1, 2, 1, 1, 1, 1, 1, 2, 1, 1, 1, 1, 1, 1, 1, 2, 2, 1, 1, 1, 1, 1, 1, 1, 1, 1, 1, 1, 1, 1, 1, 2, 2, 1, 1, 1, 2, 2, 1, 1, 1, 1, 1, 1, 2, 1, 1, 1, 1, 1, 1, 1, 1, 1, 2, 1, 1, 1, 1, 2, 1, 1, 1, 1, 2, 2, 1, 1, 1, 2, 2, 1, 1, 1, 1, 1, 1, 1, 1, 1, 2, 1, 1, 1, 1, 1, 1, 2, 1, 1, 2, 2, 1, 1, 1, 1, 1, 2, 1, 1, 1, 1, 2, 1, 1, 1, 1, 2, 1, 2, 1, 1, 1, 1, 1, 1, 1, 1, 1, 1, 1, 1, 1, 1, 1, 1, 1, 2, 2, 1, 2, 1, 1, 1, 1, 1, 2, 1, 1, 1, 1, 1, 1, 1, 1, 1, 1, 1, 1, 1, 2, 1, 1, 2, 1, 1, 2, 1, 1, 1, 1, 1, 1, 2, 2, 1]
w=1590002905363633664/590295810358705747841 [cg] doubles=41 n=215
  xk(2^-20 units)=[2936, 1010192, 7104, 19136, 23472, 27600, 31768, 35928, 617448, 47816, 776904, 56296, 64560, 68704, 72888, 77064, 81328, 842696, 88736, 93160, 97576, 105048, 109256, 113656, 121272, 125528, 129656, 133784, 137936, 142048, 150400, 154704, 158928, 11352, 166592, 170944, 175224, 1039216, 187040, 191312, 195640, 203496, 220240, 216104, 1014448, 224440, 228704, 236112, 240360, 207832, 244696, 249128, 260840, 265008, 269176, 273344, 277672, 256576, 285376, 289624, 293832, 298008, 302288, 322416, 310040, 318072, 326544, 330672, 334824, 338968, 343144, 347344, 354576, 358840, 363080, 367264, 371432, 375608, 379768, 383896, 388248, 396352, 404136, 637792, 412576, 416976, 424952, 429344, 433608, 440856, 445144, 449368, 453496, 457776, 462128, 466384, 473528, 477832, 482032, 486208, 490368, 494560, 498784, 506344, 510728, 514856, 519024, 523184, 527504, 531928, 539120, 543376, 547512, 555952, 563848, 604880, 568184, 572304, 576640, 588784, 60424, 593216, 600608, 211952, 609088, 613264, 584384, 621592, 625848, 633464, 408384, 641928, 52160, 650224, 654368, 658624, 666336, 670688, 674912, 682608, 691264, 646080, 698952, 686936, 703224, 707400, 711760, 719512, 723776, 727944, 732232, 739896, 748368, 752528, 756656, 760784, 765096, 769480, 781312, 785736, 793096, 797344, 805664, 846864, 801512, 809808, 813928, 818048, 822128, 826264, 830360, 834480, 838584, 913504, 851040, 855272, 862992, 867536, 744248, 875616, 883528, 887808, 891992, 896216, 900440, 909048, 182648, 917912, 922448, 927032, 931552, 935976, 940312, 944576, 948808, 953000, 957192, 961368, 904648, 977568, 965552, 981888, 986208, 40176, 993984, 998376, 1002792, 146152, 1018656, 1022824, 1026992, 969824, 1031360, 1047136, 551640]
  m=[1, 1, 1, 2, 1, 1, 1, 1, 1, 2, 1, 1, 1, 1, 1, 1, 1, 1, 1, 2, 1, 1, 1, 2, 1, 1, 1, 1, 1, 1, 2, 1, 1, 1, 2, 1, 1, 1, 2, 1, 2, 2, 1, 1, 1, 1, 1, 1, 1, 1, 2, 1, 1, 1, 1, 1, 2, 1, 1, 1, 1, 1, 1, 1, 2, 2, 1, 1, 1, 1, 1, 1, 1, 1, 1, 1, 1, 1, 1, 1, 2, 2, 1, 1, 1, 2, 2, 1, 1, 1, 1, 1, 1, 2, 1, 1, 1, 1, 1, 1, 1, 1, 1, 2, 1, 1, 1, 1, 2, 1, 1, 1, 1, 2, 2, 1, 1, 1, 2, 2, 1, 1, 1, 1, 1, 1, 1, 1, 1, 2, 1, 1, 1, 1, 1, 1, 2, 1, 1, 2, 2, 1, 1, 1, 1, 1, 2, 1, 1, 1, 1, 2, 1, 1, 1, 1, 2, 1, 2, 1, 1, 1, 1, 1, 1, 1, 1, 1, 1, 1, 1, 1, 1, 1, 1, 1, 2, 2, 1, 2, 1, 1, 1, 1, 1, 2, 1, 1, 1, 1, 1, 1, 1, 1, 1, 1, 1, 1, 1, 2, 1, 1, 2, 1, 1, 2, 1, 1, 1, 1, 1, 1, 2, 2, 1]
w=2308786583477418496/590295810358705747841 [cg] doubles=41 n=215
  xk(2^-20 units)=[3136, 1006888, 7304, 19176, 278184, 27648, 31784, 35896, 617424, 44368, 56168, 60336, 64472, 600560, 72784, 76968, 81168, 187560, 85440, 93272, 97712, 105248, 109488, 113904, 118320, 125824, 129976, 134152, 138288, 142416, 146728, 151032, 155256, 11512, 163024, 167488, 174736, 178976, 183288, 191600, 195912, 203752, 216600, 212304, 847064, 223960, 228224, 232424, 23528, 240760, 245088, 249488, 261088, 265280, 236616, 269456, 273808, 256816, 285600, 289896, 294160, 298448, 305824, 310064, 314384, 318840, 326528, 330752, 334912, 339056, 343192, 347344, 351488, 355648, 359848, 364136, 371376, 375624, 379840, 383976, 388320, 396288, 400640, 404784, 409032, 416792, 424744, 429104, 433216, 437400, 441544, 445776, 452976, 457368, 461680, 465808, 469944, 474072, 482304, 486424, 490600, 494728, 498968, 506584, 510944, 515112, 519280, 523568, 535176, 530768, 539504, 543640, 547768, 552104, 560080, 478184, 567808, 572056, 576464, 588648, 593080, 68632, 604848, 208096, 609064, 613240, 584256, 621552, 625728, 630056, 634464, 641768, 51968, 650224, 654392, 658536, 662880, 670472, 674664, 679032, 687024, 646040, 691368, 695560, 699808, 707216, 711688, 719488, 723768, 728008, 732248, 739952, 748464, 752656, 756840, 761088, 768832, 773272, 781024, 785384, 789528, 793720, 797928, 965768, 802208, 809488, 813760, 817968, 822128, 826312, 830456, 834600, 838752, 842888, 851240, 855480, 863184, 867680, 744328, 875768, 880248, 887776, 892064, 896360, 900656, 909448, 914024, 918648, 923288, 927808, 932168, 936480, 940720, 944904, 949080, 953248, 957416, 961584, 904952, 973368, 977720, 981824, 986120, 40024, 990512, 998224, 1002632, 1014280, 1018552, 1022736, 1026880, 1031016, 1035344, 1043248, 1047584]
  m=[1, 1, 1, 2, 1, 1, 1, 1, 1, 2, 1, 1, 1, 1, 1, 1, 1, 1, 1, 2, 1, 1, 1, 2, 1, 1, 1, 1, 1, 1, 2, 1, 1, 1, 2, 1, 1, 1, 2, 1, 2, 2, 1, 1, 1, 1, 1, 1, 1, 1, 2, 1, 1, 1, 1, 1, 2, 1, 1, 1, 1, 1, 1, 1, 2, 2, 1, 1, 1, 1, 1, 1, 1, 1, 1, 1, 1, 1, 1, 1, 2, 2, 1, 1, 1, 2, 2, 1, 1, 1, 1, 1, 1, 2, 1, 1, 1, 1, 1, 1, 1, 1, 1, 2, 1, 1, 1, 1, 2, 1, 1, 1, 1, 2, 2, 1, 1, 1, 2, 2, 1, 1, 1, 1, 1, 1, 1, 1, 1, 2, 1, 1, 1, 1, 1, 1, 2, 1, 1, 2, 2, 1, 1, 1, 1, 1, 2, 1, 1, 1, 1, 2, 1, 1, 1, 1, 2, 1, 2, 1, 1, 1, 1, 1, 1, 1, 1, 1, 1, 1, 1, 1, 1, 1, 1, 1, 2, 2, 1, 2, 1, 1, 1, 1, 1, 2, 1, 1, 1, 1, 1, 1, 1, 1, 1, 1, 1, 1, 1, 2, 1, 1, 2, 1, 1, 2, 1, 1, 1, 1, 1, 1, 2, 2, 1]
w=2819765657011844608/590295810358705747841 [cg] doubles=41 n=215
  xk(2^-20 units)=[3448, 7600, 175232, 19512, 23864, 28008, 32136, 36320, 40544, 48144, 52504, 56640, 60824, 65000, 69280, 76528, 80800, 85032, 89208, 93584, 101232, 134200, 109624, 113960, 11816, 957616, 122536, 129912, 138416, 142696, 150408, 154816, 159032, 425528, 166728, 171088, 842968, 179368, 187824, 192192, 199920, 207912, 212232, 216360, 220512, 224648, 228816, 233000, 237232, 244552, 248976, 253264, 257392, 261536, 265656, 269760, 274096, 281768, 286072, 290304, 294608, 301912, 306152, 347352, 310528, 318360, 330920, 335024, 576632, 343256, 326792, 351472, 355624, 359744, 363888, 368024, 372128, 376296, 429776, 339136, 388248, 392744, 404664, 183480, 408824, 413192, 421152, 650496, 699384, 437160, 441496, 445696, 449976, 457680, 461992, 466080, 470200, 474320, 482568, 486712, 490872, 495104, 585192, 502784, 507168, 511368, 515656, 523080, 527520, 531872, 536160, 543608, 547848, 552192, 560232, 400456, 322696, 720120, 572296, 580896, 589296, 593472, 597720, 604928, 609240, 613448, 617632, 621792, 625936, 630296, 637928, 642168, 646336, 756504, 654640, 658768, 663120, 670840, 564640, 675256, 683264, 687640, 691904, 826536, 703720, 707976, 715768, 724272, 728456, 777488, 732680, 740352, 744736, 749040, 912632, 760728, 765128, 838856, 773096, 781688, 785984, 793296, 797576, 801760, 805920, 810080, 814200, 818312, 822424, 478456, 830640, 834744, 380544, 847072, 851216, 855304, 859640, 867544, 872000, 879640, 933536, 888120, 892280, 896432, 900656, 908296, 1023536, 916760, 920920, 925096, 929264, 884016, 940888, 945160, 949328, 953488, 1047864, 961752, 965864, 970168, 974568, 982056, 986520, 994192, 998416, 1002720, 1011112, 1007008, 1015232, 1019384, 105480, 1027816, 1035552, 1043536, 118280]
  m=[1, 1, 1, 2, 1, 1, 1, 1, 1, 2, 1, 1, 1, 1, 1, 1, 1, 1, 1, 2, 1, 1, 1, 2, 1, 1, 1, 1, 1, 1, 2, 1, 1, 1, 2, 1, 1, 1, 2, 1, 2, 2, 1, 1, 1, 1, 1, 1, 1, 1, 2, 1, 1, 1, 1, 1, 2, 1, 1, 1, 1, 1, 1, 1, 2, 2, 1, 1, 1, 1, 1, 1, 1, 1, 1, 1, 1, 1, 1, 1, 2, 2, 1, 1, 1, 2, 2, 1, 1, 1, 1, 1, 1, 2, 1, 1, 1, 1, 1, 1, 1, 1, 1, 2, 1, 1, 1, 1, 2, 1, 1, 1, 1, 2, 2, 1, 1, 1, 2, 2, 1, 1, 1, 1, 1, 1, 1, 1, 1, 2, 1, 1, 1, 1, 1, 1, 2, 1, 1, 2, 2, 1, 1, 1, 1, 1, 2, 1, 1, 1, 1, 2, 1, 1, 1, 1, 2, 1, 2, 1, 1, 1, 1, 1, 1, 1, 1, 1, 1, 1, 1, 1, 1, 1, 1, 1, 2, 2, 1, 2, 1, 1, 1, 1, 1, 2, 1, 1, 1, 1, 1, 1, 1, 1, 1, 1, 1, 1, 1, 2, 1, 1, 2, 1, 1, 2, 1, 1, 1, 1, 1, 1, 2, 2, 1]
w=173951278043325472/590295810358705747841 [cg] doubles=51 n=205
  xk(2^-20 units)=[4448, 721312, 848560, 20464, 29120, 36928, 41304, 45576, 139896, 49864, 57752, 62088, 66416, 74088, 78384, 82584, 86888, 94264, 98504, 102824, 107144, 111264, 115520, 123088, 127424, 131584, 135728, 144048, 148304, 155840, 160256, 164704, 172136, 176400, 180560, 13072, 184864, 196664, 201016, 205344, 209520, 213744, 218040, 225328, 233728, 237840, 242136, 246504, 253920, 258360, 262656, 422640, 271160, 278760, 283072, 287360, 295168, 303232, 229552, 307544, 311880, 319872, 327744, 332104, 336200, 340512, 348432, 356920, 569904, 365360, 393520, 266856, 372856, 377128, 381400, 389192, 397800, 402192, 409664, 995976, 414072, 361104, 418416, 430480, 434944, 442496, 446768, 451144, 455536, 462968, 467208, 471336, 475600, 479904, 484224, 491888, 496312, 500744, 508272, 512592, 516944, 524488, 528976, 536768, 541008, 545344, 549784, 557080, 561480, 565784, 909832, 574040, 578240, 582520, 589696, 593968, 602432, 352792, 610944, 598128, 615344, 623136, 630888, 635160, 606672, 647688, 836384, 656000, 660128, 664296, 668408, 672576, 676840, 684624, 689160, 696992, 701304, 709144, 651848, 713592, 725784, 799256, 901488, 733768, 741864, 24744, 750504, 758176, 762472, 766752, 771152, 778624, 782912, 8744, 794872, 803400, 807544, 746240, 815904, 820192, 643552, 827512, 831944, 844208, 905640, 787160, 852816, 860480, 864880, 869152, 876616, 881008, 885456, 889824, 897240, 639360, 811720, 914024, 918248, 922512, 929912, 934208, 938400, 942544, 946896, 954552, 958784, 962976, 967112, 971272, 975568, 979984, 987464, 991744, 189248, 1000248, 1008080, 1015920, 1020176, 1024376, 1028560, 1032712, 1036848, 1040976, 1045328]
  m=[1, 1, 1, 1, 2, 1, 2, 1, 1, 2, 2, 1, 2, 1, 1, 1, 1, 1, 1, 2, 1, 1, 1, 2, 1, 1, 1, 1, 1, 1, 2, 1, 1, 1, 1, 1, 2, 1, 2, 1, 1, 1, 1, 1, 1, 1, 2, 1, 1, 2, 1, 1, 1, 1, 1, 1, 2, 2, 1, 1, 2, 2, 2, 1, 1, 2, 2, 1, 1, 1, 1, 1, 1, 1, 1, 2, 2, 1, 1, 1, 2, 1, 1, 2, 1, 1, 1, 2, 1, 1, 1, 1, 2, 1, 2, 1, 2, 1, 1, 1, 1, 1, 2, 1, 1, 2, 1, 1, 2, 1, 1, 1, 1, 1, 1, 1, 2, 1, 2, 1, 1, 2, 1, 1, 1, 1, 1, 1, 1, 1, 1, 1, 1, 2, 2, 1, 1, 2, 1, 1, 2, 1, 1, 2, 2, 1, 1, 2, 1, 2, 1, 1, 1, 1, 2, 1, 1, 1, 1, 1, 1, 1, 2, 2, 1, 1, 1, 2, 1, 1, 1, 2, 2, 1, 1, 1, 1, 1, 1, 1, 1, 1, 1, 1, 2, 1, 1, 1, 1, 1, 2, 1, 1, 1, 1, 1, 2, 1, 1, 1, 1, 1, 1, 1, 2]
w=267949808217723552/590295810358705747841 [cg] doubles=41 n=215
  xk(2^-20 units)=[3352, 7464, 175040, 15936, 20336, 27568, 31824, 36016, 40168, 44528, 52184, 56456, 60648, 64840, 69032, 73248, 77544, 84904, 89192, 93584, 101360, 134344, 109920, 117600, 11600, 121944, 126064, 130208, 138472, 142600, 146968, 154600, 158816, 425752, 163168, 167584, 843424, 179312, 191232, 195592, 199904, 207824, 212168, 216280, 220440, 224584, 228808, 233088, 240416, 244656, 249000, 253272, 257392, 261520, 265664, 269808, 274168, 282064, 289592, 293872, 298064, 302264, 306376, 347296, 310720, 318656, 330696, 334864, 339032, 343168, 326432, 351408, 355536, 359640, 363728, 503016, 371936, 376080, 430016, 380168, 384480, 392328, 417136, 183592, 405064, 412776, 421416, 650360, 699520, 437208, 441472, 445680, 449848, 454216, 461792, 466008, 470176, 474328, 482632, 486824, 491040, 367848, 585112, 498648, 507144, 511304, 515456, 519752, 527400, 531784, 536080, 543456, 547736, 552104, 560064, 400840, 568488, 719816, 572824, 580768, 589288, 593592, 600920, 605192, 609384, 613552, 617712, 621872, 626120, 633656, 638008, 642104, 646248, 756712, 654496, 658600, 662944, 670680, 564376, 675144, 683200, 691048, 695344, 826680, 703712, 707848, 712240, 724040, 728256, 777736, 732400, 740888, 745272, 752472, 912536, 760912, 765264, 736552, 773288, 785192, 789456, 793640, 797792, 801928, 806088, 810208, 814344, 818440, 822560, 478488, 830808, 834952, 839152, 850656, 854928, 875920, 859336, 867304, 871696, 883680, 933232, 888056, 892248, 896520, 903832, 908240, 1026992, 916640, 920776, 924904, 929040, 396680, 937488, 944832, 949088, 953280, 957440, 961608, 965736, 970096, 977776, 981984, 986352, 994016, 998232, 1002576, 1011016, 1006864, 1015288, 1022696, 105640, 1031184, 1035560, 1043464, 1047784]
  m=[1, 1, 1, 2, 1, 1, 1, 1, 1, 2, 1, 1, 1, 1, 1, 1, 1, 1, 1, 2, 1, 1, 1, 2, 1, 1, 1, 1, 1, 1, 2, 1, 1, 1, 2, 1, 1, 1, 2, 1, 2, 2, 1, 1, 1, 1, 1, 1, 1, 1, 2, 1, 1, 1, 1, 1, 2, 1, 1, 1, 1, 1, 1, 1, 2, 2, 1, 1, 1, 1, 1, 1, 1, 1, 1, 1, 1, 1, 1, 1, 2, 2, 1, 1, 1, 2, 2, 1, 1, 1, 1, 1, 1, 2, 1, 1, 1, 1, 1, 1, 1, 1, 1, 2, 1, 1, 1, 1, 2, 1, 1, 1, 1, 2, 2, 1, 1, 1, 2, 2, 1, 1, 1, 1, 1, 1, 1, 1, 1, 2, 1, 1, 1, 1, 1, 1, 2, 1, 1, 2, 2, 1, 1, 1, 1, 1, 2, 1, 1, 1, 1, 2, 1, 1, 1, 1, 2, 1, 2, 1, 1, 1, 1, 1, 1, 1, 1, 1, 1, 1, 1, 1, 1, 1, 1, 1, 2, 2, 1, 2, 1, 1, 1, 1, 1, 2, 1, 1, 1, 1, 1, 1, 1, 1, 1, 1, 1, 1, 1, 2, 1, 1, 2, 1, 1, 2, 1, 1, 1, 1, 1, 1, 2, 2, 1]
w=617663475071869056/590295810358705747841 [cg] doubles=41 n=215
  xk(2^-20 units)=[1047936, 1006904, 6824, 18952, 23296, 27424, 31528, 35608, 617176, 43944, 777072, 56344, 64576, 68720, 72896, 77168, 84464, 842944, 88728, 93088, 97520, 105032, 109248, 113600, 117912, 122144, 129472, 133728, 137912, 142048, 150488, 154768, 158952, 11184, 166560, 170944, 175200, 1039240, 187056, 191312, 195632, 203608, 220544, 216248, 1014336, 227832, 232096, 236304, 240456, 207928, 244776, 249104, 260608, 264888, 269136, 273336, 277704, 253360, 285568, 289936, 301792, 297528, 305992, 322576, 310312, 318240, 326672, 330784, 334856, 339000, 343136, 347328, 351504, 355776, 363000, 367280, 371520, 375688, 379872, 384112, 391784, 396224, 400496, 404640, 408816, 416584, 421088, 428920, 433304, 440808, 445104, 449328, 453592, 461184, 465544, 469672, 473784, 477880, 481968, 486088, 490184, 494280, 498376, 502656, 507048, 514472, 518752, 522952, 527336, 535128, 539456, 543656, 547936, 555736, 563768, 601368, 568104, 572256, 576592, 588648, 60464, 592960, 597120, 212064, 608736, 612992, 584264, 621352, 625592, 633320, 637664, 641800, 52240, 650128, 654288, 658424, 662784, 670464, 674704, 679048, 691312, 645976, 695720, 686880, 703208, 707448, 711824, 719520, 723776, 727952, 732096, 736432, 748352, 752552, 756728, 760864, 765232, 772848, 781384, 785704, 789976, 797192, 805696, 847096, 801496, 809880, 814024, 818160, 822280, 826416, 830536, 834640, 838800, 913376, 851240, 48176, 855592, 863648, 744104, 875936, 883696, 887928, 892096, 896264, 900424, 908944, 182656, 917800, 922384, 927032, 931632, 936072, 940424, 944688, 948896, 953080, 957280, 961464, 904592, 977552, 965632, 981888, 986208, 39688, 993912, 998304, 1002656, 871480, 1018648, 1022824, 1027088, 969896, 1034920, 1043528, 146200]
  m=[1, 1, 1, 2, 1, 1, 1, 1, 1, 2, 1, 1, 1, 1, 1, 1, 1, 1, 1, 2, 1, 1, 1, 2, 1, 1, 1, 1, 1, 1, 2, 1, 1, 1, 2, 1, 1, 1, 2, 1, 2, 2, 1, 1, 1, 1, 1, 1, 1, 1, 2, 1, 1, 1, 1, 1, 2, 1, 1, 1, 1, 1, 1, 1, 2, 2, 1, 1, 1, 1, 1, 1, 1, 1, 1, 1, 1, 1, 1, 1, 2, 2, 1, 1, 1, 2, 2, 1, 1, 1, 1, 1, 1, 2, 1, 1, 1, 1, 1, 1, 1, 1, 1, 2, 1, 1, 1, 1, 2, 1, 1, 1, 1, 2, 2, 1, 1, 1, 2, 2, 1, 1, 1, 1, 1, 1, 1, 1, 1, 2, 1, 1, 1, 1, 1, 1, 2, 1, 1, 2, 2, 1, 1, 1, 1, 1, 2, 1, 1, 1, 1, 2, 1, 1, 1, 1, 2, 1, 2, 1, 1, 1, 1, 1, 1, 1, 1, 1, 1, 1, 1, 1, 1, 1, 1, 1, 2, 2, 1, 2, 1, 1, 1, 1, 1, 2, 1, 1, 1, 1, 1, 1, 1, 1, 1, 1, 1, 1, 1, 2, 1, 1, 2, 1, 1, 2, 1, 1, 1, 1, 1, 1, 2, 2, 1]
w=652528269519085184/590295810358705747841 [cg] doubles=41 n=215
  xk(2^-20 units)=[3752, 7992, 175208, 19664, 23968, 28104, 32240, 36400, 40608, 48216, 52592, 56752, 60920, 65112, 69400, 76680, 80976, 85200, 89352, 93680, 98072, 134400, 109704, 114064, 105488, 118472, 125944, 130184, 138600, 142848, 150584, 154944, 159064, 429080, 163384, 167768, 666808, 769624, 188016, 195816, 200288, 208368, 314632, 216264, 220560, 224880, 232320, 236568, 240704, 244832, 253200, 904368, 257464, 261552, 265648, 269800, 274168, 281824, 286104, 290360, 297616, 301920, 306072, 347216, 310368, 318912, 330464, 334728, 338920, 343072, 323328, 351368, 355496, 359616, 363720, 367840, 371952, 376088, 380208, 384392, 392072, 396504, 404864, 183640, 409112, 416848, 421344, 15280, 433312, 437512, 441696, 445944, 453200, 457600, 461944, 466088, 470296, 474488, 478752, 486096, 490352, 494536, 498704, 503072, 510816, 515072, 519272, 523536, 531216, 535584, 539712, 543856, 547968, 552304, 560304, 400768, 572320, 719720, 580072, 584528, 588816, 597040, 601152, 605280, 609408, 613528, 617664, 621808, 626032, 633744, 638128, 642312, 646632, 653952, 658176, 179448, 662496, 670912, 564752, 675224, 683136, 687520, 691776, 699232, 703512, 707648, 712000, 723968, 248936, 732320, 592912, 740840, 748448, 752696, 756840, 760960, 765264, 728152, 777352, 781712, 785984, 793320, 797576, 801768, 805912, 810064, 814208, 818344, 822464, 826616, 830784, 834976, 839280, 846840, 851144, 855416, 863200, 867696, 875504, 879968, 998592, 887736, 891984, 896152, 900256, 908632, 912920, 917056, 921200, 925336, 929576, 936824, 941112, 945280, 949432, 953600, 957768, 961920, 966160, 973848, 978200, 982328, 986664, 994384, 736472, 1002944, 1014776, 1007392, 1019016, 1023176, 1027344, 1031496, 1035848, 1043776, 1048152]
  m=[1, 1, 1, 2, 1, 1, 1, 1, 1, 2, 1, 1, 1, 1, 1, 1, 1, 1, 1, 2, 1, 1, 1, 2, 1, 1, 1, 1, 1, 1, 2, 1, 1, 1, 2, 1, 1, 1, 2, 1, 2, 2, 1, 1, 1, 1, 1, 1, 1, 1, 2, 1, 1, 1, 1, 1, 2, 1, 1, 1, 1, 1, 1, 1, 2, 2, 1, 1, 1, 1, 1, 1, 1, 1, 1, 1, 1, 1, 1, 1, 2, 2, 1, 1, 1, 2, 2, 1, 1, 1, 1, 1, 1, 2, 1, 1, 1, 1, 1, 1, 1, 1, 1, 2, 1, 1, 1, 1, 2, 1, 1, 1, 1, 2, 2, 1, 1, 1, 2, 2, 1, 1, 1, 1, 1, 1, 1, 1, 1, 2, 1, 1, 1, 1, 1, 1, 2, 1, 1, 2, 2, 1, 1, 1, 1, 1, 2, 1, 1, 1, 1, 2, 1, 1, 1, 1, 2, 1, 2, 1, 1, 1, 1, 1, 1, 1, 1, 1, 1, 1, 1, 1, 1, 1, 1, 1, 2, 2, 1, 2, 1, 1, 1, 1, 1, 2, 1, 1, 1, 1, 1, 1, 1, 1, 1, 1, 1, 1, 1, 2, 1, 1, 2, 1, 1, 2, 1, 1, 1, 1, 1, 1, 2, 2, 1]
w=508468188732918656/590295810358705747841 [cg] doubles=41 n=215
  xk(2^-20 units)=[3400, 1006824, 150696, 15504, 19960, 27480, 31728, 35944, 617520, 44368, 769072, 60264, 64448, 68584, 72704, 76816, 80928, 789408, 85016, 93640, 98008, 105216, 109440, 113784, 118200, 125600, 129832, 133968, 138112, 142192, 146448, 154784, 158904, 7672, 163240, 170872, 175128, 179400, 187192, 191664, 199568, 207560, 220192, 216064, 846832, 224360, 228496, 232680, 236880, 241184, 89264, 252808, 261168, 265336, 269536, 273800, 281544, 257016, 285992, 293400, 297640, 301816, 305952, 310024, 314320, 318768, 326352, 330560, 334728, 338872, 342984, 347112, 351248, 355352, 359464, 248552, 371736, 375816, 379896, 383984, 388288, 396160, 400528, 404656, 408920, 428808, 420784, 433168, 437376, 441696, 449080, 363536, 453296, 457624, 461976, 466200, 473584, 477832, 482064, 486256, 490416, 494616, 498832, 506568, 510896, 515040, 519200, 523424, 531112, 535504, 539672, 543952, 551360, 555840, 563800, 604912, 568168, 572288, 576664, 588776, 416360, 56056, 593216, 211920, 609144, 613304, 584376, 621776, 629088, 633504, 637840, 642000, 48800, 650328, 654512, 658744, 666464, 670832, 675072, 682872, 687328, 646136, 691696, 699064, 703368, 707552, 711936, 719680, 723944, 728152, 732416, 740128, 748624, 752816, 810168, 757040, 764728, 773216, 777592, 785192, 367664, 793552, 797712, 965688, 805992, 801840, 600600, 814376, 818680, 825880, 830168, 834352, 838520, 842688, 850968, 855056, 859408, 867368, 744480, 875424, 879816, 884000, 888320, 895896, 900232, 908952, 913480, 918048, 922872, 927552, 932104, 936424, 940704, 944904, 949072, 953264, 957400, 961560, 904504, 970056, 977816, 982032, 986408, 40080, 994024, 998392, 1002696, 1011000, 1015200, 1019496, 1026760, 1031032, 1035408, 1043424, 1047792]
  m=[1, 1, 1, 2, 1, 1, 1, 1, 1, 2, 1, 1, 1, 1, 1, 1, 1, 1, 1, 2, 1, 1, 1, 2, 1, 1, 1, 1, 1, 1, 2, 1, 1, 1, 2, 1, 1, 1, 2, 1, 2, 2, 1, 1, 1, 1, 1, 1, 1, 1, 2, 1, 1, 1, 1, 1, 2, 1, 1, 1, 1, 1, 1, 1, 2, 2, 1, 1, 1, 1, 1, 1, 1, 1, 1, 1, 1, 1, 1, 1, 2, 2, 1, 1, 1, 2, 2, 1, 1, 1, 1, 1, 1, 2, 1, 1, 1, 1, 1, 1, 1, 1, 1, 2, 1, 1, 1, 1, 2, 1, 1, 1, 1, 2, 2, 1, 1, 1, 2, 2, 1, 1, 1, 1, 1, 1, 1, 1, 1, 2, 1, 1, 1, 1, 1, 1, 2, 1, 1, 2, 2, 1, 1, 1, 1, 1, 2, 1, 1, 1, 1, 2, 1, 1, 1, 1, 2, 1, 2, 1, 1, 1, 1, 1, 1, 1, 1, 1, 1, 1, 1, 1, 1, 1, 1, 1, 2, 2, 1, 2, 1, 1, 1, 1, 1, 2, 1, 1, 1, 1, 1, 1, 1, 1, 1, 1, 1, 1, 1, 2, 1, 1, 2, 1, 1, 2, 1, 1, 1, 1, 1, 1, 2, 2, 1]
w=1162493196036355072/590295810358705747841 [cg] doubles=41 n=215
  xk(2^-20 units)=[2880, 1010320, 7056, 15568, 23184, 27432, 31584, 35736, 617392, 44256, 780696, 56168, 64456, 68560, 72696, 76824, 80960, 223920, 85056, 89408, 97088, 101336, 105648, 113224, 117584, 121744, 125888, 130072, 134248, 138512, 150424, 154864, 162376, 11192, 166800, 171224, 178616, 182840, 187136, 191392, 195680, 203632, 433008, 219656, 1014584, 228104, 232272, 236448, 240624, 208000, 244976, 252552, 260992, 265184, 269440, 773256, 281240, 256816, 285544, 289696, 293872, 298064, 302288, 322416, 310072, 318048, 326552, 330728, 334872, 339080, 343320, 350624, 354896, 359120, 363312, 367472, 371648, 375808, 380072, 387384, 391776, 396224, 403960, 408192, 412328, 416680, 424560, 428880, 276824, 441256, 445392, 449528, 453760, 461424, 900312, 465808, 470016, 474288, 481720, 485984, 490184, 494344, 498472, 502760, 507064, 511224, 515432, 522824, 527240, 531680, 539280, 543600, 547920, 555800, 563928, 604712, 568272, 572496, 580240, 588816, 60312, 593136, 597384, 212232, 608984, 613176, 584536, 621576, 625824, 633480, 637832, 641952, 51912, 650248, 654376, 658496, 662832, 670528, 674760, 679112, 691352, 646112, 699072, 686904, 703312, 707496, 711872, 719496, 723776, 727928, 732064, 736368, 748176, 752464, 756704, 760992, 768784, 437128, 785096, 789408, 793528, 797648, 805872, 847008, 801760, 809976, 814072, 818200, 822296, 826384, 830504, 834616, 838744, 842864, 851136, 855376, 863072, 871136, 740792, 875640, 883472, 887760, 891944, 896128, 990240, 908840, 913272, 917656, 922176, 926736, 931312, 935800, 940176, 944448, 948696, 952896, 957064, 961248, 904488, 969752, 977448, 981656, 985944, 39904, 994312, 998592, 1003008, 146016, 1018784, 1022976, 1027232, 965392, 1035040, 1039520, 1047240]
  m=[1, 1, 1, 2, 1, 1, 1, 1, 1, 2, 1, 1, 1, 1, 1, 1, 1, 1, 1, 2, 1, 1, 1, 2, 1, 1, 1, 1, 1, 1, 2, 1, 1, 1, 2, 1, 1, 1, 2, 1, 2, 2, 1, 1, 1, 1, 1, 1, 1, 1, 2, 1, 1, 1, 1, 1, 2, 1, 1, 1, 1, 1, 1, 1, 2, 2, 1, 1, 1, 1, 1, 1, 1, 1, 1, 1, 1, 1, 1, 1, 2, 2, 1, 1, 1, 2, 2, 1, 1, 1, 1, 1, 1, 2, 1, 1, 1, 1, 1, 1, 1, 1, 1, 2, 1, 1, 1, 1, 2, 1, 1, 1, 1, 2, 2, 1, 1, 1, 2, 2, 1, 1, 1, 1, 1, 1, 1, 1, 1, 2, 1, 1, 1, 1, 1, 1, 2, 1, 1, 2, 2, 1, 1, 1, 1, 1, 2, 1, 1, 1, 1, 2, 1, 1, 1, 1, 2, 1, 2, 1, 1, 1, 1, 1, 1, 1, 1, 1, 1, 1, 1, 1, 1, 1, 1, 1, 2, 2, 1, 2, 1, 1, 1, 1, 1, 2, 1, 1, 1, 1, 1, 1, 1, 1, 1, 1, 1, 1, 1, 2, 1, 1, 2, 1, 1, 2, 1, 1, 1, 1, 1, 1, 2, 2, 1]
w=2425875249179187712/590295810358705747841 [cg] doubles=41 n=215
  xk(2^-20 units)=[2968, 1006992, 7104, 15608, 23304, 27552, 31744, 35912, 617480, 44368, 748640, 60112, 859536, 68544, 72712, 76840, 80976, 85120, 89232, 93568, 98000, 105312, 109584, 113976, 118384, 125712, 129992, 134192, 138376, 142512, 146864, 154552, 158768, 11256, 163120, 167472, 171736, 179080, 187712, 64376, 195736, 203880, 220160, 215976, 846952, 224320, 228456, 232608, 236720, 240840, 245136, 249560, 261120, 265336, 269528, 273808, 281472, 256864, 285808, 289976, 294168, 298456, 305768, 310016, 314400, 322296, 326632, 330728, 334824, 338944, 343064, 347176, 351296, 355432, 359576, 363728, 367944, 372240, 412520, 379592, 384016, 396392, 404104, 408344, 391928, 428872, 420992, 433208, 437336, 441488, 416656, 445672, 449936, 457624, 461984, 466176, 470472, 477744, 482032, 486232, 490408, 494544, 498656, 502952, 507280, 511520, 518840, 523120, 527520, 535256, 539512, 543680, 547840, 552168, 560152, 604776, 564600, 572056, 576496, 588728, 769168, 52968, 593128, 211728, 609080, 613296, 580912, 621616, 625784, 630128, 637776, 642016, 48704, 650384, 654528, 658680, 663000, 667424, 674664, 683288, 691176, 646216, 695512, 699648, 703816, 708048, 715584, 719896, 724048, 728240, 732456, 740112, 678912, 752832, 810552, 757104, 764808, 773288, 777672, 785280, 789504, 793688, 797872, 965832, 806264, 802064, 597408, 817848, 822136, 826344, 830488, 834624, 838744, 842864, 851032, 880160, 855288, 863832, 744480, 871672, 876016, 884400, 888680, 896128, 900456, 909128, 913584, 918016, 922544, 927104, 931624, 936032, 940376, 944680, 948928, 953160, 957376, 961600, 904736, 973456, 977824, 981976, 986312, 40040, 993984, 998376, 1002736, 1014424, 1018736, 1023000, 1027288, 1034768, 1039240, 1047200, 183336]
  m=[1, 1, 1, 2, 1, 1, 1, 1, 1, 2, 1, 1, 1, 1, 1, 1, 1, 1, 1, 2, 1, 1, 1, 2, 1, 1, 1, 1, 1, 1, 2, 1, 1, 1, 2, 1, 1, 1, 2, 1, 2, 2, 1, 1, 1, 1, 1, 1, 1, 1, 2, 1, 1, 1, 1, 1, 2, 1, 1, 1, 1, 1, 1, 1, 2, 2, 1, 1, 1, 1, 1, 1, 1, 1, 1, 1, 1, 1, 1, 1, 2, 2, 1, 1, 1, 2, 2, 1, 1, 1, 1, 1, 1, 2, 1, 1, 1, 1, 1, 1, 1, 1, 1, 2, 1, 1, 1, 1, 2, 1, 1, 1, 1, 2, 2, 1, 1, 1, 2, 2, 1, 1, 1, 1, 1, 1, 1, 1, 1, 2, 1, 1, 1, 1, 1, 1, 2, 1, 1, 2, 2, 1, 1, 1, 1, 1, 2, 1, 1, 1, 1, 2, 1, 1, 1, 1, 2, 1, 2, 1, 1, 1, 1, 1, 1, 1, 1, 1, 1, 1, 1, 1, 1, 1, 1, 1, 2, 2, 1, 2, 1, 1, 1, 1, 1, 2, 1, 1, 1, 1, 1, 1, 1, 1, 1, 1, 1, 1, 1, 2, 1, 1, 2, 1, 1, 2, 1, 1, 1, 1, 1, 1, 2, 2, 1]
w=314576479824340480/590295810358705747841 [cg] doubles=41 n=215
  xk(2^-20 units)=[2840, 1007072, 7000, 15512, 23200, 27464, 31656, 35872, 617280, 47744, 776752, 56232, 64520, 68704, 72880, 77144, 84472, 842832, 88712, 93080, 97472, 104880, 109152, 113560, 121256, 125504, 129648, 133792, 137912, 142040, 150408, 154696, 158896, 11160, 166472, 170856, 174984, 1039200, 183488, 191088, 195528, 203440, 220288, 216088, 1014432, 224544, 231872, 236152, 240344, 207784, 244672, 249104, 260720, 264912, 269120, 273288, 277664, 256448, 285448, 289744, 301544, 294064, 305800, 322424, 310184, 318096, 326536, 330656, 334760, 338888, 343016, 347168, 351352, 355544, 359768, 364056, 371288, 375528, 379728, 383888, 388240, 396168, 400480, 404632, 408848, 416640, 421152, 429016, 433360, 440680, 444992, 449184, 453328, 457640, 461976, 466224, 473400, 477720, 481912, 486080, 490224, 494376, 498504, 502872, 510376, 514608, 518760, 522896, 527208, 535792, 576056, 543176, 547512, 559640, 567656, 601488, 531544, 571992, 580320, 588816, 60392, 593088, 597240, 211936, 608800, 613080, 584552, 621448, 625608, 629992, 637608, 641848, 52104, 650224, 654408, 658656, 666336, 670672, 674792, 679144, 691216, 646056, 698920, 686816, 703184, 707344, 711688, 719320, 723584, 727768, 731928, 736272, 748200, 752368, 756536, 760672, 765008, 769384, 781168, 785528, 789800, 797144, 805608, 846992, 801400, 809760, 813912, 818032, 822168, 826304, 830432, 834560, 838680, 913680, 851152, 855400, 863104, 867648, 740712, 875712, 880192, 887752, 892088, 896304, 900560, 909224, 179144, 918104, 922600, 927104, 931568, 935944, 940264, 944528, 948768, 952952, 957144, 961336, 904808, 977576, 965552, 982056, 989808, 40096, 994136, 998424, 1002848, 146128, 1018624, 1022816, 1026968, 969824, 1031368, 1047048, 551808]
  m=[1, 1, 1, 2, 1, 1, 1, 1, 1, 2, 1, 1, 1, 1, 1, 1, 1, 1, 1, 2, 1, 1, 1, 2, 1, 1, 1, 1, 1, 1, 2, 1, 1, 1, 2, 1, 1, 1, 2, 1, 2, 2, 1, 1, 1, 1, 1, 1, 1, 1, 2, 1, 1, 1, 1, 1, 2, 1, 1, 1, 1, 1, 1, 1, 2, 2, 1, 1, 1, 1, 1, 1, 1, 1, 1, 1, 1, 1, 1, 1, 2, 2, 1, 1, 1, 2, 2, 1, 1, 1, 1, 1, 1, 2, 1, 1, 1, 1, 1, 1, 1, 1, 1, 2, 1, 1, 1, 1, 2, 1, 1, 1, 1, 2, 2, 1, 1, 1, 2, 2, 1, 1, 1, 1, 1, 1, 1, 1, 1, 2, 1, 1, 1, 1, 1, 1, 2, 1, 1, 2, 2, 1, 1, 1, 1, 1, 2, 1, 1, 1, 1, 2, 1, 1, 1, 1, 2, 1, 2, 1, 1, 1, 1, 1, 1, 1, 1, 1, 1, 1, 1, 1, 1, 1, 1, 1, 2, 2, 1, 2, 1, 1, 1, 1, 1, 2, 1, 1, 1, 1, 1, 1, 1, 1, 1, 1, 1, 1, 1, 2, 1, 1, 2, 1, 1, 2, 1, 1, 1, 1, 1, 1, 2, 2, 1]
w=722721775392958720/590295810358705747841 [cg] doubles=41 n=215
  xk(2^-20 units)=[7008, 11128, 15304, 19656, 27376, 31632, 35824, 40032, 44304, 52104, 822248, 56592, 64072, 68352, 72528, 76704, 80824, 84952, 89096, 93416, 97832, 105096, 109344, 113672, 118032, 122280, 129512, 133808, 138024, 142184, 146536, 150928, 158256, 162472, 166880, 171280, 178808, 183176, 191024, 195384, 199736, 207624, 211976, 216128, 220304, 224496, 228776, 236168, 240432, 244624, 248984, 253408, 260624, 264880, 269032, 273192, 277496, 281808, 285976, 290248, 297584, 301888, 306120, 310400, 318096, 322560, 326888, 331120, 338360, 342664, 346872, 351056, 355200, 359336, 363448, 367568, 371712, 375880, 380048, 384320, 392032, 396544, 404216, 408440, 412600, 416928, 424816, 429160, 433304, 437456, 441656, 445920, 453320, 457736, 462096, 466336, 473712, 477992, 482168, 486328, 490448, 494544, 498632, 506960, 511240, 515336, 519504, 523720, 531288, 535632, 539760, 543888, 548000, 552360, 560272, 564728, 572192, 728496, 576640, 584720, 589160, 593440, 600776, 604976, 609152, 613328, 617488, 621648, 625880, 633464, 637824, 641952, 646088, 650248, 654384, 658520, 662888, 670624, 674920, 682664, 687120, 691416, 695552, 699736, 704024, 711272, 715680, 760624, 724216, 735872, 740128, 744504, 748912, 756376, 720024, 838704, 764960, 769232, 773544, 781240, 785520, 789752, 794008, 801344, 805640, 809840, 813984, 818128, 502704, 826352, 830480, 834568, 842824, 846936, 851056, 855160, 859496, 867384, 871808, 879520, 883872, 888024, 892192, 896472, 903800, 908208, 912512, 916648, 920784, 924928, 929096, 933288, 937584, 944840, 949104, 953312, 957496, 961656, 965808, 970152, 977776, 981976, 986304, 990720, 998152, 1002576, 1007040, 1014600, 1018992, 1026360, 1030640, 1034848, 1039248, 1047112, 2872]
  m=[1, 1, 1, 2, 1, 1, 1, 1, 1, 2, 1, 1, 1, 1, 1, 1, 1, 1, 1, 2, 1, 1, 1, 2, 1, 1, 1, 1, 1, 1, 2, 1, 1, 1, 2, 1, 1, 1, 2, 1, 2, 2, 1, 1, 1, 1, 1, 1, 1, 1, 2, 1, 1, 1, 1, 1, 2, 1, 1, 1, 1, 1, 1, 1, 2, 2, 1, 1, 1, 1, 1, 1, 1, 1, 1, 1, 1, 1, 1, 1, 2, 2, 1, 1, 1, 2, 2, 1, 1, 1, 1, 1, 1, 2, 1, 1, 1, 1, 1, 1, 1, 1, 1, 2, 1, 1, 1, 1, 2, 1, 1, 1, 1, 2, 2, 1, 1, 1, 2, 2, 1, 1, 1, 1, 1, 1, 1, 1, 1, 2, 1, 1, 1, 1, 1, 1, 2, 1, 1, 2, 2, 1, 1, 1, 1, 1, 2, 1, 1, 1, 1, 2, 1, 1, 1, 1, 2, 1, 2, 1, 1, 1, 1, 1, 1, 1, 1, 1, 1, 1, 1, 1, 1, 1, 1, 1, 2, 2, 1, 2, 1, 1, 1, 1, 1, 2, 1, 1, 1, 1, 1, 1, 1, 1, 1, 1, 1, 1, 1, 2, 1, 1, 2, 1, 1, 2, 1, 1, 1, 1, 1, 1, 2, 2, 1]
w=1223831743817415680/590295810358705747841 [cg] doubles=41 n=215
  xk(2^-20 units)=[3408, 7712, 175184, 19432, 23760, 134400, 32056, 36216, 40448, 48112, 52464, 56656, 60880, 65184, 72528, 76808, 80992, 85160, 89328, 97856, 269448, 306360, 109768, 114176, 105544, 121856, 126088, 130240, 138504, 142648, 146968, 154592, 158816, 429144, 163200, 170912, 842928, 179344, 183744, 191392, 195824, 207888, 212184, 216320, 220464, 224592, 228776, 233080, 240256, 244480, 248800, 253080, 257160, 261264, 265368, 27896, 277888, 285528, 289776, 293968, 298104, 302248, 310496, 515144, 314848, 322800, 327256, 334656, 338912, 343168, 273552, 347400, 351752, 359120, 363400, 367592, 371768, 375936, 380128, 384360, 392032, 396544, 408496, 203480, 412640, 416992, 424800, 15032, 433288, 437440, 441624, 445856, 453160, 457552, 461856, 465960, 470080, 474176, 482384, 486488, 490624, 494720, 498840, 503208, 510904, 478280, 519352, 523584, 531240, 535584, 539720, 543880, 548032, 552432, 560496, 404232, 572568, 719592, 580360, 584832, 589152, 593408, 600832, 605144, 609392, 613680, 621064, 633984, 625328, 629672, 638128, 642280, 646488, 650752, 657968, 662208, 666544, 670816, 568256, 675104, 683064, 690848, 695120, 699296, 703456, 707592, 711944, 723816, 728008, 732152, 736312, 740656, 748336, 752544, 756696, 760824, 765136, 769520, 777176, 781544, 789968, 785728, 797280, 801544, 805752, 809928, 814064, 818192, 822288, 826400, 830504, 834616, 838768, 847128, 851368, 858752, 863192, 871240, 875560, 879904, 93504, 887600, 891848, 896056, 900296, 907976, 912344, 916496, 920632, 924800, 928992, 933264, 940544, 944864, 949048, 953224, 957376, 961536, 965680, 970008, 977744, 981984, 986328, 990736, 998192, 1002616, 1014472, 1007072, 1018744, 1022936, 1027080, 1031224, 1035552, 1043440, 1047808]
  m=[1, 1, 1, 2, 1, 1, 1, 1, 1, 2, 1, 1, 1, 1, 1, 1, 1, 1, 1, 2, 1, 1, 1, 2, 1, 1, 1, 1, 1, 1, 2, 1, 1, 1, 2, 1, 1, 1, 2, 1, 2, 2, 1, 1, 1, 1, 1, 1, 1, 1, 2, 1, 1, 1, 1, 1, 2, 1, 1, 1, 1, 1, 1, 1, 2, 2, 1, 1, 1, 1, 1, 1, 1, 1, 1, 1, 1, 1, 1, 1, 2, 2, 1, 1, 1, 2, 2, 1, 1, 1, 1, 1, 1, 2, 1, 1, 1, 1, 1, 1, 1, 1, 1, 2, 1, 1, 1, 1, 2, 1, 1, 1, 1, 2, 2, 1, 1, 1, 2, 2, 1, 1, 1, 1, 1, 1, 1, 1, 1, 2, 1, 1, 1, 1, 1, 1, 2, 1, 1, 2, 2, 1, 1, 1, 1, 1, 2, 1, 1, 1, 1, 2, 1, 1, 1, 1, 2, 1, 2, 1, 1, 1, 1, 1, 1, 1, 1, 1, 1, 1, 1, 1, 1, 1, 1, 1, 2, 2, 1, 2, 1, 1, 1, 1, 1, 2, 1, 1, 1, 1, 1, 1, 1, 1, 1, 1, 1, 1, 1, 2, 1, 1, 2, 1, 1, 2, 1, 1, 1, 1, 1, 1, 2, 2, 1]
w=1520299824612363776/590295810358705747841 [cg] doubles=41 n=215
  xk(2^-20 units)=[2928, 1006912, 7112, 19112, 23464, 27616, 35936, 809848, 617432, 47816, 776800, 56296, 64592, 68760, 72968, 77240, 84552, 842904, 88792, 93160, 97584, 104896, 109136, 113496, 117920, 125192, 129448, 133632, 137784, 141904, 150280, 154600, 158792, 11376, 166512, 170904, 175168, 1039176, 187040, 191320, 195648, 203504, 220272, 216096, 1014272, 224544, 231904, 236168, 240368, 207816, 244728, 252448, 260832, 264992, 269144, 273296, 277648, 256664, 285344, 289608, 293848, 298144, 305544, 322296, 309992, 317928, 326432, 330584, 334704, 338880, 343064, 347384, 354704, 358968, 363168, 367320, 371504, 375624, 379768, 896288, 388184, 396216, 400672, 408128, 412424, 416824, 424800, 429160, 433368, 437664, 444904, 449200, 453376, 457696, 462128, 469424, 473680, 477856, 482024, 486168, 490312, 494440, 498560, 502872, 507288, 514544, 518808, 523016, 527368, 535056, 797232, 543504, 547664, 556160, 564080, 601656, 568432, 572664, 580312, 588904, 60448, 593216, 597392, 211952, 608944, 613216, 584616, 621592, 625744, 630112, 637704, 641936, 52160, 650272, 654400, 658536, 662856, 667280, 674592, 679040, 691248, 646112, 695584, 686840, 699840, 707216, 711648, 719392, 723696, 727904, 732184, 739896, 748432, 752640, 539336, 756944, 764784, 769248, 781232, 785592, 789848, 892096, 805688, 847096, 801496, 383872, 813992, 818144, 822240, 826392, 830512, 834616, 838744, 913472, 851376, 858552, 862920, 867368, 744256, 875968, 883640, 887888, 31744, 871624, 900496, 909064, 182624, 917824, 922288, 926824, 931336, 935776, 940128, 944432, 948704, 952904, 957120, 961304, 904680, 977576, 965520, 982016, 989720, 40176, 994040, 998328, 1002656, 146016, 1018600, 1022784, 1026976, 969808, 1031344, 1047096, 551808]
  m=[1, 1, 1, 2, 1, 1, 1, 1, 1, 2, 1, 1, 1, 1, 1, 1, 1, 1, 1, 2, 1, 1, 1, 2, 1, 1, 1, 1, 1, 1, 2, 1, 1, 1, 2, 1, 1, 1, 2, 1, 2, 2, 1, 1, 1, 1, 1, 1, 1, 1, 2, 1, 1, 1, 1, 1, 2, 1, 1, 1, 1, 1, 1, 1, 2, 2, 1, 1, 1, 1, 1, 1, 1, 1, 1, 1, 1, 1, 1, 1, 2, 2, 1, 1, 1, 2, 2, 1, 1, 1, 1, 1, 1, 2, 1, 1, 1, 1, 1, 1, 1, 1, 1, 2, 1, 1, 1, 1, 2, 1, 1, 1, 1, 2, 2, 1, 1, 1, 2, 2, 1, 1, 1, 1, 1, 1, 1, 1, 1, 2, 1, 1, 1, 1, 1, 1, 2, 1, 1, 2, 2, 1, 1, 1, 1, 1, 2, 1, 1, 1, 1, 2, 1, 1, 1, 1, 2, 1, 2, 1, 1, 1, 1, 1, 1, 1, 1, 1, 1, 1, 1, 1, 1, 1, 1, 1, 2, 2, 1, 2, 1, 1, 1, 1, 1, 2, 1, 1, 1, 1, 1, 1, 1, 1, 1, 1, 1, 1, 1, 2, 1, 1, 2, 1, 1, 2, 1, 1, 1, 1, 1, 1, 2, 2, 1]
w=142471192672417536/590295810358705747841 [cg] doubles=41 n=215
  xk(2^-20 units)=[84848, 10664, 14880, 19192, 27560, 31632, 35728, 39856, 43960, 52440, 899888, 59984, 64216, 68368, 72504, 76616, 80744, 23472, 88944, 93232, 100904, 318672, 105168, 113656, 118096, 125400, 129704, 133888, 138088, 142248, 146608, 154240, 158496, 162632, 166984, 171384, 178816, 183048, 187408, 191800, 199536, 204040, 211744, 216016, 220208, 224432, 228728, 236024, 240320, 244512, 248880, 253312, 260616, 264888, 269064, 273224, 277544, 109336, 286128, 293240, 297536, 301720, 305888, 310000, 314304, 326304, 330624, 334736, 338848, 342968, 347096, 351216, 355360, 359464, 363576, 367736, 371904, 376096, 380376, 387832, 392360, 400400, 404880, 412360, 416592, 420904, 425392, 281880, 433184, 437496, 444944, 449224, 453400, 457744, 462096, 466368, 473592, 477856, 482088, 486304, 490512, 494800, 501992, 506416, 510728, 514856, 519000, 523136, 527488, 535184, 539464, 543704, 547968, 555792, 563792, 580896, 568120, 731672, 576520, 588400, 592768, 596888, 601072, 605264, 609472, 1010480, 613776, 621208, 625512, 629888, 634336, 641768, 646016, 650248, 572232, 658656, 666328, 670656, 682664, 675000, 687032, 691352, 695520, 699816, 707040, 711296, 715656, 756488, 724320, 735944, 740136, 744528, 752240, 986112, 720040, 838608, 764984, 654432, 777120, 781464, 785736, 793024, 797288, 801480, 805632, 809784, 813904, 818032, 822128, 826248, 830360, 834488, 842720, 846840, 850968, 855064, 859384, 867360, 871792, 879560, 884008, 891416, 895680, 772704, 904016, 908368, 916032, 48096, 990224, 924760, 928912, 933192, 940432, 944768, 948976, 953192, 957408, 961632, 977856, 969344, 973688, 981960, 920440, 994352, 998464, 1002784, 760640, 1034832, 1018912, 1023112, 1027400, 1014720, 1039304, 1047376, 3256]
  m=[1, 1, 1, 2, 1, 1, 1, 1, 1, 2, 1, 1, 1, 1, 1, 1, 1, 1, 1, 2, 1, 1, 1, 2, 1, 1, 1, 1, 1, 1, 2, 1, 1, 1, 2, 1, 1, 1, 2, 1, 2, 2, 1, 1, 1, 1, 1, 1, 1, 1, 2, 1, 1, 1, 1, 1, 2, 1, 1, 1, 1, 1, 1, 1, 2, 2, 1, 1, 1, 1, 1, 1, 1, 1, 1, 1, 1, 1, 1, 1, 2, 2, 1, 1, 1, 2, 2, 1, 1, 1, 1, 1, 1, 2, 1, 1, 1, 1, 1, 1, 1, 1, 1, 2, 1, 1, 1, 1, 2, 1, 1, 1, 1, 2, 2, 1, 1, 1, 2, 2, 1, 1, 1, 1, 1, 1, 1, 1, 1, 2, 1, 1, 1, 1, 1, 1, 2, 1, 1, 2, 2, 1, 1, 1, 1, 1, 2, 1, 1, 1, 1, 2, 1, 1, 1, 1, 2, 1, 2, 1, 1, 1, 1, 1, 1, 1, 1, 1, 1, 1, 1, 1, 1, 1, 1, 1, 2, 2, 1, 2, 1, 1, 1, 1, 1, 2, 1, 1, 1, 1, 1, 1, 1, 1, 1, 1, 1, 1, 1, 2, 1, 1, 2, 1, 1, 2, 1, 1, 1, 1, 1, 1, 2, 2, 1]
w=2541490037134642688/590295810358705747841 [cg] doubles=41 n=215
  xk(2^-20 units)=[3632, 7912, 175192, 19864, 52728, 27616, 31840, 35992, 44176, 48456, 40088, 56840, 60992, 65168, 69464, 76744, 80992, 85208, 89344, 93736, 101344, 134352, 109768, 114096, 105592, 118520, 125848, 130144, 138528, 142688, 147040, 154776, 158992, 429248, 163368, 167784, 843048, 769728, 188016, 195680, 200120, 208008, 212344, 216480, 220648, 224808, 229008, 233304, 240528, 244800, 253280, 904800, 257536, 261624, 265720, 269824, 274176, 281768, 286008, 290232, 294552, 301944, 306184, 347176, 310568, 318528, 330416, 334712, 338888, 343040, 323032, 351312, 355440, 359552, 363656, 367800, 371936, 376080, 380224, 384424, 392128, 396576, 405120, 183616, 412496, 416920, 424888, 15424, 433392, 437576, 441760, 446048, 453376, 457784, 462112, 466232, 470384, 474536, 478688, 482888, 487176, 494424, 498680, 503032, 507400, 511656, 519056, 523304, 527704, 535440, 539712, 543864, 548024, 552408, 560336, 400904, 572192, 716584, 576632, 584600, 691408, 597240, 601400, 605584, 609800, 847184, 614088, 621552, 625872, 630280, 638040, 642304, 646520, 650712, 654968, 179432, 662800, 670584, 564784, 675032, 682984, 687320, 695544, 699656, 703768, 707856, 712168, 723984, 248968, 732592, 593088, 740320, 748776, 752888, 756984, 761064, 765368, 728304, 777304, 781688, 785864, 790160, 797408, 801656, 805856, 810016, 814168, 818296, 822424, 826552, 830664, 834784, 838936, 896392, 851304, 855400, 859744, 867608, 872048, 879624, 998552, 888088, 892224, 883968, 900552, 912400, 588944, 916760, 920920, 925104, 929376, 936744, 941056, 945240, 949400, 953560, 957704, 961824, 965976, 970304, 978040, 982368, 990080, 994424, 744648, 1002856, 1014640, 1007312, 1018936, 1023112, 1027264, 1031408, 1035736, 1043672, 1048032]
  m=[1, 1, 1, 2, 1, 1, 1, 1, 1, 2, 1, 1, 1, 1, 1, 1, 1, 1, 1, 2, 1, 1, 1, 2, 1, 1, 1, 1, 1, 1, 2, 1, 1, 1, 2, 1, 1, 1, 2, 1, 2, 2, 1, 1, 1, 1, 1, 1, 1, 1, 2, 1, 1, 1, 1, 1, 2, 1, 1, 1, 1, 1, 1, 1, 2, 2, 1, 1, 1, 1, 1, 1, 1, 1, 1, 1, 1, 1, 1, 1, 2, 2, 1, 1, 1, 2, 2, 1, 1, 1, 1, 1, 1, 2, 1, 1, 1, 1, 1, 1, 1, 1, 1, 2, 1, 1, 1, 1, 2, 1, 1, 1, 1, 2, 2, 1, 1, 1, 2, 2, 1, 1, 1, 1, 1, 1, 1, 1, 1, 2, 1, 1, 1, 1, 1, 1, 2, 1, 1, 2, 2, 1, 1, 1, 1, 1, 2, 1, 1, 1, 1, 2, 1, 1, 1, 1, 2, 1, 2, 1, 1, 1, 1, 1, 1, 1, 1, 1, 1, 1, 1, 1, 1, 1, 1, 1, 2, 2, 1, 2, 1, 1, 1, 1, 1, 2, 1, 1, 1, 1, 1, 1, 1, 1, 1, 1, 1, 1, 1, 2, 1, 1, 2, 1, 1, 2, 1, 1, 1, 1, 1, 1, 2, 2, 1]
w=115732988237135888/590295810358705747841 [cg] doubles=41 n=215
  xk(2^-20 units)=[6688, 1010144, 10832, 15160, 19592, 26976, 31256, 35480, 43944, 51648, 55984, 60112, 64248, 68360, 72480, 76624, 80768, 84928, 89152, 96800, 101160, 105320, 109568, 117200, 121560, 125720, 129912, 637584, 134184, 145816, 150192, 154552, 158816, 166112, 170536, 174872, 179104, 650368, 186912, 191376, 199192, 207168, 219848, 215672, 847032, 224064, 228360, 235544, 239824, 252544, 248272, 256648, 260776, 264896, 682456, 269032, 280992, 716056, 285400, 289696, 297104, 301376, 305568, 309728, 314080, 321984, 326328, 330456, 334640, 338800, 342984, 347280, 354568, 358856, 363064, 141552, 367232, 375528, 379696, 383840, 388192, 396208, 403992, 408312, 412600, 420344, 424864, 432456, 436704, 440888, 445056, 449248, 453504, 461096, 465448, 469584, 473744, 477896, 482080, 486264, 490528, 497752, 501984, 506336, 510664, 514856, 519104, 526400, 530800, 535120, 675032, 543392, 547520, 551856, 559776, 604992, 564232, 571752, 576192, 588384, 273288, 596752, 600872, 211528, 609088, 613208, 617320, 621448, 625576, 629920, 592672, 641856, 646072, 539248, 657664, 661904, 666224, 793144, 707288, 670656, 686920, 739936, 694664, 698928, 703136, 243968, 711640, 723128, 727400, 731576, 735752, 744304, 751992, 756248, 371384, 760552, 768352, 772696, 777032, 784752, 788984, 583984, 797312, 801448, 805608, 809728, 813840, 817952, 822048, 826168, 830296, 834424, 838592, 842776, 854408, 858672, 863000, 867464, 875152, 879552, 883928, 888208, 895640, 899928, 904168, 908568, 913008, 917376, 921888, 926464, 931048, 935528, 939944, 944272, 948520, 952744, 956936, 961160, 965448, 973248, 977624, 981872, 989528, 39680, 993888, 998200, 1002632, 1014480, 1018824, 1026288, 1030584, 1034768, 1039088, 1043544, 2472]
  m=[1, 1, 1, 2, 1, 1, 1, 1, 1, 2, 1, 1, 1, 1, 1, 1, 1, 1, 1, 2, 1, 1, 1, 2, 1, 1, 1, 1, 1, 1, 2, 1, 1, 1, 2, 1, 1, 1, 2, 1, 2, 2, 1, 1, 1, 1, 1, 1, 1, 1, 2, 1, 1, 1, 1, 1, 2, 1, 1, 1, 1, 1, 1, 1, 2, 2, 1, 1, 1, 1, 1, 1, 1, 1, 1, 1, 1, 1, 1, 1, 2, 2, 1, 1, 1, 2, 2, 1, 1, 1, 1, 1, 1, 2, 1, 1, 1, 1, 1, 1, 1, 1, 1, 2, 1, 1, 1, 1, 2, 1, 1, 1, 1, 2, 2, 1, 1, 1, 2, 2, 1, 1, 1, 1, 1, 1, 1, 1, 1, 2, 1, 1, 1, 1, 1, 1, 2, 1, 1, 2, 2, 1, 1, 1, 1, 1, 2, 1, 1, 1, 1, 2, 1, 1, 1, 1, 2, 1, 2, 1, 1, 1, 1, 1, 1, 1, 1, 1, 1, 1, 1, 1, 1, 1, 1, 1, 2, 2, 1, 2, 1, 1, 1, 1, 1, 2, 1, 1, 1, 1, 1, 1, 1, 1, 1, 1, 1, 1, 1, 2, 1, 1, 2, 1, 1, 2, 1, 1, 1, 1, 1, 1, 2, 2, 1]
w=192840902689861536/590295810358705747841 [cg] doubles=41 n=215
  xk(2^-20 units)=[6808, 1010280, 10944, 15296, 22976, 27216, 31408, 35560, 43896, 48248, 52696, 60160, 64576, 913144, 72256, 76560, 80816, 85112, 92472, 96896, 101216, 105352, 109584, 117200, 121568, 125696, 129816, 133952, 138096, 142216, 146552, 154280, 158576, 162840, 170568, 174904, 179016, 650312, 183376, 788912, 199504, 203944, 219920, 215712, 990144, 224128, 228440, 235792, 240056, 252784, 248504, 256880, 260976, 265080, 682696, 269168, 273480, 277888, 285192, 289504, 293736, 298056, 305528, 309800, 314184, 322120, 326448, 330560, 334704, 338864, 343008, 347200, 351480, 358744, 362992, 367192, 371368, 375512, 379680, 383816, 388152, 396160, 404000, 408272, 412544, 420248, 424776, 432456, 436696, 440864, 445008, 449176, 453320, 457656, 462072, 469376, 473672, 477896, 482104, 486304, 490600, 497896, 502152, 506472, 510784, 514888, 519032, 719560, 530744, 535128, 670688, 543464, 547616, 551976, 559920, 605032, 564368, 571880, 576288, 588352, 592688, 596816, 994360, 211512, 609144, 613280, 617424, 621544, 625680, 630024, 637680, 641960, 646136, 539272, 654496, 658760, 666368, 793232, 707368, 675016, 687120, 739832, 691552, 698912, 703192, 244208, 711744, 1006128, 723872, 728088, 732408, 744192, 748512, 752672, 756952, 764192, 768592, 772880, 777192, 781608, 191016, 580704, 797448, 801680, 805984, 195192, 813424, 817704, 821896, 826080, 830248, 834384, 838544, 842720, 851040, 855296, 862976, 867472, 875208, 879608, 846856, 888160, 892448, 899904, 904240, 908664, 600912, 917624, 922272, 926936, 931504, 935904, 940224, 944504, 948712, 952912, 957096, 961280, 965504, 973136, 977472, 981560, 985840, 39736, 883952, 1001816, 523248, 1014416, 1018608, 1022800, 1027056, 1034432, 1038888, 1046912, 2672]
  m=[1, 1, 1, 2, 1, 1, 1, 1, 1, 2, 1, 1, 1, 1, 1, 1, 1, 1, 1, 2, 1, 1, 1, 2, 1, 1, 1, 1, 1, 1, 2, 1, 1, 1, 2, 1, 1, 1, 2, 1, 2, 2, 1, 1, 1, 1, 1, 1, 1, 1, 2, 1, 1, 1, 1, 1, 2, 1, 1, 1, 1, 1, 1, 1, 2, 2, 1, 1, 1, 1, 1, 1, 1, 1, 1, 1, 1, 1, 1, 1, 2, 2, 1, 1, 1, 2, 2, 1, 1, 1, 1, 1, 1, 2, 1, 1, 1, 1, 1, 1, 1, 1, 1, 2, 1, 1, 1, 1, 2, 1, 1, 1, 1, 2, 2, 1, 1, 1, 2, 2, 1, 1, 1, 1, 1, 1, 1, 1, 1, 2, 1, 1, 1, 1, 1, 1, 2, 1, 1, 2, 2, 1, 1, 1, 1, 1, 2, 1, 1, 1, 1, 2, 1, 1, 1, 1, 2, 1, 2, 1, 1, 1, 1, 1, 1, 1, 1, 1, 1, 1, 1, 1, 1, 1, 1, 1, 2, 2, 1, 2, 1, 1, 1, 1, 1, 2, 1, 1, 1, 1, 1, 1, 1, 1, 1, 1, 1, 1, 1, 2, 1, 1, 2, 1, 1, 2, 1, 1, 1, 1, 1, 1, 2, 2, 1]
w=143148619155444128/590295810358705747841 [cg] doubles=41 n=215
  xk(2^-20 units)=[3056, 1010416, 7216, 19056, 23384, 27512, 31632, 35776, 617632, 44272, 780656, 56144, 64440, 68576, 72720, 174792, 80968, 223984, 85088, 89432, 97104, 101408, 105680, 113424, 117784, 121968, 126256, 76848, 133560, 142000, 150392, 154672, 158760, 11432, 163072, 167464, 137824, 179048, 183424, 191184, 195656, 203680, 433264, 219768, 1014616, 228152, 232328, 236488, 240640, 208144, 244992, 252552, 260952, 265104, 269264, 773288, 277784, 256784, 285432, 289680, 293928, 298200, 305552, 322360, 310024, 318016, 326520, 330712, 334888, 339168, 346456, 350728, 354936, 359120, 363304, 367432, 371616, 375784, 380048, 387264, 391640, 396048, 404352, 400288, 412512, 416832, 424696, 429040, 273424, 408432, 445056, 449384, 453720, 461584, 551656, 466064, 473472, 477728, 481920, 486072, 490208, 494328, 498456, 502752, 507048, 511176, 515424, 522768, 527200, 531592, 535856, 543200, 547472, 556016, 564000, 601544, 568352, 572576, 580192, 588800, 60312, 593104, 597264, 215520, 608968, 613280, 584520, 624936, 629184, 633528, 637848, 641952, 51896, 650216, 654368, 658488, 662840, 670464, 674704, 679064, 691192, 646096, 695616, 686776, 703040, 707304, 711680, 719424, 723688, 727864, 732032, 736384, 748400, 752624, 756912, 764416, 768848, 437544, 785064, 789384, 793488, 797624, 805824, 847152, 801728, 809936, 814048, 818176, 822272, 826384, 830512, 834640, 838784, 842952, 851416, 858760, 863224, 871304, 744088, 879360, 883720, 887864, 892048, 896224, 900400, 908992, 913448, 917872, 922416, 926984, 931504, 935912, 940240, 944520, 948752, 952936, 957144, 961312, 904592, 969872, 977640, 981984, 989784, 39904, 994104, 998472, 1006160, 146120, 1018816, 1023008, 1027296, 965488, 1035160, 1043136, 1047496]
  m=[1, 1, 1, 2, 1, 1, 1, 1, 1, 2, 1, 1, 1, 1, 1, 1, 1, 1, 1, 2, 1, 1, 1, 2, 1, 1, 1, 1, 1, 1, 2, 1, 1, 1, 2, 1, 1, 1, 2, 1, 2, 2, 1, 1, 1, 1, 1, 1, 1, 1, 2, 1, 1, 1, 1, 1, 2, 1, 1, 1, 1, 1, 1, 1, 2, 2, 1, 1, 1, 1, 1, 1, 1, 1, 1, 1, 1, 1, 1, 1, 2, 2, 1, 1, 1, 2, 2, 1, 1, 1, 1, 1, 1, 2, 1, 1, 1, 1, 1, 1, 1, 1, 1, 2, 1, 1, 1, 1, 2, 1, 1, 1, 1, 2, 2, 1, 1, 1, 2, 2, 1, 1, 1, 1, 1, 1, 1, 1, 1, 2, 1, 1, 1, 1, 1, 1, 2, 1, 1, 2, 2, 1, 1, 1, 1, 1, 2, 1, 1, 1, 1, 2, 1, 1, 1, 1, 2, 1, 2, 1, 1, 1, 1, 1, 1, 1, 1, 1, 1, 1, 1, 1, 1, 1, 1, 1, 2, 2, 1, 2, 1, 1, 1, 1, 1, 2, 1, 1, 1, 1, 1, 1, 1, 1, 1, 1, 1, 1, 1, 2, 1, 1, 2, 1, 1, 2, 1, 1, 1, 1, 1, 1, 2, 2, 1]
w=1065251395355881344/590295810358705747841 [cg] doubles=41 n=215
  xk(2^-20 units)=[3384, 7536, 171936, 16120, 23736, 27960, 32120, 36296, 40528, 48192, 52568, 56728, 60920, 65192, 72520, 76832, 81024, 85216, 89368, 93744, 101432, 134488, 109856, 114216, 11720, 121904, 126152, 130320, 138648, 142784, 147128, 154792, 159000, 425480, 163336, 167696, 863528, 179192, 187800, 192208, 199904, 204400, 212096, 216336, 245072, 224608, 228720, 232832, 236920, 241024, 249328, 253584, 257632, 261736, 265848, 269952, 274312, 282104, 286440, 293904, 298200, 302352, 306496, 367968, 310792, 319288, 330880, 335136, 339360, 343600, 323704, 347888, 355368, 359632, 363776, 315040, 372096, 376216, 429688, 380360, 384696, 392640, 404496, 183440, 408760, 413168, 421120, 650512, 699736, 433960, 441272, 445576, 449752, 454120, 461728, 465960, 470128, 474264, 482560, 486736, 490904, 495144, 691480, 502816, 507192, 511344, 515528, 519784, 527432, 531776, 535920, 540104, 544352, 552144, 560224, 397072, 568856, 720080, 576648, 584744, 589144, 593440, 600800, 605096, 609280, 613472, 617624, 621768, 625928, 630272, 637976, 642216, 646368, 756448, 654624, 658768, 663096, 670760, 564592, 675168, 683056, 687392, 695600, 826496, 703872, 708080, 715736, 724256, 728448, 777888, 732704, 740472, 744880, 749152, 912768, 760696, 765016, 769288, 773552, 782136, 789336, 793624, 797856, 802080, 806304, 220480, 810616, 817960, 822264, 478424, 830664, 834840, 839016, 847360, 851600, 843192, 859216, 867792, 872056, 876376, 933448, 888184, 892344, 896528, 900784, 908416, 1023680, 916896, 921016, 925152, 929288, 883968, 937600, 941784, 946064, 953360, 957664, 961872, 966136, 973832, 978176, 982304, 986616, 990984, 998248, 1002664, 1011104, 1006984, 1015264, 1019432, 105672, 1031032, 1035432, 1047600, 1039864]
  m=[1, 1, 1, 2, 1, 1, 1, 1, 1, 2, 1, 1, 1, 1, 1, 1, 1, 1, 1, 2, 1, 1, 1, 2, 1, 1, 1, 1, 1, 1, 2, 1, 1, 1, 2, 1, 1, 1, 2, 1, 2, 2, 1, 1, 1, 1, 1, 1, 1, 1, 2, 1, 1, 1, 1, 1, 2, 1, 1, 1, 1, 1, 1, 1, 2, 2, 1, 1, 1, 1, 1, 1, 1, 1, 1, 1, 1, 1, 1, 1, 2, 2, 1, 1, 1, 2, 2, 1, 1, 1, 1, 1, 1, 2, 1, 1, 1, 1, 1, 1, 1, 1, 1, 2, 1, 1, 1, 1, 2, 1, 1, 1, 1, 2, 2, 1, 1, 1, 2, 2, 1, 1, 1, 1, 1, 1, 1, 1, 1, 2, 1, 1, 1, 1, 1, 1, 2, 1, 1, 2, 2, 1, 1, 1, 1, 1, 2, 1, 1, 1, 1, 2, 1, 1, 1, 1, 2, 1, 2, 1, 1, 1, 1, 1, 1, 1, 1, 1, 1, 1, 1, 1, 1, 1, 1, 1, 2, 2, 1, 2, 1, 1, 1, 1, 1, 2, 1, 1, 1, 1, 1, 1, 1, 1, 1, 1, 1, 1, 1, 2, 1, 1, 2, 1, 1, 2, 1, 1, 1, 1, 1, 1, 2, 2, 1]
w=109594968051091136/590295810358705747841 [cg] doubles=41 n=215
  xk(2^-20 units)=[3432, 7576, 175016, 19584, 24016, 35568, 28264, 769168, 39800, 48256, 52544, 56640, 60784, 64960, 69248, 76504, 80784, 85008, 89168, 93584, 101288, 43952, 109872, 117632, 11816, 121992, 126128, 130280, 138560, 142688, 147056, 154696, 158928, 425584, 163296, 167712, 843352, 179288, 187872, 195568, 199992, 207912, 212256, 216400, 220536, 224712, 228904, 233184, 240448, 244696, 249024, 253312, 257432, 261552, 265696, 269824, 274224, 282120, 289632, 293952, 298168, 302344, 306496, 347408, 310840, 318792, 330800, 334976, 339128, 343264, 326552, 351520, 355632, 359736, 363856, 367960, 372016, 376128, 429744, 380216, 384456, 388912, 404832, 183488, 408960, 413288, 421216, 134416, 699400, 434008, 441352, 445656, 449968, 457712, 462056, 466176, 470280, 474392, 482624, 486752, 490872, 495000, 585064, 499360, 507072, 511352, 515640, 523096, 527528, 531880, 536120, 543528, 547808, 552184, 560128, 400696, 568560, 716432, 572864, 580744, 589192, 593352, 597544, 601848, 609184, 613456, 617664, 621816, 625976, 630312, 638192, 642584, 649960, 756584, 654248, 658464, 662840, 670600, 564456, 675032, 683128, 690944, 695208, 826608, 703568, 707712, 712032, 723688, 727984, 777832, 732176, 740704, 748256, 752448, 912504, 760672, 764936, 736336, 773416, 785120, 789392, 793584, 797744, 801896, 806024, 810144, 814256, 818376, 822472, 478512, 830736, 834880, 839064, 850712, 854944, 875632, 859280, 863744, 871432, 880016, 933256, 887784, 892104, 896384, 903760, 908176, 1027088, 916624, 920776, 924928, 929096, 396464, 937480, 941760, 948952, 953264, 957480, 961704, 965976, 973624, 977984, 982088, 986376, 990672, 994912, 1002576, 1011152, 1006960, 1015432, 1022784, 105592, 1031280, 1035640, 1043528, 1047872]
  m=[1, 1, 1, 2, 1, 1, 1, 1, 1, 2, 1, 1, 1, 1, 1, 1, 1, 1, 1, 2, 1, 1, 1, 2, 1, 1, 1, 1, 1, 1, 2, 1, 1, 1, 2, 1, 1, 1, 2, 1, 2, 2, 1, 1, 1, 1, 1, 1, 1, 1, 2, 1, 1, 1, 1, 1, 2, 1, 1, 1, 1, 1, 1, 1, 2, 2, 1, 1, 1, 1, 1, 1, 1, 1, 1, 1, 1, 1, 1, 1, 2, 2, 1, 1, 1, 2, 2, 1, 1, 1, 1, 1, 1, 2, 1, 1, 1, 1, 1, 1, 1, 1, 1, 2, 1, 1, 1, 1, 2, 1, 1, 1, 1, 2, 2, 1, 1, 1, 2, 2, 1, 1, 1, 1, 1, 1, 1, 1, 1, 2, 1, 1, 1, 1, 1, 1, 2, 1, 1, 2, 2, 1, 1, 1, 1, 1, 2, 1, 1, 1, 1, 2, 1, 1, 1, 1, 2, 1, 2, 1, 1, 1, 1, 1, 1, 1, 1, 1, 1, 1, 1, 1, 1, 1, 1, 1, 2, 2, 1, 2, 1, 1, 1, 1, 1, 2, 1, 1, 1, 1, 1, 1, 1, 1, 1, 1, 1, 1, 1, 2, 1, 1, 2, 1, 1, 2, 1, 1, 1, 1, 1, 1, 2, 2, 1]
w=1609429235671931392/590295810358705747841 [cg] doubles=41 n=215
  xk(2^-20 units)=[2984, 1010120, 7160, 19112, 23496, 27672, 31864, 36160, 617448, 47920, 777088, 56344, 64656, 68816, 73008, 77304, 84576, 842936, 88840, 93184, 97616, 104928, 109200, 113576, 118008, 125320, 129600, 133776, 137952, 1026808, 150480, 154776, 158952, 11424, 166648, 171040, 175288, 1039624, 187160, 191616, 199448, 207440, 220192, 215992, 1014376, 224504, 231896, 236192, 240352, 879656, 244680, 249096, 260760, 264960, 269120, 273264, 277640, 256488, 285296, 289608, 293832, 298136, 305600, 322408, 310048, 318048, 326520, 330632, 334728, 338840, 343000, 347128, 351320, 355520, 359792, 367200, 371472, 375664, 379856, 383984, 388312, 396248, 400656, 404920, 412328, 416800, 424808, 429192, 433400, 437696, 444976, 449296, 453472, 457808, 462160, 466408, 473520, 477832, 482024, 486192, 490320, 494440, 498552, 502864, 507272, 514616, 518912, 523088, 527448, 535120, 539360, 543496, 547616, 556064, 563968, 604896, 568328, 572560, 580208, 588888, 60496, 593296, 600648, 211816, 801432, 613280, 584568, 621616, 625744, 630112, 1035416, 641880, 52224, 650184, 654296, 658424, 662744, 667144, 674432, 678896, 691144, 646040, 695584, 686720, 703040, 707424, 715184, 719568, 723736, 727944, 732192, 739856, 748368, 752536, 756712, 760840, 765192, 772864, 781416, 785752, 790024, 797192, 805608, 609088, 146200, 809752, 813888, 818040, 822168, 826320, 830464, 834600, 838752, 913560, 847144, 851456, 859312, 867360, 744208, 871912, 883896, 888064, 892240, 896416, 900592, 909128, 182736, 917952, 922456, 927000, 931496, 935904, 940232, 944536, 948792, 953008, 957264, 961456, 904744, 977608, 965744, 981896, 986240, 43496, 993936, 998352, 1002752, 142088, 1018568, 1022704, 637664, 973176, 1031112, 1047184, 551728]
  m=[1, 1, 1, 2, 1, 1, 1, 1, 1, 2, 1, 1, 1, 1, 1, 1, 1, 1, 1, 2, 1, 1, 1, 2, 1, 1, 1, 1, 1, 1, 2, 1, 1, 1, 2, 1, 1, 1, 2, 1, 2, 2, 1, 1, 1, 1, 1, 1, 1, 1, 2, 1, 1, 1, 1, 1, 2, 1, 1, 1, 1, 1, 1, 1, 2, 2, 1, 1, 1, 1, 1, 1, 1, 1, 1, 1, 1, 1, 1, 1, 2, 2, 1, 1, 1, 2, 2, 1, 1, 1, 1, 1, 1, 2, 1, 1, 1, 1, 1, 1, 1, 1, 1, 2, 1, 1, 1, 1, 2, 1, 1, 1, 1, 2, 2, 1, 1, 1, 2, 2, 1, 1, 1, 1, 1, 1, 1, 1, 1, 2, 1, 1, 1, 1, 1, 1, 2, 1, 1, 2, 2, 1, 1, 1, 1, 1, 2, 1, 1, 1, 1, 2, 1, 1, 1, 1, 2, 1, 2, 1, 1, 1, 1, 1, 1, 1, 1, 1, 1, 1, 1, 1, 1, 1, 1, 1, 2, 2, 1, 2, 1, 1, 1, 1, 1, 2, 1, 1, 1, 1, 1, 1, 1, 1, 1, 1, 1, 1, 1, 2, 1, 1, 2, 1, 1, 2, 1, 1, 1, 1, 1, 1, 2, 2, 1]
w=103813689309647104/590295810358705747841 [cg] doubles=41 n=215
  xk(2^-20 units)=[6952, 11192, 175080, 19640, 23928, 28040, 32200, 36352, 40568, 48240, 52576, 56736, 60944, 65152, 69448, 76728, 81016, 85240, 89512, 97208, 101552, 134352, 212328, 110064, 105712, 121728, 125960, 130152, 138496, 142624, 147000, 154632, 158872, 429136, 163208, 167648, 842960, 769544, 187920, 195600, 200048, 207960, 925256, 216448, 220640, 224816, 229064, 236336, 240592, 244776, 253192, 904288, 257448, 261504, 265648, 269752, 274120, 281736, 286008, 290208, 294536, 301664, 305896, 346752, 310240, 318800, 327400, 334800, 314520, 400792, 323144, 351048, 355264, 359440, 363592, 367736, 371864, 375968, 380088, 384176, 388520, 396416, 404992, 183536, 412416, 416880, 424784, 15336, 433264, 437392, 441560, 445696, 449928, 457624, 461992, 466136, 470328, 474536, 478800, 486112, 490392, 494600, 498776, 503104, 507528, 514832, 519120, 523288, 527656, 535360, 539624, 543792, 547936, 552304, 560232, 114480, 572032, 719656, 576480, 584416, 588760, 596992, 601096, 605224, 609368, 613480, 617640, 621792, 626008, 633832, 638208, 642488, 649808, 654128, 658320, 179352, 662688, 670504, 564664, 674960, 683064, 690824, 695136, 699304, 703472, 707632, 711984, 723880, 248896, 732248, 592856, 740768, 748384, 752592, 756744, 760864, 765144, 728064, 777248, 781640, 785904, 793232, 797504, 801680, 805856, 810000, 814128, 818272, 822376, 826480, 830592, 834704, 838840, 847080, 851192, 855304, 859656, 867560, 872016, 879768, 998520, 884240, 891760, 895984, 900152, 908576, 912840, 916944, 921104, 339216, 929528, 936760, 941040, 945232, 949416, 953552, 957696, 961848, 965992, 970368, 978144, 985624, 990072, 994408, 736392, 1002832, 1014616, 1007288, 1018912, 1023088, 1027304, 1031408, 1035760, 1043640, 1048144]
  m=[1, 1, 1, 2, 1, 1, 1, 1, 1, 2, 1, 1, 1, 1, 1, 1, 1, 1, 1, 2, 1, 1, 1, 2, 1, 1, 1, 1, 1, 1, 2, 1, 1, 1, 2, 1, 1, 1, 2, 1, 2, 2, 1, 1, 1, 1, 1, 1, 1, 1, 2, 1, 1, 1, 1, 1, 2, 1, 1, 1, 1, 1, 1, 1, 2, 2, 1, 1, 1, 1, 1, 1, 1, 1, 1, 1, 1, 1, 1, 1, 2, 2, 1, 1, 1, 2, 2, 1, 1, 1, 1, 1, 1, 2, 1, 1, 1, 1, 1, 1, 1, 1, 1, 2, 1, 1, 1, 1, 2, 1, 1, 1, 1, 2, 2, 1, 1, 1, 2, 2, 1, 1, 1, 1, 1, 1, 1, 1, 1, 2, 1, 1, 1, 1, 1, 1, 2, 1, 1, 2, 2, 1, 1, 1, 1, 1, 2, 1, 1, 1, 1, 2, 1, 1, 1, 1, 2, 1, 2, 1, 1, 1, 1, 1, 1, 1, 1, 1, 1, 1, 1, 1, 1, 1, 1, 1, 2, 2, 1, 2, 1, 1, 1, 1, 1, 2, 1, 1, 1, 1, 1, 1, 1, 1, 1, 1, 1, 1, 1, 2, 1, 1, 2, 1, 1, 2, 1, 1, 1, 1, 1, 1, 2, 2, 1]
w=1374705280963256064/590295810358705747841 [cg] doubles=41 n=215
  xk(2^-20 units)=[7176, 11344, 15576, 23200, 27512, 31584, 35736, 39832, 43944, 52376, 48080, 56784, 64104, 68392, 72584, 76744, 80880, 85024, 89152, 93456, 97864, 105112, 109352, 113704, 118032, 122208, 126488, 133760, 138048, 142232, 146576, 151040, 158456, 162720, 167080, 171528, 178992, 183240, 187576, 191984, 199768, 204288, 211904, 216152, 220368, 224560, 228864, 236176, 240464, 244640, 249016, 253432, 260712, 264944, 269136, 273288, 277600, 281928, 286072, 290360, 297624, 301896, 306088, 310224, 314576, 322568, 326952, 331192, 338392, 342664, 346872, 351048, 355200, 359344, 363448, 367568, 371696, 375824, 379976, 384088, 388424, 396432, 404160, 408440, 412600, 416976, 424920, 429312, 433584, 440904, 445168, 449368, 453496, 457808, 462144, 466376, 473688, 477968, 482160, 486336, 490512, 494672, 498808, 503160, 510800, 515048, 519256, 523560, 531176, 535536, 539648, 543784, 793688, 552184, 564256, 547880, 568680, 728312, 576536, 584656, 592416, 596696, 600856, 605008, 609152, 613288, 617416, 621568, 625664, 630000, 637600, 641848, 646048, 650216, 654352, 658616, 666280, 670632, 674744, 679064, 687000, 691360, 695528, 699824, 707024, 711296, 715640, 760520, 724136, 732584, 739920, 744392, 748832, 756312, 719960, 838768, 764864, 769256, 776952, 781280, 785408, 789544, 797880, 559864, 802080, 806360, 813672, 817976, 822192, 826352, 830496, 834648, 842888, 847008, 851120, 855216, 859544, 867368, 871696, 876016, 883736, 888032, 892312, 899760, 903992, 908304, 912592, 916712, 920840, 924976, 929136, 933328, 937616, 944904, 949176, 953352, 957520, 961664, 965800, 970160, 977832, 982056, 986448, 994112, 998336, 1002672, 1010488, 1014736, 1018936, 1023168, 1027408, 1034856, 1039320, 1047288, 3040]
  m=[1, 1, 1, 2, 1, 1, 1, 1, 1, 2, 1, 1, 1, 1, 1, 1, 1, 1, 1, 2, 1, 1, 1, 2, 1, 1, 1, 1, 1, 1, 2, 1, 1, 1, 2, 1, 1, 1, 2, 1, 2, 2, 1, 1, 1, 1, 1, 1, 1, 1, 2, 1, 1, 1, 1, 1, 2, 1, 1, 1, 1, 1, 1, 1, 2, 2, 1, 1, 1, 1, 1, 1, 1, 1, 1, 1, 1, 1, 1, 1, 2, 2, 1, 1, 1, 2, 2, 1, 1, 1, 1, 1, 1, 2, 1, 1, 1, 1, 1, 1, 1, 1, 1, 2, 1, 1, 1, 1, 2, 1, 1, 1, 1, 2, 2, 1, 1, 1, 2, 2, 1, 1, 1, 1, 1, 1, 1, 1, 1, 2, 1, 1, 1, 1, 1, 1, 2, 1, 1, 2, 2, 1, 1, 1, 1, 1, 2, 1, 1, 1, 1, 2, 1, 1, 1, 1, 2, 1, 2, 1, 1, 1, 1, 1, 1, 1, 1, 1, 1, 1, 1, 1, 1, 1, 1, 1, 2, 2, 1, 2, 1, 1, 1, 1, 1, 2, 1, 1, 1, 1, 1, 1, 1, 1, 1, 1, 1, 1, 1, 2, 1, 1, 2, 1, 1, 2, 1, 1, 1, 1, 1, 1, 2, 2, 1]
w=30045025026392872/590295810358705747841 [cg] doubles=28 n=228
  xk(2^-20 units)=[5920, 571880, 305736, 19224, 23688, 262344, 41280, 710688, 45632, 676512, 61416, 36952, 65816, 109592, 70280, 78968, 207032, 92056, 220760, 105336, 113984, 505712, 125344, 296992, 129624, 133872, 567720, 142272, 279736, 146488, 154864, 163256, 1041200, 522224, 167504, 180424, 121032, 176048, 932280, 883016, 188216, 192688, 201912, 211784, 216280, 225184, 518136, 229408, 233816, 100896, 10392, 241472, 245776, 250144, 284040, 271080, 672192, 481608, 275416, 1376, 288272, 469040, 292656, 490080, 301336, 309976, 314384, 321064, 329752, 347000, 369296, 386824, 338344, 342656, 355816, 351384, 364784, 373768, 378184, 382536, 731432, 391200, 403648, 416584, 407992, 412296, 425504, 429864, 438728, 434288, 421032, 900456, 887344, 395720, 447616, 443176, 456288, 150672, 460600, 464848, 83288, 477432, 494376, 530760, 473256, 159048, 501424, 57128, 689408, 715088, 514032, 740056, 325408, 539376, 655936, 535032, 266752, 543600, 550872, 555184, 526528, 559392, 360304, 563576, 14800, 1027968, 802880, 254664, 580256, 584464, 588704, 593024, 597368, 601800, 610856, 606280, 615600, 918800, 647264, 171768, 629496, 768576, 642840, 634048, 638448, 576040, 651552, 685152, 849552, 776976, 663448, 667856, 702176, 334064, 706520, 680840, 693648, 820312, 697832, 96424, 28144, 722888, 727200, 755896, 735720, 747344, 760152, 764368, 509896, 772792, 751656, 781344, 904928, 789992, 785744, 794280, 798568, 807168, 840784, 858128, 811416, 815832, 827744, 620344, 832040, 836424, 845144, 49976, 878696, 625032, 862496, 990280, 869952, 874368, 891680, 909560, 914176, 923352, 927848, 896056, 936688, 944584, 957384, 953160, 485824, 965968, 961584, 948936, 1023624, 985864, 74696, 994752, 970344, 87648, 974624, 981536, 1045504, 1006984, 1014912, 1002496, 451984, 853816, 1019272, 138080, 1032432, 1036848, 32552, 197216]
  m=[2, 1, 1, 1, 1, 1, 1, 1, 1, 1, 1, 1, 2, 1, 2, 1, 1, 1, 2, 1, 1, 1, 1, 1, 1, 1, 1, 1, 1, 1, 1, 1, 1, 1, 1, 1, 1, 1, 1, 1, 1, 1, 1, 1, 1, 1, 1, 1, 2, 2, 1, 1, 1, 2, 1, 1, 1, 1, 1, 2, 1, 1, 2, 1, 2, 1, 1, 1, 1, 1, 1, 1, 1, 1, 1, 1, 1, 1, 1, 1, 1, 2, 1, 1, 1, 1, 1, 1, 1, 1, 2, 1, 1, 2, 1, 1, 1, 1, 1, 1, 1, 1, 1, 1, 1, 1, 1, 1, 1, 2, 1, 1, 1, 1, 1, 2, 1, 1, 1, 1, 2, 1, 1, 1, 1, 1, 1, 1, 1, 1, 1, 1, 1, 1, 1, 1, 1, 1, 1, 1, 1, 1, 2, 2, 1, 1, 1, 1, 1, 1, 1, 1, 2, 1, 1, 1, 1, 1, 1, 1, 1, 1, 1, 1, 1, 1, 1, 1, 1, 1, 1, 2, 1, 1, 1, 1, 1, 1, 1, 1, 1, 2, 1, 1, 1, 2, 2, 1, 1, 1, 1, 2, 1, 1, 1, 1, 1, 1, 2, 1, 2, 1, 1, 1, 1, 2, 1, 1, 1, 1, 1, 1, 1, 1, 1, 1, 1, 1, 1, 1, 1, 1, 1, 1, 2, 1, 1, 1]
w=2124236809909077760/590295810358705747841 [cg] doubles=41 n=215
  xk(2^-20 units)=[3384, 7568, 175072, 19432, 23768, 134384, 32064, 36184, 40304, 44648, 52328, 56592, 60808, 65024, 69328, 76704, 80968, 85160, 89344, 97880, 269616, 306392, 109792, 114160, 105544, 121856, 126072, 130224, 138520, 142648, 147008, 154616, 158848, 429176, 163192, 167624, 842968, 179320, 183704, 191488, 195888, 207928, 212288, 216416, 220560, 224664, 625568, 233008, 237280, 244440, 248864, 253176, 257264, 261384, 265488, 27904, 278032, 285608, 289824, 294008, 298144, 228816, 310504, 515144, 314848, 322800, 327256, 334696, 338968, 343208, 273728, 347536, 354992, 359256, 363448, 367616, 371768, 375896, 380016, 384128, 388480, 396384, 404976, 200272, 412464, 416936, 424832, 11800, 433272, 437440, 441608, 445736, 449960, 457528, 461872, 465984, 470168, 474328, 482832, 601432, 490264, 494560, 498760, 503120, 510848, 478512, 519320, 523592, 531264, 535616, 539728, 543864, 547968, 552328, 560288, 400768, 572240, 719664, 576736, 584616, 588960, 593088, 597272, 605712, 613008, 302272, 617288, 634144, 621448, 629864, 638240, 642400, 646584, 650864, 658040, 662272, 666616, 670880, 564728, 675168, 683160, 687632, 695088, 699328, 703512, 707656, 712016, 723896, 728072, 732256, 736384, 740720, 748360, 752592, 756768, 760888, 765200, 769600, 777304, 781696, 785960, 793248, 797544, 801728, 805880, 810016, 814128, 818240, 822344, 826456, 830568, 834696, 838824, 847136, 851272, 855504, 863224, 867744, 875536, 879976, 93520, 887736, 892024, 896232, 900504, 908128, 912480, 916632, 920784, 924904, 929040, 933192, 937392, 941552, 945864, 953072, 957352, 961552, 965720, 970088, 977728, 981960, 986280, 990600, 994824, 1002560, 1011240, 1006984, 1018680, 1022944, 1027152, 1031304, 1035672, 1043488, 1047832]
  m=[1, 1, 1, 2, 1, 1, 1, 1, 1, 2, 1, 1, 1, 1, 1, 1, 1, 1, 1, 2, 1, 1, 1, 2, 1, 1, 1, 1, 1, 1, 2, 1, 1, 1, 2, 1, 1, 1, 2, 1, 2, 2, 1, 1, 1, 1, 1, 1, 1, 1, 2, 1, 1, 1, 1, 1, 2, 1, 1, 1, 1, 1, 1, 1, 2, 2, 1, 1, 1, 1, 1, 1, 1, 1, 1, 1, 1, 1, 1, 1, 2, 2, 1, 1, 1, 2, 2, 1, 1, 1, 1, 1, 1, 2, 1, 1, 1, 1, 1, 1, 1, 1, 1, 2, 1, 1, 1, 1, 2, 1, 1, 1, 1, 2, 2, 1, 1, 1, 2, 2, 1, 1, 1, 1, 1, 1, 1, 1, 1, 2, 1, 1, 1, 1, 1, 1, 2, 1, 1, 2, 2, 1, 1, 1, 1, 1, 2, 1, 1, 1, 1, 2, 1, 1, 1, 1, 2, 1, 2, 1, 1, 1, 1, 1, 1, 1, 1, 1, 1, 1, 1, 1, 1, 1, 1, 1, 2, 2, 1, 2, 1, 1, 1, 1, 1, 2, 1, 1, 1, 1, 1, 1, 1, 1, 1, 1, 1, 1, 1, 2, 1, 1, 2, 1, 1, 2, 1, 1, 1, 1, 1, 1, 2, 2, 1]
w=248338338276544704/590295810358705747841 [cg] doubles=41 n=215
  xk(2^-20 units)=[6936, 11040, 15072, 19328, 27624, 31712, 35816, 39936, 44088, 55824, 899944, 60200, 64312, 68440, 72560, 76664, 80776, 84936, 89056, 93400, 101024, 318608, 105248, 113744, 118064, 122288, 129528, 133856, 138064, 142336, 149992, 154344, 158488, 162648, 167008, 174664, 178944, 183120, 187488, 199928, 195456, 207736, 212248, 219840, 23584, 224152, 228472, 235984, 240312, 244512, 248880, 256536, 260792, 264944, 269104, 273248, 277552, 109408, 286136, 293624, 298064, 412632, 305624, 309872, 314216, 326192, 330528, 334656, 338800, 342912, 347032, 351168, 355296, 359448, 363632, 367840, 372120, 379392, 383712, 387912, 392304, 400120, 404424, 408504, 416728, 421072, 428920, 281880, 433304, 437552, 444880, 449192, 453360, 457688, 462016, 466176, 470456, 477656, 481944, 486144, 490328, 494488, 498608, 502944, 510632, 514832, 519040, 523200, 527584, 535208, 539464, 543608, 547736, 552080, 564128, 580672, 568520, 731968, 576232, 588376, 592736, 596888, 601064, 605232, 609440, 1010440, 613768, 621136, 625400, 629752, 634104, 638376, 645760, 650072, 559760, 658480, 662864, 670544, 674760, 679120, 687120, 691496, 695728, 702984, 707304, 711504, 715840, 756624, 727680, 736176, 740424, 748152, 752496, 986072, 720280, 838592, 765104, 654296, 777128, 781448, 785616, 789904, 797112, 801376, 805536, 809696, 813856, 817992, 822096, 826216, 830320, 834456, 842712, 846848, 850976, 855072, 859408, 867408, 871848, 879592, 883976, 888256, 895664, 772736, 904136, 908504, 916176, 48312, 990208, 924856, 928992, 933192, 937456, 944616, 948920, 953136, 957320, 961488, 965632, 969984, 977616, 981896, 920568, 994360, 998448, 1002760, 760768, 1014672, 1018864, 1023080, 1027352, 1034784, 1039248, 1047144, 2872]
  m=[1, 1, 1, 2, 1, 1, 1, 1, 1, 2, 1, 1, 1, 1, 1, 1, 1, 1, 1, 2, 1, 1, 1, 2, 1, 1, 1, 1, 1, 1, 2, 1, 1, 1, 2, 1, 1, 1, 2, 1, 2, 2, 1, 1, 1, 1, 1, 1, 1, 1, 2, 1, 1, 1, 1, 1, 2, 1, 1, 1, 1, 1, 1, 1, 2, 2, 1, 1, 1, 1, 1, 1, 1, 1, 1, 1, 1, 1, 1, 1, 2, 2, 1, 1, 1, 2, 2, 1, 1, 1, 1, 1, 1, 2, 1, 1, 1, 1, 1, 1, 1, 1, 1, 2, 1, 1, 1, 1, 2, 1, 1, 1, 1, 2, 2, 1, 1, 1, 2, 2, 1, 1, 1, 1, 1, 1, 1, 1, 1, 2, 1, 1, 1, 1, 1, 1, 2, 1, 1, 2, 2, 1, 1, 1, 1, 1, 2, 1, 1, 1, 1, 2, 1, 1, 1, 1, 2, 1, 2, 1, 1, 1, 1, 1, 1, 1, 1, 1, 1, 1, 1, 1, 1, 1, 1, 1, 2, 2, 1, 2, 1, 1, 1, 1, 1, 2, 1, 1, 1, 1, 1, 1, 1, 1, 1, 1, 1, 1, 1, 2, 1, 1, 2, 1, 1, 2, 1, 1, 1, 1, 1, 1, 2, 2, 1]
w=517816450916474816/590295810358705747841 [cg] doubles=41 n=215
  xk(2^-20 units)=[6800, 1010232, 10928, 15200, 19608, 26968, 31264, 35480, 43928, 51640, 56000, 60184, 64448, 252640, 121064, 76160, 80528, 84720, 89000, 100696, 105008, 847136, 2712, 113512, 68744, 125336, 129480, 719152, 137856, 141968, 146328, 153984, 158240, 162368, 166728, 174360, 178640, 400240, 187168, 194920, 199408, 207400, 223416, 216048, 575720, 227664, 231848, 235960, 240080, 543336, 248392, 256696, 260792, 264904, 269032, 273160, 277512, 285224, 289456, 293688, 297984, 305416, 309672, 182792, 314088, 322016, 326352, 330480, 334648, 338808, 343016, 347336, 354584, 358840, 363008, 367152, 371296, 375424, 379568, 383672, 388008, 395848, 404408, 408696, 416144, 420624, 428576, 432912, 437008, 461360, 441128, 445272, 449376, 453736, 465600, 469720, 473888, 478048, 482192, 486368, 490544, 494784, 502008, 506448, 510760, 514864, 519008, 523136, 527448, 109136, 670592, 531848, 547504, 551872, 559832, 604600, 564208, 568440, 580136, 588720, 650152, 593040, 597288, 211792, 608944, 613200, 617504, 900160, 629848, 625344, 637488, 641776, 645952, 539088, 654336, 658600, 666280, 793272, 739920, 674896, 682904, 687400, 694872, 699208, 703496, 133672, 711296, 723392, 727568, 731704, 735824, 744200, 748488, 752632, 756864, 764152, 768568, 772976, 780696, 785032, 789136, 584432, 797392, 801488, 805600, 809712, 813824, 817944, 822048, 826168, 830288, 834448, 838648, 842832, 854296, 858584, 862920, 867408, 875176, 879640, 96280, 887472, 891744, 895944, 904352, 908752, 913216, 917608, 922168, 926800, 931344, 935816, 940168, 944456, 948720, 952976, 957184, 961488, 968912, 973368, 977688, 981944, 989520, 39688, 993992, 1001704, 1006080, 1014392, 1018576, 1022784, 1027088, 1034496, 1038976, 1046952, 244160]
  m=[1, 1, 1, 2, 1, 1, 1, 1, 1, 2, 1, 1, 1, 1, 1, 1, 1, 1, 1, 2, 1, 1, 1, 2, 1, 1, 1, 1, 1, 1, 2, 1, 1, 1, 2, 1, 1, 1, 2, 1, 2, 2, 1, 1, 1, 1, 1, 1, 1, 1, 2, 1, 1, 1, 1, 1, 2, 1, 1, 1, 1, 1, 1, 1, 2, 2, 1, 1, 1, 1, 1, 1, 1, 1, 1, 1, 1, 1, 1, 1, 2, 2, 1, 1, 1, 2, 2, 1, 1, 1, 1, 1, 1, 2, 1, 1, 1, 1, 1, 1, 1, 1, 1, 2, 1, 1, 1, 1, 2, 1, 1, 1, 1, 2, 2, 1, 1, 1, 2, 2, 1, 1, 1, 1, 1, 1, 1, 1, 1, 2, 1, 1, 1, 1, 1, 1, 2, 1, 1, 2, 2, 1, 1, 1, 1, 1, 2, 1, 1, 1, 1, 2, 1, 1, 1, 1, 2, 1, 2, 1, 1, 1, 1, 1, 1, 1, 1, 1, 1, 1, 1, 1, 1, 1, 1, 1, 2, 2, 1, 2, 1, 1, 1, 1, 1, 2, 1, 1, 1, 1, 1, 1, 1, 1, 1, 1, 1, 1, 1, 2, 1, 1, 2, 1, 1, 2, 1, 1, 1, 1, 1, 1, 2, 2, 1]
w=956127099230865536/590295810358705747841 [cg] doubles=41 n=215
  xk(2^-20 units)=[3488, 7744, 175080, 19416, 23760, 27896, 32056, 36208, 40416, 48000, 52368, 56536, 60712, 64920, 69184, 76528, 80800, 85040, 89216, 93616, 101280, 134416, 109776, 114152, 15008, 121784, 126056, 130232, 138584, 142720, 147112, 154728, 158968, 425408, 163296, 167728, 843096, 179376, 187960, 195672, 200088, 208072, 212456, 216648, 220960, 228312, 879632, 232672, 236872, 241120, 248904, 253256, 257384, 261528, 265688, 269816, 274192, 281952, 286400, 293904, 298216, 302416, 306680, 347320, 314384, 318896, 330768, 334920, 974344, 343192, 326544, 351424, 355536, 359640, 363744, 367840, 371928, 376024, 429552, 380112, 384424, 392256, 404720, 183576, 408832, 413152, 421056, 650440, 699272, 433832, 441248, 445536, 449720, 454096, 461800, 466056, 470208, 474352, 482632, 486776, 490888, 495008, 585144, 499384, 507072, 511336, 515584, 522936, 527368, 531696, 535848, 540040, 544280, 552064, 560080, 400632, 568512, 719816, 572856, 580768, 589336, 593632, 600880, 605184, 609392, 613584, 617776, 621936, 626168, 633776, 638120, 642224, 646360, 756696, 654576, 658704, 663048, 670728, 564416, 675152, 683232, 687616, 691856, 826600, 703552, 707752, 712136, 724024, 728192, 777600, 732360, 740792, 745192, 752440, 912520, 760880, 765248, 736472, 773208, 781856, 789176, 793472, 797672, 801832, 805992, 810112, 814248, 818368, 822488, 478488, 830704, 834816, 838976, 847264, 851472, 875488, 859080, 863568, 871272, 883960, 933256, 888288, 892544, 899640, 903888, 908216, 1027056, 916640, 920776, 924896, 929048, 396552, 937536, 944888, 949152, 953368, 957512, 961648, 965760, 970024, 339072, 978504, 986272, 990720, 998152, 1002584, 1011120, 1006944, 1015424, 1022736, 105584, 1031240, 1035624, 1043552, 1047904]
  m=[1, 1, 1, 2, 1, 1, 1, 1, 1, 2, 1, 1, 1, 1, 1, 1, 1, 1, 1, 2, 1, 1, 1, 2, 1, 1, 1, 1, 1, 1, 2, 1, 1, 1, 2, 1, 1, 1, 2, 1, 2, 2, 1, 1, 1, 1, 1, 1, 1, 1, 2, 1, 1, 1, 1, 1, 2, 1, 1, 1, 1, 1, 1, 1, 2, 2, 1, 1, 1, 1, 1, 1, 1, 1, 1, 1, 1, 1, 1, 1, 2, 2, 1, 1, 1, 2, 2, 1, 1, 1, 1, 1, 1, 2, 1, 1, 1, 1, 1, 1, 1, 1, 1, 2, 1, 1, 1, 1, 2, 1, 1, 1, 1, 2, 2, 1, 1, 1, 2, 2, 1, 1, 1, 1, 1, 1, 1, 1, 1, 2, 1, 1, 1, 1, 1, 1, 2, 1, 1, 2, 2, 1, 1, 1, 1, 1, 2, 1, 1, 1, 1, 2, 1, 1, 1, 1, 2, 1, 2, 1, 1, 1, 1, 1, 1, 1, 1, 1, 1, 1, 1, 1, 1, 1, 1, 1, 2, 2, 1, 2, 1, 1, 1, 1, 1, 2, 1, 1, 1, 1, 1, 1, 1, 1, 1, 1, 1, 1, 1, 2, 1, 1, 2, 1, 1, 2, 1, 1, 1, 1, 1, 1, 2, 2, 1]
w=1147331793320655744/590295810358705747841 [cg] doubles=41 n=215
  xk(2^-20 units)=[1048016, 1006976, 6960, 19128, 281712, 27640, 31808, 35928, 617496, 47752, 56224, 60384, 64488, 601000, 72736, 76840, 80952, 85088, 89184, 93488, 97896, 105216, 109480, 113832, 118224, 125608, 129920, 134184, 138480, 145848, 150288, 154592, 158712, 11312, 163048, 167448, 174768, 178992, 183384, 191200, 195648, 203664, 219896, 215600, 843088, 224064, 228240, 232376, 23488, 240664, 244976, 252704, 261160, 265336, 236528, 269576, 277328, 256944, 285880, 290200, 297440, 301704, 305888, 310032, 314320, 318776, 326376, 330600, 334760, 338928, 343064, 347208, 351384, 355520, 359704, 363992, 371192, 375448, 379640, 383768, 388056, 396536, 400824, 405032, 412480, 416976, 425048, 773216, 432888, 437200, 441416, 445672, 453080, 457488, 461776, 465880, 470024, 474136, 482368, 486472, 490592, 494728, 498856, 503200, 511008, 515376, 522952, 592808, 535192, 527392, 539536, 543664, 547808, 552144, 560112, 478240, 564544, 572024, 576408, 588488, 596912, 68608, 605120, 208144, 609248, 613368, 580832, 621608, 625712, 630000, 634344, 638632, 52112, 650144, 654328, 658504, 662856, 670496, 674696, 679064, 687120, 645880, 691584, 699056, 703352, 707664, 715376, 719696, 723832, 728000, 732144, 736472, 748280, 752560, 756800, 761104, 768856, 884000, 777560, 785232, 789496, 793680, 797848, 965664, 802032, 806224, 810512, 817728, 821992, 826216, 830408, 834632, 838856, 858992, 847424, 854696, 863280, 867752, 740872, 875576, 879904, 888136, 892280, 896448, 900640, 909248, 913760, 918320, 923032, 927640, 932104, 936432, 940664, 944864, 949048, 953208, 957384, 961520, 904840, 970016, 977656, 981880, 986240, 40136, 993928, 998336, 1002688, 392304, 1018608, 1022808, 1027000, 1031160, 1035536, 1043520, 1014328]
  m=[1, 1, 1, 2, 1, 1, 1, 1, 1, 2, 1, 1, 1, 1, 1, 1, 1, 1, 1, 2, 1, 1, 1, 2, 1, 1, 1, 1, 1, 1, 2, 1, 1, 1, 2, 1, 1, 1, 2, 1, 2, 2, 1, 1, 1, 1, 1, 1, 1, 1, 2, 1, 1, 1, 1, 1, 2, 1, 1, 1, 1, 1, 1, 1, 2, 2, 1, 1, 1, 1, 1, 1, 1, 1, 1, 1, 1, 1, 1, 1, 2, 2, 1, 1, 1, 2, 2, 1, 1, 1, 1, 1, 1, 2, 1, 1, 1, 1, 1, 1, 1, 1, 1, 2, 1, 1, 1, 1, 2, 1, 1, 1, 1, 2, 2, 1, 1, 1, 2, 2, 1, 1, 1, 1, 1, 1, 1, 1, 1, 2, 1, 1, 1, 1, 1, 1, 2, 1, 1, 2, 2, 1, 1, 1, 1, 1, 2, 1, 1, 1, 1, 2, 1, 1, 1, 1, 2, 1, 2, 1, 1, 1, 1, 1, 1, 1, 1, 1, 1, 1, 1, 1, 1, 1, 1, 1, 2, 2, 1, 2, 1, 1, 1, 1, 1, 2, 1, 1, 1, 1, 1, 1, 1, 1, 1, 1, 1, 1, 1, 2, 1, 1, 2, 1, 1, 2, 1, 1, 1, 1, 1, 1, 2, 2, 1]
w=46277623630402664/590295810358705747841 [cg] doubles=41 n=215
  xk(2^-20 units)=[10520, 1010448, 997760, 14976, 22848, 27136, 31328, 35472, 43816, 48216, 55728, 59976, 64144, 68320, 72456, 76584, 80728, 84888, 89120, 96768, 101096, 105232, 109360, 113704, 121304, 125584, 129752, 133928, 138144, 142360, 149984, 154360, 158528, 162664, 167008, 174560, 178816, 653744, 183160, 789200, 199504, 207680, 219752, 215464, 846840, 223976, 228208, 232520, 239656, 252544, 248240, 256648, 260768, 264872, 682736, 268992, 273304, 277736, 285112, 289416, 293664, 297992, 305392, 309616, 314016, 322000, 326336, 330456, 334616, 338784, 342992, 347304, 354504, 358800, 362992, 367208, 371368, 375496, 379656, 383776, 388112, 396112, 403976, 408296, 412616, 420424, 428408, 432752, 436872, 440992, 445112, 449248, 453400, 457776, 465368, 469608, 473808, 478048, 482272, 486576, 493760, 498048, 502208, 506512, 510784, 514856, 518968, 719536, 527392, 531800, 670736, 543448, 547760, 555528, 563472, 605120, 567832, 571896, 576152, 588656, 592896, 596960, 601040, 883896, 609224, 613368, 617504, 621688, 625912, 633560, 637968, 642152, 646472, 539136, 658008, 662160, 666488, 793352, 707424, 675008, 687184, 739656, 694816, 699088, 703264, 243912, 711792, 1006336, 723776, 728000, 732304, 744096, 748432, 752616, 756912, 764120, 768544, 772976, 780744, 785056, 187576, 580392, 797544, 801768, 806048, 195016, 813400, 817688, 821896, 826088, 830232, 834384, 838536, 842688, 851016, 855248, 862920, 867448, 875152, 879560, 584416, 888104, 892392, 899800, 904096, 908536, 913032, 917480, 922160, 926888, 931464, 935896, 940240, 944488, 948704, 952928, 957136, 961344, 965600, 973248, 977616, 981744, 986120, 39656, 993568, 1002040, 523080, 1014552, 1018736, 1022896, 1027184, 1034528, 1039008, 1047136, 3016]
  m=[1, 1, 1, 2, 1, 1, 1, 1, 1, 2, 1, 1, 1, 1, 1, 1, 1, 1, 1, 2, 1, 1, 1, 2, 1, 1, 1, 1, 1, 1, 2, 1, 1, 1, 2, 1, 1, 1, 2, 1, 2, 2, 1, 1, 1, 1, 1, 1, 1, 1, 2, 1, 1, 1, 1, 1, 2, 1, 1, 1, 1, 1, 1, 1, 2, 2, 1, 1, 1, 1, 1, 1, 1, 1, 1, 1, 1, 1, 1, 1, 2, 2, 1, 1, 1, 2, 2, 1, 1, 1, 1, 1, 1, 2, 1, 1, 1, 1, 1, 1, 1, 1, 1, 2, 1, 1, 1, 1, 2, 1, 1, 1, 1, 2, 2, 1, 1, 1, 2, 2, 1, 1, 1, 1, 1, 1, 1, 1, 1, 2, 1, 1, 1, 1, 1, 1, 2, 1, 1, 2, 2, 1, 1, 1, 1, 1, 2, 1, 1, 1, 1, 2, 1, 1, 1, 1, 2, 1, 2, 1, 1, 1, 1, 1, 1, 1, 1, 1, 1, 1, 1, 1, 1, 1, 1, 1, 2, 2, 1, 2, 1, 1, 1, 1, 1, 2, 1, 1, 1, 1, 1, 1, 1, 1, 1, 1, 1, 1, 1, 2, 1, 1, 2, 1, 1, 2, 1, 1, 1, 1, 1, 1, 2, 2, 1]
w=159753470275864672/590295810358705747841 [cg] doubles=41 n=215
  xk(2^-20 units)=[7096, 11280, 15424, 19800, 27384, 31616, 35768, 39976, 44152, 55848, 899736, 60240, 699384, 68512, 72648, 76752, 80864, 64376, 89128, 93488, 101072, 322392, 105296, 113720, 118016, 122136, 126288, 130568, 137888, 142128, 146480, 150920, 158232, 162488, 166824, 171168, 175400, 182824, 187240, 490584, 199384, 208016, 191664, 215736, 220040, 224248, 228552, 235968, 240264, 244472, 248896, 256584, 260880, 265088, 609544, 269256, 273632, 109416, 285712, 290040, 297352, 301616, 305800, 309888, 314160, 326632, 318376, 334936, 339064, 343192, 347448, 354928, 359264, 396320, 363520, 367832, 375184, 379448, 383624, 387760, 392064, 400624, 408168, 412424, 416584, 420952, 428888, 281424, 433248, 437392, 441592, 445816, 453232, 457664, 462104, 469640, 473920, 478112, 482264, 486416, 527048, 494760, 498904, 503288, 510968, 515288, 85008, 519576, 531480, 535832, 540120, 547488, 551728, 556104, 564136, 580672, 568488, 728688, 572824, 588536, 592912, 597040, 601216, 605360, 203696, 1007000, 613760, 618016, 625392, 629832, 634192, 638440, 645888, 650128, 330848, 658464, 662776, 667176, 674472, 678920, 686832, 691168, 695272, 703480, 707576, 711656, 715936, 756392, 724408, 735928, 740168, 744536, 748984, 986016, 720256, 838672, 764968, 654320, 777096, 781496, 785712, 790048, 928736, 797728, 805288, 809600, 813848, 818024, 822176, 826304, 830416, 834536, 842800, 846920, 851032, 855152, 859488, 867400, 871840, 879536, 883888, 888072, 892360, 769376, 903992, 908360, 916000, 48384, 990168, 924656, 932840, 936912, 940984, 945080, 949192, 953304, 957432, 961536, 965648, 969992, 977616, 981848, 920368, 994288, 998392, 1002688, 760640, 1011264, 1018672, 1022992, 1027208, 1031496, 1039304, 1043800, 2864]
  m=[1, 1, 1, 2, 1, 1, 1, 1, 1, 2, 1, 1, 1, 1, 1, 1, 1, 1, 1, 2, 1, 1, 1, 2, 1, 1, 1, 1, 1, 1, 2, 1, 1, 1, 2, 1, 1, 1, 2, 1, 2, 2, 1, 1, 1, 1, 1, 1, 1, 1, 2, 1, 1, 1, 1, 1, 2, 1, 1, 1, 1, 1, 1, 1, 2, 2, 1, 1, 1, 1, 1, 1, 1, 1, 1, 1, 1, 1, 1, 1, 2, 2, 1, 1, 1, 2, 2, 1, 1, 1, 1, 1, 1, 2, 1, 1, 1, 1, 1, 1, 1, 1, 1, 2, 1, 1, 1, 1, 2, 1, 1, 1, 1, 2, 2, 1, 1, 1, 2, 2, 1, 1, 1, 1, 1, 1, 1, 1, 1, 2, 1, 1, 1, 1, 1, 1, 2, 1, 1, 2, 2, 1, 1, 1, 1, 1, 2, 1, 1, 1, 1, 2, 1, 1, 1, 1, 2, 1, 2, 1, 1, 1, 1, 1, 1, 1, 1, 1, 1, 1, 1, 1, 1, 1, 1, 1, 2, 2, 1, 2, 1, 1, 1, 1, 1, 2, 1, 1, 1, 1, 1, 1, 1, 1, 1, 1, 1, 1, 1, 2, 1, 1, 2, 1, 1, 2, 1, 1, 1, 1, 1, 1, 2, 2, 1]
w=20590298118986448/590295810358705747841 [cg] doubles=24 n=232
  xk(2^-20 units)=[1048000, 3712, 10552, 15048, 826760, 23664, 27928, 32192, 36544, 52440, 43848, 345584, 56688, 742704, 60912, 69440, 73904, 65168, 83008, 87688, 92360, 822280, 96864, 105672, 110032, 114336, 118624, 123088, 983040, 131072, 135448, 139744, 144056, 148352, 152768, 157320, 161904, 292776, 171832, 176416, 180848, 185240, 189712, 194064, 198544, 234320, 207928, 212504, 216968, 221352, 225576, 229968, 1035128, 48200, 242624, 246808, 251088, 258264, 262552, 266752, 270920, 605832, 279376, 283856, 288288, 238456, 298544, 303160, 307504, 311928, 316320, 320488, 324680, 328856, 337224, 955664, 341416, 349752, 353928, 275064, 362264, 366424, 370600, 374776, 379016, 383368, 387792, 392352, 397048, 401768, 406296, 410864, 415392, 419824, 424320, 428816, 433288, 437840, 442328, 446712, 451128, 455552, 460040, 464608, 469352, 474120, 478752, 483232, 487608, 492032, 496416, 500592, 504760, 508936, 513064, 521360, 525536, 529720, 533904, 538256, 545624, 549992, 517216, 554328, 558632, 562968, 567248, 571704, 579736, 964672, 588648, 592912, 597232, 601544, 900832, 610184, 614560, 619144, 623784, 628432, 632992, 637464, 641800, 646048, 650288, 654456, 662768, 883216, 666904, 675168, 679296, 683600, 687976, 692216, 696600, 701096, 705760, 710648, 715456, 720120, 724704, 733768, 729264, 203216, 861040, 747112, 658640, 751488, 760176, 764592, 769112, 773664, 778176, 782648, 787056, 791424, 795760, 800096, 804456, 808848, 813352, 817848, 358088, 831256, 19408, 835496, 839776, 844024, 848240, 852512, 856760, 333032, 869768, 874200, 878640, 755808, 887736, 892104, 896512, 78408, 905216, 1000952, 912720, 917184, 1026752, 925768, 930152, 934640, 942416, 946816, 921560, 951224, 960184, 865400, 969264, 584232, 973872, 978432, 987584, 101296, 992136, 996560, 1005288, 1009624, 1013944, 1018232, 1022504, 738240, 1030968, 671040, 1039456, 1043808]
  m=[1, 1, 1, 2, 2, 1, 1, 1, 1, 1, 1, 1, 1, 1, 1, 1, 2, 1, 1, 1, 1, 1, 1, 1, 1, 1, 1, 2, 1, 1, 1, 1, 1, 1, 2, 2, 1, 1, 1, 2, 1, 2, 1, 1, 1, 1, 1, 1, 1, 1, 1, 2, 1, 1, 1, 1, 1, 1, 1, 1, 1, 1, 2, 2, 1, 1, 1, 1, 1, 2, 1, 1, 1, 1, 1, 1, 1, 1, 1, 1, 1, 1, 1, 1, 1, 1, 1, 1, 1, 1, 1, 2, 1, 1, 1, 1, 1, 2, 1, 1, 1, 1, 1, 1, 1, 1, 1, 1, 1, 2, 1, 1, 1, 1, 1, 1, 1, 1, 1, 1, 1, 1, 1, 1, 1, 1, 1, 2, 1, 1, 1, 1, 1, 1, 1, 1, 1, 1, 1, 1, 2, 1, 1, 1, 1, 1, 1, 2, 1, 1, 1, 2, 1, 1, 1, 1, 1, 1, 1, 1, 1, 1, 1, 1, 1, 1, 1, 1, 1, 1, 1, 1, 1, 1, 1, 1, 1, 1, 1, 1, 1, 1, 1, 1, 1, 1, 1, 1, 1, 1, 1, 1, 1, 1, 1, 1, 1, 1, 1, 1, 1, 1, 1, 2, 1, 1, 2, 1, 1, 1, 1, 1, 1, 1, 2, 2, 1, 1, 1, 1, 1, 1, 1, 1, 1, 1, 1, 1, 1, 1, 2, 1]
