p = 824258220776943547152055/1208925819614631881591232
p_float = 0.681810420
gap = -0.000018
tau_decl = 1/10000
worst_dev = 9.0000e-05
support = 257
K = 2^60
enclosures: integer (lo, hi) per row j=1..256

(1153025267542253836, 1153025267542253838),
(2305946772149101363, 2305946772149101365),
(3458868276755931320, 3458868276755931322),
(4611789781362793322, 4611789781362793324),
(5764711285970045254, 5764711285970045256),
(6917632790576514206, 6917632790576514208),
(8070554295183535819, 8070554295183535821),
(9223475799790141774, 9223475799790141776),
(10376397304397009693, 10376397304397009695),
(11529318809003935914, 11529318809003935916),
(12682240313610747216, 12682240313610747218),
(13835161818217318975, 13835161818217318977),
(14988083322824419999, 14988083322824420001),
(16141004827431319815, 16141004827431319817),
(17293926332038069960, 17293926332038069962),
(18446847836644843942, 18446847836644843944),
(19599769341251437369, 19599769341251437371),
(20752690845858927378, 20752690845858927380),
(21905612350465510620, 21905612350465510622),
(23058533855072058370, 23058533855072058372),
(24211455359678979439, 24211455359678979441),
(25364376864287705582, 25364376864287705584),
(26517298368892844260, 26517298368892844262),
(27670219873499993203, 27670219873499993205),
(28823141378106470078, 28823141378106470080),
(29976062882713376656, 29976062882713376658),
(31128984387320242155, 31128984387320242157),
(32281905891927000499, 32281905891927000501),
(33434827396533869269, 33434827396533869271),
(34587748901140696817, 34587748901140696819),
(35740670405747467144, 35740670405747467146),
(36893591910354280483, 36893591910354280485),
(38046513414961264172, 38046513414961264174),
(39199434919568722459, 39199434919568722461),
(40352356424175323431, 40352356424175323433),
(41505277928781397697, 41505277928781397699),
(42658199433388031168, 42658199433388031170),
(43811120937995866429, 43811120937995866431),
(44964042442602321552, 44964042442602321554),
(46116963947209192829, 46116963947209192831),
(47269885451815910179, 47269885451815910181),
(48422806956422332086, 48422806956422332088),
(49575728461029625202, 49575728461029625204),
(50728649965638097175, 50728649965638097177),
(51881571470243849564, 51881571470243849566),
(53034492974850082932, 53034492974850082934),
(54187414479457067651, 54187414479457067653),
(55340335984064851101, 55340335984064851103),
(56493257488670562890, 56493257488670562892),
(57646178993277999451, 57646178993277999453),
(58799100497884611509, 58799100497884611511),
(59952022002493692094, 59952022002493692096),
(61104943507098180655, 61104943507098180657),
(62257865011704308598, 62257865011704308600),
(63410786516312038847, 63410786516312038849),
(64563708020920582448, 64563708020920582450),
(65716629525525078620, 65716629525525078622),
(66869551030132522785, 66869551030132522787),
(68022472534739908637, 68022472534739908639),
(69175394039346494095, 69175394039346494097),
(70328315543953189529, 70328315543953189531),
(71481237048561247676, 71481237048561247678),
(72634158553166816489, 72634158553166816491),
(73787080057773781032, 73787080057773781034),
(74940001562380339463, 74940001562380339465),
(76092923066987536377, 76092923066987536379),
(77245844571593793145, 77245844571593793147),
(78398766076200563363, 78398766076200563365),
(79551687580807415243, 79551687580807415245),
(80704609085412640441, 80704609085412640443),
(81857530590021304391, 81857530590021304393),
(83010452094628521508, 83010452094628521510),
(84163373599234331016, 84163373599234331018),
(85316295103842545046, 85316295103842545048),
(86469216608448089725, 86469216608448089727),
(87622138113053528722, 87622138113053528724),
(88775059617662564468, 88775059617662564470),
(89927981122270209793, 89927981122270209795),
(91080902626876461130, 91080902626876461132),
(92233824131483400094, 92233824131483400096),
(93386745636090929297, 93386745636090929299),
(94539667140699492909, 94539667140699492911),
(95692588645303500423, 95692588645303500425),
(96845510149910022629, 96845510149910022631),
(97998431654517342360, 97998431654517342362),
(99151353159127453055, 99151353159127453057),
(100304274663732665520, 100304274663732665522),
(101457196168338403835, 101457196168338403837),
(102610117672946319010, 102610117672946319012),
(103763039177544970699, 103763039177544970701),
(104915960682158213994, 104915960682158213996),
(106068882186762914403, 106068882186762914405),
(107221803691372105217, 107221803691372105219),
(108374725195982570358, 108374725195982570360),
(109527646700585642852, 109527646700585642854),
(110680568205187380705, 110680568205187380707),
(111833489709803089141, 111833489709803089143),
(112986411214409249695, 112986411214409249697),
(114139332719013296451, 114139332719013296453),
(115292254223619309435, 115292254223619309437),
(116445175728227248384, 116445175728227248386),
(117598097232828723791, 117598097232828723793),
(118751018737441570191, 118751018737441570193),
(119903940242052891955, 119903940242052891957),
(121056861746652825829, 121056861746652825831),
(122209783251258846452, 122209783251258846454),
(123362704755868619010, 123362704755868619012),
(124515626260471683816, 124515626260471683818),
(125668547765084992880, 125668547765084992882),
(126821469269693319023, 126821469269693319025),
(127974390774294609352, 127974390774294609354),
(129127312278897852621, 129127312278897852623),
(130280233783508399243, 130280233783508399245),
(131433155288109999003, 131433155288109999005),
(132586076792723355697, 132586076792723355699),
(133738998297331773653, 133738998297331773655),
(134891919801934864529, 134891919801934864531),
(136044841306541475752, 136044841306541475754),
(137197762811153579724, 137197762811153579726),
(138350684315755302747, 138350684315755302749),
(139503605820364011249, 139503605820364011251),
(140656527324973993908, 140656527324973993910),
(141809448829576654864, 141809448829576654866),
(142962370334184491432, 142962370334184491434),
(144115291838790895517, 144115291838790895519),
(145268213343397979077, 145268213343397979079),
(146421134848003453263, 146421134848003453265),
(147574056352624983977, 147574056352624983979),
(148726977857217249185, 148726977857217249187),
(149879899361822884100, 149879899361822884102),
(151032820866432835335, 151032820866432835337),
(152185742371039572497, 152185742371039572499),
(153338663875643927882, 153338663875643927884),
(154491585380259313984, 154491585380259313986),
(155644506884863233159, 155644506884863233161),
(156797428389463757548, 156797428389463757550),
(157950349894076750759, 157950349894076750761),
(159103271398676671062, 159103271398676671064),
(160256192903285076144, 160256192903285076146),
(161409114407896256331, 161409114407896256333),
(162562035912498901813, 162562035912498901815),
(163714957417100365473, 163714957417100365475),
(164867878921711695110, 164867878921711695112),
(166020800426316517584, 166020800426316517586),
(167173721930928188585, 167173721930928188587),
(168326643435542108818, 168326643435542108820),
(169479564940146178238, 169479564940146178240),
(170632486444744672929, 170632486444744672931),
(171785407949355347646, 171785407949355347648),
(172938329453959307688, 172938329453959307690),
(174091250958565449918, 174091250958565449920),
(175244172463186773197, 175244172463186773199),
(176397093967784768650, 176397093967784768652),
(177550015472381282489, 177550015472381282491),
(178702936976997998129, 178702936976997998131),
(179855858481607045108, 179855858481607045110),
(181008779986208241792, 181008779986208241794),
(182161701490820355327, 182161701490820355329),
(183314622995429274374, 183314622995429274376),
(184467544500023807850, 184467544500023807852),
(185620466004639785461, 185620466004639785463),
(186773387509254327405, 186773387509254327407),
(187926309013851370112, 187926309013851370114),
(189079230518455946278, 189079230518455946280),
(190232152023059385458, 190232152023059385460),
(191385073527661323337, 191385073527661323339),
(192537995032275054157, 192537995032275054159),
(193690916536893424127, 193690916536893424129),
(194843838041491206337, 194843838041491206339),
(195996759546100371422, 195996759546100371424),
(197149681050706801677, 197149681050706801679),
(198302602555311691023, 198302602555311691025),
(199455524059918359910, 199455524059918359912),
(200608445564532289790, 200608445564532289792),
(201761367069131855432, 201761367069131855434),
(202914288573741973521, 202914288573741973523),
(204067210078350037177, 204067210078350037179),
(205220131582953520560, 205220131582953520562),
(206373053087558960752, 206373053087558960754),
(207525974592166719967, 207525974592166719969),
(208678896096773922635, 208678896096773922637),
(209831817601383333161, 209831817601383333163),
(210984739105985279146, 210984739105985279148),
(212137660610592895190, 212137660610592895192),
(213290582115200143139, 213290582115200143141),
(214443503619800581245, 214443503619800581247),
(215596425124417175001, 215596425124417175003),
(216749346629016322686, 216749346629016322688),
(217902268133627559520, 217902268133627559522),
(219055189638236176900, 219055189638236176902),
(220208111142844090523, 220208111142844090525),
(221361032647453615592, 221361032647453615594),
(222513954152060219543, 222513954152060219545),
(223666875656665185117, 223666875656665185119),
(224819797161271011913, 224819797161271011915),
(225972718665875499331, 225972718665875499333),
(227125640170481909995, 227125640170481909997),
(228278561675089053798, 228278561675089053800),
(229431483179693706779, 229431483179693706781),
(230584404684309132177, 230584404684309132179),
(231737326188910550493, 231737326188910550495),
(232890247693519828148, 232890247693519828150),
(234043169198121779472, 234043169198121779474),
(235196090702736279461, 235196090702736279463),
(236349012207339921493, 236349012207339921495),
(237501933711946091310, 237501933711946091312),
(238654855216552181618, 238654855216552181620),
(239807776721166968200, 239807776721166968202),
(240960698225769386806, 240960698225769386808),
(242113619730367557554, 242113619730367557556),
(243266541234979100816, 243266541234979100818),
(244419462739593038578, 244419462739593038580),
(245572384244201342303, 245572384244201342305),
(246725305748793449403, 246725305748793449405),
(247878227253404902955, 247878227253404902957),
(249031148758016594390, 249031148758016594392),
(250184070262622522246, 250184070262622522248),
(251336991767233154013, 251336991767233154015),
(252489913271834226099, 252489913271834226101),
(253642834776441287718, 253642834776441287720),
(254795756281045320707, 254795756281045320709),
(255948677785649096849, 255948677785649096851),
(257101599290264393395, 257101599290264393397),
(258254520794869729033, 258254520794869729035),
(259407442299476309255, 259407442299476309257),
(260560363804085533105, 260560363804085533107),
(261713285308688663719, 261713285308688663721),
(262866206813296802866, 262866206813296802868),
(264019128317900197707, 264019128317900197709),
(265172049822513034715, 265172049822513034717),
(266324971327114409343, 266324971327114409345),
(267477892831726553718, 267477892831726553720),
(268630814336332211841, 268630814336332211843),
(269783735841229102017, 269783735841229102019),
(270936657345413408147, 270936657345413408149),
(272089578850150518360, 272089578850150518362),
(273242500354670029533, 273242500354670029535),
(274395421859365893576, 274395421859365893578),
(275548343363970393386, 275548343363970393388),
(276701264868579620836, 276701264868579620838),
(277854186373184729571, 277854186373184729573),
(279007107877789757850, 279007107877789757852),
(280160029382401527271, 280160029382401527273),
(281312950887007059670, 281312950887007059672),
(282465872391611003170, 282465872391611003172),
(283618793896218481677, 283618793896218481679),
(284771715400821785137, 284771715400821785139),
(285924636905429035180, 285924636905429035182),
(287077558410009988083, 287077558410009988085),
(288230479914651200871, 288230479914651200873),
(289383401419250469660, 289383401419250469662),
(290536322923856755657, 290536322923856755659),
(291689244428473241061, 291689244428473241063),
(292842165933071470766, 292842165933071470768),
(293995087437677868227, 293995087437677868229),
(62403542349758975483402, 62403542349758975483404),

support configurations:
w=7187359342139822080/18889465931478623149863 [cg] doubles=37 n=219
  xk(2^-20 units)=[614, 265243, 531789, 802960, 1293306, 1571479, 1836428, 2102931, 2370460, 2642982, 3115061, 3396864, 3673052, 3938291, 4205751, 4478208, 4949944, 5231726, 5507892, 5773106, 6040595, 6313012, 6784991, 7066750, 7342928, 7608116, 7875602, 8148050, 8619979, 8901724, 9177905, 9443129, 9710621, 9983114, 10454975, 10736760, 11012937, 11278138, 11545654, 11818131, 12290013, 12571784, 12847962, 13113172, 13380701, 13653158, 14125037, 14406794, 14683007, 14948215, 15215773, 15488279, 15960095, 16241881, 16518076, 16783268, 17050800, 17323308, 17795205, 18077015, 18353192, 18618364, 18885910, 19158377, 19630171, 19911972, 20188211, 20453398, 20721009, 20993556, 21465789, 21747688, 22024132, 22289876, 22561492, 23053346, 23331905, 23597733, 23865591, 24138218, 24610970, 24892800, 25169033, 25434233, 25701813, 25974239, 26446167, 26727948, 27004128, 27269320, 27536844, 27809264, 28281350, 28563148, 28839293, 29104479, 29372005, 29644379, 30116392, 30398179, 30674321, 30939491, 31207036, 31479405, 31951445, 32233197, 32509354, 32774543, 33042084, 33314477, 33786502, 34068290, 34344437, 34609611, 34877186, 35149613, 35621591, 35903378, 36179500, 36444648, 36712199, 36984599, 37456602, 37738355, 38014498, 38279648, 38547214, 38819653, 39291595, 39573360, 39849501, 40114663, 40382210, 40654665, 41126610, 41408405, 41684547, 41949727, 42217297, 42489749, 42961538, 43243339, 43519552, 43784744, 44052360, 44324934, 44798105, 45080098, 45356949, 45623518, 45896182, 46368754, 46650523, 46926729, 47191877, 47459385, 47731889, 48203590, 48485406, 48761603, 49026783, 49294298, 49566769, 50038464, 50320298, 50596494, 50861657, 51129184, 51401659, 51873373, 52155178, 52431379, 52696561, 52964074, 53236560, 53708285, 53990075, 54266265, 54531477, 54798969, 55071412, 55543162, 55824971, 56101157, 56366347, 56633848, 56906309, 57378057, 57659863, 57936035, 58201239, 58468745, 58741180, 59212968, 59494738, 59770915, 60036146, 60303625, 60576066, 61047795, 61329590, 61605767, 61871016, 62138520, 62410948, 62882722, 63164524, 63440716, 63705948, 63973464, 64245894, 64717632, 64999402, 65275588, 65540822, 65808314, 66080777, 66551973, 66833610]
  m=[1, 1, 1, 1, 2, 1, 1, 1, 1, 1, 1, 2, 1, 1, 1, 1, 1, 2, 1, 1, 1, 1, 1, 2, 1, 1, 1, 1, 1, 2, 1, 1, 1, 1, 1, 2, 1, 1, 1, 1, 1, 2, 1, 1, 1, 1, 1, 2, 1, 1, 1, 1, 1, 2, 1, 1, 1, 1, 1, 2, 1, 1, 1, 1, 1, 2, 1, 1, 1, 1, 1, 2, 1, 1, 1, 2, 1, 1, 1, 1, 1, 2, 1, 1, 1, 1, 1, 2, 1, 1, 1, 1, 1, 2, 1, 1, 1, 1, 1, 2, 1, 1, 1, 1, 1, 2, 1, 1, 1, 1, 1, 2, 1, 1, 1, 1, 1, 2, 1, 1, 1, 1, 1, 2, 1, 1, 1, 1, 1, 2, 1, 1, 1, 1, 1, 2, 1, 1, 1, 1, 1, 2, 1, 1, 1, 1, 1, 2, 1, 1, 1, 1, 2, 1, 1, 1, 1, 1, 2, 1, 1, 1, 1, 1, 2, 1, 1, 1, 1, 1, 2, 1, 1, 1, 1, 1, 2, 1, 1, 1, 1, 1, 2, 1, 1, 1, 1, 1, 2, 1, 1, 1, 1, 1, 2, 1, 1, 1, 1, 1, 2, 1, 1, 1, 1, 1, 2, 1, 1, 1, 1, 1, 2, 1, 1, 1, 1, 1, 2]
w=2606208845645046784/6296488643826207716621 [cg] doubles=45 n=211
  xk(2^-20 units)=[9893, 277872, 551322, 1022925, 1296388, 1564469, 1829944, 2106292, 2388149, 2860925, 3133539, 3401025, 3667292, 3931991, 4209904, 4702878, 4986250, 5494773, 5772822, 6038374, 6306391, 6579873, 7052621, 7326167, 7594331, 7860967, 8125983, 8404012, 8896543, 9179802, 9687281, 9964829, 10229369, 10495736, 10763662, 11037070, 11509256, 11782775, 12050870, 12317533, 12582473, 12860449, 13352975, 13636179, 14143726, 14421323, 14685986, 14952382, 15220413, 15493818, 15965226, 16238701, 16506734, 16772178, 17050146, 17557477, 17835988, 18102913, 18376271, 18848304, 19121769, 19389842, 19656315, 19922009, 20186448, 20464200, 20956268, 21239523, 21747827, 22025846, 22291384, 22559501, 22832973, 23305604, 23578971, 23845908, 24124384, 24631759, 24909703, 25175201, 25443207, 25716664, 26188806, 26462327, 26730520, 26997256, 27262341, 27540455, 28034043, 28317522, 28826811, 29105611, 29372790, 29646359, 30120345, 30393839, 30661925, 30928557, 31193513, 31471497, 31964263, 32247552, 32755182, 33032775, 33297332, 33563728, 33831680, 34105052, 34577063, 34850539, 35118660, 35384099, 35660428, 35942274, 36415351, 36688022, 36955766, 37221320, 37499619, 37994202, 38277713, 38787342, 39066338, 39336729, 39828121, 40106016, 40370522, 40636161, 40902389, 41169959, 41442717, 41916190, 42198312, 42475606, 42745991, 43238310, 43516648, 43781984, 44048826, 44317048, 44590639, 45062331, 45335928, 45604201, 45870992, 46136184, 46414341, 46908235, 47190058, 47472668, 47947990, 48220741, 48488453, 48754939, 49019910, 49297984, 49789909, 50060255, 50339096, 50846773, 51125106, 51391556, 51664022, 52137155, 52418857, 52694981, 52960078, 53227575, 53500163, 53972402, 54254236, 54530558, 54796195, 55067633, 55558822, 55836984, 56101926, 56368295, 56635823, 56908389, 57379346, 57661089, 57937026, 58201637, 58468118, 58736127, 59009598, 59480926, 59754492, 60022644, 60289356, 60554407, 60832454, 61325664, 61609062, 62117245, 62395283, 62660789, 62928832, 63202311, 63675404, 63948934, 64217058, 64483680, 64748641, 65026623, 65519365, 65802628, 66310177, 66587753, 66852356]
  m=[1, 1, 1, 1, 1, 1, 1, 2, 1, 1, 1, 1, 1, 1, 2, 1, 2, 2, 1, 1, 1, 1, 1, 1, 1, 1, 1, 2, 1, 2, 2, 1, 1, 1, 1, 1, 1, 1, 1, 1, 1, 2, 1, 2, 2, 1, 1, 1, 1, 1, 1, 1, 1, 1, 2, 2, 1, 1, 1, 1, 1, 1, 1, 1, 1, 2, 1, 2, 2, 1, 1, 1, 1, 1, 1, 1, 2, 2, 1, 1, 1, 1, 1, 1, 1, 1, 1, 2, 1, 2, 2, 1, 1, 1, 1, 1, 1, 1, 1, 2, 1, 2, 2, 1, 1, 1, 1, 1, 1, 1, 1, 1, 2, 1, 1, 1, 1, 1, 2, 1, 2, 2, 1, 1, 2, 1, 1, 1, 1, 1, 1, 1, 2, 1, 1, 2, 1, 1, 1, 1, 1, 1, 1, 1, 1, 1, 2, 1, 2, 1, 1, 1, 1, 1, 1, 2, 1, 1, 2, 2, 1, 1, 1, 1, 2, 1, 1, 1, 1, 1, 2, 1, 1, 1, 2, 1, 1, 1, 1, 1, 1, 2, 1, 1, 1, 1, 1, 1, 1, 1, 1, 1, 2, 1, 2, 2, 1, 1, 1, 1, 1, 1, 1, 1, 1, 2, 1, 2, 2, 1, 1]
w=4989098985576826880/18889465931478623149863 [cg] doubles=42 n=214
  xk(2^-20 units)=[67085047, 259264, 541984, 1020383, 1301967, 1578650, 1845097, 2117731, 2590482, 2872258, 3148457, 3413613, 3681223, 3953903, 4427637, 4709633, 4986490, 5253065, 5525815, 6000273, 6282296, 6559135, 6825705, 7098395, 7571660, 7853505, 8129915, 8395603, 8667093, 9158144, 9436397, 9701434, 9967943, 10235630, 10508378, 10982080, 11264172, 11541047, 11807693, 12080495, 12554778, 12836804, 13113611, 13380201, 13652984, 14127361, 14409358, 14686184, 14952703, 15225414, 15698504, 15980295, 16256481, 16521631, 16789254, 17061927, 17535609, 17817684, 18094546, 18361146, 18633965, 19108166, 19390212, 19667039, 19933636, 20206410, 20680711, 20962757, 21239586, 21506123, 21778841, 22251580, 22533367, 22809553, 23074711, 23342348, 23615042, 24088612, 24370640, 24647458, 24913975, 25186718, 25660000, 25941891, 26218281, 26483802, 26751958, 27025498, 27497258, 27770706, 28038792, 28304254, 28580571, 28862314, 29337196, 29608580, 29886277, 30168111, 30645113, 30927155, 31208708, 31702201, 31980285, 32245423, 32512221, 32780381, 33053892, 33526059, 33799465, 34066340, 34344840, 34851496, 35129007, 35393556, 35659986, 35927940, 36201362, 36671852, 36945265, 37213244, 37479624, 37744161, 38021695, 38528185, 38806665, 39073532, 39346875, 39818393, 40091909, 40360001, 40626587, 40892418, 41156978, 41434960, 41924865, 42196081, 42461543, 42739341, 43246438, 43525171, 43795393, 44286403, 44564290, 44828758, 45094366, 45360670, 45628342, 45901227, 46377958, 46661011, 46943724, 47422058, 47703675, 47980324, 48246794, 48519453, 48993083, 49275103, 49551933, 49818546, 50091340, 50566033, 50848031, 51124826, 51391353, 51664022, 52136899, 52418660, 52694862, 52960048, 53227678, 53500369, 53973930, 54255970, 54532830, 54799382, 55072080, 55545494, 55827383, 56103745, 56369231, 56637341, 56910815, 57383213, 57656678, 57923570, 58200367, 58481852, 58956492, 59237877, 59514396, 59780747, 60053349, 60526979, 60808994, 61085850, 61352454, 61625190, 62098318, 62380095, 62656288, 62921469, 63189117, 63461780, 63935488, 64217546, 64494420, 64761059, 65033880, 65508530, 65790617, 66067559, 66334361, 66607373]
  m=[1, 2, 1, 1, 2, 1, 1, 1, 1, 2, 1, 1, 1, 1, 1, 2, 1, 1, 1, 1, 2, 1, 1, 1, 1, 2, 1, 1, 1, 2, 1, 1, 1, 1, 1, 1, 2, 1, 1, 1, 1, 2, 1, 1, 1, 1, 2, 1, 1, 1, 1, 2, 1, 1, 1, 1, 1, 2, 1, 1, 1, 1, 2, 1, 1, 1, 1, 2, 1, 1, 1, 1, 2, 1, 1, 1, 1, 1, 2, 1, 1, 1, 1, 2, 1, 1, 1, 1, 1, 1, 1, 1, 2, 1, 1, 1, 2, 1, 1, 2, 1, 2, 1, 1, 1, 1, 1, 1, 1, 1, 2, 2, 1, 1, 1, 1, 1, 1, 1, 1, 1, 1, 2, 2, 1, 1, 1, 1, 1, 1, 1, 1, 1, 2, 1, 1, 1, 2, 2, 1, 1, 2, 1, 1, 1, 1, 1, 1, 1, 2, 1, 1, 2, 1, 1, 1, 1, 2, 1, 1, 1, 1, 2, 1, 1, 1, 1, 2, 1, 1, 1, 1, 1, 2, 1, 1, 1, 1, 2, 1, 1, 1, 1, 1, 1, 1, 2, 1, 1, 2, 1, 1, 1, 1, 2, 1, 1, 1, 1, 2, 1, 1, 1, 1, 1, 2, 1, 1, 1, 1, 2, 1, 1, 1]
w=7432083553848335360/18889465931478623149863 [cg] doubles=41 n=215
  xk(2^-20 units)=[11378, 517635, 800664, 1292299, 1569997, 1834380, 2100033, 2366432, 2634437, 2907954, 3378065, 3651584, 3919636, 4186167, 4451967, 4717488, 4983114, 5249335, 5516921, 5789542, 6262060, 6544157, 6821455, 7091731, 7582960, 7860847, 8125184, 8390681, 8656703, 8924087, 9196621, 9668602, 9950428, 10226740, 10492289, 10763592, 11253380, 11531276, 11795653, 12061190, 12327329, 12594845, 12867463, 13340668, 13622786, 13900033, 14170276, 14661541, 14939524, 15204129, 15469975, 15736459, 16004507, 16278035, 16747926, 17021393, 17289386, 17555702, 17821260, 18085218, 18360872, 18642419, 19111981, 19384228, 19650351, 19928416, 20434722, 20712182, 20976680, 21242995, 21510912, 21784292, 22253745, 22527230, 22795240, 23061673, 23327225, 23591254, 23866908, 24148437, 24617935, 24890312, 25156573, 25434845, 25941761, 26219652, 26485027, 26752941, 27026313, 27497105, 27770637, 28038741, 28305278, 28571137, 28835722, 29113629, 29603940, 29874040, 30152727, 30659723, 30937604, 31203106, 31471113, 31744590, 32216299, 32489835, 32758020, 33024806, 33290034, 33568376, 34060401, 34332094, 34598313, 34876942, 35369464, 35639897, 35918714, 36426203, 36704138, 36969831, 37241285, 37733052, 38011787, 38278065, 38549827, 39041812, 39320137, 39585423, 39852255, 40120409, 40393961, 40866769, 41140226, 41407289, 41685934, 42194379, 42473371, 42743876, 43236490, 43514889, 43780531, 44048251, 44320954, 44792962, 45074658, 45350580, 45615124, 45881533, 46149502, 46422878, 46893522, 47167172, 47435498, 47702265, 47968505, 48234726, 48501611, 48773036, 49262405, 49540137, 49804212, 50068230, 50345848, 50837114, 51107382, 51386175, 51894009, 52172763, 52443023, 52934077, 53212032, 53476595, 53742432, 54008942, 54277001, 54550465, 55021529, 55294960, 55562940, 55828356, 56106269, 56613229, 56891451, 57157680, 57430041, 57900720, 58182383, 58458326, 58722901, 58989404, 59257446, 59530957, 60000800, 60274217, 60542183, 60808544, 61074034, 61337993, 61613640, 61895178, 62365970, 62638436, 62904892, 63183317, 63692227, 63971803, 64243426, 64719171, 65000978, 65278014, 65548063, 66038890, 66316310, 66579954, 66843377]
  m=[2, 2, 1, 2, 1, 1, 1, 1, 1, 1, 1, 1, 1, 1, 1, 1, 1, 1, 1, 1, 1, 2, 1, 1, 2, 1, 1, 1, 1, 1, 1, 1, 2, 1, 1, 1, 2, 1, 1, 1, 1, 1, 1, 1, 2, 1, 1, 2, 1, 1, 1, 1, 1, 1, 1, 1, 1, 1, 1, 1, 2, 1, 1, 1, 1, 2, 2, 1, 1, 1, 1, 1, 1, 1, 1, 1, 1, 1, 2, 1, 1, 1, 1, 2, 2, 1, 1, 1, 1, 1, 1, 1, 1, 1, 1, 2, 1, 1, 2, 2, 1, 1, 1, 1, 1, 1, 1, 1, 1, 2, 1, 1, 1, 2, 1, 1, 2, 2, 1, 1, 1, 2, 1, 1, 1, 2, 1, 1, 1, 1, 1, 1, 1, 1, 2, 2, 1, 1, 2, 1, 1, 1, 1, 1, 2, 1, 1, 1, 1, 1, 1, 1, 1, 1, 1, 1, 1, 1, 2, 1, 1, 1, 2, 1, 1, 2, 2, 1, 1, 2, 1, 1, 1, 1, 1, 1, 1, 1, 1, 1, 2, 2, 1, 1, 1, 1, 2, 1, 1, 1, 1, 1, 1, 1, 1, 1, 1, 1, 2, 1, 1, 1, 1, 2, 2, 1, 1, 1, 2, 1, 1, 2, 1, 1, 1]
w=786041201276531712/6296488643826207716621 [cg] doubles=44 n=212
  xk(2^-20 units)=[9255, 276254, 549649, 1021099, 1294478, 1562506, 1827973, 2105971, 2613613, 2892175, 3159138, 3432519, 3903582, 4177021, 4445061, 4711485, 4977076, 5242343, 5506611, 5784457, 6274116, 6545498, 6812327, 7077372, 7355500, 7846856, 8117000, 8395642, 8902129, 9179600, 9444084, 9710428, 9978348, 10251779, 10722372, 10995988, 11264346, 11531359, 11797790, 12064211, 12331164, 12599498, 12873185, 13343889, 13617464, 13885667, 14151354, 14429533, 14938140, 15217626, 15489081, 15964119, 16246031, 16523194, 16793510, 17285810, 17563554, 17826918, 18104591, 18595922, 18866178, 19144961, 19652879, 19931288, 20197801, 20470391, 20943395, 21225209, 21501521, 21766990, 22035166, 22308713, 22780839, 23054367, 23322505, 23589269, 23854463, 24132753, 24624025, 24895444, 25161080, 25437417, 25719216, 26191695, 26464259, 26731650, 26997659, 27261982, 27539452, 28046717, 28329966, 28822777, 29100783, 29365791, 29632473, 29900628, 30174179, 30646405, 30919946, 31188160, 31454951, 31720189, 31998528, 32490792, 32761231, 33038599, 33320765, 33794970, 34068086, 34336343, 34603656, 34870927, 35139159, 35412211, 35886771, 36168863, 36446069, 36716273, 37207191, 37484649, 37748339, 38011808, 38288775, 38795608, 39078831, 39572135, 39850430, 40116069, 40383978, 40656867, 41132612, 41414966, 41692859, 41964319, 42438949, 42720736, 42997047, 43262471, 43530524, 43804048, 44275331, 44548883, 44816960, 45083545, 45349433, 45614096, 45892177, 46382560, 46654041, 46920957, 47186120, 47464426, 47955591, 48227133, 48494098, 48759264, 49037470, 49529662, 49799997, 50077214, 50359315, 50834308, 51107176, 51375085, 51640882, 51919375, 52411225, 52682754, 52948599, 53226682, 53735263, 54014857, 54286500, 54763527, 55045993, 55327704, 55821948, 56100051, 56365164, 56631883, 56899994, 57173503, 57645509, 57919058, 58187244, 58452886, 58731022, 59239231, 59518643, 59790042, 60263414, 60545132, 60821453, 61086914, 61355062, 61628640, 62100718, 62374020, 62640801, 62919221, 63425920, 63703499, 63968128, 64234586, 64502567, 64775987, 65246718, 65520132, 65788173, 66053715, 66331738, 66839512]
  m=[1, 1, 1, 1, 1, 1, 1, 2, 2, 1, 1, 1, 1, 1, 1, 1, 1, 1, 1, 2, 1, 1, 1, 1, 2, 1, 1, 2, 2, 1, 1, 1, 1, 1, 1, 1, 1, 1, 1, 1, 1, 1, 1, 1, 1, 1, 1, 2, 2, 1, 1, 1, 2, 1, 1, 2, 1, 1, 2, 1, 1, 2, 2, 1, 1, 1, 1, 2, 1, 1, 1, 1, 1, 1, 1, 1, 1, 2, 1, 1, 1, 2, 1, 1, 1, 1, 1, 1, 2, 2, 1, 2, 1, 1, 1, 1, 1, 1, 1, 1, 1, 1, 2, 1, 1, 2, 1, 1, 1, 1, 1, 1, 1, 1, 1, 2, 1, 1, 2, 1, 1, 1, 2, 2, 1, 2, 1, 1, 1, 1, 1, 2, 1, 1, 1, 2, 1, 1, 1, 1, 1, 1, 1, 1, 1, 1, 2, 1, 1, 1, 1, 2, 1, 1, 1, 1, 2, 1, 1, 2, 1, 1, 1, 1, 1, 2, 1, 1, 1, 2, 2, 1, 1, 1, 2, 1, 2, 1, 1, 1, 1, 1, 1, 1, 1, 1, 2, 2, 1, 1, 1, 2, 1, 1, 1, 1, 1, 1, 1, 2, 2, 1, 1, 1, 1, 1, 1, 1, 1, 1, 2, 2]
w=20034734682794414080/18889465931478623149863 [cg] doubles=41 n=215
  xk(2^-20 units)=[5903, 272498, 545237, 1019617, 1301606, 1578394, 1844925, 2117620, 2590534, 2872306, 3148485, 3413647, 3681258, 3953911, 4427429, 4709427, 4986239, 5252816, 5525515, 5998468, 6280224, 6556374, 6821534, 7089109, 7361703, 7835183, 8117171, 8393997, 8660566, 8933243, 9406217, 9687951, 9964125, 10229316, 10496908, 10769534, 11242964, 11524980, 11801827, 12068405, 12341077, 12814122, 13095874, 13372084, 13637271, 13904851, 14177482, 14650948, 14932990, 15209870, 15476492, 15749265, 16223577, 16505592, 16782450, 17049075, 17321865, 17796201, 18078213, 18355025, 18621619, 18894341, 19367386, 19649175, 19925381, 20190586, 20458233, 20730892, 21204429, 21486468, 21763346, 22030001, 22302789, 22777104, 23059106, 23335954, 23602600, 23875408, 24349672, 24631683, 24908495, 25175076, 25447801, 25920795, 26202593, 26478795, 26743979, 27011600, 27284271, 27757869, 28039926, 28316761, 28583337, 28856087, 29329577, 29611431, 29887841, 30153599, 30425235, 30917162, 31195800, 31461667, 31729637, 32002541, 32476969, 32759073, 33035936, 33302548, 33575399, 34049832, 34331881, 34608715, 34875279, 35148086, 35622545, 35904608, 36181442, 36448019, 36720829, 37195259, 37477294, 37754108, 38020660, 38293429, 38767929, 39049937, 39326759, 39593321, 39866066, 40339644, 40621462, 40897827, 41163516, 41435024, 41926117, 42204371, 42469415, 42735934, 43003641, 43276375, 43750231, 44032303, 44309170, 44575792, 44848560, 45322932, 45604962, 45881797, 46148371, 46421134, 46895574, 47177577, 47454407, 47720958, 47993642, 48466715, 48748514, 49024752, 49289966, 49557573, 49830254, 50303930, 50586004, 50862857, 51129430, 51402212, 51876781, 52158834, 52435674, 52702243, 52974997, 53449251, 53731303, 54008151, 54274734, 54547518, 55021901, 55303934, 55580751, 55847277, 56119968, 56592958, 56874770, 57151014, 57416209, 57683819, 57956484, 58430078, 58712159, 58989015, 59255609, 59528352, 60002684, 60284714, 60561576, 60828167, 61100913, 61575236, 61857238, 62134056, 62400616, 62673301, 63146283, 63428071, 63704285, 63969476, 64237073, 64509714, 64983282, 65265319, 65542184, 65808800, 66081537, 66555921, 66837927]
  m=[1, 1, 1, 1, 2, 1, 1, 1, 1, 2, 1, 1, 1, 1, 1, 2, 1, 1, 1, 1, 2, 1, 1, 1, 1, 1, 2, 1, 1, 1, 1, 2, 1, 1, 1, 1, 1, 2, 1, 1, 1, 1, 2, 1, 1, 1, 1, 1, 2, 1, 1, 1, 1, 2, 1, 1, 1, 1, 2, 1, 1, 1, 1, 2, 1, 1, 1, 1, 1, 2, 1, 1, 1, 1, 2, 1, 1, 1, 1, 2, 1, 1, 1, 1, 2, 1, 1, 1, 1, 1, 2, 1, 1, 1, 1, 2, 1, 1, 1, 2, 1, 1, 1, 1, 1, 2, 1, 1, 1, 1, 2, 1, 1, 1, 1, 2, 1, 1, 1, 1, 2, 1, 1, 1, 1, 2, 1, 1, 1, 1, 2, 1, 1, 1, 2, 1, 1, 1, 1, 1, 1, 2, 1, 1, 1, 1, 2, 1, 1, 1, 1, 2, 1, 1, 1, 1, 2, 1, 1, 1, 1, 1, 2, 1, 1, 1, 1, 2, 1, 1, 1, 1, 2, 1, 1, 1, 1, 2, 1, 1, 1, 1, 2, 1, 1, 1, 1, 1, 2, 1, 1, 1, 1, 2, 1, 1, 1, 1, 2, 1, 1, 1, 1, 2, 1, 1, 1, 1, 1, 2, 1, 1, 1, 1, 2]
w=1972306384371067136/18889465931478623149863 [cg] doubles=41 n=215
  xk(2^-20 units)=[13321, 519606, 802671, 1294369, 1572083, 1836441, 2102134, 2368555, 2636567, 2910072, 3380563, 3654156, 3922374, 4189134, 4455328, 4721391, 4987912, 5255642, 5528433, 6001259, 6283367, 6560598, 6830918, 7322260, 7600123, 7864491, 8129955, 8395948, 8663328, 8935826, 9407940, 9689756, 9966081, 10231615, 10502932, 10992808, 11270672, 11535035, 11800511, 12066590, 12334072, 12606641, 13080179, 13362230, 13639379, 13909604, 14400123, 14677901, 14942083, 15207287, 15472839, 15739205, 16007192, 16280670, 16751151, 17024570, 17292534, 17557960, 17835921, 18343319, 18621887, 18888781, 19162165, 19633103, 19906593, 20174619, 20441059, 20706607, 20971888, 21236000, 21513702, 22003209, 22273270, 22551908, 23059078, 23336987, 23602387, 23870440, 24143877, 24614932, 24888358, 25156342, 25422865, 25688718, 25953366, 26231424, 26722495, 26994176, 27260303, 27538864, 28031559, 28301949, 28580771, 29088228, 29366187, 29631835, 29903297, 30395066, 30673721, 30940017, 31211765, 31703888, 31982246, 32247519, 32514324, 32782458, 33055999, 33527641, 33801185, 34069387, 34334884, 34611263, 34893065, 35364988, 35637358, 35903582, 36181750, 36688682, 36966562, 37231983, 37499989, 37773389, 38244224, 38517648, 38785576, 39051894, 39317393, 39582590, 39846737, 40124434, 40614971, 40885124, 41163858, 41671818, 41950594, 42220881, 42712151, 42989966, 43254315, 43519843, 43785874, 44053301, 44325909, 44799249, 45081398, 45358448, 45625508, 45899142, 46371438, 46644993, 46913125, 47179828, 47445998, 47712141, 47978967, 48250416, 48740172, 49017881, 49281955, 49546030, 49823672, 50313471, 50584666, 50850064, 51127809, 51634741, 51913358, 52183472, 52674113, 52951962, 53216451, 53482226, 53748706, 54016697, 54290147, 54760807, 55034185, 55302102, 55568504, 55833139, 56110710, 56618209, 56897463, 57168623, 57639538, 57920909, 58196479, 58460455, 58725978, 58992307, 59260245, 59533687, 60003069, 60276538, 60544501, 60810883, 61076389, 61340352, 61616008, 61897518, 62368020, 62640512, 62906907, 63185321, 63694296, 63973869, 64245444, 64721197, 65002995, 65279984, 65550025, 66040900, 66318332, 66581949, 66845329]
  m=[2, 2, 1, 2, 1, 1, 1, 1, 1, 1, 1, 1, 1, 1, 1, 1, 1, 1, 1, 1, 2, 1, 1, 2, 1, 1, 1, 1, 1, 1, 1, 2, 1, 1, 1, 2, 1, 1, 1, 1, 1, 1, 1, 2, 1, 1, 2, 1, 1, 1, 1, 1, 1, 1, 1, 1, 1, 1, 2, 2, 1, 1, 1, 1, 1, 1, 1, 1, 1, 1, 2, 1, 1, 2, 2, 1, 1, 1, 1, 1, 1, 1, 1, 1, 1, 2, 1, 1, 1, 2, 1, 1, 2, 2, 1, 1, 1, 2, 1, 1, 1, 2, 1, 1, 1, 1, 1, 1, 1, 1, 1, 2, 1, 1, 1, 1, 2, 2, 1, 1, 1, 1, 1, 1, 1, 1, 1, 1, 1, 2, 1, 1, 2, 2, 1, 1, 2, 1, 1, 1, 1, 1, 1, 1, 2, 1, 1, 1, 1, 1, 1, 1, 1, 1, 1, 1, 2, 1, 1, 1, 2, 1, 1, 1, 2, 2, 1, 1, 2, 1, 1, 1, 1, 1, 1, 1, 1, 1, 1, 1, 2, 2, 1, 1, 1, 2, 1, 1, 1, 1, 1, 1, 1, 1, 1, 1, 1, 1, 2, 1, 1, 1, 1, 2, 2, 1, 1, 1, 2, 1, 1, 2, 1, 1, 1]
w=4613129120378825728/18889465931478623149863 [cg] doubles=39 n=217
  xk(2^-20 units)=[22512, 495999, 778009, 1054785, 1321329, 1594030, 2067178, 2348956, 2625085, 2890137, 3157678, 3430219, 3902232, 4183997, 4460175, 4725332, 4992914, 5265562, 5738998, 6020997, 6297764, 6564250, 6836899, 7310015, 7591778, 7867937, 8133014, 8400498, 8673016, 9145103, 9426887, 9703104, 9968269, 10235818, 10508458, 10981928, 11263949, 11540779, 11807325, 12080076, 12554534, 12836522, 13113311, 13379825, 13652479, 14125341, 14407118, 14683276, 14948410, 15216012, 15488683, 15962077, 16244082, 16520836, 16787347, 17060031, 17532966, 17814733, 18090877, 18355928, 18623416, 18895979, 19367972, 19649772, 19925963, 20191043, 20458559, 20731156, 21203284, 21485079, 21761242, 22026319, 22293838, 22566422, 23038429, 23320223, 23596387, 23861488, 24129029, 24401690, 24875130, 25157153, 25433938, 25700431, 25973079, 26445956, 26727707, 27003892, 27269003, 27536555, 27809189, 28282623, 28564625, 28841434, 29107987, 29380654, 29853615, 30135354, 30411509, 30676626, 30944195, 31216811, 31690224, 31972225, 32249052, 32515610, 32788294, 33261258, 33543022, 33819195, 34084311, 34351888, 34624542, 35097920, 35379934, 35656707, 35923219, 36195894, 36668993, 36950733, 37226885, 37491970, 37759476, 38032014, 38503984, 38785747, 39061951, 39327128, 39594670, 39867324, 40340830, 40622844, 40899668, 41166186, 41438820, 41911796, 42193544, 42469749, 42734898, 43002455, 43275113, 43748590, 44030591, 44307419, 44573978, 44846665, 45319723, 45601494, 45877659, 46142785, 46410371, 46683050, 47156323, 47438338, 47715122, 47981633, 48254311, 48727571, 49009327, 49285471, 49550507, 49817985, 50090533, 50561482, 50843153, 51118973, 51383325, 51649465, 51916951, 52189585, 52662449, 52944491, 53221311, 53487830, 53760537, 54233701, 54515487, 54791695, 55056823, 55324388, 55597086, 56070466, 56352548, 56629410, 56896011, 57168813, 57643362, 57925390, 58202220, 58468782, 58741571, 59215891, 59497929, 59774738, 60041313, 60314135, 60788689, 61070716, 61347495, 61613979, 61886668, 62359782, 62641587, 62917773, 63182895, 63450491, 63723154, 64196846, 64478864, 64755667, 65022203, 65294883, 65768071, 66049846, 66326016, 66591137, 66858717]
  m=[1, 1, 2, 1, 1, 1, 1, 2, 1, 1, 1, 1, 1, 2, 1, 1, 1, 1, 1, 2, 1, 1, 1, 1, 2, 1, 1, 1, 1, 1, 2, 1, 1, 1, 1, 1, 2, 1, 1, 1, 1, 2, 1, 1, 1, 1, 2, 1, 1, 1, 1, 1, 2, 1, 1, 1, 1, 2, 1, 1, 1, 1, 1, 2, 1, 1, 1, 1, 1, 2, 1, 1, 1, 1, 1, 2, 1, 1, 1, 1, 1, 2, 1, 1, 1, 1, 2, 1, 1, 1, 1, 1, 2, 1, 1, 1, 1, 2, 1, 1, 1, 1, 1, 2, 1, 1, 1, 1, 2, 1, 1, 1, 1, 1, 2, 1, 1, 1, 1, 2, 1, 1, 1, 1, 1, 2, 1, 1, 1, 1, 1, 2, 1, 1, 1, 1, 2, 1, 1, 1, 1, 1, 2, 1, 1, 1, 1, 2, 1, 1, 1, 1, 1, 2, 1, 1, 1, 1, 2, 1, 1, 1, 1, 1, 2, 1, 1, 1, 1, 1, 1, 2, 1, 1, 1, 1, 2, 1, 1, 1, 1, 1, 2, 1, 1, 1, 1, 2, 1, 1, 1, 1, 2, 1, 1, 1, 1, 2, 1, 1, 1, 1, 2, 1, 1, 1, 1, 1, 2, 1, 1, 1, 1, 2, 1, 1, 1]
w=2724739586798556160/18889465931478623149863 [cg] doubles=42 n=214
  xk(2^-20 units)=[4537, 286645, 759572, 1032190, 1299667, 1565801, 1830096, 2105934, 2387570, 2857870, 3130357, 3397700, 3663743, 3928081, 4203885, 4485564, 4955901, 5228527, 5496206, 5762590, 6028659, 6294780, 6561518, 6829729, 7103267, 7575342, 7848874, 8115906, 8394556, 8902866, 9181706, 9451866, 9942209, 10219557, 10482254, 10759271, 11266391, 11545758, 11817189, 12292452, 12574329, 12851465, 13121689, 13613142, 13891144, 14155746, 14421574, 14688057, 14956071, 15229497, 15700327, 15973908, 16242030, 16508566, 16774439, 17038990, 17316931, 17806918, 18076926, 18355521, 18861668, 19139120, 19403564, 19669853, 19937752, 20211172, 20681988, 20955449, 21223481, 21490003, 21755744, 22020295, 22298209, 22787951, 23059085, 23324441, 23602130, 24108169, 24385894, 24651293, 24922423, 25412073, 25690039, 25954599, 26220416, 26486926, 26755073, 27028587, 27499431, 27772905, 28040963, 28307487, 28573341, 28838002, 29116038, 29607490, 29877607, 30154635, 30436246, 30913520, 31197882, 31708088, 31986391, 32252150, 32520271, 32793677, 33267227, 33539446, 33819252, 34327076, 34604486, 34868641, 35134164, 35400474, 35668421, 35941830, 36412115, 36685680, 36953732, 37219254, 37497227, 38004306, 38282519, 38548776, 38821082, 39290558, 39572114, 39847752, 40111759, 40377330, 40643727, 40911694, 41185147, 41654360, 41927803, 42195677, 42461896, 42727348, 42991257, 43268442, 43774073, 44052551, 44322470, 44811676, 45089429, 45353587, 45618820, 45884408, 46150826, 46418868, 46692401, 47162401, 47435888, 47703878, 47970303, 48235875, 48501150, 48765424, 49043272, 49533877, 49804097, 50081254, 50363231, 50839447, 51111045, 51389040, 51671331, 52148937, 52420610, 52698658, 52980957, 53458245, 53729967, 54008016, 54290382, 54768302, 55040080, 55318176, 55600638, 56075913, 56348746, 56616468, 56881694, 57157950, 57439758, 57912985, 58185609, 58452074, 58728810, 59010720, 59486770, 59758411, 60036361, 60318728, 60796323, 61068034, 61346100, 61628448, 62106336, 62378039, 62656182, 62938622, 63414778, 63687691, 63954334, 64231183, 64513140, 64988853, 65260427, 65538424, 65820829, 66296966, 66569885, 66836543]
  m=[2, 1, 1, 1, 1, 1, 1, 2, 1, 1, 1, 1, 1, 1, 2, 1, 1, 1, 1, 1, 1, 1, 1, 1, 1, 1, 1, 1, 2, 2, 1, 1, 2, 1, 1, 2, 2, 1, 1, 1, 2, 1, 1, 2, 1, 1, 1, 1, 1, 1, 1, 1, 1, 1, 1, 1, 2, 1, 1, 2, 2, 1, 1, 1, 1, 1, 1, 1, 1, 1, 1, 1, 2, 1, 1, 1, 2, 2, 1, 1, 1, 2, 1, 1, 1, 1, 1, 1, 1, 1, 1, 1, 1, 1, 2, 1, 1, 2, 1, 1, 2, 2, 1, 1, 1, 1, 1, 1, 2, 2, 1, 1, 1, 1, 1, 1, 1, 1, 1, 1, 2, 2, 1, 1, 1, 1, 2, 1, 1, 1, 1, 1, 1, 1, 1, 1, 1, 1, 1, 2, 2, 1, 1, 2, 1, 1, 1, 1, 1, 1, 1, 1, 1, 1, 1, 1, 1, 1, 2, 1, 1, 2, 1, 1, 1, 2, 1, 1, 1, 2, 1, 1, 1, 2, 1, 1, 1, 2, 1, 1, 1, 1, 1, 2, 1, 1, 1, 1, 2, 1, 1, 1, 2, 1, 1, 1, 2, 1, 1, 1, 2, 1, 1, 1, 1, 2, 1, 1, 1, 2, 1, 1, 1, 1]
w=32559314201467744256/18889465931478623149863 [cg] doubles=18 n=238
  xk(2^-20 units)=[106270, 384916, 666904, 950780, 1236201, 1522498, 1808733, 2093994, 2377614, 2659257, 2937486, 3222802, 3507946, 3785681, 4066489, 4348931, 4632789, 4917614, 5202712, 5487300, 5770749, 6052662, 6332855, 6609931, 6894565, 7179163, 7456136, 7736123, 8017676, 8300591, 8584442, 8868630, 9152449, 9435265, 9716684, 9996483, 10273199, 10557536, 10841739, 11118027, 11397099, 11677598, 11959387, 12242189, 12525618, 12809087, 13092000, 13373891, 13654477, 13933598, 14209832, 14493912, 14777975, 15054107, 15333107, 15613517, 15895158, 16177792, 16460984, 16744162, 17026760, 17308322, 17588629, 17867509, 18143539, 18427507, 18711450, 18987455, 19266303, 19546585, 19828151, 20110802, 20394097, 20677486, 20960378, 21242338, 21523064, 21802363, 22078859, 22363214, 22647677, 22924573, 23204563, 23486215, 23769339, 24053551, 24338231, 24622652, 24906166, 25188307, 25468806, 25746210, 26031105, 26315980, 26593410, 26873928, 27156112, 27439767, 27724491, 28009629, 28294416, 28578190, 28860532, 29141157, 29418643, 29703554, 29988436, 30265829, 30546308, 30828390, 31111872, 31396324, 31681103, 31965475, 32248793, 32530672, 32810876, 33087940, 33372518, 33656974, 33933663, 34213212, 34494251, 34776621, 35060036, 35344038, 35628011, 35911349, 36193624, 36474580, 36754049, 37030682, 37315116, 37599695, 37876761, 38156988, 38438893, 38722206, 39006518, 39291171, 39575431, 39858699, 40140570, 40420837, 40698065, 40982831, 41267635, 41544945, 41825373, 42107482, 42390996, 42675486, 42960313, 43244730, 43528115, 43810049, 44090344, 44367574, 44652328, 44937070, 45214265, 45494508, 45776367, 46059596, 46343771, 46628269, 46912378, 47195462, 47477109, 47757125, 48034029, 48318508, 48602844, 48879340, 49158623, 49439325, 49721250, 50004110, 50287458, 50570700, 50853252, 51134704, 51414798, 51693416, 51969127, 52252796, 52536334, 52811619, 53089526, 53368668, 53648923, 53930162, 54212076, 54494241, 54776173, 55057456, 55337817, 55617083, 55895160, 56170699, 56454473, 56738575, 57015076, 57294727, 57576126, 57859089, 58143195, 58427823, 58712223, 58995730, 59277900, 59558506, 59836119, 60121189, 60406468, 60684663, 60966280, 61249873, 61535113, 61821349, 62107665, 62393107, 62677032, 62959056, 63237730, 63523406, 63809095, 64087819, 64369943, 64654034, 64939775, 65226479, 65513186, 65798922, 66082993, 66365111, 66643810, 66929482]
  m=[1, 1, 1, 1, 1, 1, 1, 1, 1, 1, 1, 2, 1, 1, 1, 1, 1, 1, 1, 1, 1, 1, 1, 1, 2, 1, 1, 1, 1, 1, 1, 1, 1, 1, 1, 1, 1, 2, 1, 1, 1, 1, 1, 1, 1, 1, 1, 1, 1, 1, 1, 2, 1, 1, 1, 1, 1, 1, 1, 1, 1, 1, 1, 1, 1, 2, 1, 1, 1, 1, 1, 1, 1, 1, 1, 1, 1, 1, 1, 2, 1, 1, 1, 1, 1, 1, 1, 1, 1, 1, 1, 1, 2, 1, 1, 1, 1, 1, 1, 1, 1, 1, 1, 1, 1, 2, 1, 1, 1, 1, 1, 1, 1, 1, 1, 1, 1, 1, 2, 1, 1, 1, 1, 1, 1, 1, 1, 1, 1, 1, 1, 1, 2, 1, 1, 1, 1, 1, 1, 1, 1, 1, 1, 1, 1, 2, 1, 1, 1, 1, 1, 1, 1, 1, 1, 1, 1, 1, 2, 1, 1, 1, 1, 1, 1, 1, 1, 1, 1, 1, 1, 2, 1, 1, 1, 1, 1, 1, 1, 1, 1, 1, 1, 1, 1, 2, 1, 1, 1, 1, 1, 1, 1, 1, 1, 1, 1, 1, 1, 1, 2, 1, 1, 1, 1, 1, 1, 1, 1, 1, 1, 1, 1, 2, 1, 1, 1, 1, 1, 1, 1, 1, 1, 1, 1, 2, 1, 1, 1, 1, 1, 1, 1, 1, 1, 1, 1, 2]
w=3366203236751701504/18889465931478623149863 [cg] doubles=40 n=216
  xk(2^-20 units)=[67078753, 251695, 527893, 793043, 1060638, 1333299, 1806775, 2088806, 2365639, 2632246, 2905031, 3379518, 3661534, 3938324, 4204859, 4477568, 4950418, 5232228, 5508406, 5773559, 6041187, 6313885, 6787263, 7069294, 7346066, 7612589, 7885287, 8358382, 8640167, 8916313, 9181388, 9448897, 9721451, 10193406, 10475206, 10751418, 11016589, 11284169, 11556834, 12030293, 12312325, 12589141, 12855655, 13128301, 13601368, 13883142, 14159361, 14424502, 14692063, 14964690, 15438021, 15720057, 15996930, 16263551, 16536322, 17010821, 17292814, 17569603, 17836115, 18108803, 18581685, 18863473, 19139643, 19404794, 19672407, 19945084, 20418527, 20700540, 20977346, 21243896, 21516562, 21989675, 22271439, 22547635, 22812771, 23080324, 23352945, 23826310, 24108335, 24385218, 24651843, 24924608, 25399154, 25681129, 25957933, 26224471, 26497147, 26970064, 27251838, 27528011, 27793165, 28060770, 28333445, 28806905, 29088906, 29365731, 29632290, 29904942, 30378097, 30659849, 30936055, 31201203, 31468759, 31741401, 32214757, 32496795, 32773669, 33040279, 33313060, 33787595, 34069586, 34346404, 34612945, 34885623, 35358559, 35640339, 35916528, 36181686, 36449299, 36721995, 37195501, 37477527, 37754338, 38020876, 38293550, 38766686, 39048455, 39324683, 39589837, 39857406, 40130070, 40603454, 40885499, 41162369, 41428987, 41701783, 42176344, 42458338, 42735158, 43001700, 43274382, 43747344, 44029139, 44305315, 44570469, 44838089, 45110783, 45584325, 45866341, 46143142, 46409704, 46682391, 47155533, 47437302, 47713515, 47978675, 48246248, 48518884, 48992286, 49274323, 49551191, 49817813, 50090610, 50565188, 50847180, 51123979, 51390528, 51663231, 52136138, 52417917, 52694095, 52959261, 53226869, 53499545, 53973119, 54255124, 54531930, 54798490, 55071166, 55544332, 55826103, 56102310, 56367453, 56635011, 56907670, 57381178, 57663249, 57940130, 58206726, 58479497, 58953996, 59236006, 59512852, 59779446, 60052210, 60526662, 60808653, 61085452, 61352014, 61624723, 62097885, 62379686, 62655877, 62921020, 63188631, 63461291, 63934838, 64216869, 64493722, 64760342, 65033141, 65507699, 65789713, 66066494, 66333002, 66605680]
  m=[1, 2, 1, 1, 1, 1, 1, 2, 1, 1, 1, 1, 2, 1, 1, 1, 1, 2, 1, 1, 1, 1, 1, 2, 1, 1, 1, 1, 2, 1, 1, 1, 1, 1, 2, 1, 1, 1, 1, 1, 2, 1, 1, 1, 1, 2, 1, 1, 1, 1, 1, 2, 1, 1, 1, 1, 2, 1, 1, 1, 1, 2, 1, 1, 1, 1, 1, 2, 1, 1, 1, 1, 2, 1, 1, 1, 1, 1, 2, 1, 1, 1, 1, 2, 1, 1, 1, 1, 2, 1, 1, 1, 1, 1, 2, 1, 1, 1, 1, 2, 1, 1, 1, 1, 1, 2, 1, 1, 1, 1, 2, 1, 1, 1, 1, 2, 1, 1, 1, 1, 1, 2, 1, 1, 1, 1, 2, 1, 1, 1, 1, 1, 2, 1, 1, 1, 1, 2, 1, 1, 1, 1, 2, 1, 1, 1, 1, 1, 2, 1, 1, 1, 1, 2, 1, 1, 1, 1, 1, 2, 1, 1, 1, 1, 2, 1, 1, 1, 1, 2, 1, 1, 1, 1, 1, 2, 1, 1, 1, 1, 2, 1, 1, 1, 1, 1, 2, 1, 1, 1, 1, 2, 1, 1, 1, 1, 2, 1, 1, 1, 1, 2, 1, 1, 1, 1, 1, 2, 1, 1, 1, 1, 2, 1, 1, 1]
w=7212383965151092736/6296488643826207716621 [cg] doubles=35 n=221
  xk(2^-20 units)=[229869, 511595, 787687, 1052664, 1320060, 1592546, 2063438, 2345049, 2620791, 2885010, 3150984, 3418326, 3690808, 4162080, 4443827, 4719948, 4984974, 5252440, 5524972, 5997051, 6278766, 6554851, 6819833, 7087239, 7359719, 7830629, 8112226, 8387967, 8652191, 8918160, 9185498, 9457981, 9929276, 10211024, 10487139, 10752168, 11019640, 11292171, 11764219, 12045940, 12322029, 12587011, 12854419, 13126910, 13597837, 13879446, 14155188, 14419412, 14685375, 14952720, 15225208, 15696483, 15978248, 16254379, 16519408, 16786905, 17059453, 17531341, 17813071, 18089171, 18354165, 18621595, 18894112, 19366191, 19647925, 19924036, 20189036, 20456422, 20728903, 21199740, 21481357, 21757116, 22021349, 22287325, 22554678, 22827162, 23298491, 23580234, 23856364, 24121387, 24388845, 24661383, 25133475, 25415197, 25691285, 25956272, 26223673, 26496143, 26967052, 27248660, 27524404, 27788618, 28054595, 28321936, 28594411, 29065712, 29347452, 29623581, 29888606, 30156062, 30428601, 30900681, 31182409, 31458501, 31723481, 31990881, 32263352, 32734265, 33015872, 33291617, 33555842, 33821822, 34089161, 34361644, 34832942, 35114691, 35390812, 35655839, 35923307, 36195849, 36667915, 36949645, 37225730, 37490709, 37758118, 38030600, 38501507, 38783106, 39058845, 39323070, 39589042, 39856376, 40128867, 40600152, 40881903, 41158027, 41423059, 41690528, 41963061, 42435129, 42716849, 42992938, 43257920, 43525330, 43797819, 44268760, 44550363, 44826107, 45090336, 45356305, 45623653, 45896142, 46367441, 46649208, 46925336, 47190367, 47457870, 47730424, 48202329, 48484059, 48760146, 49025139, 49292579, 49565106, 50037164, 50318903, 50595004, 50860001, 51127387, 51399869, 51870685, 52152302, 52428058, 52692284, 52958256, 53225609, 53498091, 53969399, 54251146, 54527277, 54792297, 55059756, 55332293, 55804376, 56086100, 56362187, 56627172, 56894563, 57167025, 57637933, 57919537, 58195281, 58459501, 58725475, 58992817, 59265295, 59736593, 60018331, 60294458, 60559481, 60826939, 61099472, 61571572, 61853288, 62129372, 62394355, 62661751, 62934221, 63405113, 63686717, 63962462, 64226686, 64492658, 64759996, 65032481, 65503751, 65785502, 66061631, 66326650, 66594118, 66866665]
  m=[1, 2, 1, 1, 1, 1, 1, 2, 1, 1, 1, 1, 1, 1, 2, 1, 1, 1, 1, 1, 2, 1, 1, 1, 1, 1, 2, 1, 1, 1, 1, 1, 1, 2, 1, 1, 1, 1, 1, 2, 1, 1, 1, 1, 1, 2, 1, 1, 1, 1, 1, 1, 2, 1, 1, 1, 1, 1, 2, 1, 1, 1, 1, 1, 2, 1, 1, 1, 1, 1, 2, 1, 1, 1, 1, 1, 1, 2, 1, 1, 1, 1, 1, 2, 1, 1, 1, 1, 1, 2, 1, 1, 1, 1, 1, 1, 2, 1, 1, 1, 1, 1, 2, 1, 1, 1, 1, 1, 2, 1, 1, 1, 1, 1, 1, 2, 1, 1, 1, 1, 1, 2, 1, 1, 1, 1, 1, 2, 1, 1, 1, 1, 1, 1, 2, 1, 1, 1, 1, 1, 2, 1, 1, 1, 1, 1, 2, 1, 1, 1, 1, 1, 1, 2, 1, 1, 1, 1, 1, 2, 1, 1, 1, 1, 1, 2, 1, 1, 1, 1, 1, 2, 1, 1, 1, 1, 1, 1, 2, 1, 1, 1, 1, 1, 2, 1, 1, 1, 1, 1, 2, 1, 1, 1, 1, 1, 1, 2, 1, 1, 1, 1, 1, 2, 1, 1, 1, 1, 1, 2, 1, 1, 1, 1, 1, 1, 2, 1, 1, 1, 1]
w=7238648325654840320/18889465931478623149863 [cg] doubles=43 n=213
  xk(2^-20 units)=[7066, 513809, 791614, 1057067, 1328183, 1817972, 2095915, 2360546, 2626329, 2892880, 3160952, 3434441, 3904961, 4178472, 4446518, 4713023, 4978828, 5243408, 5521271, 6011438, 6281343, 6559827, 7065274, 7342394, 7606280, 7871643, 8137902, 8405789, 8679114, 9149384, 9422760, 9690668, 9957000, 10221537, 10499051, 11005826, 11284279, 11551159, 11824466, 12296132, 12569616, 12837743, 13104391, 13369358, 13647235, 14156843, 14441173, 14919248, 15201424, 15483011, 15977048, 16255154, 16520289, 16787011, 17055190, 17328722, 17800621, 18074245, 18342530, 18608359, 18886701, 19396972, 19681299, 20158564, 20440195, 20717254, 20987570, 21479941, 21758272, 22023547, 22290337, 22558533, 22832098, 23302994, 23576490, 23844586, 24111133, 24375746, 24651681, 24933328, 25404007, 25676382, 25942685, 26220879, 26727845, 27005833, 27271359, 27539408, 27812798, 28284330, 28557854, 28826037, 29092823, 29358084, 29636386, 30128960, 30399173, 30676217, 30957843, 31434815, 31719088, 32228422, 32506293, 32771155, 33037692, 33305699, 33579074, 34052109, 34324369, 34604230, 35112601, 35390375, 35655192, 35921736, 36189790, 36463307, 36933950, 37207365, 37475396, 37740903, 38018865, 38526600, 38805146, 39072145, 39345592, 39817567, 40091102, 40359256, 40626036, 40891219, 41169488, 41661713, 41931995, 42210808, 42718684, 42997458, 43267664, 43758273, 44036034, 44300245, 44565493, 44831018, 45097441, 45365429, 45638917, 46108404, 46381846, 46649811, 46916130, 47181533, 47446428, 47709986, 47985395, 48266872, 48735805, 49008239, 49275710, 49540926, 49818762, 50326838, 50606209, 50877516, 51349369, 51630892, 51906767, 52171334, 52437834, 52705940, 52979490, 53450127, 53723532, 53991474, 54256917, 54534895, 55042627, 55321254, 55588283, 55861756, 56332983, 56606385, 56874382, 57140828, 57405382, 57681314, 57962896, 58434734, 58707222, 58973616, 59251945, 59759598, 60038436, 60308709, 60799699, 61077630, 61342158, 61607933, 61874446, 62142497, 62416033, 62887206, 63160685, 63428733, 63695209, 63960999, 64225572, 64503523, 64994905, 65265151, 65542322, 65824290, 66298631, 66571217, 66837693]
  m=[2, 2, 1, 1, 1, 2, 1, 1, 1, 1, 1, 1, 1, 1, 1, 1, 1, 1, 2, 1, 1, 2, 2, 1, 1, 1, 1, 1, 1, 1, 1, 1, 1, 1, 2, 2, 1, 1, 1, 1, 1, 1, 1, 1, 2, 2, 1, 1, 2, 1, 2, 1, 1, 1, 1, 1, 1, 1, 1, 1, 2, 2, 1, 1, 2, 1, 1, 2, 1, 1, 1, 1, 1, 1, 1, 1, 1, 1, 2, 1, 1, 1, 1, 2, 2, 1, 1, 1, 1, 1, 1, 1, 1, 1, 2, 1, 1, 2, 1, 1, 2, 2, 1, 1, 1, 1, 1, 1, 1, 2, 2, 1, 1, 1, 1, 1, 1, 1, 1, 1, 2, 2, 1, 1, 1, 1, 1, 1, 1, 1, 2, 1, 1, 2, 2, 1, 1, 2, 1, 1, 1, 1, 1, 1, 1, 1, 1, 1, 1, 1, 1, 1, 2, 1, 1, 1, 1, 1, 2, 2, 1, 1, 1, 2, 1, 1, 1, 1, 1, 1, 1, 1, 1, 2, 2, 1, 1, 1, 1, 1, 1, 1, 1, 2, 1, 1, 1, 1, 2, 2, 1, 1, 2, 1, 1, 1, 1, 1, 1, 1, 1, 1, 1, 1, 1, 2, 1, 1, 2, 1, 1, 1, 1]
w=73227014283760738304/18889465931478623149863 [cg] doubles=41 n=215
  xk(2^-20 units)=[274, 277115, 783461, 1066628, 1559213, 1837208, 2102194, 2368851, 2636983, 2910512, 3381666, 3655190, 3923428, 4190196, 4456297, 4722379, 4988853, 5256544, 5529240, 6000701, 6282580, 6558920, 6824517, 7095915, 7586126, 7864000, 8128300, 8393738, 8659765, 8927128, 9199727, 9672892, 9954889, 10231625, 10498009, 10770531, 11241016, 11522530, 11798018, 12061690, 12326835, 12592688, 12860052, 13132660, 13605500, 13887581, 14164764, 14434944, 14925576, 15203364, 15467609, 15732794, 15998316, 16264698, 16532672, 16806137, 17276670, 17550130, 17818126, 18083604, 18361565, 18868893, 19147431, 19414331, 19687682, 20159090, 20432610, 20700746, 20967282, 21233114, 21497671, 21775566, 22265765, 22535848, 22814550, 23321679, 23599591, 23865048, 24133073, 24406483, 24878289, 25151853, 25419999, 25686780, 25952063, 26230404, 26722393, 26994146, 27260343, 27538967, 28031451, 28301837, 28580642, 29088141, 29366074, 29631778, 29903281, 30395094, 30673749, 30939948, 31211619, 31702846, 31980891, 32245583, 32511461, 32778015, 33046077, 33319527, 33789936, 34063457, 34331465, 34597913, 34862487, 35138364, 35419879, 35891699, 36162917, 36442229, 36949525, 37227096, 37491705, 37758128, 38026103, 38299539, 38770085, 39043503, 39311534, 39578018, 39843803, 40108395, 40386349, 40876219, 41147378, 41412776, 41690533, 42197433, 42476108, 42746298, 43237268, 43515070, 43779374, 44044845, 44310815, 44578158, 44850660, 45322245, 45604079, 45880469, 46145922, 46414033, 46687517, 47158790, 47432331, 47700503, 47967287, 48233475, 48499658, 48766572, 49038035, 49527633, 49805319, 50069387, 50333396, 50610965, 51102267, 51372490, 51651234, 52159126, 52437857, 52708063, 53199040, 53476948, 53741503, 54007258, 54273737, 54541761, 54815211, 55286112, 55559462, 55827310, 56093644, 56358097, 56635505, 57141699, 57420246, 57690222, 58180378, 58458227, 58722776, 58988622, 59255130, 59523175, 59796668, 60266868, 60540341, 60808247, 61074568, 61340048, 61603945, 61879554, 62161080, 62631776, 62904284, 63170730, 63449133, 63957984, 64237581, 64509182, 64984998, 65266830, 65543800, 65813883, 66304693, 66582126, 66845745]
  m=[1, 2, 2, 1, 2, 1, 1, 1, 1, 1, 1, 1, 1, 1, 1, 1, 1, 1, 1, 1, 2, 1, 1, 1, 2, 1, 1, 1, 1, 1, 1, 1, 2, 1, 1, 1, 1, 2, 1, 1, 1, 1, 1, 1, 1, 2, 1, 1, 2, 1, 1, 1, 1, 1, 1, 1, 1, 1, 1, 1, 2, 2, 1, 1, 1, 1, 1, 1, 1, 1, 1, 2, 1, 1, 2, 2, 1, 1, 1, 1, 1, 1, 1, 1, 1, 2, 1, 1, 1, 2, 1, 1, 2, 2, 1, 1, 1, 2, 1, 1, 1, 2, 1, 1, 1, 1, 1, 1, 1, 1, 1, 1, 1, 2, 1, 1, 1, 2, 2, 1, 1, 1, 1, 1, 1, 1, 1, 1, 1, 1, 2, 1, 1, 1, 2, 2, 1, 1, 2, 1, 1, 1, 1, 1, 1, 1, 2, 1, 1, 1, 1, 1, 1, 1, 1, 1, 1, 1, 1, 2, 1, 1, 1, 2, 1, 1, 2, 2, 1, 1, 2, 1, 1, 1, 1, 1, 1, 1, 1, 1, 1, 1, 2, 2, 1, 1, 2, 1, 1, 1, 1, 1, 1, 1, 1, 1, 1, 1, 1, 2, 1, 1, 1, 1, 2, 2, 1, 1, 1, 2, 1, 1, 2, 1, 1]
w=49102495060731731968/18889465931478623149863 [cg] doubles=42 n=214
  xk(2^-20 units)=[67107480, 276737, 768162, 1039552, 1305241, 1583238, 2091189, 2374383, 2866244, 3143829, 3407890, 3673059, 3938614, 4204974, 4472960, 4746479, 5216232, 5489922, 5758303, 6025362, 6291797, 6558223, 6825222, 7093588, 7367213, 7836724, 8110258, 8378316, 8644783, 8909392, 9185272, 9466794, 9939152, 10210292, 10489364, 10995412, 11272123, 11534371, 11811142, 12317900, 12597131, 12868536, 13344458, 13626871, 13908553, 14402697, 14680829, 14945910, 15212585, 15480671, 15754170, 16226027, 16499586, 16767807, 17034632, 17299775, 17578011, 18069542, 18339770, 18618493, 19125441, 19403329, 19668911, 19940297, 20431395, 20709565, 20974708, 21241607, 21513057, 22004173, 22282358, 22547287, 22813589, 23081137, 23353734, 23824302, 24105992, 24381915, 24646433, 24912845, 25180849, 25454277, 25924324, 26197755, 26465755, 26732113, 26997615, 27262781, 27526908, 27804643, 28294680, 28564760, 28843411, 29350373, 29628210, 29893680, 30164924, 30654669, 30932614, 31197187, 31462929, 31729382, 31997467, 32270919, 32742114, 33015590, 33283585, 33549952, 33814540, 34092134, 34599681, 34882901, 35375495, 35653339, 35918125, 36184410, 36452092, 36724898, 37200129, 37482500, 37760475, 38032041, 38507959, 38789864, 39066552, 39333042, 39605680, 40079976, 40362071, 40639457, 40909966, 41403494, 41682154, 41948334, 42219972, 42710106, 42987992, 43252337, 43517612, 43783202, 44049675, 44317726, 44591222, 45061207, 45334711, 45602709, 45869151, 46133720, 46409640, 46691336, 47162283, 47434844, 47702337, 47968686, 48233565, 48511653, 49003459, 49273763, 49552623, 50060803, 50339767, 50610281, 51103458, 51382057, 51648218, 51919846, 52410767, 52688819, 52953561, 53219423, 53485975, 53754082, 54027518, 54498724, 54772163, 55039141, 55317676, 55825161, 56103152, 56368658, 56636664, 56910088, 57380489, 57653973, 57921877, 58188172, 58453573, 58718527, 58982354, 59259635, 59767558, 60051725, 60527262, 60808551, 61084648, 61350069, 61621407, 62112484, 62390784, 62655931, 62922694, 63190829, 63464351, 63935434, 64208877, 64476920, 64743397, 65007949, 65283899, 65565593, 66036182, 66308802, 66576281, 66842583]
  m=[1, 2, 1, 1, 1, 2, 2, 1, 2, 1, 1, 1, 1, 1, 1, 1, 1, 1, 1, 1, 1, 1, 1, 1, 1, 1, 1, 1, 1, 1, 2, 1, 1, 1, 2, 2, 1, 1, 2, 2, 1, 1, 1, 2, 1, 2, 1, 1, 1, 1, 1, 1, 1, 1, 1, 1, 2, 1, 1, 2, 2, 1, 1, 1, 2, 1, 1, 1, 1, 2, 1, 1, 1, 1, 1, 1, 2, 1, 1, 1, 1, 1, 1, 1, 1, 1, 1, 1, 1, 2, 1, 1, 2, 2, 1, 1, 1, 2, 1, 1, 1, 1, 1, 1, 1, 1, 1, 1, 1, 2, 2, 1, 2, 1, 1, 1, 1, 1, 1, 2, 1, 1, 1, 2, 1, 1, 1, 1, 2, 1, 1, 2, 1, 1, 1, 2, 1, 1, 1, 1, 1, 1, 1, 1, 1, 1, 1, 1, 2, 1, 1, 1, 1, 1, 1, 2, 1, 1, 2, 2, 1, 1, 2, 1, 1, 1, 2, 1, 1, 1, 1, 1, 1, 1, 1, 1, 2, 2, 1, 1, 1, 1, 1, 1, 1, 1, 1, 1, 1, 2, 2, 1, 1, 2, 1, 1, 1, 2, 1, 1, 1, 1, 1, 1, 1, 1, 1, 1, 2, 1, 1, 1, 1, 1]
w=23057625973454839808/18889465931478623149863 [cg] doubles=41 n=215
  xk(2^-20 units)=[67107337, 275308, 781663, 1064842, 1557424, 1835401, 2100392, 2367076, 2635197, 2908760, 3379840, 3653359, 3921585, 4188365, 4454494, 4720559, 4987104, 5254838, 5527582, 6000501, 6282612, 6559825, 6830067, 7320893, 7598614, 7862612, 8127507, 8392692, 8658563, 8925825, 9198329, 9670233, 9952016, 10228332, 10493865, 10765145, 11255045, 11532932, 11797340, 12062886, 12329013, 12596527, 12869155, 13342416, 13624572, 13901846, 14172181, 14664429, 14942731, 15207962, 15474789, 15742981, 16016586, 16487752, 16761140, 17029183, 17294681, 17572693, 18080179, 18358783, 18625700, 18899087, 19370116, 19643516, 19911562, 20178010, 20443625, 20708876, 20973049, 21250762, 21740228, 22010248, 22288871, 22796054, 23073953, 23339380, 23607448, 23880858, 24352313, 24625824, 24893941, 25160705, 25425872, 25704190, 26195366, 26466792, 26733667, 26998706, 27276791, 27768529, 28038769, 28317468, 28824683, 29102508, 29368020, 29639366, 30130372, 30408530, 30673579, 30940388, 31211805, 31702116, 31980159, 32244787, 32510640, 32777176, 33045213, 33318659, 33789047, 34062522, 34330522, 34596936, 34861483, 35137327, 35418814, 35890635, 36161808, 36441070, 36948409, 37225987, 37490585, 37757065, 38025014, 38298431, 38768974, 39042387, 39310454, 39576979, 39842778, 40107377, 40385343, 40875189, 41146382, 41411762, 41689532, 42196433, 42475094, 42745250, 43236283, 43514095, 43778408, 44043868, 44309844, 44577187, 44849692, 45321320, 45603172, 45879555, 46145009, 46413118, 46686575, 47157731, 47431266, 47699448, 47966280, 48232477, 48498649, 48765574, 49037033, 49526512, 49804209, 50068302, 50332339, 50609906, 51101265, 51371461, 51650164, 52158083, 52436807, 52707031, 53198110, 53475993, 53740575, 54006367, 54272887, 54540935, 54814361, 55285170, 55558553, 55826450, 56092941, 56357600, 56635208, 57142630, 57421866, 57693024, 58164122, 58445471, 58721053, 58985059, 59250542, 59516862, 59784826, 60058299, 60528087, 60801561, 61069601, 61336086, 61600590, 61876505, 62158137, 62629666, 62902160, 63168641, 63447019, 63955937, 64235526, 64507134, 64983115, 65264966, 65541942, 65811996, 66302923, 66580326, 66843938]
  m=[1, 2, 2, 1, 2, 1, 1, 1, 1, 1, 1, 1, 1, 1, 1, 1, 1, 1, 1, 1, 2, 1, 1, 2, 1, 1, 1, 1, 1, 1, 1, 1, 2, 1, 1, 1, 2, 1, 1, 1, 1, 1, 1, 1, 2, 1, 1, 2, 1, 1, 1, 1, 1, 1, 1, 1, 1, 2, 2, 1, 1, 1, 1, 1, 1, 1, 1, 1, 1, 2, 1, 1, 2, 2, 1, 1, 1, 1, 1, 1, 1, 1, 1, 2, 1, 1, 1, 1, 2, 1, 1, 2, 2, 1, 1, 1, 2, 1, 1, 1, 1, 2, 1, 1, 1, 1, 1, 1, 1, 1, 1, 1, 1, 2, 1, 1, 1, 2, 2, 1, 1, 1, 1, 1, 1, 1, 1, 1, 1, 1, 2, 1, 1, 1, 2, 2, 1, 1, 2, 1, 1, 1, 1, 1, 1, 1, 2, 1, 1, 1, 1, 1, 1, 1, 1, 1, 1, 1, 1, 2, 1, 1, 1, 2, 1, 1, 2, 2, 1, 1, 2, 1, 1, 1, 1, 1, 1, 1, 1, 1, 1, 1, 2, 2, 1, 1, 1, 2, 1, 1, 1, 1, 1, 1, 1, 1, 1, 1, 1, 2, 1, 1, 1, 1, 2, 2, 1, 1, 1, 2, 1, 1, 2, 1, 1]
w=1903286841167884288/994182417446243323677 [cg] doubles=17 n=239
  xk(2^-20 units)=[122518, 403760, 684758, 965150, 1244667, 1523179, 1800573, 2075455, 2358748, 2642224, 2917685, 3195952, 3475614, 3756482, 4038282, 4320568, 4602813, 4884507, 5165259, 5444853, 5723120, 5998659, 6282302, 6565960, 6841545, 7119885, 7399511, 7680275, 7961916, 8244012, 8526052, 8807536, 9088064, 9367449, 9645516, 9920855, 10204352, 10487832, 10763146, 11041185, 11320529, 11601036, 11882514, 12164581, 12446742, 12728473, 13009345, 13289093, 13567531, 13843204, 14126916, 14410601, 14686202, 14964547, 15244199, 15525014, 15806766, 16089064, 16371399, 16653230, 16934128, 17213798, 17492061, 17767491, 18050947, 18334195, 18609015, 18886352, 19164781, 19444228, 19724587, 20005596, 20286901, 20568083, 20848749, 21128582, 21407388, 21685043, 21960102, 22243456, 22526900, 22802254, 23080372, 23359865, 23640621, 23922433, 24204940, 24487637, 24769990, 25051504, 25331865, 25610842, 25886971, 26170969, 26454911, 26730852, 27009581, 27289663, 27570948, 27853244, 28136181, 28419240, 28701868, 28983572, 29264052, 29543105, 29819283, 30103293, 30387223, 30663139, 30941814, 31221868, 31503146, 31785511, 32068614, 32351953, 32634979, 32917172, 33198189, 33477784, 33754481, 34038873, 34323230, 34599811, 34879285, 35160271, 35442634, 35726197, 36010566, 36295184, 36579435, 36862771, 37144846, 37425393, 37702995, 37988048, 38273185, 38551036, 38832092, 39114888, 39399142, 39684476, 39970216, 40255608, 40540005, 40822944, 41104181, 41382246, 41667589, 41952931, 42231017, 42512280, 42795212, 43079554, 43364827, 43650358, 43935408, 44219330, 44501796, 44782548, 45060114, 45345052, 45629923, 45907234, 46187459, 46469167, 46752110, 47035951, 47320167, 47604163, 47887390, 48169454, 48450182, 48729447, 49005832, 49290055, 49574336, 49850867, 50130312, 50411185, 50693268, 50976239, 51259588, 51542762, 51825241, 52106653, 52386835, 52665646, 52941656, 53225644, 53509702, 53785919, 54065012, 54345518, 54627215, 54909803, 55192788, 55475618, 55757791, 56038932, 56318856, 56597444, 56873245, 57157082, 57440961, 57716898, 57995655, 58275782, 58557054, 58839194, 59121740, 59404161, 59685966, 59966761, 60246328, 60524538, 60799991, 61083512, 61366952, 61642138, 61919946, 62198938, 62478963, 62759830, 63041207, 63322672, 63603803, 63884209, 64163646, 64441973, 64719137, 64993723, 65276728, 65559769, 65834471, 66111787, 66390283, 66669868, 66950331]
  m=[1, 1, 1, 1, 1, 1, 1, 1, 2, 1, 1, 1, 1, 1, 1, 1, 1, 1, 1, 1, 1, 1, 2, 1, 1, 1, 1, 1, 1, 1, 1, 1, 1, 1, 1, 1, 2, 1, 1, 1, 1, 1, 1, 1, 1, 1, 1, 1, 1, 1, 2, 1, 1, 1, 1, 1, 1, 1, 1, 1, 1, 1, 1, 1, 2, 1, 1, 1, 1, 1, 1, 1, 1, 1, 1, 1, 1, 1, 1, 2, 1, 1, 1, 1, 1, 1, 1, 1, 1, 1, 1, 1, 1, 2, 1, 1, 1, 1, 1, 1, 1, 1, 1, 1, 1, 1, 1, 2, 1, 1, 1, 1, 1, 1, 1, 1, 1, 1, 1, 1, 1, 2, 1, 1, 1, 1, 1, 1, 1, 1, 1, 1, 1, 1, 1, 2, 1, 1, 1, 1, 1, 1, 1, 1, 1, 1, 1, 1, 2, 1, 1, 1, 1, 1, 1, 1, 1, 1, 1, 1, 1, 2, 1, 1, 1, 1, 1, 1, 1, 1, 1, 1, 1, 1, 1, 2, 1, 1, 1, 1, 1, 1, 1, 1, 1, 1, 1, 1, 1, 2, 1, 1, 1, 1, 1, 1, 1, 1, 1, 1, 1, 1, 1, 2, 1, 1, 1, 1, 1, 1, 1, 1, 1, 1, 1, 1, 1, 2, 1, 1, 1, 1, 1, 1, 1, 1, 1, 1, 1, 1, 1, 1, 2, 1, 1, 1, 1, 1, 1]
w=6638823602293309440/6296488643826207716621 [cg] doubles=42 n=214
  xk(2^-20 units)=[2284, 269319, 541043, 1032859, 1311440, 1577184, 1845004, 2117708, 2589764, 2871398, 3147181, 3411437, 3677424, 3944777, 4217289, 4687550, 4969211, 5245030, 5509378, 5775503, 6042978, 6315588, 6788470, 7070523, 7347316, 7613823, 7886571, 8361466, 8643480, 8920336, 9186919, 9459746, 9935846, 10218489, 10500367, 10995153, 11273574, 11539310, 11807181, 12080012, 12554196, 12836240, 13113010, 13379509, 13652214, 14126920, 14408868, 14685638, 14952149, 15224860, 15698187, 15980000, 16256323, 16521970, 16793442, 17284442, 17562659, 17827668, 18094143, 18361839, 18634545, 19107941, 19389980, 19666827, 19933412, 20206161, 20680518, 20962515, 21239270, 21505771, 21778430, 22251140, 22532872, 22809019, 23074109, 23341714, 23614390, 24088116, 24370118, 24646871, 24913341, 25185948, 25657809, 25939550, 26215476, 26480064, 26746558, 27014614, 27288124, 27759176, 28032758, 28301030, 28567808, 28833057, 29111375, 29603911, 29874174, 30151258, 30432908, 30909731, 31194000, 31703450, 31981285, 32246150, 32512715, 32780663, 33053948, 33527142, 33799349, 34079139, 34586719, 34864188, 35128376, 35393925, 35660293, 35928285, 36201660, 36671999, 36945483, 37213497, 37480051, 37744869, 38022617, 38530680, 38810522, 39082785, 39555813, 39829103, 40097067, 40363548, 40629342, 40893962, 41171919, 41661977, 41933213, 42198703, 42476541, 42983496, 43262241, 43532513, 44023519, 44301390, 44565896, 44831578, 45097954, 45365831, 45639153, 46112925, 46385053, 46663129, 46945084, 47421607, 47703026, 47979537, 48245758, 48518325, 48992001, 49273943, 49550694, 49817108, 50089845, 50563297, 50845063, 51121404, 51387062, 51658551, 52149719, 52427981, 52693127, 52960083, 53231647, 53722618, 54000894, 54265879, 54532321, 54799885, 55072525, 55544821, 55826624, 56102828, 56367910, 56635495, 56908188, 57382091, 57664225, 57941495, 58211895, 58704284, 58982552, 59247787, 59514820, 59786438, 60278165, 60556779, 60822569, 61090498, 61363393, 61837792, 62119833, 62396612, 62663127, 62935844, 63410197, 63692182, 63968898, 64235319, 64507980, 64981368, 65263191, 65539538, 65805174, 66076657, 66567626, 66845939]
  m=[1, 1, 1, 2, 1, 1, 1, 1, 1, 2, 1, 1, 1, 1, 1, 1, 2, 1, 1, 1, 1, 1, 1, 2, 1, 1, 1, 1, 2, 1, 1, 1, 1, 2, 1, 2, 1, 1, 1, 1, 1, 2, 1, 1, 1, 1, 2, 1, 1, 1, 1, 2, 1, 1, 1, 2, 1, 1, 1, 1, 1, 1, 2, 1, 1, 1, 1, 2, 1, 1, 1, 1, 2, 1, 1, 1, 1, 1, 2, 1, 1, 1, 1, 2, 1, 1, 1, 1, 1, 1, 1, 1, 1, 1, 2, 1, 1, 2, 1, 1, 2, 2, 1, 1, 1, 1, 1, 1, 1, 2, 2, 1, 1, 1, 1, 1, 1, 1, 1, 1, 1, 1, 2, 2, 1, 1, 1, 1, 1, 1, 1, 1, 2, 1, 1, 1, 2, 2, 1, 1, 2, 1, 1, 1, 1, 1, 1, 1, 1, 2, 1, 1, 2, 1, 1, 1, 1, 2, 1, 1, 1, 1, 2, 1, 1, 1, 2, 1, 1, 1, 1, 2, 1, 1, 1, 1, 1, 1, 2, 1, 1, 1, 1, 1, 2, 1, 1, 2, 1, 1, 1, 1, 2, 1, 1, 1, 1, 1, 2, 1, 1, 1, 1, 2, 1, 1, 1, 1, 2, 1, 1, 1, 2, 1]
w=1497054299802579712/18889465931478623149863 [cg] doubles=37 n=219
  xk(2^-20 units)=[5518, 271963, 544596, 1017177, 1298947, 1575143, 1840190, 2107672, 2380246, 2851981, 3133778, 3409999, 3675097, 3942598, 4215209, 4687094, 4968905, 5245117, 5510180, 5777688, 6050332, 6522233, 6804064, 7080272, 7345326, 7612840, 7885488, 8357374, 8639200, 8915405, 9180458, 9447970, 9720606, 10192553, 10474360, 10750555, 11015616, 11283128, 11555764, 12027719, 12309539, 12585729, 12850778, 13118284, 13390922, 13862853, 14144676, 14420868, 14685908, 14953413, 15226058, 15697997, 15979829, 16256009, 16521044, 16788552, 17061186, 17533185, 17815021, 18091189, 18356237, 18623760, 18896369, 19368191, 19650021, 19926186, 20191259, 20458820, 20731507, 21204600, 21486642, 21763385, 22029825, 22302460, 22775029, 23056803, 23333001, 23598053, 23865530, 24138094, 24609826, 24891624, 25167848, 25432947, 25700449, 25973057, 26444936, 26726746, 27002962, 27268034, 27535539, 27808175, 28280082, 28561911, 28838125, 29103184, 29370692, 29643342, 30115238, 30397065, 30673277, 30938333, 31205846, 31478493, 31950444, 32232258, 32508459, 32773520, 33041037, 33313676, 33785618, 34067437, 34343636, 34608694, 34876207, 35148844, 35620817, 35902634, 36178828, 36443873, 36711385, 36984037, 37455981, 37737814, 38014003, 38279038, 38546553, 38819199, 39291145, 39572984, 39849158, 40114190, 40381702, 40654328, 41126342, 41408175, 41684332, 41949377, 42216897, 42489499, 42961317, 43243145, 43519308, 43784394, 44051956, 44324645, 44797729, 45079781, 45356522, 45622960, 45895595, 46368173, 46649940, 46926133, 47191182, 47458654, 47731231, 48202948, 48484749, 48760978, 49026081, 49293589, 49566209, 50038085, 50319900, 50596114, 50861178, 51128686, 51401326, 51873237, 52155062, 52431269, 52696321, 52963834, 53236479, 53708364, 53990183, 54266387, 54531444, 54798957, 55071594, 55543530, 55825346, 56101545, 56366601, 56634113, 56906739, 57378714, 57660523, 57936714, 58201763, 58469270, 58741914, 59213836, 59495665, 59771858, 60036898, 60304404, 60577048, 61048994, 61330832, 61607012, 61872041, 62139546, 62412178, 62884186, 63166018, 63442178, 63707223, 63974743, 64247346, 64719168, 65000993, 65277163, 65542246, 65809804, 66082496, 66555593, 66837639]
  m=[1, 1, 1, 1, 2, 1, 1, 1, 1, 1, 2, 1, 1, 1, 1, 1, 2, 1, 1, 1, 1, 1, 2, 1, 1, 1, 1, 1, 2, 1, 1, 1, 1, 1, 2, 1, 1, 1, 1, 1, 2, 1, 1, 1, 1, 1, 2, 1, 1, 1, 1, 1, 2, 1, 1, 1, 1, 1, 2, 1, 1, 1, 1, 1, 2, 1, 1, 1, 1, 1, 2, 1, 1, 1, 1, 2, 1, 1, 1, 1, 1, 2, 1, 1, 1, 1, 1, 2, 1, 1, 1, 1, 1, 2, 1, 1, 1, 1, 1, 2, 1, 1, 1, 1, 1, 2, 1, 1, 1, 1, 1, 2, 1, 1, 1, 1, 1, 2, 1, 1, 1, 1, 1, 2, 1, 1, 1, 1, 1, 2, 1, 1, 1, 1, 1, 2, 1, 1, 1, 1, 1, 2, 1, 1, 1, 1, 1, 2, 1, 1, 1, 1, 2, 1, 1, 1, 1, 1, 2, 1, 1, 1, 1, 1, 2, 1, 1, 1, 1, 1, 2, 1, 1, 1, 1, 1, 2, 1, 1, 1, 1, 1, 2, 1, 1, 1, 1, 1, 2, 1, 1, 1, 1, 1, 2, 1, 1, 1, 1, 1, 2, 1, 1, 1, 1, 1, 2, 1, 1, 1, 1, 1, 2, 1, 1, 1, 1, 1, 2]
w=4088399405819404288/6296488643826207716621 [cg] doubles=41 n=215
  xk(2^-20 units)=[67092360, 251494, 517852, 783411, 1047412, 1323043, 1604629, 2074033, 2346329, 2613550, 2878466, 3156120, 3662949, 3941185, 4207593, 4480113, 4953533, 5235525, 5512728, 5782988, 6274695, 6552658, 6817224, 7082973, 7349371, 7617376, 7890842, 8361474, 8634934, 8902850, 9169132, 9434501, 9698451, 9975708, 10482452, 10765625, 11257824, 11535680, 11800460, 12066803, 12334465, 12607146, 13080802, 13362864, 13640108, 13910385, 14402658, 14680960, 14946199, 15213052, 15481248, 15754840, 16225137, 16498607, 16766633, 17033067, 17298660, 17562660, 17838326, 18119875, 18589705, 18862060, 19128336, 19406585, 19913613, 20191540, 20456990, 20724946, 20998363, 21469000, 21742464, 22010442, 22276961, 22541542, 22817469, 23099131, 23569923, 23842434, 24109916, 24374948, 24651086, 24932761, 25404954, 25677324, 25943605, 26221823, 26728685, 27006544, 27271924, 27539871, 27813313, 28284655, 28558140, 28826103, 29092524, 29358240, 29622614, 29900308, 30392367, 30675682, 31183798, 31461816, 31727373, 31995440, 32268968, 32741130, 33014649, 33282751, 33549504, 33814671, 34092927, 34583683, 34855033, 35121621, 35387348, 35651779, 35929653, 36420862, 36691123, 36969893, 37477642, 37755950, 38022347, 38294962, 38768209, 39049889, 39326206, 39591781, 39863149, 40354333, 40632651, 40897811, 41164525, 41432678, 41706162, 42179183, 42452729, 42719838, 42998516, 43506587, 43785473, 44055786, 44547324, 44825562, 45090704, 45357469, 45625649, 45899220, 46370469, 46643997, 46912091, 47178613, 47444391, 47709981, 47975746, 48242323, 48513587, 49002567, 49280235, 49544322, 49808381, 50086036, 50576001, 50847156, 51112526, 51390308, 51897147, 52175799, 52445918, 52936610, 53214476, 53478969, 53744760, 54011214, 54279218, 54552662, 55023375, 55296724, 55564652, 55831030, 56095666, 56373221, 56880612, 57159905, 57431114, 57902827, 58184236, 58459946, 58724209, 58990290, 59257743, 59530373, 60003395, 60285430, 60562651, 60832899, 61324202, 61602099, 61866541, 62132097, 62398180, 62665681, 62938345, 63411423, 63693538, 63970840, 64241144, 64732474, 65010514, 65275152, 65540987, 65807523, 66075596, 66349130, 66818830]
  m=[1, 1, 1, 1, 1, 2, 1, 1, 1, 1, 1, 2, 2, 1, 1, 1, 1, 2, 1, 1, 2, 1, 1, 1, 1, 1, 1, 1, 1, 1, 1, 1, 1, 2, 2, 1, 2, 1, 1, 1, 1, 1, 1, 2, 1, 1, 2, 1, 1, 1, 1, 1, 1, 1, 1, 1, 1, 1, 2, 1, 1, 1, 1, 2, 2, 1, 1, 1, 1, 1, 1, 1, 1, 1, 2, 1, 1, 1, 1, 1, 2, 1, 1, 1, 1, 2, 2, 1, 1, 1, 1, 1, 1, 1, 1, 1, 1, 2, 1, 2, 2, 1, 1, 1, 1, 1, 1, 1, 1, 1, 2, 1, 1, 1, 1, 1, 2, 1, 1, 2, 2, 1, 1, 1, 1, 2, 1, 1, 1, 2, 1, 1, 1, 1, 1, 1, 1, 1, 2, 2, 1, 1, 2, 1, 1, 1, 1, 1, 1, 1, 1, 1, 1, 1, 1, 1, 1, 2, 1, 1, 1, 2, 1, 1, 1, 2, 2, 1, 1, 2, 1, 1, 1, 1, 1, 1, 1, 1, 1, 1, 1, 2, 2, 1, 1, 1, 2, 1, 1, 1, 1, 1, 1, 2, 1, 1, 2, 1, 1, 1, 1, 1, 1, 1, 2, 1, 1, 2, 1, 1, 1, 1, 1, 1, 1]
w=879517655222756352/6296488643826207716621 [cg] doubles=42 n=214
  xk(2^-20 units)=[67098983, 266960, 533571, 806456, 1282562, 1565198, 1847121, 2341901, 2620321, 2886035, 3153893, 3426746, 3900858, 4182938, 4459712, 4726267, 4999013, 5473607, 5755593, 6032415, 6298924, 6571638, 7044952, 7326812, 7603206, 7868922, 8140515, 8632426, 8911048, 9176907, 9444868, 9717754, 10192188, 10474241, 10751069, 11017635, 11290448, 11764959, 12046973, 12323751, 12590356, 12863226, 13339421, 13621824, 13899804, 14171334, 14647517, 14929489, 15206777, 15477166, 15969200, 16247335, 16512254, 16778642, 17046248, 17318888, 17791286, 18073065, 18349249, 18614351, 18881834, 19154337, 19625369, 19906988, 20182802, 20447079, 20713140, 20980546, 21253091, 21724400, 22006174, 22282353, 22547482, 22815076, 23087772, 23561601, 23843592, 24120352, 24386762, 24659366, 25131021, 25412710, 25688659, 25953265, 26219756, 26487886, 26761412, 27232012, 27505569, 27773695, 28040221, 28306076, 28570730, 28848790, 29340405, 29610545, 29887541, 30169142, 30646121, 30930377, 31439823, 31717683, 31982602, 32249235, 32517280, 32790719, 33262500, 33535893, 33802762, 34081207, 34588136, 34865676, 35130279, 35396698, 35664640, 35938057, 36408512, 36681989, 36950049, 37216588, 37481394, 37759156, 38267304, 38547166, 38819471, 39291900, 39565233, 39833147, 40099532, 40365092, 40630277, 40894500, 41172268, 41661533, 41932702, 42198182, 42476024, 42983171, 43261806, 43531919, 44022274, 44299975, 44564069, 44829260, 45094743, 45361069, 45629043, 45902450, 46374220, 46647709, 46914569, 47191382, 47472923, 47949014, 48230747, 48508361, 48779673, 49254721, 49536650, 49813402, 50079930, 50352673, 50827351, 51109417, 51386701, 51657027, 52149361, 52427517, 52692487, 52958940, 53226614, 53499359, 53973014, 54255055, 54531880, 54798442, 55071224, 55544459, 55826331, 56102728, 56368190, 56636286, 56909786, 57382215, 57655672, 57922509, 58199274, 58480772, 58955676, 59237076, 59513564, 59779851, 60052408, 60526247, 60808239, 61085045, 61351630, 61624432, 62098939, 62380971, 62657764, 62924281, 63197092, 63671529, 63953572, 64230397, 64496933, 64769695, 65244126, 65526137, 65802909, 66069430, 66342178, 66816921]
  m=[2, 1, 1, 1, 1, 2, 1, 2, 1, 1, 1, 1, 1, 2, 1, 1, 1, 1, 2, 1, 1, 1, 1, 2, 1, 1, 1, 2, 1, 1, 1, 1, 1, 2, 1, 1, 1, 1, 2, 1, 1, 1, 1, 2, 1, 1, 1, 2, 1, 1, 2, 1, 1, 1, 1, 1, 1, 2, 1, 1, 1, 1, 1, 2, 1, 1, 1, 1, 1, 1, 2, 1, 1, 1, 1, 1, 2, 1, 1, 1, 1, 2, 1, 1, 1, 1, 1, 1, 1, 1, 1, 1, 1, 2, 1, 1, 2, 1, 1, 2, 2, 1, 1, 1, 1, 1, 1, 1, 1, 2, 2, 1, 1, 1, 1, 1, 1, 1, 1, 1, 1, 2, 2, 1, 1, 1, 1, 1, 1, 1, 1, 1, 2, 1, 1, 1, 2, 2, 1, 1, 2, 1, 1, 1, 1, 1, 1, 1, 1, 1, 1, 2, 1, 1, 2, 1, 1, 1, 2, 1, 1, 1, 1, 2, 1, 1, 2, 1, 1, 1, 1, 1, 1, 2, 1, 1, 1, 1, 2, 1, 1, 1, 1, 1, 1, 1, 2, 1, 1, 2, 1, 1, 1, 1, 2, 1, 1, 1, 1, 2, 1, 1, 1, 1, 2, 1, 1, 1, 1, 2, 1, 1, 1, 1]
w=11788901656625782784/18889465931478623149863 [cg] doubles=41 n=215
  xk(2^-20 units)=[67106625, 262170, 540059, 1029606, 1300667, 1567038, 1831390, 2108687, 2614806, 2893307, 3163217, 3652799, 3930498, 4194644, 4459849, 4725358, 4991797, 5259832, 5533369, 6002866, 6276456, 6544735, 6811610, 7077992, 7344335, 7611271, 7879590, 8153215, 8622895, 8896291, 9164143, 9430303, 9695632, 9959480, 10236525, 10742087, 11020605, 11290540, 11781055, 12058885, 12323302, 12589007, 12855559, 13126768, 13616541, 13894521, 14159134, 14424929, 14691395, 14959384, 15232913, 15704130, 15977584, 16245673, 16511244, 16789262, 17297414, 17576857, 17848245, 18321240, 18602844, 18878888, 19143965, 19411481, 19684116, 20158028, 20440039, 20717215, 20987423, 21478078, 21755846, 22020001, 22285080, 22550348, 22816398, 23083842, 23356491, 23829392, 24111541, 24388837, 24659217, 25151511, 25429752, 25694914, 25961636, 26229788, 26503360, 26974142, 27247653, 27515727, 27782157, 28047694, 28312936, 28577135, 28854882, 29345266, 29615528, 29894439, 30403471, 30683065, 30954655, 31430983, 31712874, 31989932, 32260066, 32750471, 33028259, 33292470, 33557706, 33823254, 34089702, 34357709, 34631200, 35101692, 35375078, 35643024, 35908471, 36186382, 36693803, 36972363, 37239282, 37512693, 37983766, 38257219, 38525202, 38791584, 39057094, 39322308, 39586522, 39864318, 40353869, 40625164, 40890649, 41166879, 41448584, 41921374, 42193925, 42460399, 42738758, 43246684, 43525261, 43792286, 44065712, 44537677, 44811055, 45079081, 45345479, 45611212, 45875711, 46153623, 46644292, 46914427, 47193071, 47699954, 47977761, 48243252, 48514456, 49004316, 49282264, 49546781, 49812496, 50078921, 50346934, 50620414, 51090941, 51364393, 51632370, 51898674, 52164096, 52429182, 52693246, 52970898, 53460763, 53730844, 54009459, 54516530, 54794298, 55059649, 55330743, 55819579, 56096931, 56360564, 56623986, 56900954, 57408064, 57687787, 57959876, 58433037, 58706395, 58974496, 59241181, 59507268, 59773255, 60039743, 60307399, 60580157, 61053181, 61335333, 61612350, 61879395, 62152876, 62626554, 62899997, 63166927, 63445487, 63953629, 64232410, 64502664, 64993900, 65271608, 65534988, 65812732, 66303126, 66574375, 66840961]
  m=[1, 1, 2, 1, 1, 1, 1, 2, 2, 1, 1, 2, 1, 1, 1, 1, 1, 1, 1, 1, 1, 1, 1, 1, 1, 1, 1, 1, 1, 1, 1, 1, 1, 1, 2, 2, 1, 1, 2, 1, 1, 1, 1, 1, 2, 1, 1, 1, 1, 1, 1, 1, 1, 1, 1, 2, 2, 1, 1, 1, 2, 1, 1, 1, 1, 1, 2, 1, 1, 2, 1, 1, 1, 1, 1, 1, 1, 1, 2, 1, 1, 2, 1, 1, 1, 1, 1, 1, 1, 1, 1, 1, 1, 1, 2, 1, 1, 2, 2, 1, 1, 1, 2, 1, 1, 2, 1, 1, 1, 1, 1, 1, 1, 1, 1, 1, 1, 2, 2, 1, 1, 1, 1, 1, 1, 1, 1, 1, 1, 2, 1, 1, 1, 2, 1, 1, 1, 1, 2, 2, 1, 1, 1, 1, 1, 1, 1, 1, 1, 2, 1, 1, 2, 2, 1, 1, 1, 2, 1, 1, 1, 1, 1, 1, 1, 1, 1, 1, 1, 1, 1, 2, 1, 1, 2, 2, 1, 1, 1, 2, 1, 1, 1, 2, 2, 1, 1, 1, 1, 1, 1, 1, 1, 1, 1, 1, 1, 2, 1, 1, 1, 1, 1, 1, 2, 2, 1, 1, 2, 1, 1, 2, 1, 1, 1]
w=6830969929958113280/6296488643826207716621 [cg] doubles=22 n=234
  xk(2^-20 units)=[93241, 383161, 673711, 963345, 1250982, 1536066, 1817200, 2104473, 2391950, 2673776, 2960007, 3248905, 3539488, 3830066, 4118941, 4405157, 4686977, 4974454, 5261720, 5542861, 5827969, 6115622, 6405269, 6695817, 6985722, 7273726, 7559170, 7840509, 8127810, 8415123, 8696506, 8982011, 9270067, 9560019, 9850575, 10140190, 10427796, 10712852, 10993972, 11281245, 11568758, 11850634, 12136943, 12425926, 12716567, 13007147, 13295976, 13582142, 13863940, 14151410, 14438726, 14719986, 15005276, 15293126, 15582940, 15873536, 16163352, 16451204, 16736496, 17017757, 17305074, 17592543, 17874340, 18160504, 18449331, 18739912, 19030554, 19319540, 19605852, 19887730, 20175245, 20462518, 20743637, 21028693, 21316299, 21605918, 21896479, 22186435, 22474494, 22760002, 23041387, 23328702, 23616004, 23897347, 24182793, 24470798, 24760703, 25051250, 25340898, 25628551, 25913660, 26194801, 26482067, 26769544, 27051365, 27337581, 27626457, 27917039, 28207625, 28496523, 28782755, 29064581, 29352060, 29639331, 29920467, 30205551, 30493188, 30782820, 31073369, 31363290, 31651311, 31936775, 32218141, 32505443, 32792745, 33074110, 33359573, 33647593, 33937513, 34228063, 34517698, 34805337, 35090424, 35371561, 35658834, 35946312, 36228139, 36514371, 36803271, 37093859, 37384442, 37673321, 37959539, 38241362, 38528840, 38816107, 39097250, 39382361, 39670016, 39959666, 40250216, 40540122, 40828128, 41113572, 41394913, 41682215, 41969528, 42250913, 42536421, 42824480, 43114436, 43404996, 43694615, 43982222, 44267280, 44548401, 44835674, 45123189, 45405067, 45691379, 45980364, 46271008, 46561590, 46850419, 47136584, 47418381, 47705850, 47993167, 48274427, 48559720, 48847571, 49137388, 49427986, 49717803, 50005655, 50290947, 50572209, 50859525, 51146995, 51428792, 51714959, 52003789, 52294373, 52585018, 52874004, 53160315, 53442193, 53729708, 54016981, 54298102, 54583160, 54870768, 55160388, 55450950, 55740907, 56028968, 56314477, 56595862, 56883177, 57170480, 57451822, 57737270, 58025277, 58315186, 58605736, 58895385, 59183040, 59468150, 59749293, 60036560, 60324039, 60605863, 60892082, 61180961, 61471543, 61762131, 62051032, 62337263, 62619089, 62906568, 63193839, 63474975, 63760060, 64047699, 64337333, 64627882, 64917802, 65205821, 65491284, 65772649, 66059951, 66347254, 66628620, 66914084]
  m=[1, 1, 1, 1, 1, 1, 1, 2, 1, 1, 1, 1, 1, 1, 1, 1, 1, 2, 1, 1, 1, 1, 1, 1, 1, 1, 1, 1, 2, 1, 1, 1, 1, 1, 1, 1, 1, 1, 1, 2, 1, 1, 1, 1, 1, 1, 1, 1, 1, 2, 1, 1, 1, 1, 1, 1, 1, 1, 1, 1, 2, 1, 1, 1, 1, 1, 1, 1, 1, 1, 2, 1, 1, 1, 1, 1, 1, 1, 1, 1, 1, 2, 1, 1, 1, 1, 1, 1, 1, 1, 1, 1, 2, 1, 1, 1, 1, 1, 1, 1, 1, 1, 2, 1, 1, 1, 1, 1, 1, 1, 1, 1, 1, 2, 1, 1, 1, 1, 1, 1, 1, 1, 1, 1, 2, 1, 1, 1, 1, 1, 1, 1, 1, 1, 2, 1, 1, 1, 1, 1, 1, 1, 1, 1, 1, 2, 1, 1, 1, 1, 1, 1, 1, 1, 1, 1, 2, 1, 1, 1, 1, 1, 1, 1, 1, 1, 2, 1, 1, 1, 1, 1, 1, 1, 1, 1, 1, 2, 1, 1, 1, 1, 1, 1, 1, 1, 1, 2, 1, 1, 1, 1, 1, 1, 1, 1, 1, 1, 2, 1, 1, 1, 1, 1, 1, 1, 1, 1, 1, 2, 1, 1, 1, 1, 1, 1, 1, 1, 1, 2, 1, 1, 1, 1, 1, 1, 1, 1, 1, 1, 2, 1, 1, 1]
w=3880743239894054912/18889465931478623149863 [cg] doubles=44 n=212
  xk(2^-20 units)=[5934, 513725, 791717, 1057222, 1325244, 1598645, 2069258, 2342689, 2610728, 2877169, 3142807, 3408146, 3672454, 3950373, 4440096, 4711432, 4978223, 5243295, 5521444, 6013439, 6283950, 6562804, 7071235, 7349866, 7616904, 7890397, 8362977, 8636560, 8904707, 9171419, 9436613, 9714863, 10207108, 10477443, 10754662, 11036721, 11510842, 11783508, 12051090, 12316313, 12594174, 13102085, 13385380, 13877459, 14155232, 14419703, 14685467, 14951975, 15220014, 15493573, 15964240, 16237963, 16506327, 16773219, 17039609, 17305958, 17572840, 17841174, 18114849, 18586720, 18860266, 19127321, 19406003, 19914526, 20193466, 20463915, 20955713, 21233835, 21498882, 21765720, 22037154, 22528395, 22806240, 23069710, 23347499, 23838114, 24109439, 24375122, 24653220, 25162059, 25441920, 25714231, 26189306, 26462643, 26729556, 27008151, 27516116, 27794451, 28060954, 28333466, 28805915, 29087702, 29364044, 29629497, 29897690, 30171281, 30642677, 30916112, 31184161, 31450659, 31716463, 31981042, 32259060, 32750547, 33020860, 33298064, 33580172, 34053507, 34326126, 34593712, 34859991, 35125550, 35390972, 35656692, 35923290, 36194486, 36684375, 36962176, 37225681, 37503463, 37994202, 38265490, 38531090, 38809023, 39317357, 39600755, 40094636, 40372889, 40638430, 40906130, 41178837, 41652142, 41933934, 42210244, 42475812, 42747091, 43237204, 43515179, 43779808, 44045642, 44312159, 44580192, 44853771, 45324530, 45598147, 45866236, 46132793, 46398673, 46663332, 46941358, 47431617, 47703072, 47969968, 48235128, 48513394, 49004586, 49276129, 49543062, 49808236, 50086425, 50578709, 50849042, 51126281, 51408304, 51882522, 52155159, 52422704, 52687711, 52963775, 53245448, 53719619, 53991239, 54270850, 54780165, 55058878, 55325978, 55599504, 56073566, 56347088, 56614166, 56892798, 57401083, 57679932, 57950176, 58440520, 58718215, 58982357, 59247423, 59512824, 59779033, 60046596, 60319344, 60793694, 61076308, 61358123, 61852338, 62130518, 62395732, 62662483, 62930605, 63204106, 63675912, 63949514, 64216736, 64495483, 65004546, 65283248, 65550366, 65823895, 66295919, 66569309, 66836270]
  m=[2, 2, 1, 1, 1, 1, 1, 1, 1, 1, 1, 1, 1, 2, 1, 1, 1, 1, 2, 1, 1, 2, 2, 1, 1, 1, 1, 1, 1, 1, 1, 2, 1, 1, 2, 1, 1, 1, 1, 1, 2, 2, 1, 2, 1, 1, 1, 1, 1, 1, 1, 1, 1, 1, 1, 1, 1, 1, 1, 1, 1, 1, 2, 2, 1, 1, 2, 1, 1, 1, 1, 2, 1, 1, 2, 1, 1, 1, 2, 2, 1, 1, 1, 1, 1, 2, 2, 1, 1, 1, 1, 2, 1, 1, 1, 1, 1, 1, 1, 1, 1, 1, 2, 1, 1, 2, 1, 1, 1, 1, 1, 1, 1, 1, 1, 1, 2, 1, 1, 2, 1, 1, 1, 2, 2, 1, 2, 1, 1, 1, 1, 1, 2, 1, 1, 1, 2, 1, 1, 1, 1, 1, 1, 1, 1, 1, 1, 1, 1, 2, 1, 1, 1, 1, 2, 1, 1, 1, 1, 2, 1, 1, 2, 1, 1, 1, 1, 1, 2, 1, 1, 1, 2, 2, 1, 1, 1, 1, 1, 1, 2, 2, 1, 1, 2, 1, 1, 1, 1, 1, 1, 1, 1, 2, 1, 2, 1, 1, 1, 1, 1, 1, 1, 1, 2, 2, 1, 1, 1, 1, 1, 1]
w=58873149372366159872/18889465931478623149863 [cg] doubles=43 n=213
  xk(2^-20 units)=[252113, 530105, 795718, 1066997, 1556994, 1834985, 2099613, 2365417, 2631931, 2900021, 3173577, 3644160, 3917689, 4185751, 4452249, 4718075, 4982632, 5260571, 5750593, 6020491, 6298981, 6804367, 7081481, 7345354, 7610738, 7876933, 8144814, 8418158, 8888349, 9161725, 9429626, 9695926, 9960438, 10237915, 10744743, 11023176, 11290045, 11563371, 12034920, 12308456, 12576588, 12843282, 13108272, 13386170, 13895736, 14180079, 14658187, 14940391, 15222108, 15717183, 15995710, 16261758, 16530149, 16803786, 17275608, 17549092, 17817194, 18083845, 18348756, 18626635, 19136119, 19420402, 19897255, 20178841, 20455918, 20726168, 21218711, 21497033, 21762315, 22029068, 22297293, 22570825, 23041614, 23315161, 23583283, 23849878, 24114471, 24390403, 24672057, 25142845, 25415174, 25681485, 25959728, 26466697, 26744679, 27010222, 27278293, 27551741, 28023243, 28296775, 28564858, 28831622, 29096873, 29375180, 29867696, 30137893, 30414955, 30696538, 31173138, 31457352, 31965982, 32243557, 32507867, 32773437, 33039793, 33307681, 33580951, 34053685, 34325951, 34605795, 35114192, 35391939, 35656737, 35923329, 36191339, 36464796, 36935389, 37208758, 37476821, 37742330, 38020331, 38528044, 38806595, 39073560, 39346969, 39818933, 40092442, 40360612, 40627369, 40892579, 41170836, 41663004, 41933311, 42212143, 42719952, 42998720, 43268909, 43759512, 44037283, 44301465, 44566677, 44832171, 45098585, 45366535, 45639999, 46109597, 46382979, 46650894, 46917164, 47182470, 47447315, 47710846, 47986235, 48267674, 48736660, 49009027, 49276355, 49541333, 49818985, 50325924, 50604580, 50874635, 51364680, 51642620, 51907170, 52173049, 52439618, 52707725, 52981285, 53452255, 53725642, 53993596, 54259079, 54537075, 55044628, 55323215, 55590198, 55863594, 56334844, 56608262, 56876276, 57142713, 57407228, 57683162, 57964755, 58436402, 58708921, 58975326, 59253623, 59761296, 60040147, 60310478, 60801323, 61079288, 61343819, 61609617, 61876076, 62144183, 62417765, 62888954, 63162441, 63430515, 63697014, 63962790, 64227382, 64505358, 64996671, 65266890, 65544042, 65825982, 66301780, 66573393, 66852908]
  m=[2, 1, 1, 1, 2, 1, 1, 1, 1, 1, 1, 1, 1, 1, 1, 1, 1, 2, 1, 1, 2, 2, 1, 1, 1, 1, 1, 1, 1, 1, 1, 1, 1, 2, 2, 1, 1, 1, 1, 1, 1, 1, 1, 2, 2, 1, 1, 2, 1, 2, 1, 1, 1, 1, 1, 1, 1, 1, 1, 2, 2, 1, 1, 2, 1, 1, 2, 1, 1, 1, 1, 1, 1, 1, 1, 1, 1, 2, 1, 1, 1, 1, 2, 2, 1, 1, 1, 1, 1, 1, 1, 1, 1, 2, 1, 1, 2, 1, 1, 2, 2, 1, 1, 1, 1, 1, 1, 1, 1, 2, 2, 1, 1, 1, 1, 1, 1, 1, 1, 1, 2, 2, 1, 1, 1, 1, 1, 1, 1, 1, 2, 1, 1, 2, 2, 1, 1, 2, 1, 1, 1, 1, 1, 1, 1, 1, 1, 1, 1, 1, 1, 1, 2, 1, 1, 1, 1, 1, 2, 2, 1, 1, 2, 1, 1, 1, 1, 1, 1, 1, 1, 1, 1, 2, 2, 1, 1, 1, 1, 1, 1, 1, 1, 2, 1, 1, 1, 1, 2, 2, 1, 1, 2, 1, 1, 1, 1, 1, 1, 1, 1, 1, 1, 1, 1, 2, 1, 1, 2, 1, 1, 1, 2]
w=43006377333823946752/18889465931478623149863 [cg] doubles=46 n=210
  xk(2^-20 units)=[67091465, 265855, 773288, 1050892, 1315490, 1581881, 1849857, 2123237, 2595516, 2868976, 3137083, 3403736, 3668708, 3946730, 4439796, 4723155, 5231645, 5509719, 5775325, 6043418, 6316889, 6789292, 7062762, 7330896, 7596433, 7872823, 8154728, 8627787, 8900518, 9168383, 9434114, 9712671, 10204905, 10476583, 10743529, 11008538, 11286495, 11779512, 12062768, 12570669, 12848290, 13112939, 13379349, 13647261, 13920630, 14393881, 14667374, 14934320, 15211186, 15492844, 15970652, 16255044, 16764992, 17043277, 17309069, 17577353, 17850978, 18323218, 18596708, 18864712, 19130176, 19408148, 19915742, 20194343, 20461313, 20734717, 21207248, 21480760, 21748978, 22015659, 22280732, 22558820, 23051478, 23334722, 23842294, 24119957, 24384628, 24651074, 24919084, 25192469, 25664791, 25938312, 26205448, 26484170, 26992875, 27271594, 27538702, 27812256, 28284370, 28557800, 28825895, 29092424, 29358236, 29622707, 29900473, 30392434, 30675678, 31183202, 31460798, 31725498, 31991949, 32259934, 32533347, 33005765, 33279318, 33546365, 33823383, 34105356, 34582020, 34853626, 35131614, 35414041, 35889031, 36161878, 36429527, 36695930, 36960819, 37238794, 37732713, 38016140, 38525584, 38804545, 39074933, 39566431, 39844343, 40108822, 40374474, 40640660, 40908255, 41180948, 41654286, 41936430, 42213689, 42484028, 42976381, 43254694, 43519963, 43786807, 44055015, 44328672, 44799906, 45073461, 45341526, 45608076, 45873870, 46138445, 46416316, 46909749, 47191475, 47474064, 47949014, 48221721, 48489268, 48754456, 49032255, 49539152, 49817376, 50083698, 50356176, 50829850, 51111827, 51388596, 51655194, 51928093, 52404385, 52686771, 52964728, 53236222, 53712770, 53994803, 54272171, 54542771, 55036245, 55314958, 55581223, 55852987, 56345067, 56623469, 56888840, 57155733, 57424008, 57697655, 58170164, 58443712, 58710878, 58989626, 59498296, 59777027, 60044183, 60317705, 60790331, 61063872, 61332056, 61598784, 61863847, 62141943, 62634698, 62917952, 63425397, 63703003, 63967619, 64234029, 64502001, 64775394, 65247497, 65521098, 65789235, 66055899, 66320887, 66598914]
  m=[1, 2, 2, 1, 1, 1, 1, 1, 1, 1, 1, 1, 1, 2, 1, 2, 2, 1, 1, 1, 1, 1, 1, 1, 1, 2, 1, 1, 1, 1, 1, 2, 1, 1, 1, 1, 2, 1, 2, 2, 1, 1, 1, 1, 1, 1, 1, 1, 2, 1, 1, 2, 2, 1, 1, 1, 1, 1, 1, 1, 1, 2, 2, 1, 1, 1, 1, 1, 1, 1, 1, 2, 1, 2, 2, 1, 1, 1, 1, 1, 1, 1, 1, 2, 2, 1, 1, 1, 1, 1, 1, 1, 1, 1, 2, 1, 2, 2, 1, 1, 1, 1, 1, 1, 1, 1, 2, 1, 1, 1, 2, 1, 1, 1, 1, 1, 1, 2, 1, 2, 2, 1, 1, 2, 1, 1, 1, 1, 1, 1, 1, 2, 1, 1, 2, 1, 1, 1, 1, 1, 1, 1, 1, 1, 1, 1, 2, 1, 2, 1, 1, 1, 1, 1, 2, 2, 1, 1, 1, 1, 2, 1, 1, 1, 1, 2, 1, 1, 1, 2, 1, 1, 2, 1, 1, 1, 2, 1, 1, 1, 1, 1, 1, 1, 1, 2, 2, 1, 1, 1, 1, 1, 1, 1, 1, 2, 1, 2, 2, 1, 1, 1, 1, 1, 1, 1, 1, 1, 1, 2]
w=85806646936284626944/18889465931478623149863 [cg] doubles=42 n=214
  xk(2^-20 units)=[67100705, 258230, 523120, 801249, 1293757, 1564212, 1843195, 2351997, 2635412, 3128399, 3406208, 3670757, 3936576, 4203124, 4471168, 4744697, 5214759, 5488498, 5756914, 6023916, 6290361, 6556834, 6823816, 7092195, 7365875, 7835429, 8108937, 8376993, 8643465, 8908028, 9183885, 9465416, 9937908, 10209040, 10488177, 10994224, 11270938, 11533150, 11809893, 12316701, 12595904, 12867326, 13343249, 13625642, 13907339, 14401408, 14679535, 14944599, 15211306, 15479392, 15752881, 16224678, 16498224, 16766386, 17033164, 17298292, 17576452, 18067847, 18338011, 18616642, 19122902, 19400221, 19664527, 19930876, 20201999, 20691386, 20969402, 21233974, 21499788, 21766299, 22034347, 22307790, 22778837, 23052267, 23320242, 23586612, 23851219, 24128786, 24636321, 24919565, 25411908, 25689751, 25954461, 26220707, 26488293, 26760966, 27235011, 27517040, 27794346, 28064720, 28556914, 28835114, 29100249, 29367122, 29638636, 30129665, 30407874, 30672830, 30939212, 31206794, 31479364, 31950262, 32231979, 32507886, 32772446, 33038940, 33306953, 33580462, 34051007, 34324502, 34592626, 34859155, 35125045, 35389685, 35667678, 36158895, 36429302, 36708242, 37217320, 37496992, 37768723, 38246404, 38528637, 38806516, 39078008, 39553961, 39835909, 40113133, 40383524, 40875940, 41154120, 41419199, 41686018, 41957296, 42446832, 42724712, 42988976, 43254295, 43519889, 43786286, 44054326, 44327775, 44797812, 45071312, 45339308, 45605778, 45870329, 46146256, 46427941, 46898787, 47171356, 47438831, 47705152, 47970022, 48248089, 48739511, 49009673, 49288299, 49795434, 50073360, 50339048, 50610585, 51102667, 51381352, 51647544, 51919193, 52410128, 52688152, 52952835, 53218696, 53485235, 53753331, 54026797, 54498143, 54771550, 55038397, 55316885, 55823424, 56100918, 56365441, 56631737, 56899633, 57173080, 57643330, 57916730, 58184745, 58451124, 58716692, 58980892, 59258398, 59766565, 60050735, 60526434, 60807723, 61083754, 61349074, 61620304, 62110277, 62388284, 62652871, 62918653, 63185141, 63453188, 63726684, 64196590, 64470128, 64738100, 65004429, 65269902, 65533879, 65809524, 66091074, 66560715, 66833245]
  m=[1, 1, 1, 2, 1, 1, 2, 2, 1, 2, 1, 1, 1, 1, 1, 1, 1, 1, 1, 1, 1, 1, 1, 1, 1, 1, 1, 1, 1, 1, 2, 1, 1, 1, 2, 2, 1, 1, 2, 2, 1, 1, 1, 2, 1, 2, 1, 1, 1, 1, 1, 1, 1, 1, 1, 1, 2, 1, 1, 2, 2, 1, 1, 1, 1, 2, 1, 1, 1, 1, 1, 1, 1, 1, 1, 1, 1, 2, 2, 1, 2, 1, 1, 1, 1, 1, 1, 2, 1, 1, 2, 1, 1, 1, 1, 2, 1, 1, 1, 1, 1, 1, 2, 1, 1, 1, 1, 1, 1, 1, 1, 1, 1, 1, 2, 1, 1, 2, 2, 1, 1, 1, 2, 1, 1, 1, 2, 1, 1, 2, 1, 1, 1, 1, 2, 1, 1, 1, 1, 1, 1, 1, 1, 1, 1, 1, 1, 2, 1, 1, 1, 1, 1, 1, 2, 1, 1, 2, 2, 1, 1, 1, 2, 1, 1, 1, 2, 1, 1, 1, 1, 1, 1, 1, 1, 1, 2, 2, 1, 1, 1, 1, 1, 1, 1, 1, 1, 1, 1, 2, 2, 1, 1, 2, 1, 1, 1, 2, 1, 1, 1, 1, 1, 1, 1, 1, 1, 1, 1, 1, 2, 1, 1, 1]
w=24980619132221325312/6296488643826207716621 [cg] doubles=42 n=214
  xk(2^-20 units)=[5444, 273307, 546080, 1020221, 1302297, 1579530, 1849739, 2340697, 2618548, 2882719, 3147919, 3413484, 3679828, 3947812, 4221266, 4691502, 4965010, 5232996, 5499466, 5764146, 6041749, 6549069, 6828405, 7099589, 7570458, 7851888, 8127428, 8391374, 8656917, 8923263, 9191267, 9464724, 9934668, 10208221, 10476351, 10743072, 11008160, 11286270, 11780195, 12061782, 12343910, 12821487, 13105755, 13614002, 13891324, 14155194, 14420190, 14685597, 14951862, 15219748, 15493112, 15962881, 16236223, 16504095, 16770396, 17035854, 17299867, 17577147, 18083670, 18362878, 18634073, 19104657, 19386062, 19661650, 19925559, 20191036, 20457343, 20725270, 20998695, 21467864, 21741233, 22009071, 22275262, 22540570, 22805387, 23068985, 23346030, 23852177, 24135206, 24625910, 24903399, 25167418, 25432456, 25697921, 25964250, 26232247, 26505639, 26976691, 27250227, 27518449, 27785236, 28050432, 28328685, 28820211, 29091798, 29357786, 29636082, 30145957, 30430368, 30909721, 31191941, 31473606, 31968247, 32246538, 32512105, 32779866, 33052642, 33526740, 33808839, 34086118, 34356517, 34849202, 35127382, 35392412, 35659186, 35930524, 36420002, 36697742, 36961863, 37225989, 37503684, 37995181, 38265440, 38542717, 38824851, 39297677, 39570479, 39838220, 40104775, 40370889, 40637093, 40903902, 41172224, 41445862, 41916588, 42190219, 42458467, 42725240, 42990488, 43268804, 43760069, 44031506, 44297189, 44575160, 45083143, 45366422, 45858851, 46136581, 46400989, 46666673, 46933095, 47201029, 47474483, 47944577, 48217962, 48485865, 48752137, 49017491, 49282408, 49547256, 49811190, 50088829, 50577339, 50848399, 51114886, 51380553, 51644960, 51922837, 52414434, 52684442, 52961415, 53242885, 53718596, 54000568, 54282106, 54776094, 55054395, 55320029, 55587869, 55860638, 56334727, 56616851, 56894166, 57164564, 57656992, 57935309, 58200500, 58467348, 58735597, 59009257, 59481010, 59754553, 60022751, 60289565, 60554782, 60833113, 61324380, 61595786, 61861413, 62137726, 62419554, 62891646, 63164226, 63431653, 63697847, 63962465, 64240164, 64749437, 65033736, 65512166, 65794293, 66075916, 66570305, 66848658]
  m=[1, 1, 1, 1, 2, 1, 1, 2, 1, 1, 1, 1, 1, 1, 1, 1, 1, 1, 1, 1, 2, 2, 1, 1, 1, 2, 1, 1, 1, 1, 1, 1, 1, 1, 1, 1, 1, 2, 1, 2, 1, 1, 2, 2, 1, 1, 1, 1, 1, 1, 1, 1, 1, 1, 1, 1, 1, 2, 2, 1, 1, 1, 2, 1, 1, 1, 1, 1, 1, 1, 1, 1, 1, 1, 1, 1, 2, 2, 1, 2, 1, 1, 1, 1, 1, 1, 1, 1, 1, 1, 1, 1, 2, 1, 1, 1, 2, 2, 1, 1, 2, 1, 2, 1, 1, 1, 1, 1, 2, 1, 1, 2, 1, 1, 1, 1, 2, 1, 1, 1, 2, 1, 1, 2, 1, 1, 1, 1, 1, 1, 1, 1, 1, 1, 1, 1, 1, 1, 1, 2, 1, 1, 1, 2, 2, 1, 2, 1, 1, 1, 1, 1, 1, 1, 1, 1, 1, 1, 1, 1, 1, 2, 1, 1, 1, 1, 1, 2, 1, 1, 2, 1, 1, 2, 1, 2, 1, 1, 1, 1, 1, 2, 1, 1, 2, 1, 1, 1, 1, 1, 1, 1, 1, 1, 1, 2, 1, 1, 1, 2, 1, 1, 1, 1, 1, 1, 2, 2, 1, 1, 2, 1, 2, 1]
w=715616974907862272/18889465931478623149863 [cg] doubles=41 n=215
  xk(2^-20 units)=[13944, 504424, 775646, 1042059, 1306484, 1583824, 2089926, 2368544, 2638601, 3128897, 3406761, 3671324, 3937101, 4203647, 4471729, 4745340, 5215167, 5488674, 5756739, 6023340, 6289249, 6554994, 6820943, 7087643, 7355763, 7629310, 8099089, 8372491, 8640386, 8906723, 9171187, 9448587, 9954746, 10233324, 10503373, 10993941, 11271777, 11536193, 11801799, 12068348, 12339608, 12829384, 13107435, 13372067, 13637881, 13904360, 14172377, 14445824, 14917079, 15190585, 15458663, 15724224, 16002257, 16510467, 16789890, 17061296, 17534164, 17815734, 18091828, 18356851, 18624420, 18897079, 19371007, 19653038, 19930221, 20200392, 20691025, 20968779, 21232884, 21497919, 21763182, 22029205, 22296641, 22569305, 23042311, 23324390, 23601629, 23871884, 24363250, 24641267, 24905888, 25171707, 25438210, 25706269, 25979764, 26449557, 26723041, 26991071, 27257446, 27522992, 27786934, 28062589, 28344148, 28813723, 29086119, 29353474, 29618598, 29896417, 30404520, 30683999, 30955499, 31430662, 31712497, 31989611, 32259778, 32750670, 33028484, 33292725, 33557967, 33823509, 34089901, 34357870, 34631325, 35102617, 35376137, 35643233, 35921928, 36430571, 36709268, 36976428, 37249894, 37721423, 37994900, 38262966, 38529475, 38795305, 39059954, 39338029, 39828264, 40099583, 40365125, 40641424, 40923152, 41395546, 41668014, 41934327, 42212495, 42719311, 42997189, 43262553, 43530456, 43803811, 44274991, 44548450, 44816483, 45082899, 45348683, 45613180, 45891065, 46381533, 46651656, 46930307, 47437240, 47715026, 47980464, 48251638, 48740942, 49018699, 49282814, 49547925, 49813380, 50079714, 50347662, 50621099, 51091527, 51365050, 51633049, 51899488, 52165205, 52429751, 52707633, 53196946, 53468000, 53733357, 54011035, 54517174, 54794839, 55060141, 55331137, 55819980, 56097338, 56361003, 56624510, 56901499, 57408648, 57688347, 57960541, 58434023, 58707507, 58975778, 59242787, 59509386, 59776195, 60044137, 60317080, 60790672, 61072834, 61349867, 61616899, 61890443, 62364260, 62637630, 62904616, 63183189, 63691280, 63970111, 64240406, 64731676, 65009382, 65272732, 65550484, 66041433, 66312813, 66579649, 66844681]
  m=[2, 1, 1, 1, 1, 2, 2, 1, 1, 2, 1, 1, 1, 1, 1, 1, 1, 1, 1, 1, 1, 1, 1, 1, 1, 1, 1, 1, 1, 1, 1, 2, 2, 1, 1, 2, 1, 1, 1, 1, 1, 2, 1, 1, 1, 1, 1, 1, 1, 1, 1, 1, 2, 2, 1, 1, 1, 2, 1, 1, 1, 1, 1, 2, 1, 1, 2, 1, 1, 1, 1, 1, 1, 1, 1, 2, 1, 1, 2, 1, 1, 1, 1, 1, 1, 1, 1, 1, 1, 1, 1, 2, 1, 1, 1, 1, 1, 2, 2, 1, 1, 1, 2, 1, 1, 2, 1, 1, 1, 1, 1, 1, 1, 1, 1, 1, 2, 2, 1, 1, 1, 1, 1, 1, 1, 1, 1, 2, 1, 1, 1, 2, 1, 1, 1, 1, 2, 2, 1, 1, 1, 1, 1, 1, 1, 1, 1, 1, 2, 1, 1, 2, 2, 1, 1, 1, 2, 1, 1, 1, 1, 1, 1, 1, 1, 1, 1, 1, 1, 1, 2, 1, 1, 1, 2, 2, 1, 1, 1, 2, 1, 1, 1, 2, 2, 1, 1, 1, 1, 1, 1, 1, 1, 1, 1, 1, 2, 1, 1, 1, 1, 1, 1, 2, 2, 1, 1, 2, 1, 1, 2, 1, 1, 1, 1]
w=9695056185319075840/6296488643826207716621 [cg] doubles=45 n=211
  xk(2^-20 units)=[14934, 288351, 761601, 1035145, 1302190, 1579249, 1861371, 2335514, 2608227, 2875773, 3142002, 3406752, 3684629, 4177220, 4460478, 4968112, 5245667, 5510205, 5776601, 6044499, 6317911, 6790093, 7063585, 7331670, 7598322, 7863262, 8141286, 8634134, 8917472, 9425750, 9703786, 9969343, 10237385, 10510862, 10982857, 11256301, 11524350, 11790786, 12056444, 12320845, 12598576, 13090144, 13373296, 13879929, 14157245, 14421288, 14686754, 14953086, 15221017, 15494401, 15965263, 16238616, 16506616, 16772063, 17050011, 17557443, 17835996, 18102970, 18376390, 18848232, 19121666, 19389701, 19656181, 19921920, 20186375, 20464092, 20956204, 21239490, 21747776, 22025808, 22291358, 22559490, 22832946, 23305479, 23578928, 23845848, 24124379, 24631831, 24909770, 25175225, 25443236, 25716573, 26188740, 26462314, 26730496, 26997213, 27262261, 27540321, 28033454, 28316861, 28825137, 29103209, 29368794, 29636889, 29910428, 30384130, 30657767, 30926113, 31192043, 31470511, 31964834, 32248323, 32757083, 33035158, 33300756, 33568895, 33842371, 34314945, 34588457, 34856585, 35122079, 35398450, 35680308, 36153327, 36425978, 36693710, 36959270, 37237563, 37732405, 38015931, 38525573, 38804518, 39074887, 39566261, 39844182, 40108694, 40374368, 40640551, 40908130, 41180863, 41654285, 41936448, 42213736, 42484124, 42976425, 43254808, 43520116, 43786977, 44055215, 44328882, 44800546, 45074159, 45342392, 45609225, 45874408, 46152602, 46646692, 46928521, 47211155, 47686384, 47959185, 48226884, 48493391, 48758382, 49036512, 49528340, 49798657, 50077499, 50585157, 50863481, 51129909, 51402431, 51875453, 52157139, 52433255, 52698294, 52965782, 53238375, 53710759, 53992537, 54268841, 54534481, 54805926, 55297063, 55575236, 55840143, 56106513, 56374025, 56646581, 57118758, 57400646, 57677100, 57942655, 58210775, 58484288, 58955573, 59229074, 59497150, 59763652, 60029360, 60293811, 60571593, 61063530, 61346765, 61854083, 62131648, 62396149, 62662529, 62930490, 63203882, 63676106, 63949613, 64217717, 64484346, 64749272, 65027298, 65520435, 65803811, 66312172, 66590178, 66855730]
  m=[1, 1, 1, 1, 1, 2, 1, 1, 1, 1, 1, 1, 2, 1, 2, 2, 1, 1, 1, 1, 1, 1, 1, 1, 1, 1, 2, 1, 2, 2, 1, 1, 1, 1, 1, 1, 1, 1, 1, 1, 2, 1, 2, 2, 1, 1, 1, 1, 1, 1, 1, 1, 1, 1, 2, 2, 1, 1, 1, 1, 1, 1, 1, 1, 1, 2, 1, 2, 2, 1, 1, 1, 1, 1, 1, 1, 2, 2, 1, 1, 1, 1, 1, 1, 1, 1, 1, 2, 1, 2, 2, 1, 1, 1, 1, 1, 1, 1, 1, 2, 1, 2, 2, 1, 1, 1, 1, 1, 1, 1, 1, 2, 1, 1, 1, 1, 1, 2, 1, 2, 2, 1, 1, 2, 1, 1, 1, 1, 1, 1, 1, 2, 1, 1, 2, 1, 1, 1, 1, 1, 1, 1, 1, 1, 1, 2, 1, 2, 1, 1, 1, 1, 1, 1, 2, 1, 1, 2, 2, 1, 1, 1, 1, 2, 1, 1, 1, 1, 1, 2, 1, 1, 1, 2, 1, 1, 1, 1, 1, 1, 2, 1, 1, 1, 1, 1, 1, 1, 1, 1, 1, 2, 1, 2, 2, 1, 1, 1, 1, 1, 1, 1, 1, 1, 1, 2, 1, 2, 2, 1, 1]
w=15746656237550116864/18889465931478623149863 [cg] doubles=44 n=212
  xk(2^-20 units)=[8632, 275649, 549108, 1020616, 1293920, 1561780, 1827085, 2104930, 2611405, 2889221, 3154514, 3422421, 3695821, 4166522, 4440086, 4708221, 4974798, 5240706, 5505387, 5783466, 6273709, 6545113, 6811971, 7076994, 7355137, 7846403, 8116621, 8395312, 8901765, 9179246, 9443714, 9710020, 9977905, 10251338, 10721813, 10995435, 11263769, 11530703, 11797107, 12063523, 12330418, 12598726, 12872413, 13343022, 13616550, 13884610, 14150106, 14428101, 14935672, 15214501, 15484865, 15977259, 16255849, 16522021, 16793735, 17285615, 17563434, 17826861, 18104555, 18596097, 18866320, 19145095, 19652908, 19931251, 20197746, 20470334, 20943451, 21225272, 21501543, 21766951, 22035085, 22308675, 22780693, 23054178, 23322301, 23589061, 23854279, 24132559, 24623675, 24895082, 25160708, 25437026, 25718860, 26191233, 26463802, 26731196, 26997166, 27261476, 27538927, 28046211, 28329454, 28822152, 29100162, 29365189, 29631855, 29899978, 30173547, 30645633, 30919210, 31187408, 31454099, 31719296, 31997614, 32489936, 32760380, 33037774, 33319940, 33793362, 34066284, 34334240, 34601091, 34867560, 35134282, 35402202, 35675085, 36148934, 36431026, 36708202, 36978380, 37469248, 37746715, 38010378, 38273816, 38550761, 39057473, 39340654, 39834068, 40112373, 40378008, 40645902, 40918776, 41394675, 41677017, 41954920, 42226456, 42701218, 42983006, 43259298, 43524717, 43792849, 44066462, 44538203, 44811730, 45079958, 45346806, 45612120, 45890463, 46381782, 46653341, 46920314, 47185508, 47463846, 47955010, 48226541, 48493520, 48758662, 49036892, 49529207, 49799582, 50076842, 50358917, 50833883, 51106748, 51374645, 51640410, 51918937, 52410795, 52682349, 52948211, 53226276, 53734841, 54014413, 54286060, 54763048, 55045520, 55327216, 55821335, 56099496, 56364634, 56631368, 56899445, 57172955, 57644871, 57918416, 58186589, 58452270, 58730346, 59238536, 59517973, 59789340, 60261705, 60543271, 60819156, 61083699, 61350181, 61618198, 61891589, 62364249, 62636494, 62916340, 63424578, 63702346, 63967227, 64233831, 64501870, 64775385, 65246097, 65519540, 65787578, 66053095, 66331112, 66838913]
  m=[1, 1, 1, 1, 1, 1, 1, 2, 2, 1, 1, 1, 1, 1, 1, 1, 1, 1, 1, 2, 1, 1, 1, 1, 2, 1, 1, 2, 2, 1, 1, 1, 1, 1, 1, 1, 1, 1, 1, 1, 1, 1, 1, 1, 1, 1, 1, 2, 2, 1, 1, 2, 1, 1, 1, 2, 1, 1, 2, 1, 1, 2, 2, 1, 1, 1, 1, 2, 1, 1, 1, 1, 1, 1, 1, 1, 1, 2, 1, 1, 1, 2, 1, 1, 1, 1, 1, 1, 2, 2, 1, 2, 1, 1, 1, 1, 1, 1, 1, 1, 1, 1, 2, 1, 1, 2, 1, 1, 1, 1, 1, 1, 1, 1, 1, 1, 2, 1, 1, 2, 1, 1, 1, 2, 2, 1, 2, 1, 1, 1, 1, 1, 2, 1, 1, 1, 2, 1, 1, 1, 1, 1, 1, 1, 1, 1, 2, 1, 1, 1, 1, 2, 1, 1, 1, 1, 2, 1, 1, 2, 1, 1, 1, 1, 1, 2, 1, 1, 1, 2, 2, 1, 1, 1, 2, 1, 2, 1, 1, 1, 1, 1, 1, 1, 1, 1, 2, 2, 1, 1, 1, 2, 1, 1, 1, 1, 1, 1, 1, 2, 2, 1, 1, 1, 1, 1, 1, 1, 1, 1, 2, 2]
w=13079212994216550400/6296488643826207716621 [cg] doubles=41 n=215
  xk(2^-20 units)=[6445, 273049, 545793, 1020257, 1302215, 1579016, 1845593, 2118256, 2591419, 2873175, 3149364, 3414531, 3682143, 3954820, 4428432, 4710451, 4987299, 5253960, 5526718, 6001167, 6283158, 6559986, 6826586, 7099335, 7573774, 7855738, 8132549, 8399118, 8671773, 9144954, 9426709, 9702891, 9968050, 10235650, 10508322, 10981942, 11263960, 11540812, 11807467, 12080225, 12554662, 12836645, 13113468, 13380071, 13652822, 14127236, 14409210, 14686016, 14952570, 15225223, 15698371, 15980129, 16256304, 16521454, 16789060, 17061740, 17535231, 17817244, 18094062, 18360683, 18633427, 19107870, 19389846, 19666640, 19933195, 20205868, 20679291, 20961065, 21237443, 21503147, 21774572, 22265731, 22543935, 22808936, 23075389, 23343067, 23615780, 24089522, 24371543, 24648400, 24915050, 25187805, 25662133, 25944107, 26220920, 26487512, 26760247, 27234648, 27516623, 27793443, 28060007, 28332661, 28805813, 29087564, 29363752, 29628913, 29896515, 30169152, 30642666, 30924655, 31201500, 31468167, 31740937, 32215437, 32497397, 32774192, 33040745, 33313413, 33786476, 34068224, 34344444, 34609642, 34877216, 35149885, 35623504, 35905535, 36182390, 36448992, 36721754, 37196344, 37478331, 37755179, 38021805, 38294541, 38768909, 39050893, 39327714, 39594355, 39867146, 40341669, 40623659, 40900467, 41167019, 41439688, 41912863, 42194625, 42470828, 42736002, 43003603, 43276268, 43749919, 44031937, 44308794, 44575432, 44848186, 45322660, 45604644, 45881482, 46148124, 46420888, 46895296, 47177277, 47454088, 47720659, 47993338, 48466524, 48748294, 49024497, 49289679, 49557277, 49829940, 50303563, 50585588, 50862447, 51129087, 51401854, 51876464, 52158459, 52435301, 52701923, 52974671, 53449045, 53731041, 54007877, 54274509, 54547297, 55021844, 55303838, 55580631, 55847194, 56119883, 56593024, 56874787, 57150976, 57416150, 57683776, 57956443, 58430073, 58712097, 58988951, 59255594, 59528360, 60002839, 60284823, 60561662, 60828284, 61101025, 61575478, 61857448, 62134252, 62400843, 62673523, 63146697, 63428454, 63704642, 63969808, 64237426, 64510079, 64983702, 65265722, 65542581, 65809237, 66082005, 66556504, 66838488]
  m=[1, 1, 1, 1, 2, 1, 1, 1, 1, 2, 1, 1, 1, 1, 1, 2, 1, 1, 1, 1, 2, 1, 1, 1, 1, 2, 1, 1, 1, 1, 2, 1, 1, 1, 1, 1, 2, 1, 1, 1, 1, 2, 1, 1, 1, 1, 2, 1, 1, 1, 1, 2, 1, 1, 1, 1, 1, 2, 1, 1, 1, 1, 2, 1, 1, 1, 1, 2, 1, 1, 1, 2, 1, 1, 1, 1, 1, 1, 2, 1, 1, 1, 1, 2, 1, 1, 1, 1, 2, 1, 1, 1, 1, 2, 1, 1, 1, 1, 1, 2, 1, 1, 1, 1, 2, 1, 1, 1, 1, 2, 1, 1, 1, 1, 1, 2, 1, 1, 1, 1, 2, 1, 1, 1, 1, 2, 1, 1, 1, 1, 2, 1, 1, 1, 1, 2, 1, 1, 1, 1, 1, 2, 1, 1, 1, 1, 2, 1, 1, 1, 1, 2, 1, 1, 1, 1, 2, 1, 1, 1, 1, 1, 2, 1, 1, 1, 1, 2, 1, 1, 1, 1, 2, 1, 1, 1, 1, 2, 1, 1, 1, 1, 2, 1, 1, 1, 1, 1, 2, 1, 1, 1, 1, 2, 1, 1, 1, 1, 2, 1, 1, 1, 1, 2, 1, 1, 1, 1, 1, 2, 1, 1, 1, 1, 2]
w=2250454833555718144/331394139148747774559 [cg] doubles=41 n=215
  xk(2^-20 units)=[67097416, 254943, 520484, 784483, 1060104, 1341684, 1811122, 2083416, 2350632, 2615555, 2893147, 3400037, 3678281, 3944652, 4217220, 4690796, 4972762, 5249953, 5520217, 6011937, 6289925, 6554530, 6820280, 7086695, 7354679, 7628117, 8099255, 8372705, 8640718, 8907116, 9171702, 9449246, 9956753, 10239965, 10732199, 11010084, 11274821, 11541157, 11808782, 12081528, 12555542, 12837595, 13114823, 13385088, 13876348, 14154319, 14418951, 14684805, 14951366, 15219459, 15492961, 15962847, 16236349, 16504339, 16770739, 17036287, 17300285, 17575943, 17857496, 18327291, 18599631, 18865888, 19144103, 19651201, 19929143, 20194596, 20462582, 20736015, 21206578, 21480043, 21748047, 22014537, 22279124, 22555035, 22836695, 23307569, 23580091, 23847558, 24112589, 24388725, 24670417, 25142676, 25415096, 25681387, 25959627, 26466477, 26744337, 27009713, 27277668, 27551091, 28022368, 28295875, 28563940, 28830407, 29096111, 29360507, 29638231, 30130179, 30413455, 30921547, 31199579, 31465150, 31733200, 32006711, 32478395, 32751826, 33019812, 33286267, 33552038, 33816602, 34094615, 34584386, 34855667, 35122264, 35387935, 35652419, 35930312, 36420437, 36691592, 36957008, 37234766, 37741453, 38019646, 38285960, 38558466, 39031366, 39313057, 39589342, 39854863, 40126244, 40617476, 40895732, 41160848, 41427526, 41695606, 41969132, 42442056, 42715545, 42982616, 43261222, 43769343, 44048183, 44318434, 44809181, 45087084, 45351583, 45617355, 45883849, 46151890, 46425409, 46896482, 47170051, 47438262, 47705044, 47971214, 48237360, 48504237, 48775662, 49264996, 49542690, 49806751, 50070807, 50348431, 50838456, 51109607, 51375031, 51652799, 52159604, 52438229, 52708354, 53199082, 53476941, 53741429, 54007237, 54273706, 54541680, 54815142, 55286010, 55559391, 55827333, 56093723, 56358343, 56635878, 57143328, 57422642, 57693893, 58166796, 58448364, 58724453, 58989526, 59257152, 59529805, 60003534, 60285573, 60562736, 60832961, 61324276, 61602160, 61866607, 62132168, 62398318, 62665840, 62938459, 63411572, 63693705, 63970978, 64241371, 64733719, 65012006, 65277257, 65544047, 65812227, 66085814, 66555926, 66829406]
  m=[1, 1, 1, 1, 2, 1, 1, 1, 1, 1, 2, 2, 1, 1, 1, 1, 2, 1, 1, 2, 1, 1, 1, 1, 1, 1, 1, 1, 1, 1, 1, 2, 2, 1, 2, 1, 1, 1, 1, 1, 1, 2, 1, 1, 2, 1, 1, 1, 1, 1, 1, 1, 1, 1, 1, 1, 1, 2, 1, 1, 1, 1, 2, 2, 1, 1, 1, 1, 1, 1, 1, 1, 1, 2, 1, 1, 1, 1, 1, 2, 1, 1, 1, 1, 2, 2, 1, 1, 1, 1, 1, 1, 1, 1, 1, 1, 2, 1, 2, 2, 1, 1, 1, 1, 1, 1, 1, 1, 1, 1, 2, 1, 1, 1, 1, 1, 2, 1, 1, 1, 2, 2, 1, 1, 1, 1, 2, 1, 1, 1, 2, 1, 1, 1, 1, 1, 1, 1, 1, 2, 2, 1, 1, 2, 1, 1, 1, 1, 1, 1, 1, 1, 1, 1, 1, 1, 1, 1, 2, 1, 1, 1, 2, 1, 1, 1, 2, 2, 1, 1, 2, 1, 1, 1, 1, 1, 1, 1, 1, 1, 1, 1, 2, 2, 1, 1, 1, 2, 1, 1, 1, 1, 1, 2, 1, 1, 2, 1, 1, 1, 1, 1, 1, 1, 2, 1, 1, 2, 1, 1, 1, 1, 1, 1, 1]
w=90685411251878526976/6296488643826207716621 [cg] doubles=41 n=215
  xk(2^-20 units)=[67098727, 268592, 538631, 1028803, 1306041, 1568540, 1845260, 2350095, 2627584, 2892748, 3163696, 3652444, 3930172, 4194401, 4459605, 4725251, 4991747, 5259826, 5533368, 6002815, 6276456, 6544789, 6811706, 7078111, 7344490, 7611419, 7879790, 8153385, 8623525, 8896998, 9164940, 9431272, 9695773, 9973212, 10479541, 10758200, 11028334, 11519358, 11797397, 12062272, 12328598, 12596101, 12868650, 13339777, 13621432, 13897385, 14161970, 14428452, 14696458, 14969942, 15440374, 15713820, 15981814, 16248273, 16512937, 16790541, 17298078, 17577410, 17848697, 18321538, 18603133, 18879235, 19144379, 19411962, 19684669, 20158403, 20440461, 20717704, 20988012, 21479384, 21757376, 22022055, 22287937, 22554492, 22822542, 23095994, 23567532, 23841015, 24107841, 24384619, 24666123, 25141231, 25422734, 25699471, 25966259, 26239684, 26710988, 26984456, 27252487, 27518927, 27784505, 28049751, 28313968, 28591716, 29082203, 29352499, 29631391, 30140511, 30420101, 30691743, 31167986, 31449856, 31726975, 31997087, 32487573, 32765356, 33029594, 33294868, 33560444, 33826853, 34094826, 34368248, 34839452, 35112931, 35379897, 35658468, 36165897, 36443840, 36709338, 36977363, 37250791, 37722050, 37995679, 38263917, 38530772, 38796033, 39074380, 39565686, 39837109, 40102725, 40379053, 40660784, 41133389, 41405933, 41672458, 41950829, 42458939, 42737556, 43004556, 43277978, 43749790, 44023221, 44291221, 44557685, 44823428, 45087962, 45365840, 45856200, 46126236, 46404851, 46911087, 47188361, 47452688, 47719052, 47990111, 48479454, 48757443, 49021959, 49287734, 49554197, 49822219, 50095740, 50566548, 50840004, 51108026, 51374401, 51640158, 51904642, 52182457, 52672899, 52943010, 53221615, 53728624, 54006437, 54271887, 54543008, 55032307, 55309837, 55573572, 55838204, 56101970, 56379523, 56870253, 57140346, 57417494, 57699521, 58173175, 58445776, 58713346, 58978416, 59254563, 59536262, 60008031, 60280501, 60547959, 60813041, 61089222, 61371060, 61843265, 62116050, 62383862, 62650546, 62916963, 63183650, 63451508, 63724391, 64198351, 64480523, 64757550, 65024591, 65298064, 65771517, 66044986, 66311996, 66590579]
  m=[2, 1, 1, 2, 1, 1, 2, 2, 1, 1, 1, 2, 1, 1, 1, 1, 1, 1, 1, 1, 1, 1, 1, 1, 1, 1, 1, 1, 1, 1, 1, 1, 1, 2, 2, 1, 1, 2, 1, 1, 1, 1, 1, 1, 2, 1, 1, 1, 1, 1, 1, 1, 1, 1, 1, 2, 2, 1, 1, 1, 2, 1, 1, 1, 1, 1, 2, 1, 1, 2, 1, 1, 1, 1, 1, 1, 1, 1, 1, 2, 1, 1, 2, 1, 1, 1, 1, 1, 1, 1, 1, 1, 1, 2, 1, 1, 2, 2, 1, 1, 1, 2, 1, 1, 2, 1, 1, 1, 1, 1, 1, 1, 1, 1, 1, 2, 2, 1, 1, 1, 1, 1, 1, 1, 1, 1, 2, 1, 1, 1, 2, 1, 1, 1, 1, 2, 2, 1, 1, 1, 1, 1, 1, 1, 1, 1, 2, 1, 1, 2, 2, 1, 1, 1, 1, 2, 1, 1, 1, 1, 1, 1, 1, 1, 1, 1, 1, 1, 2, 1, 1, 2, 2, 1, 1, 1, 2, 1, 1, 1, 1, 2, 1, 1, 2, 1, 1, 1, 1, 1, 2, 1, 1, 1, 1, 1, 2, 1, 1, 1, 1, 1, 1, 1, 1, 1, 1, 2, 1, 1, 1, 1, 1, 1, 2]
w=80497788883548913664/18889465931478623149863 [cg] doubles=38 n=218
  xk(2^-20 units)=[6710, 274283, 546949, 1020252, 1302275, 1579069, 1845548, 2118182, 2590997, 2872770, 3148969, 3414048, 3681515, 3954061, 4426119, 4707917, 4984117, 5249242, 5516760, 5789321, 6261359, 6543163, 6819355, 7084495, 7352064, 7624721, 8098135, 8380150, 8656941, 8923449, 9196095, 9669160, 9950908, 10227069, 10492170, 10759674, 11032203, 11504295, 11786076, 12062277, 12327457, 12595030, 12867655, 13341097, 13623108, 13899907, 14166512, 14439295, 14913492, 15195492, 15472241, 15738698, 16011371, 16484181, 16765949, 17042116, 17307170, 17574686, 17847291, 18319427, 18601231, 18877394, 19142470, 19409998, 19682599, 20154611, 20436425, 20712604, 20977692, 21245286, 21517997, 21991392, 22273425, 22550202, 22816670, 23089321, 23562251, 23844020, 24120234, 24385356, 24652874, 24925535, 25398819, 25680853, 25957702, 26224304, 26497056, 26971366, 27253339, 27530114, 27796635, 28069286, 28542177, 28823915, 29100067, 29365172, 29632714, 29905275, 30377415, 30659189, 30935353, 31200482, 31468028, 31740588, 32212619, 32494415, 32770596, 33035731, 33303326, 33576015, 34049311, 34331336, 34608116, 34874638, 35147311, 35620224, 35901996, 36178161, 36443234, 36710746, 36983319, 37455301, 37737102, 38013277, 38278392, 38545940, 38818544, 39290538, 39572338, 39848513, 40113617, 40381153, 40653748, 41125772, 41407593, 41683769, 41948856, 42216376, 42488962, 42961038, 43242848, 43519015, 43784119, 44051652, 44324226, 44796198, 45077997, 45354188, 45619346, 45886945, 46159601, 46632932, 46914946, 47191732, 47458262, 47730908, 48203735, 48485512, 48761682, 49026763, 49294281, 49566833, 50038801, 50320609, 50596792, 50861943, 51129487, 51402044, 51873944, 52155761, 52431953, 52697107, 52964698, 53237354, 53710612, 53992635, 54269422, 54535953, 54808610, 55281449, 55563181, 55839347, 56104442, 56371975, 56644539, 57116452, 57398232, 57674415, 57939558, 58207116, 58479670, 58951711, 59233496, 59509664, 59774758, 60042288, 60314857, 60786857, 61068654, 61344830, 61609935, 61877439, 62150015, 62622004, 62903823, 63180012, 63445105, 63712601, 63985176, 64457287, 64739092, 65015272, 65280387, 65547902, 65820472, 66292430, 66574237, 66850437]
  m=[1, 1, 1, 1, 2, 1, 1, 1, 1, 2, 1, 1, 1, 1, 1, 2, 1, 1, 1, 1, 1, 2, 1, 1, 1, 1, 1, 2, 1, 1, 1, 1, 2, 1, 1, 1, 1, 1, 2, 1, 1, 1, 1, 1, 2, 1, 1, 1, 1, 2, 1, 1, 1, 1, 2, 1, 1, 1, 1, 1, 2, 1, 1, 1, 1, 1, 2, 1, 1, 1, 1, 1, 2, 1, 1, 1, 1, 2, 1, 1, 1, 1, 1, 2, 1, 1, 1, 1, 2, 1, 1, 1, 1, 2, 1, 1, 1, 1, 1, 2, 1, 1, 1, 1, 1, 2, 1, 1, 1, 1, 1, 2, 1, 1, 1, 1, 2, 1, 1, 1, 1, 1, 2, 1, 1, 1, 1, 1, 2, 1, 1, 1, 1, 1, 2, 1, 1, 1, 1, 1, 2, 1, 1, 1, 1, 1, 2, 1, 1, 1, 1, 1, 2, 1, 1, 1, 1, 2, 1, 1, 1, 1, 1, 2, 1, 1, 1, 1, 1, 2, 1, 1, 1, 1, 1, 2, 1, 1, 1, 1, 2, 1, 1, 1, 1, 1, 2, 1, 1, 1, 1, 1, 2, 1, 1, 1, 1, 1, 2, 1, 1, 1, 1, 1, 2, 1, 1, 1, 1, 1, 2, 1, 1, 1, 1, 1, 2, 1]
w=109155004745373483008/18889465931478623149863 [cg] doubles=43 n=213
  xk(2^-20 units)=[6707, 273220, 545924, 1020113, 1302142, 1579340, 1849580, 2341374, 2619375, 2884044, 3149897, 3416469, 3684573, 3958050, 4428618, 4702094, 4970116, 5236640, 5501354, 5778952, 6286500, 6565839, 6837071, 7307930, 7589343, 7864958, 8128966, 8394538, 8660958, 8928949, 9202431, 9672619, 9946152, 10214345, 10481131, 10746309, 11024503, 11518871, 11800574, 12083028, 12558621, 12830177, 13109634, 13617598, 13895236, 14159956, 14426463, 14694508, 14967950, 15438451, 15711923, 15979846, 16246137, 16511571, 16776577, 17040484, 17317866, 17826134, 18110367, 18588143, 18870043, 19147775, 19419194, 19895777, 20177747, 20454731, 20721734, 20995237, 21467551, 21740925, 22008860, 22275246, 22539935, 22817566, 23325650, 23609018, 24102696, 24381094, 24647122, 24918701, 25409724, 25687788, 25952524, 26218374, 26484918, 26753002, 27026505, 27496906, 27770414, 28038400, 28304795, 28570317, 28835558, 29099754, 29377546, 29866730, 30137846, 30403303, 30681106, 31188182, 31466870, 31737042, 32228106, 32505744, 32769116, 33046856, 33538782, 33809121, 34086408, 34368522, 34842120, 35115003, 35383043, 35650002, 35916753, 36183936, 36452465, 36726223, 37197494, 37471051, 37739254, 38006005, 38271170, 38549297, 39043304, 39325099, 39607750, 40082111, 40354840, 40622461, 40888745, 41154425, 41418982, 41696928, 42186568, 42457724, 42724226, 42989884, 43254352, 43532196, 44024416, 44294836, 44573723, 45082900, 45366177, 45858253, 46135759, 46399687, 46664583, 46929798, 47195777, 47463218, 47735848, 48208694, 48490763, 48768034, 49038414, 49530868, 49809131, 50074372, 50341124, 50609291, 50882814, 51353798, 51627256, 51895184, 52161520, 52425861, 52701461, 52982498, 53455976, 53737849, 54019324, 54512951, 54791215, 55056888, 55324736, 55597527, 56070687, 56352491, 56628783, 56894355, 57165798, 57657046, 57935384, 58200633, 58467461, 58735687, 59009274, 59481102, 59754616, 60022747, 60288234, 60564578, 60846415, 61319801, 61592528, 61859043, 62135817, 62417806, 62890891, 63163585, 63431123, 63697388, 63962016, 64239784, 64749278, 65033710, 65513829, 65796395, 66078946, 66557378, 66838907]
  m=[1, 1, 1, 1, 2, 1, 1, 2, 1, 1, 1, 1, 1, 1, 1, 1, 1, 1, 1, 2, 2, 1, 1, 1, 2, 1, 1, 1, 1, 1, 1, 1, 1, 1, 1, 1, 2, 1, 2, 1, 1, 1, 2, 2, 1, 1, 1, 1, 1, 1, 1, 1, 1, 1, 1, 1, 2, 2, 1, 1, 2, 1, 1, 1, 2, 1, 1, 1, 1, 1, 1, 1, 1, 2, 2, 1, 2, 1, 1, 1, 2, 1, 1, 1, 1, 1, 1, 1, 1, 1, 1, 1, 1, 1, 2, 1, 1, 1, 2, 2, 1, 1, 2, 1, 1, 2, 1, 1, 2, 1, 1, 1, 1, 1, 1, 1, 1, 1, 1, 1, 1, 1, 1, 2, 1, 2, 1, 1, 1, 1, 1, 1, 1, 2, 1, 1, 1, 1, 1, 2, 1, 1, 2, 2, 1, 2, 1, 1, 1, 1, 1, 1, 1, 1, 2, 1, 1, 2, 1, 1, 1, 1, 1, 1, 1, 1, 1, 1, 2, 1, 1, 2, 1, 2, 1, 1, 1, 1, 1, 2, 1, 1, 1, 2, 1, 1, 1, 1, 1, 1, 1, 1, 1, 2, 1, 1, 1, 1, 2, 1, 1, 1, 1, 1, 1, 2, 2, 1, 1, 2, 1, 1, 2]
w=93882541153698185216/18889465931478623149863 [cg] doubles=45 n=211
  xk(2^-20 units)=[26736, 499405, 772950, 1040088, 1318779, 1827514, 2106196, 2373347, 2646896, 3118734, 3392164, 3660214, 3926739, 4192475, 4456934, 4734655, 5226470, 5509679, 6017069, 6294630, 6559282, 6825688, 7093665, 7367166, 7838601, 8112071, 8380090, 8646497, 8912207, 9176612, 9454352, 9946463, 10229713, 10737935, 11015962, 11281499, 11549557, 11823050, 12295676, 12569215, 12837374, 13104110, 13369263, 13647404, 14138710, 14408972, 14687737, 15194832, 15472718, 15738142, 16006156, 16279635, 16751252, 17024720, 17292740, 17559180, 17824851, 18089267, 18366967, 18858719, 19141890, 19649306, 19926910, 20191521, 20457930, 20725905, 20999344, 21470485, 21743998, 22012074, 22278614, 22544427, 22809005, 23086922, 23577048, 23847078, 24125678, 24631965, 24909363, 25173863, 25440245, 25708163, 25981517, 26452554, 26725924, 26993921, 27259431, 27537386, 28044913, 28323429, 28590394, 28863772, 29335908, 29609509, 29877699, 30144508, 30409696, 30687916, 31179047, 31449199, 31727918, 32235102, 32513016, 32778519, 33046583, 33319963, 33791193, 34064639, 34332621, 34599046, 34863575, 35139504, 35421209, 35892411, 36165008, 36432485, 36698777, 36963607, 37241641, 37733068, 38003269, 38282016, 38788907, 39066572, 39331557, 39598862, 39871260, 40342315, 40623990, 40899890, 41164407, 41430840, 41698858, 41972291, 42443693, 42717248, 42985380, 43252114, 43517129, 43795189, 44288277, 44571591, 45079909, 45357911, 45623465, 45891504, 46165035, 46637837, 46911335, 47179488, 47446128, 47711126, 47989129, 48482220, 48765535, 49273905, 49551948, 49817547, 50085655, 50359175, 50832957, 51106614, 51375033, 51641146, 51919824, 52412661, 52683208, 52962145, 53470546, 53749168, 54016234, 54289726, 54763081, 55036542, 55304678, 55571296, 55836266, 56114268, 56606945, 56890157, 57397767, 57675325, 57939913, 58206321, 58474307, 58747717, 59219353, 59492820, 59760876, 60027354, 60293056, 60557500, 60835281, 61327374, 61610660, 62118770, 62396843, 62662431, 62930551, 63204104, 63677763, 63951412, 64219708, 64485657, 64764163, 65258254, 65541754, 66050411, 66328492, 66594054, 66862147]
  m=[1, 1, 1, 1, 2, 2, 1, 1, 1, 1, 1, 1, 1, 1, 1, 2, 1, 2, 2, 1, 1, 1, 1, 1, 1, 1, 1, 1, 1, 1, 2, 1, 2, 2, 1, 1, 1, 1, 1, 1, 1, 1, 1, 2, 1, 1, 2, 2, 1, 1, 1, 1, 1, 1, 1, 1, 1, 1, 2, 1, 2, 2, 1, 1, 1, 1, 1, 1, 1, 1, 1, 1, 1, 2, 1, 1, 2, 2, 1, 1, 1, 1, 1, 1, 1, 1, 1, 2, 2, 1, 1, 1, 1, 1, 1, 1, 1, 2, 1, 1, 2, 2, 1, 1, 1, 1, 1, 1, 1, 1, 1, 2, 1, 1, 1, 1, 1, 1, 2, 1, 1, 2, 2, 1, 1, 1, 1, 1, 2, 1, 1, 1, 1, 1, 1, 1, 1, 1, 1, 2, 1, 2, 2, 1, 1, 1, 1, 1, 1, 1, 1, 1, 2, 1, 2, 2, 1, 1, 1, 1, 1, 1, 1, 1, 2, 1, 1, 2, 2, 1, 1, 1, 1, 1, 1, 1, 1, 2, 1, 2, 2, 1, 1, 1, 1, 1, 1, 1, 1, 1, 1, 1, 2, 1, 2, 2, 1, 1, 1, 1, 1, 1, 1, 1, 2, 1, 2, 2, 1, 1, 1]
w=606240327581414400/6296488643826207716621 [cg] doubles=42 n=214
  xk(2^-20 units)=[67106266, 261613, 539088, 1047728, 1331906, 1808660, 2090270, 2367278, 2637468, 3129572, 3407775, 3672877, 3939584, 4207597, 4480964, 4954132, 5226268, 5505931, 6013196, 6290360, 6554001, 6818814, 7084027, 7350123, 7617928, 7891299, 8361298, 8634874, 8902912, 9169404, 9434959, 9700116, 9964353, 10242128, 10730738, 11001845, 11267271, 11545091, 12052270, 12330537, 12596979, 12869644, 13344531, 13627031, 13908789, 14402729, 14680921, 14946051, 15212786, 15480925, 15754474, 16226307, 16499910, 16768142, 17034928, 17300077, 17578365, 18069886, 18340088, 18618823, 19125803, 19403662, 19669223, 19940582, 20431596, 20709782, 20974902, 21241811, 21513313, 22004210, 22282432, 22547371, 22813645, 23081169, 23353760, 23824340, 24106082, 24381999, 24646538, 24912946, 25180954, 25454419, 25924485, 26197914, 26465867, 26732175, 26997685, 27262779, 27526869, 27804576, 28294744, 28564871, 28843518, 29350341, 29628179, 29893654, 30164854, 30654676, 30932628, 31197162, 31462892, 31729313, 31997370, 32270814, 32742038, 33015508, 33283465, 33549828, 33814386, 34091954, 34599422, 34882695, 35375258, 35653152, 35917918, 36184244, 36451895, 36724693, 37199972, 37482325, 37760286, 38031880, 38507725, 38789592, 39066307, 39332776, 39605464, 40079667, 40361703, 40638999, 40909424, 41401986, 41680166, 41945281, 42212109, 42483496, 42973481, 43251564, 43516267, 43782113, 44048696, 44316883, 44590478, 45060407, 45333839, 45601721, 45867987, 46133455, 46397404, 46673005, 46954615, 47424779, 47697283, 47964775, 48231038, 48495916, 48773967, 49265862, 49536190, 49815039, 50323264, 50602139, 50872609, 51365636, 51644217, 51910373, 52182001, 52673009, 52951074, 53215736, 53481569, 53748024, 54016032, 54289445, 54761562, 55035137, 55302229, 55580854, 56089014, 56367845, 56638021, 57127951, 57405714, 57669801, 57934970, 58200474, 58466867, 58734869, 59008375, 59479403, 59752983, 60021118, 60287857, 60553011, 60831335, 61321867, 61593220, 61859874, 62125565, 62389979, 62667827, 63158245, 63428242, 63706866, 64213081, 64490489, 64754911, 65021220, 65289136, 65562514, 66033147, 66306556, 66574409, 66840718]
  m=[1, 1, 2, 2, 1, 1, 2, 1, 1, 2, 1, 1, 1, 1, 1, 1, 1, 2, 2, 1, 1, 1, 1, 1, 1, 1, 1, 1, 1, 1, 1, 1, 1, 2, 1, 1, 1, 2, 2, 1, 1, 1, 1, 2, 1, 2, 1, 1, 1, 1, 1, 1, 1, 1, 1, 1, 2, 1, 1, 2, 2, 1, 1, 1, 2, 1, 1, 1, 1, 2, 1, 1, 1, 1, 1, 1, 2, 1, 1, 1, 1, 1, 1, 1, 1, 1, 1, 1, 1, 2, 1, 1, 2, 2, 1, 1, 1, 2, 1, 1, 1, 1, 1, 1, 1, 1, 1, 1, 1, 2, 2, 1, 2, 1, 1, 1, 1, 1, 1, 2, 1, 1, 1, 2, 1, 1, 1, 1, 2, 1, 1, 2, 1, 1, 1, 1, 2, 1, 1, 1, 1, 1, 1, 1, 1, 1, 1, 1, 1, 2, 1, 1, 1, 1, 1, 1, 2, 1, 1, 2, 2, 1, 1, 2, 1, 1, 1, 2, 1, 1, 1, 1, 1, 1, 1, 1, 1, 2, 2, 1, 1, 2, 1, 1, 1, 1, 1, 1, 1, 1, 1, 1, 1, 1, 2, 1, 1, 1, 1, 1, 2, 1, 1, 2, 2, 1, 1, 1, 1, 1, 1, 1, 1, 1]
w=53479755455976964096/18889465931478623149863 [cg] doubles=41 n=215
  xk(2^-20 units)=[67107730, 262220, 539037, 1045375, 1328522, 1821043, 2099043, 2364009, 2630604, 2898737, 3172280, 3643446, 3916955, 4185174, 4451907, 4718028, 4984085, 5250555, 5518244, 5790922, 6262518, 6544373, 6820670, 7086257, 7357632, 7847757, 8125644, 8390007, 8655495, 8921528, 9188961, 9461542, 9934666, 10216662, 10493421, 10759826, 11032402, 11503643, 11785217, 12060992, 12325178, 12591202, 12858632, 13131245, 13604512, 13886607, 14163793, 14434015, 14924627, 15202413, 15466627, 15731866, 15997406, 16263801, 16531774, 16805236, 17275752, 17549189, 17817194, 18082667, 18360584, 18867906, 19146408, 19413309, 19686710, 20158140, 20431666, 20699789, 20966331, 21232173, 21496760, 21774685, 22264921, 22534955, 22813679, 23320748, 23598672, 23864162, 24132221, 24405625, 24877445, 25150974, 25419104, 25685798, 25950982, 26229221, 26721680, 26991979, 27269195, 27551137, 28026333, 28297893, 28577371, 29085963, 29364121, 29629989, 29901563, 30393402, 30672108, 30938388, 31210153, 31702401, 31980754, 32246025, 32512826, 32781108, 33054703, 33525054, 33798527, 34066520, 34332878, 34598348, 34862292, 35137887, 35419305, 35890181, 36161439, 36440705, 36947987, 37225611, 37490266, 37756665, 38024585, 38298054, 38768144, 39041597, 39309576, 39575989, 39841538, 40106730, 40370905, 40648681, 41137955, 41409064, 41674468, 41952243, 42459127, 42737822, 43008031, 43498920, 43776719, 44040979, 44306398, 44572347, 44839702, 45112173, 45583854, 45865711, 46142091, 46407547, 46675660, 46949128, 47420280, 47693838, 47962038, 48228868, 48495078, 48761238, 49028180, 49299672, 49789126, 50066842, 50330921, 50594967, 50872567, 51363879, 51634105, 51912882, 52420728, 52699482, 52969689, 53460835, 53738727, 54003259, 54269016, 54535545, 54803605, 55077052, 55547938, 55821347, 56089251, 56355688, 56620321, 56897894, 57405301, 57684554, 57955782, 58427631, 58709101, 58984964, 59249494, 59515884, 59783879, 60057313, 60527922, 60801417, 61069468, 61336037, 61601865, 61866439, 62144446, 62634010, 62905111, 63171493, 63435923, 63713360, 64220764, 64500155, 64771628, 65247135, 65528941, 65805909, 66075952, 66566813, 66844196]
  m=[1, 1, 2, 2, 1, 2, 1, 1, 1, 1, 1, 1, 1, 1, 1, 1, 1, 1, 1, 1, 1, 2, 1, 1, 1, 2, 1, 1, 1, 1, 1, 1, 1, 2, 1, 1, 1, 1, 2, 1, 1, 1, 1, 1, 1, 2, 1, 1, 2, 1, 1, 1, 1, 1, 1, 1, 1, 1, 1, 1, 2, 2, 1, 1, 1, 1, 1, 1, 1, 1, 1, 2, 1, 1, 2, 2, 1, 1, 1, 1, 1, 1, 1, 1, 1, 2, 1, 1, 2, 1, 1, 1, 2, 2, 1, 1, 1, 2, 1, 1, 1, 2, 1, 1, 1, 1, 1, 1, 1, 1, 1, 1, 1, 2, 1, 1, 1, 2, 2, 1, 1, 1, 1, 1, 1, 1, 1, 1, 1, 1, 1, 2, 1, 1, 1, 2, 2, 1, 1, 2, 1, 1, 1, 1, 1, 1, 1, 2, 1, 1, 1, 1, 1, 1, 1, 1, 1, 1, 1, 1, 2, 1, 1, 1, 2, 1, 1, 2, 2, 1, 1, 2, 1, 1, 1, 1, 1, 1, 1, 1, 1, 1, 1, 2, 2, 1, 1, 1, 2, 1, 1, 1, 1, 1, 1, 1, 1, 1, 1, 1, 2, 1, 1, 1, 1, 2, 2, 1, 1, 1, 2, 1, 1, 2, 1]
w=8461132555344481280/18889465931478623149863 [cg] doubles=19 n=237
  xk(2^-20 units)=[71717, 339391, 607597, 876406, 1145945, 1416321, 1687663, 1960118, 2233757, 2508665, 2784785, 3061974, 3340002, 3618570, 3897325, 4176005, 4454484, 4732765, 5010860, 5288999, 5567284, 5845910, 6124938, 6404382, 6684185, 6964153, 7244024, 7523567, 7802594, 8080960, 8358666, 8635793, 8912518, 9189007, 9465462, 9742152, 10019168, 10296709, 10574832, 10853539, 11132783, 11412352, 11692010, 11971507, 12250635, 12529326, 12807607, 13085623, 13363531, 13641530, 13919886, 14198708, 14478072, 14757832, 15037701, 15317201, 15595813, 15873143, 16148968, 16423236, 16695991, 16967382, 17237627, 17506830, 17775192, 18042874, 18309984, 18576638, 18842912, 19108854, 19374505, 19639879, 19904996, 20169847, 20434506, 20699048, 20962553, 21239634, 21743610, 22020644, 22284434, 22548539, 22826373, 23316145, 23587508, 23854151, 24118744, 24396195, 24901258, 25178251, 25441051, 25718429, 26210536, 26493827, 27000972, 27278021, 27541486, 27804785, 28081594, 28585234, 28862346, 29125938, 29390658, 29655532, 29920683, 30186109, 30451863, 30717976, 30984513, 31251612, 31519361, 31787940, 32057565, 32328414, 32600716, 32874674, 33150302, 33427517, 33705933, 33984920, 34263711, 34541662, 34818393, 35093736, 35367786, 35640699, 35912703, 36184064, 36455009, 36725795, 36996630, 37267763, 37539387, 37811701, 38084889, 38359031, 38634201, 38910265, 39187036, 39464150, 39741198, 40017764, 40293554, 40568390, 40842227, 41115140, 41387265, 41658756, 41929898, 42200829, 42471790, 42743083, 43014897, 43287505, 43561168, 43836148, 44112580, 44390440, 44669454, 44949035, 45228359, 45506656, 45783384, 46058339, 46331535, 46603116, 46873350, 47142420, 47410509, 47677848, 47944586, 48210846, 48476690, 48742215, 49007490, 49271624, 49549004, 50053188, 50329973, 50592231, 50868955, 51372655, 51649639, 51913238, 52178071, 52442302, 52720324, 53210976, 53482723, 53748757, 54027052, 54533238, 54810763, 55074937, 55340081, 55605343, 55870770, 56136496, 56402530, 56668988, 56935995, 57203696, 57472291, 57741914, 58012850, 58285310, 58559500, 58835483, 59113099, 59391880, 59671043, 59949675, 60227026, 60502704, 60776620, 61048909, 61319763, 61589448, 61858164, 62126138, 62393528, 62660469, 62927046, 63193353, 63459443, 63725326, 63991036, 64256650, 64521244, 64799126, 65304892, 65582932, 65847773, 66113759, 66379970, 66646486, 66913324]
  m=[1, 1, 1, 1, 1, 1, 1, 1, 1, 1, 1, 1, 1, 1, 1, 1, 1, 1, 1, 1, 1, 1, 1, 1, 1, 1, 1, 1, 1, 1, 1, 1, 1, 1, 1, 1, 1, 1, 1, 1, 1, 1, 1, 1, 1, 1, 1, 1, 1, 1, 1, 1, 1, 1, 1, 1, 1, 1, 1, 1, 1, 1, 1, 1, 1, 1, 1, 1, 1, 1, 1, 1, 1, 1, 1, 1, 1, 2, 2, 1, 1, 1, 2, 1, 1, 1, 1, 2, 2, 1, 1, 2, 1, 2, 2, 1, 1, 1, 2, 2, 1, 1, 1, 1, 1, 1, 1, 1, 1, 1, 1, 1, 1, 1, 1, 1, 1, 1, 1, 1, 1, 1, 1, 1, 1, 1, 1, 1, 1, 1, 1, 1, 1, 1, 1, 1, 1, 1, 1, 1, 1, 1, 1, 1, 1, 1, 1, 1, 1, 1, 1, 1, 1, 1, 1, 1, 1, 1, 1, 1, 1, 1, 1, 1, 1, 1, 1, 1, 1, 1, 1, 1, 1, 1, 1, 1, 2, 2, 1, 1, 2, 2, 1, 1, 1, 1, 2, 1, 1, 1, 2, 2, 1, 1, 1, 1, 1, 1, 1, 1, 1, 1, 1, 1, 1, 1, 1, 1, 1, 1, 1, 1, 1, 1, 1, 1, 1, 1, 1, 1, 1, 1, 1, 1, 1, 1, 1, 1, 1, 2, 2, 1, 1, 1, 1, 1, 1]
w=32703985612793724928/18889465931478623149863 [cg] doubles=45 n=211
  xk(2^-20 units)=[250901, 529184, 794431, 1061245, 1329446, 1603042, 2074955, 2348484, 2616539, 2882978, 3148674, 3413043, 3690713, 4183021, 4466333, 4974790, 5252813, 5518374, 5786442, 6059909, 6532564, 6806049, 7073133, 7351818, 7860435, 8139207, 8406404, 8679913, 9151739, 9425164, 9693188, 9959726, 10225520, 10490124, 10767975, 11261140, 11542873, 11825473, 12300783, 12573618, 12841365, 13107852, 13372862, 13650927, 14142170, 14412408, 14691157, 15198211, 15476055, 15741421, 16009416, 16282893, 16754516, 17028009, 17296017, 17562439, 17828096, 18092491, 18370200, 18861942, 19145078, 19652523, 19930126, 20194750, 20461157, 20729130, 21002561, 21473756, 21747309, 22015357, 22281919, 22547762, 22812332, 23090261, 23580366, 23850383, 24128972, 24635286, 24912663, 25177156, 25443537, 25711420, 25984791, 26455906, 26729285, 26997277, 27262754, 27540693, 28048256, 28326757, 28593709, 28867110, 29339203, 29612792, 29880969, 30147768, 30412951, 30691161, 31182366, 31452567, 31731306, 32238420, 32516344, 32781837, 33049896, 33323302, 33794654, 34068087, 34336057, 34602518, 34867022, 35142949, 35424669, 35895970, 36168554, 36436040, 36702331, 36967180, 37245239, 37736746, 38006988, 38285742, 38792553, 39070213, 39335176, 39602493, 39874922, 40347196, 40629037, 40905362, 41170820, 41438928, 41712469, 42183902, 42457360, 42725369, 42991797, 43257536, 43521927, 43799676, 44291965, 44575216, 45083454, 45361462, 45627015, 45895081, 46168619, 46641386, 46914843, 47182958, 47449614, 47714576, 47992575, 48485654, 48768991, 49277372, 49555418, 49820999, 50089102, 50362633, 50836303, 51109929, 51378361, 51644470, 51923095, 52415985, 52686503, 52965433, 53473876, 53752514, 54019588, 54293073, 54766491, 55040007, 55308158, 55574805, 55839796, 56117830, 56610474, 56893721, 57401296, 57678830, 57943423, 58209796, 58477746, 58751159, 59222828, 59496312, 59764349, 60030798, 60296491, 60560891, 60838661, 61330715, 61614031, 62122162, 62400247, 62665806, 62933920, 63207450, 63680709, 63954331, 64222640, 64488615, 64767110, 65261590, 65545042, 66053440, 66331482, 66597145, 66868542]
  m=[2, 1, 1, 1, 1, 1, 1, 1, 1, 1, 1, 1, 2, 1, 2, 2, 1, 1, 1, 1, 1, 1, 1, 2, 2, 1, 1, 1, 1, 1, 1, 1, 1, 1, 2, 1, 2, 1, 1, 1, 1, 1, 1, 2, 1, 1, 2, 2, 1, 1, 1, 1, 1, 1, 1, 1, 1, 1, 2, 1, 2, 2, 1, 1, 1, 1, 1, 1, 1, 1, 1, 1, 1, 2, 1, 1, 2, 2, 1, 1, 1, 1, 1, 1, 1, 1, 1, 2, 2, 1, 1, 1, 1, 1, 1, 1, 1, 2, 1, 1, 2, 2, 1, 1, 1, 1, 1, 1, 1, 1, 1, 2, 1, 1, 1, 1, 1, 1, 2, 1, 1, 2, 2, 1, 1, 1, 1, 1, 2, 1, 1, 1, 1, 1, 1, 1, 1, 1, 1, 2, 1, 2, 2, 1, 1, 1, 1, 1, 1, 1, 1, 1, 2, 1, 2, 2, 1, 1, 1, 1, 1, 1, 1, 1, 2, 1, 1, 2, 2, 1, 1, 1, 1, 1, 1, 1, 1, 2, 1, 2, 2, 1, 1, 1, 1, 1, 1, 1, 1, 1, 1, 1, 2, 1, 2, 2, 1, 1, 1, 1, 1, 1, 1, 1, 2, 1, 2, 2, 1, 1, 1]
w=131477782450594103296/18889465931478623149863 [cg] doubles=42 n=214
  xk(2^-20 units)=[67093225, 261234, 527859, 800775, 1276921, 1559581, 1841451, 2336283, 2614681, 2880381, 3148262, 3421094, 3895288, 4177331, 4454130, 4720684, 4993453, 5468086, 5750090, 6026882, 6293378, 6566074, 7039348, 7321184, 7597581, 7863332, 8134913, 8626803, 8905353, 9171122, 9439058, 9711977, 10186215, 10468272, 10745023, 11011504, 11284176, 11757395, 12039134, 12315249, 12580262, 12847841, 13120496, 13594625, 13876743, 14154077, 14424561, 14917764, 15196495, 15462825, 15734606, 16226051, 16504235, 16769243, 17035697, 17303310, 17575961, 18048314, 18330070, 18606248, 18871299, 19138723, 19411251, 19882312, 20163962, 20439730, 20703997, 20970057, 21237440, 21509986, 21981202, 22262979, 22539189, 22804312, 23071919, 23344636, 23818451, 24100440, 24377189, 24643581, 24916207, 25387795, 25669485, 25945462, 26210051, 26476582, 26744662, 27018145, 27488875, 27762432, 28030541, 28297047, 28562864, 28827556, 29105588, 29597264, 29867402, 30144428, 30426042, 30902835, 31187120, 31696609, 31974465, 32239396, 32505972, 32774017, 33047454, 33519235, 33792605, 34059473, 34337899, 34844725, 35122310, 35386903, 35653334, 35921339, 36194765, 36665155, 36938627, 37206635, 37473219, 37738030, 38015759, 38523924, 38803744, 39076018, 39548478, 39821820, 40089715, 40356047, 40621552, 40886765, 41150971, 41428766, 41918131, 42189279, 42454770, 42732625, 43239670, 43518395, 43788603, 44279562, 44557464, 44822019, 45087818, 45354249, 45622280, 45895763, 46367969, 46641457, 46908376, 47185189, 47466765, 47942824, 48224568, 48502196, 48773547, 49248646, 49530533, 49807315, 50073843, 50346578, 50821344, 51103449, 51380754, 51651102, 52143388, 52421535, 52686497, 52952981, 53220639, 53493404, 53966977, 54249007, 54525838, 54792400, 55065100, 55538428, 55820340, 56096712, 56362209, 56630295, 56903766, 57376181, 57649709, 57916573, 58193377, 58474859, 58949777, 59231186, 59507667, 59773924, 60046529, 60520350, 60802393, 61079215, 61345783, 61618578, 62093099, 62375090, 62651889, 62918438, 63191224, 63665652, 63947693, 64224519, 64491095, 64763882, 65238281, 65520313, 65797105, 66063624, 66336356, 66811193]
  m=[2, 1, 1, 1, 1, 2, 1, 2, 1, 1, 1, 1, 1, 2, 1, 1, 1, 1, 2, 1, 1, 1, 1, 2, 1, 1, 1, 2, 1, 1, 1, 1, 1, 2, 1, 1, 1, 1, 2, 1, 1, 1, 1, 1, 2, 1, 1, 2, 1, 1, 1, 2, 1, 1, 1, 1, 1, 1, 2, 1, 1, 1, 1, 1, 2, 1, 1, 1, 1, 1, 1, 2, 1, 1, 1, 1, 1, 2, 1, 1, 1, 1, 2, 1, 1, 1, 1, 1, 1, 1, 1, 1, 1, 1, 2, 1, 1, 2, 1, 1, 2, 2, 1, 1, 1, 1, 1, 1, 1, 1, 2, 2, 1, 1, 1, 1, 1, 1, 1, 1, 1, 1, 2, 2, 1, 1, 1, 1, 1, 1, 1, 1, 1, 2, 1, 1, 1, 2, 2, 1, 1, 2, 1, 1, 1, 1, 1, 1, 1, 1, 1, 2, 1, 1, 2, 1, 1, 1, 2, 1, 1, 1, 1, 2, 1, 1, 2, 1, 1, 1, 1, 1, 1, 2, 1, 1, 1, 1, 2, 1, 1, 1, 1, 1, 1, 1, 2, 1, 1, 2, 1, 1, 1, 1, 2, 1, 1, 1, 1, 2, 1, 1, 1, 1, 2, 1, 1, 1, 1, 2, 1, 1, 1, 1]
w=1956948368979193856/6296488643826207716621 [cg] doubles=41 n=215
  xk(2^-20 units)=[67106884, 261391, 538186, 1044451, 1327507, 1819225, 2096920, 2361292, 2626969, 2893422, 3161430, 3434935, 3905362, 4178925, 4447109, 4713877, 4980032, 5246139, 5512674, 5780443, 6053235, 6526058, 6808159, 7085402, 7355695, 7846565, 8124342, 8388472, 8653475, 8918739, 9184774, 9452280, 9724906, 10197722, 10479868, 10757158, 11027550, 11519871, 11798188, 12063354, 12330049, 12598153, 12871702, 13342746, 13616239, 13884304, 14150759, 14415278, 14691170, 14972780, 15443937, 15716393, 15982703, 16260905, 16767724, 17045619, 17311196, 17582459, 18072664, 18350791, 18615710, 18882127, 19149825, 19422697, 19898026, 20180386, 20458323, 20729782, 21203095, 21484643, 21760525, 22025003, 22291410, 22559393, 22832868, 23303462, 23577013, 23845093, 24111670, 24377496, 24642149, 24920244, 25410583, 25681927, 25948784, 26213824, 26491952, 26983972, 27254304, 27533059, 28040282, 28318211, 28583824, 28855268, 29347254, 29625926, 29891958, 30160343, 30433968, 30908262, 31181886, 31448943, 31725944, 32007934, 32482880, 32754408, 33033958, 33542316, 33820345, 34085932, 34354076, 34627595, 35099234, 35372742, 35640818, 35907342, 36173177, 36437795, 36715754, 37206456, 37476397, 37753262, 38034629, 38509632, 38791061, 39067798, 39334566, 39607992, 40079819, 40353111, 40620929, 40887210, 41151677, 41429098, 41935237, 42213891, 42484039, 42975147, 43253346, 43518489, 43785232, 44053389, 44326948, 44798792, 45072310, 45340361, 45605795, 45882147, 46164068, 46636785, 46909536, 47177341, 47444060, 47710559, 47977654, 48249210, 48739494, 49017222, 49281314, 49545346, 49822930, 50313974, 50584208, 50862956, 51370889, 51649601, 51919746, 52410184, 52687881, 52952035, 53217210, 53482718, 53749041, 54016944, 54290319, 54760975, 55034341, 55302297, 55567691, 55845611, 56352603, 56630758, 56897006, 57169338, 57638648, 57920195, 58195842, 58459850, 58725449, 58991842, 59259809, 59533262, 60002039, 60275534, 60543492, 60809780, 61075150, 61340091, 61603665, 61879087, 62160478, 62629952, 62902295, 63168601, 63446851, 63954521, 64232830, 64499334, 64771905, 65245757, 65527653, 65804719, 66074779, 66565834, 66843273]
  m=[1, 1, 2, 2, 1, 2, 1, 1, 1, 1, 1, 1, 1, 1, 1, 1, 1, 1, 1, 1, 1, 1, 2, 1, 1, 2, 1, 1, 1, 1, 1, 1, 1, 1, 2, 1, 1, 2, 1, 1, 1, 1, 1, 1, 1, 1, 1, 1, 2, 1, 1, 1, 1, 2, 2, 1, 1, 1, 2, 1, 1, 1, 1, 1, 1, 2, 1, 1, 1, 2, 1, 1, 1, 1, 1, 1, 1, 1, 1, 1, 1, 2, 1, 1, 1, 1, 2, 1, 1, 2, 2, 1, 1, 1, 2, 1, 1, 1, 1, 1, 1, 1, 2, 1, 1, 1, 2, 2, 1, 1, 1, 1, 1, 1, 1, 1, 1, 1, 2, 1, 1, 2, 1, 1, 2, 1, 1, 1, 1, 1, 1, 1, 1, 2, 2, 1, 1, 2, 1, 1, 1, 1, 1, 1, 1, 1, 1, 2, 1, 1, 1, 1, 1, 1, 1, 1, 2, 1, 1, 1, 2, 1, 1, 2, 2, 1, 1, 2, 1, 1, 1, 1, 1, 1, 1, 1, 1, 1, 1, 2, 2, 1, 1, 1, 1, 2, 1, 1, 1, 1, 1, 1, 1, 1, 1, 1, 1, 1, 1, 2, 1, 1, 1, 1, 2, 2, 1, 1, 1, 1, 2, 1, 1, 2, 1]
w=212162640999787888640/18889465931478623149863 [cg] doubles=43 n=213
  xk(2^-20 units)=[67101406, 270771, 777510, 1055353, 1320796, 1591943, 2081673, 2359639, 2624233, 2890071, 3156637, 3424717, 3698254, 4168841, 4442338, 4710335, 4976852, 5242642, 5507212, 5785113, 6275243, 6545174, 6823695, 7329064, 7606206, 7870090, 8135480, 8401751, 8669634, 8943029, 9413220, 9686601, 9954525, 10220839, 10485326, 10762807, 11269586, 11548040, 11814879, 12088174, 12559805, 12833300, 13101428, 13368104, 13633049, 13910952, 14420577, 14704915, 15183051, 15465246, 15746820, 16240866, 16518990, 16784085, 17050805, 17318959, 17592492, 18064493, 18338075, 18606367, 18872179, 19150498, 19660763, 19945185, 20422509, 20704082, 20981197, 21251441, 21743943, 22022245, 22287530, 22554294, 22822475, 23096017, 23567261, 23840828, 24108898, 24375432, 24640003, 24915859, 25197419, 25669644, 25941004, 26220459, 26728691, 27006790, 27272483, 27540675, 27814230, 28286150, 28559658, 28827796, 29094553, 29359779, 29638098, 30130690, 30400943, 30678023, 30959653, 31436629, 31720951, 32230304, 32508126, 32772976, 33039511, 33307514, 33580825, 34053966, 34326197, 34606041, 35114366, 35392145, 35656982, 35923517, 36191530, 36465029, 36935706, 37209184, 37477254, 37742785, 38020776, 38528445, 38807001, 39073961, 39347430, 39819500, 40092994, 40361165, 40627949, 40893143, 41171439, 41663603, 41933934, 42212782, 42720526, 42999274, 43269473, 43759992, 44037767, 44301946, 44567194, 44832701, 45099104, 45367073, 45640527, 46110110, 46383545, 46651484, 46917764, 47183154, 47448023, 47711575, 47986979, 48268456, 48737518, 49009935, 49277361, 49542508, 49820348, 50328356, 50607730, 50879033, 51351066, 51632575, 51908414, 52172948, 52439392, 52707464, 52980972, 53451705, 53725108, 53993068, 54258515, 54536496, 55044048, 55322685, 55589664, 55863059, 56334283, 56607732, 56875721, 57142197, 57406715, 57682614, 57964210, 58435525, 58707937, 58974249, 59252447, 59759213, 60037066, 60302575, 60573820, 61063552, 61341514, 61606094, 61871882, 62138404, 62406492, 62680052, 63151020, 63424539, 63692586, 63959052, 64224821, 64489414, 64767412, 65258772, 65528958, 65806135, 66088121, 66562356, 66834928]
  m=[1, 2, 2, 1, 1, 1, 2, 1, 1, 1, 1, 1, 1, 1, 1, 1, 1, 1, 1, 2, 1, 1, 2, 2, 1, 1, 1, 1, 1, 1, 1, 1, 1, 1, 1, 2, 2, 1, 1, 1, 1, 1, 1, 1, 1, 2, 2, 1, 1, 2, 1, 2, 1, 1, 1, 1, 1, 1, 1, 1, 1, 2, 2, 1, 1, 2, 1, 1, 2, 1, 1, 1, 1, 1, 1, 1, 1, 1, 1, 2, 1, 1, 1, 2, 2, 1, 1, 1, 1, 1, 1, 1, 1, 1, 2, 1, 1, 2, 1, 1, 2, 2, 1, 1, 1, 1, 1, 1, 1, 2, 2, 1, 1, 1, 1, 1, 1, 1, 1, 1, 2, 2, 1, 1, 1, 1, 1, 1, 1, 1, 2, 1, 1, 2, 2, 1, 1, 2, 1, 1, 1, 1, 1, 1, 1, 1, 1, 1, 1, 1, 1, 1, 2, 1, 1, 1, 1, 1, 2, 2, 1, 1, 1, 2, 1, 1, 1, 1, 1, 1, 1, 1, 1, 2, 2, 1, 1, 1, 1, 1, 1, 1, 1, 2, 1, 1, 1, 1, 2, 2, 1, 1, 1, 2, 1, 1, 1, 1, 1, 1, 1, 1, 1, 1, 1, 1, 2, 1, 1, 2, 1, 1, 1]
w=134967382147301752832/18889465931478623149863 [cg] doubles=45 n=211
  xk(2^-20 units)=[25451, 498183, 771578, 1038543, 1317157, 1824592, 2102549, 2367992, 2635964, 2909408, 3380727, 3654244, 3922329, 4188840, 4454597, 4719038, 4996800, 5488961, 5772256, 6280430, 6558446, 6824011, 7092059, 7365577, 7838267, 8111816, 8380010, 8646743, 8911848, 9190062, 9681272, 9951495, 10230229, 10737341, 11015244, 11280662, 11548664, 11822123, 12293829, 12567321, 12835390, 13101851, 13367704, 13632231, 13910195, 14400527, 14670642, 14949394, 15456349, 15734260, 15999642, 16267653, 16541009, 17012452, 17285941, 17553970, 17820500, 18086292, 18350863, 18628741, 19118849, 19388826, 19667374, 20173670, 20451112, 20715616, 20981933, 21249818, 21523188, 21993839, 22267336, 22535364, 22801900, 23067699, 23332253, 23610147, 24100286, 24370168, 24648662, 25154084, 25431174, 25695032, 25960387, 26226625, 26494506, 26767858, 27238276, 27511619, 27779478, 28045791, 28310309, 28587799, 29094322, 29372791, 29639578, 29912941, 30385147, 30658652, 30926776, 31193510, 31458525, 31736629, 32230344, 32513759, 33022683, 33301131, 33567711, 33840294, 34314158, 34595983, 34872297, 35137764, 35405846, 35679364, 36151489, 36425020, 36693164, 36959831, 37224881, 37502901, 37996009, 38279403, 38787774, 39065819, 39331366, 39599447, 39872897, 40345838, 40619422, 40887526, 41154201, 41419187, 41697190, 42190411, 42473763, 42982100, 43260100, 43525597, 43793621, 44067041, 44540743, 44814228, 45081069, 45357914, 45639579, 46116917, 46401210, 46910140, 47188039, 47452850, 47719424, 47987484, 48261017, 48732770, 49006276, 49274398, 49539895, 49816243, 50098168, 50570963, 50843592, 51111155, 51377485, 51642386, 51920492, 52412245, 52682684, 52961607, 53469797, 53748446, 54015489, 54288971, 54762379, 55035848, 55303968, 55570597, 55835564, 56113590, 56606598, 56889944, 57398332, 57676344, 57941878, 58209961, 58483516, 58955644, 59229088, 59497064, 59763492, 60029140, 60293521, 60571185, 61063454, 61346743, 61854941, 62132992, 62398534, 62666681, 62940155, 63413024, 63686559, 63954696, 64221319, 64486320, 64764353, 65257373, 65540782, 66049208, 66327256, 66592854, 66860924]
  m=[1, 1, 1, 1, 2, 2, 1, 1, 1, 1, 1, 1, 1, 1, 1, 1, 2, 1, 2, 2, 1, 1, 1, 1, 1, 1, 1, 1, 1, 2, 1, 1, 2, 2, 1, 1, 1, 1, 1, 1, 1, 1, 1, 1, 2, 1, 1, 2, 2, 1, 1, 1, 1, 1, 1, 1, 1, 1, 1, 2, 1, 1, 2, 2, 1, 1, 1, 1, 1, 1, 1, 1, 1, 1, 1, 2, 1, 1, 2, 2, 1, 1, 1, 1, 1, 1, 1, 1, 1, 1, 1, 2, 2, 1, 1, 1, 1, 1, 1, 1, 1, 2, 1, 2, 2, 1, 1, 1, 1, 2, 1, 1, 1, 1, 1, 1, 1, 1, 1, 2, 1, 2, 2, 1, 1, 1, 1, 1, 1, 1, 1, 1, 2, 1, 2, 2, 1, 1, 1, 1, 1, 1, 1, 2, 1, 1, 2, 2, 1, 1, 1, 1, 1, 1, 1, 1, 1, 2, 1, 1, 1, 1, 1, 1, 2, 1, 1, 2, 2, 1, 1, 1, 1, 1, 1, 1, 1, 2, 1, 2, 2, 1, 1, 1, 1, 1, 1, 1, 1, 1, 1, 2, 1, 2, 2, 1, 1, 1, 1, 1, 1, 1, 1, 1, 2, 1, 2, 2, 1, 1, 1]
w=90794807913576005632/18889465931478623149863 [cg] doubles=45 n=211
  xk(2^-20 units)=[67085086, 249735, 517837, 784458, 1049396, 1327409, 1820584, 2103936, 2612126, 2889897, 3155002, 3422367, 3694839, 4166301, 4448013, 4723893, 4988405, 5254799, 5522810, 5796236, 6267635, 6541128, 6809285, 7075928, 7340921, 7618913, 8111612, 8394857, 8902250, 9179874, 9444481, 9710880, 9978877, 10252337, 10723348, 10996819, 11264772, 11531135, 11796646, 12061751, 12325746, 12603260, 13094312, 13377491, 13884906, 14162526, 14427207, 14693695, 14961678, 15235100, 15706337, 15979703, 16247710, 16513187, 16791122, 17298639, 17577159, 17844086, 18117547, 18589269, 18862724, 19130748, 19397230, 19662954, 19927425, 20205132, 20697193, 20980501, 21488829, 21766884, 22032455, 22300585, 22574022, 23046634, 23320057, 23587003, 23865562, 24373009, 24650964, 24916444, 25184406, 25457805, 25929993, 26203536, 26471724, 26738502, 27003560, 27281642, 27775298, 28058816, 28568257, 28847025, 29114240, 29387836, 29861837, 30135377, 30403515, 30670155, 30935170, 31213172, 31706169, 31989581, 32498037, 32776095, 33041627, 33309730, 33583266, 34054874, 34328340, 34596328, 34862754, 35127237, 35403104, 35684731, 36155795, 36428239, 36695579, 36960553, 37238214, 37745297, 38023987, 38294118, 38784610, 39062509, 39327094, 39592939, 39859516, 40127653, 40401221, 40872628, 41146167, 41414321, 41681090, 41946199, 42224341, 42718398, 43000215, 43282837, 43758104, 44030938, 44298688, 44565192, 44830194, 45108354, 45600206, 45870584, 46149432, 46657300, 46935627, 47202039, 47474584, 47947662, 48229420, 48505607, 48770757, 49038426, 49311226, 49786272, 50068666, 50346641, 50618200, 51094717, 51376767, 51653851, 51920917, 52194563, 52667663, 52941185, 53209343, 53476021, 53741101, 54019177, 54512251, 54795664, 55304111, 55582168, 55847710, 56115789, 56389257, 56861971, 57135447, 57403450, 57668893, 57946791, 58453863, 58732665, 59002951, 59494391, 59772595, 60037685, 60304435, 60572600, 60846128, 61319335, 61592895, 61859929, 62136969, 62419090, 62893417, 63166121, 63433666, 63699925, 63964659, 64242534, 64735408, 65018785, 65527229, 65805262, 66070814, 66338898, 66612313]
  m=[1, 1, 1, 1, 1, 2, 1, 2, 2, 1, 1, 1, 1, 1, 2, 1, 1, 1, 1, 1, 1, 1, 1, 1, 1, 2, 1, 2, 2, 1, 1, 1, 1, 1, 1, 1, 1, 1, 1, 1, 1, 2, 1, 2, 2, 1, 1, 1, 1, 1, 1, 1, 1, 1, 2, 2, 1, 1, 1, 1, 1, 1, 1, 1, 1, 2, 1, 2, 2, 1, 1, 1, 1, 1, 1, 1, 2, 2, 1, 1, 1, 1, 1, 1, 1, 1, 1, 2, 1, 2, 2, 1, 1, 1, 1, 1, 1, 1, 1, 2, 1, 2, 2, 1, 1, 1, 1, 1, 1, 1, 1, 1, 2, 1, 1, 1, 1, 1, 2, 2, 1, 1, 2, 1, 1, 1, 1, 1, 1, 1, 1, 1, 1, 1, 2, 1, 2, 1, 1, 1, 1, 1, 1, 2, 1, 1, 2, 2, 1, 1, 1, 1, 2, 1, 1, 1, 1, 1, 2, 1, 1, 1, 2, 1, 1, 1, 1, 1, 1, 1, 1, 2, 1, 2, 2, 1, 1, 1, 1, 1, 1, 1, 1, 2, 2, 1, 1, 2, 1, 1, 1, 1, 1, 1, 1, 1, 2, 1, 1, 1, 1, 1, 1, 2, 1, 2, 2, 1, 1, 1, 1]
w=7145355999482396672/6296488643826207716621 [cg] doubles=45 n=211
  xk(2^-20 units)=[15434, 288842, 762252, 1035813, 1302848, 1579896, 1862050, 2336250, 2608996, 2876571, 3142794, 3407553, 3685434, 4178028, 4461297, 4968842, 5246440, 5510988, 5777415, 6045315, 6318738, 6790977, 7064518, 7332601, 7599253, 7864204, 8142262, 8635195, 8918560, 9426863, 9704876, 9970412, 10238472, 10511936, 10983958, 11257372, 11525395, 11791840, 12057519, 12321917, 12599616, 13091136, 13374289, 13881082, 14158390, 14422458, 14687975, 14954320, 15222262, 15495684, 15966594, 16239936, 16507944, 16773386, 17051344, 17558746, 17837302, 18104262, 18377668, 18849568, 19122979, 19391052, 19657521, 19923278, 20187751, 20465500, 20957611, 21240888, 21749164, 22027179, 22292698, 22560813, 22834260, 23306806, 23580239, 23847152, 24125683, 24633094, 24911014, 25176485, 25444483, 25717852, 26189983, 26463590, 26731785, 26998535, 27263593, 27541713, 28035269, 28318823, 28828252, 29107044, 29374225, 29647802, 30121402, 30394909, 30663034, 30929698, 31194691, 31472737, 31966142, 32249513, 32757868, 33035891, 33301600, 33573008, 34064314, 34342670, 34607978, 34874871, 35143099, 35416721, 35888503, 36162107, 36430256, 36697045, 36962162, 37240278, 37734326, 38016162, 38298769, 38773936, 39046754, 39314435, 39580936, 39845946, 40124101, 40615893, 40886193, 41165008, 41672693, 41951054, 42217484, 42490052, 42962967, 43244682, 43520786, 43785849, 44053343, 44325972, 44798261, 45080053, 45356323, 45621889, 45893288, 46383631, 46661613, 46926096, 47191644, 47457726, 47725201, 47997776, 48469750, 48751699, 49028109, 49293616, 49561761, 49835304, 50306814, 50580299, 50848433, 51113936, 51390321, 51672228, 52145423, 52418149, 52685887, 52951426, 53229770, 53724306, 54007870, 54517431, 54796408, 55066846, 55558524, 55836437, 56100931, 56366550, 56632630, 56900101, 57172650, 57644656, 57926578, 58202924, 58468379, 58736531, 59010007, 59482069, 59755588, 60023684, 60290376, 60555398, 60833399, 61326500, 61609877, 62118289, 62396328, 62661900, 62929946, 63203408, 63676434, 63949963, 64218097, 64484746, 64749709, 65027720, 65520902, 65804294, 66312699, 66590721, 66856224]
  m=[1, 1, 1, 1, 1, 2, 1, 1, 1, 1, 1, 1, 2, 1, 2, 2, 1, 1, 1, 1, 1, 1, 1, 1, 1, 1, 2, 1, 2, 2, 1, 1, 1, 1, 1, 1, 1, 1, 1, 1, 2, 1, 2, 2, 1, 1, 1, 1, 1, 1, 1, 1, 1, 1, 2, 2, 1, 1, 1, 1, 1, 1, 1, 1, 1, 2, 1, 2, 2, 1, 1, 1, 1, 1, 1, 1, 2, 2, 1, 1, 1, 1, 1, 1, 1, 1, 1, 2, 1, 2, 2, 1, 1, 1, 1, 1, 1, 1, 1, 2, 1, 2, 2, 1, 1, 1, 2, 1, 1, 1, 1, 1, 1, 1, 1, 1, 1, 2, 1, 2, 1, 1, 1, 1, 1, 1, 2, 1, 1, 2, 2, 1, 1, 1, 1, 2, 1, 1, 1, 1, 1, 2, 1, 1, 1, 2, 1, 1, 1, 1, 1, 1, 1, 2, 1, 1, 1, 1, 1, 1, 1, 1, 2, 1, 1, 1, 1, 1, 2, 1, 2, 2, 1, 1, 2, 1, 1, 1, 1, 1, 1, 1, 2, 1, 1, 1, 1, 1, 1, 1, 1, 1, 2, 1, 2, 2, 1, 1, 1, 1, 1, 1, 1, 1, 1, 2, 1, 2, 2, 1, 1]
w=85198323912302968832/18889465931478623149863 [cg] doubles=42 n=214
  xk(2^-20 units)=[17431, 285281, 558095, 1032235, 1314340, 1591543, 1861774, 2352776, 2630565, 2894733, 3159921, 3425470, 3691863, 3959809, 4233273, 4703501, 4976983, 5244985, 5511437, 5776086, 6053711, 6560990, 6840307, 7111480, 7582420, 7863819, 8139348, 8403291, 8668824, 8935182, 9203179, 9476657, 9946568, 10220064, 10488194, 10754921, 11020013, 11298094, 11792068, 12073654, 12355778, 12833404, 13117645, 13626334, 13903910, 14168173, 14433823, 14700227, 14968189, 15241632, 15711404, 15984776, 16252647, 16518814, 16784099, 17048928, 17312531, 17589570, 18095757, 18374906, 18646053, 19116777, 19398159, 19673713, 19937621, 20203055, 20469312, 20737191, 21010638, 21479787, 21753157, 22020998, 22287234, 22552534, 22817330, 23080877, 23357893, 23864069, 24147179, 24638452, 24916158, 25180547, 25446254, 25712693, 25980719, 26254182, 26725709, 26999267, 27267477, 27534281, 27799483, 28077798, 28569244, 28840835, 29106764, 29385054, 29894964, 30179349, 30658810, 30941004, 31222634, 31717309, 31995614, 32261188, 32528950, 32801694, 33275863, 33557940, 33835223, 34105633, 34598391, 34876566, 35141604, 35408393, 35679718, 36169268, 36446969, 36711106, 36975222, 37252925, 37744348, 38014592, 38291826, 38573973, 39046812, 39319575, 39587376, 39853894, 40120006, 40386221, 40653026, 40921331, 41194981, 41665811, 41939425, 42207636, 42474428, 42739670, 43017974, 43509197, 43780624, 44046335, 44324345, 44832167, 45115418, 45607250, 45884798, 46148806, 46413834, 46679281, 46945530, 47213414, 47486836, 47956746, 48230244, 48498209, 48764562, 49030127, 49295375, 49559631, 49837428, 50326174, 50597311, 50863757, 51129420, 51393866, 51671732, 52163319, 52433336, 52710248, 52991751, 53467521, 53749509, 54031055, 54525009, 54803321, 55068966, 55336824, 55609613, 56083719, 56365845, 56643117, 56913476, 57405824, 57684154, 57949344, 58216162, 58484436, 58758042, 59229362, 59502931, 59770986, 60037515, 60303349, 60567947, 60845953, 61336370, 61607705, 61873272, 62149595, 62431410, 62903658, 63176227, 63443645, 63709806, 63974392, 64252096, 64761271, 65045566, 65524138, 65806286, 66087903, 66582346, 66860660]
  m=[1, 1, 1, 1, 2, 1, 1, 2, 1, 1, 1, 1, 1, 1, 1, 1, 1, 1, 1, 1, 2, 2, 1, 1, 1, 2, 1, 1, 1, 1, 1, 1, 1, 1, 1, 1, 1, 2, 1, 2, 1, 1, 2, 2, 1, 1, 1, 1, 1, 1, 1, 1, 1, 1, 1, 1, 1, 2, 2, 1, 1, 1, 2, 1, 1, 1, 1, 1, 1, 1, 1, 1, 1, 1, 1, 1, 2, 2, 1, 2, 1, 1, 1, 1, 1, 1, 1, 1, 1, 1, 1, 2, 1, 1, 1, 2, 2, 1, 1, 2, 1, 2, 1, 1, 1, 1, 1, 2, 1, 1, 2, 1, 1, 1, 1, 2, 1, 1, 1, 2, 1, 1, 2, 1, 1, 1, 1, 1, 1, 1, 1, 1, 1, 1, 1, 1, 1, 1, 2, 1, 1, 1, 2, 2, 1, 2, 1, 1, 1, 1, 1, 1, 1, 1, 1, 1, 1, 1, 1, 1, 2, 1, 1, 1, 1, 1, 2, 1, 1, 2, 1, 1, 2, 1, 2, 1, 1, 1, 1, 1, 2, 1, 1, 2, 1, 1, 1, 1, 1, 1, 1, 1, 1, 1, 1, 2, 1, 1, 1, 2, 1, 1, 1, 1, 1, 1, 2, 2, 1, 1, 2, 1, 2, 1]
w=1877976686041939968/331394139148747774559 [cg] doubles=42 n=214
  xk(2^-20 units)=[5302, 273166, 545943, 1020100, 1302173, 1579398, 1849604, 2340574, 2618416, 2882589, 3147792, 3413353, 3679706, 3947687, 4221118, 4691376, 4964861, 5232838, 5499319, 5763996, 6041587, 6548915, 6828238, 7099411, 7570288, 7851726, 8127272, 8391227, 8656756, 8923102, 9191101, 9464552, 9934545, 10208097, 10476237, 10742981, 11008074, 11286197, 11780154, 12061749, 12343866, 12821476, 13105734, 13613957, 13891290, 14155139, 14420134, 14685539, 14951803, 15219688, 15493079, 15962776, 16236136, 16504017, 16770296, 17035756, 17299760, 17577028, 18083580, 18362781, 18633959, 19104574, 19385975, 19661555, 19925468, 20190958, 20457249, 20725168, 20998605, 21467764, 21741136, 22008986, 22275167, 22540486, 22805315, 23068903, 23345958, 23852109, 24135137, 24625809, 24903288, 25167302, 25432326, 25697787, 25964104, 26232088, 26505485, 26976477, 27250028, 27518247, 27785017, 28050225, 28328479, 28819982, 29091547, 29357501, 29635789, 30145656, 30430060, 30909465, 31191673, 31473331, 31967995, 32246277, 32511844, 32779601, 33052375, 33526484, 33808585, 34085866, 34356274, 34848963, 35127133, 35392179, 35658965, 35930301, 36419788, 36697522, 36961642, 37225759, 37503447, 37994909, 38265193, 38542450, 38824582, 39297404, 39570223, 39837960, 40104510, 40370625, 40636831, 40903667, 41171972, 41445607, 41916339, 42189972, 42458206, 42724982, 42990234, 43268535, 43759805, 44031261, 44296944, 44574912, 45082883, 45366174, 45858650, 46136381, 46400782, 46666475, 46932886, 47200814, 47474287, 47944391, 48217767, 48485697, 48751972, 49017330, 49282254, 49547092, 49811049, 50088708, 50577166, 50848252, 51114742, 51380418, 51644851, 51922740, 52414315, 52684316, 52961261, 53242736, 53718438, 54000403, 54281935, 54775902, 55054226, 55319878, 55587725, 55860505, 56334614, 56616743, 56894033, 57164430, 57656905, 57935209, 58200398, 58467261, 58735490, 59009157, 59480944, 59754495, 60022689, 60289495, 60554704, 60833050, 61324273, 61595694, 61861322, 62137632, 62419459, 62891561, 63164141, 63431579, 63697758, 63962356, 64240065, 64749343, 65033625, 65512081, 65794196, 66075812, 66570188, 66848533]
  m=[1, 1, 1, 1, 2, 1, 1, 2, 1, 1, 1, 1, 1, 1, 1, 1, 1, 1, 1, 1, 2, 2, 1, 1, 1, 2, 1, 1, 1, 1, 1, 1, 1, 1, 1, 1, 1, 2, 1, 2, 1, 1, 2, 2, 1, 1, 1, 1, 1, 1, 1, 1, 1, 1, 1, 1, 1, 2, 2, 1, 1, 1, 2, 1, 1, 1, 1, 1, 1, 1, 1, 1, 1, 1, 1, 1, 2, 2, 1, 2, 1, 1, 1, 1, 1, 1, 1, 1, 1, 1, 1, 1, 2, 1, 1, 1, 2, 2, 1, 1, 2, 1, 2, 1, 1, 1, 1, 1, 2, 1, 1, 2, 1, 1, 1, 1, 2, 1, 1, 1, 2, 1, 1, 2, 1, 1, 1, 1, 1, 1, 1, 1, 1, 1, 1, 1, 1, 1, 1, 2, 1, 1, 1, 2, 2, 1, 2, 1, 1, 1, 1, 1, 1, 1, 1, 1, 1, 1, 1, 1, 1, 2, 1, 1, 1, 1, 1, 2, 1, 1, 2, 1, 1, 2, 1, 2, 1, 1, 1, 1, 1, 2, 1, 1, 2, 1, 1, 1, 1, 1, 1, 1, 1, 1, 1, 2, 1, 1, 1, 2, 1, 1, 1, 1, 1, 1, 2, 2, 1, 1, 2, 1, 2, 1]
w=218982066776554864640/18889465931478623149863 [cg] doubles=41 n=215
  xk(2^-20 units)=[9126, 277512, 551200, 1020459, 1293969, 1561991, 1828355, 2093903, 2357897, 2633493, 2914920, 3386113, 3657354, 3936657, 4443671, 4721108, 4985471, 5251494, 5518883, 5791428, 6264525, 6546529, 6823712, 7093919, 7584791, 7862515, 8126593, 8391568, 8656796, 8922741, 9190173, 9462815, 9935820, 10217948, 10495197, 10765443, 11256826, 11534808, 11799417, 12065225, 12331701, 12599735, 12873253, 13343350, 13616867, 13884871, 14151280, 14416816, 14680755, 14956395, 15237933, 15707864, 15980370, 16246787, 16525158, 17033364, 17312040, 17579133, 17852619, 18324071, 18597470, 18865466, 19131888, 19396423, 19672271, 19953825, 20426131, 20697480, 20976938, 21485140, 21763170, 22028746, 22296826, 22570295, 23041767, 23315249, 23583287, 23849753, 24115538, 24380085, 24657962, 25148531, 25418527, 25697066, 26203070, 26480347, 26744574, 27010602, 27278011, 27550691, 28025023, 28307311, 28585255, 28856738, 29331498, 29613231, 29889553, 30154959, 30423044, 30696532, 31167566, 31441060, 31709108, 31975664, 32241530, 32506201, 32784264, 33274763, 33546228, 33813052, 34078149, 34356389, 34847551, 35119027, 35384789, 35662787, 36170935, 36450363, 36721798, 37196213, 37477779, 37753980, 38019513, 38290919, 38782091, 39060378, 39325544, 39592288, 39860424, 40133980, 40606024, 40879487, 41147535, 41412960, 41690856, 42197928, 42476656, 42746899, 43238105, 43516307, 43781423, 44048138, 44316290, 44589871, 45062720, 45336297, 45603323, 45880334, 46162487, 46636088, 46908873, 47176607, 47443000, 47708909, 47974925, 48241784, 48513182, 49003480, 49281298, 49544659, 49822355, 50314027, 50584291, 50863070, 51371009, 51649748, 51919852, 52410260, 52688011, 52952170, 53217360, 53482857, 53749194, 54017107, 54290494, 54761399, 55034787, 55302758, 55568146, 55846014, 56352902, 56631061, 56897253, 57169600, 57641065, 57922755, 58198885, 58463971, 58731522, 59004171, 59477792, 59759767, 60036856, 60306955, 60797510, 61074911, 61338437, 61602590, 61865676, 62142414, 62648491, 62931595, 63423281, 63700991, 63965406, 64231151, 64497638, 64765703, 65039168, 65509138, 65782787, 66051116, 66318120, 66584569, 66851006]
  m=[1, 1, 1, 1, 1, 1, 1, 1, 1, 2, 1, 1, 1, 2, 2, 1, 1, 1, 1, 1, 1, 2, 1, 1, 2, 1, 1, 1, 1, 1, 1, 1, 1, 2, 1, 1, 2, 1, 1, 1, 1, 1, 1, 1, 1, 1, 1, 1, 1, 2, 1, 1, 1, 1, 2, 2, 1, 1, 1, 1, 1, 1, 1, 1, 2, 1, 1, 1, 2, 2, 1, 1, 1, 1, 1, 1, 1, 1, 1, 1, 2, 1, 1, 2, 2, 1, 1, 1, 1, 1, 1, 2, 1, 1, 1, 2, 1, 1, 1, 1, 1, 1, 1, 1, 1, 1, 2, 1, 1, 1, 1, 2, 1, 1, 1, 2, 2, 1, 1, 1, 2, 1, 1, 1, 2, 1, 1, 1, 1, 1, 1, 1, 1, 1, 2, 2, 1, 1, 2, 1, 1, 1, 1, 1, 1, 1, 1, 2, 1, 1, 1, 1, 1, 1, 1, 1, 1, 2, 1, 1, 2, 1, 1, 2, 2, 1, 1, 2, 1, 1, 1, 1, 1, 1, 1, 1, 1, 1, 1, 2, 2, 1, 1, 1, 1, 2, 1, 1, 1, 1, 1, 2, 1, 1, 2, 1, 1, 1, 1, 2, 2, 1, 2, 1, 1, 1, 1, 1, 1, 1, 1, 1, 1, 1, 1]
w=5017730258749356032/18889465931478623149863 [cg] doubles=42 n=214
  xk(2^-20 units)=[5835, 272399, 545219, 1019292, 1301275, 1578043, 1844524, 2117139, 2589209, 2870810, 3146606, 3410900, 3676951, 3944339, 4216843, 4687234, 4968896, 5244776, 5509171, 5775324, 6042840, 6315483, 6788403, 7070442, 7347246, 7613811, 7886576, 8361361, 8643380, 8920266, 9186898, 9459756, 9935847, 10218502, 10500391, 10995268, 11273686, 11539424, 11807328, 12080143, 12554447, 12836503, 13113308, 13379877, 13652604, 14127223, 14409184, 14686010, 14952595, 15225349, 15699667, 15981663, 16258453, 16524992, 16797687, 17270687, 17552482, 17828707, 18093895, 18361539, 18634186, 19107459, 19389482, 19666327, 19932974, 20205713, 20680182, 20962154, 21238957, 21505540, 21778211, 22250916, 22532656, 22808836, 23074000, 23341660, 23614359, 24087929, 24369946, 24646736, 24913267, 25185901, 25658972, 25940864, 26217245, 26482784, 26750961, 27024509, 27495816, 27769310, 28037354, 28303926, 28569765, 28834430, 29112420, 29604129, 29874309, 30151373, 30432986, 30909871, 31194139, 31703649, 31981452, 32246338, 32512883, 32780835, 33054106, 33527295, 33799524, 34079301, 34586986, 34864413, 35128605, 35394165, 35660573, 35928588, 36202001, 36672311, 36945767, 37213813, 37480353, 37745175, 38022899, 38530990, 38810840, 39083115, 39556121, 39829394, 40097351, 40363839, 40629641, 40894262, 41172265, 41662225, 41933404, 42198889, 42476691, 42983736, 43262479, 43532729, 44023755, 44301628, 44566178, 44831860, 45098246, 45366157, 45639496, 46113308, 46385404, 46663481, 46945439, 47421902, 47703358, 47979872, 48246105, 48518696, 48992253, 49274190, 49550969, 49817440, 50090173, 50563491, 50845257, 51121629, 51387318, 51658797, 52149930, 52428213, 52693394, 52960362, 53231921, 53722970, 54001244, 54266270, 54532708, 54800324, 55073006, 55545299, 55827107, 56103306, 56368439, 56636068, 56908758, 57382645, 57664756, 57942038, 58212446, 58704799, 58983090, 59248369, 59515405, 59787038, 60278838, 60557484, 60823336, 61091262, 61364149, 61838697, 62120769, 62397610, 62664177, 62936904, 63411337, 63693345, 63970135, 64236642, 64509382, 64983706, 65265748, 65542568, 65809152, 66081910, 66555890, 66837915]
  m=[1, 1, 1, 1, 2, 1, 1, 1, 1, 2, 1, 1, 1, 1, 1, 1, 2, 1, 1, 1, 1, 1, 1, 2, 1, 1, 1, 1, 2, 1, 1, 1, 1, 2, 1, 2, 1, 1, 1, 1, 1, 2, 1, 1, 1, 1, 2, 1, 1, 1, 1, 2, 1, 1, 1, 1, 2, 1, 1, 1, 1, 1, 2, 1, 1, 1, 1, 2, 1, 1, 1, 1, 2, 1, 1, 1, 1, 1, 2, 1, 1, 1, 1, 2, 1, 1, 1, 1, 1, 1, 1, 1, 1, 1, 2, 1, 1, 2, 1, 1, 2, 2, 1, 1, 1, 1, 1, 1, 1, 2, 2, 1, 1, 1, 1, 1, 1, 1, 1, 1, 1, 1, 2, 2, 1, 1, 1, 1, 1, 1, 1, 1, 2, 1, 1, 1, 2, 2, 1, 1, 2, 1, 1, 1, 1, 1, 1, 1, 1, 2, 1, 1, 2, 1, 1, 1, 1, 2, 1, 1, 1, 1, 2, 1, 1, 1, 2, 1, 1, 1, 1, 2, 1, 1, 1, 1, 1, 1, 2, 1, 1, 1, 1, 1, 2, 1, 1, 2, 1, 1, 1, 1, 2, 1, 1, 1, 1, 1, 2, 1, 1, 1, 1, 2, 1, 1, 1, 1, 2, 1, 1, 1, 1, 2]
w=4690221522956729344/18889465931478623149863 [cg] doubles=44 n=212
  xk(2^-20 units)=[6020, 513802, 791805, 1057351, 1325385, 1598832, 2069391, 2342853, 2610874, 2877313, 3142951, 3408259, 3672577, 3950495, 4440229, 4711578, 4978424, 5243491, 5521656, 6013772, 6284200, 6563168, 7071507, 7350123, 7617174, 7890682, 8363190, 8636692, 8904857, 9171527, 9436743, 9714966, 10207203, 10477518, 10754737, 11036808, 11510257, 11782846, 12050354, 12316414, 12580802, 12858237, 13365346, 13648493, 14140341, 14418100, 14682545, 14948316, 15214818, 15482900, 15756382, 16226937, 16500616, 16768949, 17035859, 17302222, 17568609, 17835494, 18103826, 18377446, 18849204, 19122750, 19389878, 19668559, 20177133, 20456068, 20726489, 21218301, 21496423, 21761446, 22028336, 22299781, 22791066, 23068873, 23332372, 23610156, 24100738, 24372058, 24637801, 24915877, 25424719, 25704575, 25976841, 26451948, 26725235, 26992175, 27270723, 27778758, 28057109, 28323586, 28596114, 29068593, 29350413, 29626768, 29892290, 30160515, 30434119, 30905899, 31179452, 31447632, 31714366, 31979600, 32257886, 32750265, 33020643, 33297927, 33580014, 34053160, 34325866, 34593458, 34859717, 35125363, 35390803, 35656546, 35923170, 36194345, 36684247, 36962078, 37225571, 37503364, 37994268, 38265578, 38531189, 38809177, 39317612, 39600876, 40094711, 40372953, 40638476, 40906168, 41178858, 41652144, 41933886, 42210221, 42475770, 42747074, 43237151, 43515114, 43779743, 44045575, 44312111, 44580184, 44853717, 45324503, 45598054, 45866177, 46132695, 46398575, 46663211, 46941240, 47431407, 47702865, 47969784, 48234945, 48513198, 49004436, 49276011, 49542979, 49808143, 50086339, 50578476, 50848828, 51126070, 51408127, 51883231, 52155914, 52422402, 52699076, 52980909, 53456457, 53728127, 54007723, 54517186, 54795921, 55063072, 55336585, 55810703, 56084157, 56351227, 56629850, 57138209, 57417037, 57687284, 58177524, 58455227, 58719345, 58984468, 59249879, 59516063, 59783703, 60056491, 60530680, 60813293, 61095071, 61589185, 61867375, 62132606, 62399418, 62667592, 62941152, 63412223, 63685669, 63953717, 64219262, 64497235, 65005075, 65283666, 65550707, 65824104, 66295956, 66569337, 66836302]
  m=[2, 2, 1, 1, 1, 1, 1, 1, 1, 1, 1, 1, 1, 2, 1, 1, 1, 1, 2, 1, 1, 2, 2, 1, 1, 1, 1, 1, 1, 1, 1, 2, 1, 1, 2, 1, 1, 1, 1, 1, 1, 2, 2, 1, 2, 1, 1, 1, 1, 1, 1, 1, 1, 1, 1, 1, 1, 1, 1, 1, 1, 1, 1, 2, 2, 1, 1, 2, 1, 1, 1, 1, 2, 1, 1, 2, 1, 1, 1, 2, 2, 1, 1, 1, 1, 1, 2, 2, 1, 1, 1, 1, 2, 1, 1, 1, 1, 1, 1, 1, 1, 1, 2, 1, 1, 2, 1, 1, 1, 1, 1, 1, 1, 1, 1, 1, 2, 1, 1, 2, 1, 1, 1, 2, 2, 1, 2, 1, 1, 1, 1, 1, 2, 1, 1, 1, 2, 1, 1, 1, 1, 1, 1, 1, 1, 1, 1, 1, 1, 2, 1, 1, 1, 1, 2, 1, 1, 1, 1, 2, 1, 1, 2, 1, 1, 1, 1, 2, 1, 1, 1, 2, 2, 1, 1, 1, 1, 1, 1, 2, 2, 1, 1, 2, 1, 1, 1, 1, 1, 1, 1, 1, 2, 1, 2, 1, 1, 1, 1, 1, 1, 1, 1, 1, 2, 2, 1, 1, 1, 1, 1, 1]
w=53230294822322298880/18889465931478623149863 [cg] doubles=42 n=214
  xk(2^-20 units)=[67092965, 251859, 517548, 796079, 1289554, 1560142, 1839184, 2348245, 2631662, 3125175, 3403224, 3668242, 3934935, 4202950, 4476298, 4949618, 5221798, 5501535, 6008993, 6286384, 6550460, 6815949, 7082180, 7350077, 7623427, 8093179, 8366598, 8634598, 8900963, 9166454, 9431395, 9696170, 9960102, 10237743, 10726041, 10997078, 11262499, 11540309, 12047458, 12325759, 12592203, 12864841, 13339748, 13622223, 13903997, 14397965, 14676150, 14941267, 15208018, 15476148, 15749680, 16221586, 16495145, 16763364, 17030152, 17295328, 17573603, 18065133, 18335346, 18614070, 19121020, 19398868, 19664424, 19935791, 20426804, 20704997, 20970126, 21237039, 21508518, 21999557, 22277762, 22542709, 22809016, 23076536, 23349115, 23819746, 24101512, 24377426, 24641977, 24908404, 25176408, 25449894, 25919894, 26193332, 26461324, 26727682, 26993188, 27258304, 27522443, 27800159, 28290280, 28560387, 28839035, 29345884, 29623730, 29889214, 30160417, 30650233, 30928186, 31192735, 31458472, 31724915, 31992983, 32266456, 32737585, 33011056, 33279039, 33545413, 33809986, 34087554, 34594989, 34878270, 35370781, 35648699, 35913478, 36179837, 36447459, 36720264, 37195502, 37477850, 37755850, 38027426, 38503339, 38785195, 39061913, 39328377, 39601068, 40075202, 40357235, 40634496, 40904863, 41397418, 41675609, 41940693, 42207526, 42478868, 42968300, 43246187, 43510452, 43775666, 44041302, 44307749, 44575781, 44849171, 45319234, 45592682, 45860663, 46127109, 46391647, 46667538, 46949288, 47420333, 47692880, 47960433, 48226738, 48491626, 48769716, 49261562, 49531920, 49810795, 50319015, 50597936, 50868440, 51361518, 51640091, 51906215, 52177796, 52668625, 52946665, 53211358, 53477240, 53743787, 54011839, 54285346, 54756650, 55029984, 55296820, 55575227, 56081782, 56359274, 56623779, 56890055, 57157921, 57431287, 57901594, 58175051, 58443012, 58709382, 58974951, 59239127, 59516586, 60024865, 60309017, 60784689, 61065952, 61341997, 61607405, 61878668, 62368697, 62646724, 62911286, 63177050, 63443525, 63711568, 63985096, 64455365, 64728804, 64996830, 65263129, 65528590, 65792541, 66068172, 66349763, 66820317]
  m=[1, 1, 1, 2, 1, 1, 2, 2, 1, 2, 1, 1, 1, 1, 1, 1, 1, 2, 2, 1, 1, 1, 1, 1, 1, 1, 1, 1, 1, 1, 1, 1, 1, 2, 1, 1, 1, 2, 2, 1, 1, 1, 1, 2, 1, 2, 1, 1, 1, 1, 1, 1, 1, 1, 1, 1, 2, 1, 1, 2, 2, 1, 1, 1, 2, 1, 1, 1, 1, 2, 1, 1, 1, 1, 1, 1, 2, 1, 1, 1, 1, 1, 1, 1, 1, 1, 1, 1, 1, 2, 1, 1, 2, 2, 1, 1, 1, 2, 1, 1, 1, 1, 1, 1, 1, 1, 1, 1, 1, 2, 2, 1, 2, 1, 1, 1, 1, 1, 1, 2, 1, 1, 1, 2, 1, 1, 1, 1, 2, 1, 1, 2, 1, 1, 1, 1, 2, 1, 1, 1, 1, 1, 1, 1, 1, 1, 1, 1, 1, 2, 1, 1, 1, 1, 1, 1, 2, 1, 1, 2, 2, 1, 1, 2, 1, 1, 1, 2, 1, 1, 1, 1, 1, 1, 1, 1, 1, 2, 2, 1, 1, 1, 1, 1, 1, 1, 1, 1, 1, 1, 2, 2, 1, 1, 2, 1, 1, 1, 2, 1, 1, 1, 1, 1, 1, 1, 1, 1, 1, 1, 1, 2, 1, 1]
w=24916739798813544448/18889465931478623149863 [cg] doubles=42 n=214
  xk(2^-20 units)=[67096771, 255661, 521278, 799741, 1293339, 1563939, 1842974, 2352025, 2635295, 3127335, 3404866, 3668837, 3933811, 4199070, 4465110, 4732604, 5005262, 5479413, 5761992, 6043699, 6536835, 6814700, 7079214, 7344959, 7611385, 7879361, 8152864, 8623086, 8896655, 9164740, 9431182, 9696769, 9961956, 10226142, 10503886, 10993717, 11263889, 11542679, 12050578, 12329004, 12595658, 12868374, 13343930, 13626439, 13908111, 14401168, 14678965, 14943467, 15209169, 15475593, 15743559, 16017053, 16488454, 16762025, 17030232, 17296965, 17562089, 17840264, 18331765, 18601979, 18880718, 19387671, 19665486, 19931088, 20202426, 20693380, 20971605, 21236714, 21503649, 21775135, 22266188, 22544423, 22809362, 23075650, 23343196, 23615775, 24086363, 24368141, 24644031, 24908559, 25174982, 25443010, 25716435, 26186461, 26459896, 26727869, 26994199, 27259704, 27524819, 27788967, 28066697, 28557270, 28827491, 29106244, 29614041, 29892870, 30163110, 30654240, 30932132, 31196619, 31462358, 31728782, 31996760, 32270276, 32741080, 33014469, 33282355, 33548620, 33814012, 34077922, 34355169, 34861962, 35145115, 35637534, 35915408, 36180222, 36446579, 36714204, 36986973, 37462110, 37744453, 38022426, 38293997, 38769912, 39051766, 39328484, 39594933, 39867621, 40341758, 40623781, 40901059, 41171454, 41664045, 41942221, 42207306, 42474126, 42745484, 43234869, 43512731, 43777006, 44042217, 44307859, 44574293, 44842319, 45115677, 45585787, 45859214, 46127187, 46393651, 46658190, 46934081, 47215825, 47686895, 47959425, 48226961, 48493231, 48758121, 49036191, 49527986, 49798356, 50077190, 50585508, 50864422, 51134921, 51628009, 51906581, 52172707, 52444299, 52935185, 53213265, 53477938, 53743829, 54010328, 54278312, 54551609, 55024461, 55296731, 55576610, 56084768, 56362456, 56627230, 56893666, 57161671, 57435071, 57905517, 58178946, 58446911, 58713284, 58978865, 59243108, 59520587, 60029008, 60313149, 60788744, 61070015, 61346008, 61611390, 61882601, 62372624, 62650677, 62915242, 63181057, 63447546, 63715550, 63989074, 64459281, 64732711, 65000728, 65267046, 65532532, 65796478, 66072126, 66353662, 66824158]
  m=[1, 1, 1, 2, 1, 1, 2, 2, 1, 2, 1, 1, 1, 1, 1, 1, 1, 1, 2, 1, 2, 1, 1, 1, 1, 1, 1, 1, 1, 1, 1, 1, 1, 1, 2, 1, 1, 2, 2, 1, 1, 1, 1, 2, 1, 2, 1, 1, 1, 1, 1, 1, 1, 1, 1, 1, 1, 2, 1, 1, 2, 2, 1, 1, 1, 2, 1, 1, 1, 1, 2, 1, 1, 1, 1, 1, 1, 2, 1, 1, 1, 1, 1, 1, 1, 1, 1, 1, 1, 1, 2, 1, 1, 2, 2, 1, 1, 2, 1, 1, 1, 1, 1, 1, 1, 1, 1, 1, 1, 1, 2, 2, 1, 2, 1, 1, 1, 1, 1, 1, 2, 1, 1, 1, 2, 1, 1, 1, 1, 2, 1, 1, 2, 1, 1, 1, 1, 2, 1, 1, 1, 1, 1, 1, 1, 1, 1, 1, 1, 1, 2, 1, 1, 1, 1, 1, 1, 2, 1, 1, 2, 2, 1, 1, 2, 1, 1, 1, 2, 1, 1, 1, 1, 1, 1, 1, 1, 2, 2, 1, 1, 1, 1, 1, 1, 1, 1, 1, 1, 1, 2, 2, 1, 1, 2, 1, 1, 1, 2, 1, 1, 1, 1, 1, 1, 1, 1, 1, 1, 1, 1, 2, 1, 1]
w=4540392604895346688/994182417446243323677 [cg] doubles=41 n=215
  xk(2^-20 units)=[7253, 275659, 549334, 1018195, 1291698, 1559748, 1826180, 2091776, 2355779, 2631451, 2912984, 3382728, 3655015, 3921145, 4199187, 4705004, 4982253, 5246420, 5512273, 5779523, 6051980, 6524783, 6806831, 7084032, 7354267, 7845106, 8122825, 8386903, 8651863, 8917065, 9183040, 9450479, 9723139, 10196052, 10478139, 10755390, 11025651, 11516971, 11794971, 12059586, 12325353, 12591843, 12859905, 13133396, 13603391, 13876920, 14144931, 14411308, 14676843, 14940819, 15216459, 15497963, 15967601, 16239981, 16506251, 16784470, 17291564, 17569541, 17835001, 18102972, 18376378, 18846949, 19120447, 19388522, 19655039, 19919630, 20195497, 20477050, 20949122, 21220510, 21499975, 22008093, 22286167, 22551769, 22819880, 23093349, 23564829, 23838306, 24106328, 24372834, 24638633, 24903199, 25181177, 25671597, 25941607, 26220194, 26726115, 27003425, 27267662, 27533665, 27801114, 28073771, 28548103, 28830450, 29108380, 29379836, 29854612, 30136365, 30412675, 30678099, 30946178, 31219679, 31690660, 31964122, 32232206, 32498834, 32764736, 33029437, 33307524, 33797896, 34069301, 34336141, 34601259, 34879434, 35371864, 35642439, 35921470, 36430643, 36710155, 36981724, 37456389, 37738049, 38014300, 38279857, 38551239, 39042537, 39320803, 39585993, 39852725, 40120895, 40394409, 40867495, 41141063, 41408176, 41686855, 42195044, 42473993, 42744395, 43236017, 43514231, 43779399, 44046130, 44314259, 44587811, 45060864, 45334422, 45601475, 45878513, 46160702, 46634174, 46907014, 47174750, 47441161, 47707107, 47973162, 48240020, 48511420, 49001794, 49279593, 49542992, 49820688, 50312283, 50582583, 50861333, 51369317, 51648045, 51918182, 52408600, 52686325, 52950482, 53215671, 53481178, 53747498, 54015410, 54288807, 54759644, 55033081, 55301020, 55566413, 55844257, 56351156, 56629340, 56895612, 57167968, 57639545, 57921275, 58197379, 58462451, 58730034, 59002713, 59476407, 59758360, 60035409, 60305464, 60796243, 61073662, 61337342, 61600748, 61877667, 62383873, 62666871, 63157857, 63435374, 63699385, 63964472, 64229993, 64496396, 64764405, 65037877, 65507375, 65780970, 66049285, 66316275, 66582713, 66849171]
  m=[1, 1, 1, 1, 1, 1, 1, 1, 1, 2, 1, 1, 1, 1, 2, 2, 1, 1, 1, 1, 1, 1, 2, 1, 1, 2, 1, 1, 1, 1, 1, 1, 1, 1, 2, 1, 1, 2, 1, 1, 1, 1, 1, 1, 1, 1, 1, 1, 1, 1, 2, 1, 1, 1, 1, 2, 2, 1, 1, 1, 1, 1, 1, 1, 1, 1, 2, 1, 1, 1, 2, 2, 1, 1, 1, 1, 1, 1, 1, 1, 1, 1, 2, 1, 1, 2, 2, 1, 1, 1, 1, 1, 1, 2, 1, 1, 1, 2, 1, 1, 1, 1, 1, 1, 1, 1, 1, 1, 2, 1, 1, 1, 1, 2, 1, 1, 2, 2, 1, 1, 1, 2, 1, 1, 1, 2, 1, 1, 1, 1, 1, 1, 1, 1, 2, 2, 1, 1, 2, 1, 1, 1, 1, 1, 1, 1, 1, 2, 1, 1, 1, 1, 1, 1, 1, 1, 1, 2, 1, 1, 2, 1, 1, 2, 2, 1, 1, 2, 1, 1, 1, 1, 1, 1, 1, 1, 1, 1, 1, 2, 2, 1, 1, 1, 1, 2, 1, 1, 1, 1, 1, 2, 1, 1, 2, 1, 1, 1, 2, 2, 1, 2, 1, 1, 1, 1, 1, 1, 1, 1, 1, 1, 1, 1, 1]
w=75114490481044652032/18889465931478623149863 [cg] doubles=41 n=215
  xk(2^-20 units)=[67108254, 263164, 540480, 1031777, 1314868, 1822235, 2099812, 2364426, 2630807, 2898727, 3172209, 3642767, 3916293, 4184508, 4451281, 4717433, 4983503, 5250052, 5517809, 5790524, 6263467, 6545569, 6822819, 7093067, 7583922, 7861728, 8125953, 8391168, 8656697, 8923088, 9191104, 9464583, 9934138, 10207655, 10475650, 10742021, 11007570, 11271569, 11547218, 11828762, 12298299, 12570662, 12836929, 13115145, 13622171, 13900047, 14165447, 14433385, 14706824, 15178257, 15451817, 15719946, 15986571, 16251541, 16529537, 17022167, 17305387, 17812675, 18090115, 18354462, 18620543, 18887948, 19160581, 19634290, 19916326, 20193571, 20463898, 20956095, 21234341, 21499527, 21766233, 22034413, 22307915, 22779073, 23052603, 23320700, 23587220, 23853017, 24117513, 24395358, 24885641, 25155625, 25434168, 25940098, 26217308, 26481439, 26747305, 27014553, 27286953, 27758994, 28040737, 28316963, 28582485, 28853818, 29343860, 29621808, 29886380, 30152167, 30418651, 30686661, 30960219, 31430923, 31704417, 31972523, 32239056, 32504913, 32769591, 33047679, 33537887, 33809279, 34076180, 34341271, 34619427, 35111950, 35382541, 35661562, 36170949, 36450648, 36722420, 37199545, 37481799, 37759643, 38031153, 38507758, 38789763, 39066761, 39333762, 39607303, 40079753, 40353144, 40621130, 40886580, 41164509, 41671626, 41950341, 42220520, 42711087, 42989002, 43253553, 43519375, 43785885, 44053923, 44327402, 44798599, 45072106, 45340197, 45605628, 45881975, 46163844, 46635340, 46907811, 47175211, 47441358, 47706901, 47972239, 48237894, 48504486, 48775703, 49264810, 49542480, 49806504, 50070543, 50348143, 50839295, 51109454, 51388197, 51896000, 52174746, 52444954, 52936146, 53214005, 53478486, 53744237, 54010698, 54278671, 54552091, 55023040, 55296414, 55564367, 55829827, 56107706, 56614656, 56892876, 57159093, 57431412, 57900907, 58182431, 58458096, 58722093, 58987652, 59253996, 59521930, 59795362, 60264746, 60538180, 60806223, 61072646, 61338238, 61603438, 61867615, 62145415, 62633981, 62905029, 63171384, 63435760, 63713215, 64220735, 64500128, 64771515, 65246623, 65528364, 65805378, 66075492, 66566788, 66844368]
  m=[1, 1, 2, 1, 2, 2, 1, 1, 1, 1, 1, 1, 1, 1, 1, 1, 1, 1, 1, 1, 1, 2, 1, 1, 2, 1, 1, 1, 1, 1, 1, 1, 1, 1, 1, 1, 1, 1, 2, 1, 1, 1, 1, 2, 2, 1, 1, 1, 1, 1, 1, 1, 1, 1, 2, 1, 2, 2, 1, 1, 1, 1, 1, 1, 2, 1, 1, 2, 1, 1, 1, 1, 1, 1, 1, 1, 1, 1, 1, 2, 1, 1, 2, 2, 1, 1, 1, 1, 1, 1, 2, 1, 1, 1, 2, 1, 1, 1, 1, 1, 1, 1, 1, 1, 1, 1, 1, 2, 1, 1, 1, 1, 2, 1, 1, 2, 2, 1, 1, 1, 2, 1, 1, 1, 2, 1, 1, 1, 1, 1, 1, 1, 2, 2, 1, 1, 2, 1, 1, 1, 1, 1, 1, 1, 1, 1, 1, 2, 1, 1, 1, 1, 1, 1, 1, 1, 1, 1, 2, 1, 1, 1, 2, 1, 1, 2, 2, 1, 1, 2, 1, 1, 1, 1, 1, 1, 1, 1, 1, 1, 2, 2, 1, 1, 1, 1, 2, 1, 1, 1, 1, 1, 1, 1, 1, 1, 1, 1, 1, 1, 2, 1, 1, 1, 1, 2, 2, 1, 1, 1, 2, 1, 1, 2, 1]
w=35172095992839979008/6296488643826207716621 [cg] doubles=41 n=215
  xk(2^-20 units)=[13897, 504433, 775644, 1042109, 1306518, 1583865, 2089967, 2368568, 2638610, 3128959, 3406857, 3671406, 3937232, 4203724, 4471808, 4745368, 5215530, 5489157, 5757421, 6024304, 6290664, 6557032, 6823972, 7092320, 7365958, 7836099, 8109536, 8377408, 8643768, 8908284, 9185715, 9691862, 9970480, 10240505, 10731115, 11008995, 11273453, 11539115, 11805658, 12076907, 12566776, 12844829, 13109453, 13375302, 13641774, 13909813, 14183295, 14654562, 14928035, 15196157, 15461720, 15739770, 16247980, 16527375, 16798757, 17271654, 17553229, 17829288, 18094317, 18361845, 18634516, 19108434, 19390437, 19667628, 19937793, 20428349, 20706077, 20970140, 21235165, 21500384, 21766348, 22033752, 22306362, 22779536, 23061609, 23338821, 23609055, 24099621, 24377398, 24641624, 24906805, 25172315, 25438698, 25706657, 25980112, 26449618, 26723056, 26990992, 27257327, 27522832, 27786777, 28062365, 28343940, 28813316, 29085612, 29352818, 29617740, 29895375, 30402166, 30680433, 30946859, 31219413, 31692978, 31975014, 32252215, 32522434, 33014041, 33292028, 33556653, 33822521, 34089059, 34357161, 34630691, 35101380, 35374833, 35642874, 35908388, 36186363, 36693924, 36972504, 37239424, 37512827, 37984172, 38257600, 38525685, 38792195, 39058063, 39322689, 39600677, 40092277, 40362578, 40639779, 40921831, 41395810, 41668454, 41935052, 42213496, 42721566, 43000177, 43267245, 43540650, 44012530, 44285924, 44553897, 44820317, 45086090, 45350612, 45628517, 46119089, 46389206, 46667857, 47174739, 47452480, 47717913, 47989021, 48478358, 48756087, 49020208, 49285318, 49550772, 49817040, 50084964, 50358347, 50828369, 51101852, 51369803, 51636155, 51901621, 52166776, 52430909, 52708606, 53197261, 53468257, 53733522, 54011200, 54517357, 54794966, 55060237, 55331150, 55819758, 56097145, 56360815, 56624279, 56901221, 57408429, 57688136, 57960350, 58433898, 58707368, 58975642, 59242610, 59509210, 59776042, 60044009, 60316921, 60790581, 61072734, 61349756, 61616810, 61890340, 62364179, 62637600, 62904580, 63183129, 63691223, 63970057, 64240328, 64731587, 65009319, 65272664, 65550459, 66041331, 66312732, 66579590, 66844623]
  m=[2, 1, 1, 1, 1, 2, 2, 1, 1, 2, 1, 1, 1, 1, 1, 1, 1, 1, 1, 1, 1, 1, 1, 1, 1, 1, 1, 1, 1, 1, 2, 2, 1, 1, 2, 1, 1, 1, 1, 1, 2, 1, 1, 1, 1, 1, 1, 1, 1, 1, 1, 2, 2, 1, 1, 1, 2, 1, 1, 1, 1, 1, 2, 1, 1, 2, 1, 1, 1, 1, 1, 1, 1, 1, 2, 1, 1, 2, 1, 1, 1, 1, 1, 1, 1, 1, 1, 1, 1, 1, 1, 2, 1, 1, 1, 1, 1, 2, 2, 1, 1, 1, 1, 2, 1, 1, 2, 1, 1, 1, 1, 1, 1, 1, 1, 1, 1, 2, 2, 1, 1, 1, 1, 1, 1, 1, 1, 1, 2, 1, 1, 2, 1, 1, 1, 1, 2, 2, 1, 1, 1, 1, 1, 1, 1, 1, 1, 2, 1, 1, 2, 2, 1, 1, 1, 2, 1, 1, 1, 1, 1, 1, 1, 1, 1, 1, 1, 1, 1, 1, 2, 1, 1, 1, 2, 2, 1, 1, 1, 2, 1, 1, 1, 2, 2, 1, 1, 1, 1, 1, 1, 1, 1, 1, 1, 1, 2, 1, 1, 1, 1, 1, 1, 2, 2, 1, 1, 2, 1, 1, 2, 1, 1, 1, 1]
w=59904741017109004288/18889465931478623149863 [cg] doubles=41 n=215
  xk(2^-20 units)=[67092550, 251715, 518063, 783644, 1047642, 1323315, 1604872, 2074109, 2346446, 2613660, 2878585, 3156237, 3663015, 3941230, 4207637, 4480146, 4953601, 5235600, 5512782, 5782995, 6274605, 6552575, 6817175, 7082958, 7349383, 7617370, 7890861, 8361268, 8634693, 8902594, 9168895, 9434305, 9698216, 9975428, 10482077, 10765190, 11256596, 11534228, 11798463, 12063943, 12330072, 12597600, 12870291, 13343190, 13625301, 13902545, 14172861, 14665197, 14943484, 15208747, 15475507, 15743693, 16017265, 16487423, 16760933, 17028935, 17295378, 17560918, 17824922, 18100575, 18382096, 18851703, 19124046, 19390322, 19668578, 20175609, 20453514, 20718996, 20986971, 21260398, 21730245, 22003646, 22271582, 22537954, 22803524, 23067534, 23343167, 23624713, 24094475, 24366749, 24633016, 24911216, 25418121, 25696033, 25961425, 26229381, 26502765, 26973930, 27247437, 27515435, 27781866, 28047593, 28311995, 28589743, 29081853, 29365093, 29873202, 30151262, 30416788, 30684909, 30958416, 31430703, 31704230, 31972417, 32239209, 32504422, 32782743, 33274058, 33545547, 33812440, 34077534, 34355694, 34847632, 35118014, 35396882, 35904795, 36183123, 36449611, 36722201, 37195498, 37477252, 37753527, 38019094, 38290531, 38781811, 39060108, 39325286, 39591994, 39860135, 40133634, 40606742, 40880270, 41147374, 41426058, 41934176, 42213126, 42483528, 42975280, 43253479, 43518584, 43785315, 44053397, 44326946, 44800033, 45073608, 45340680, 45617790, 45899919, 46372703, 46645422, 46912945, 47179082, 47444616, 47710047, 47975719, 48242278, 48513543, 49002777, 49280434, 49544483, 49808488, 50086117, 50576068, 50847249, 51112696, 51390454, 51897197, 52175843, 52445957, 52936717, 53214563, 53479070, 53744855, 54011330, 54279310, 54552798, 55023563, 55296896, 55564816, 55831187, 56095824, 56373395, 56880827, 57160113, 57431337, 57902977, 58184364, 58460084, 58724332, 58990424, 59257901, 59530525, 60003514, 60285540, 60562754, 60832970, 61324170, 61602112, 61866567, 62132120, 62398259, 62665747, 62938468, 63411434, 63693518, 63970839, 64241148, 64732576, 65010637, 65275278, 65541093, 65807641, 66075710, 66349241, 66819021]
  m=[1, 1, 1, 1, 1, 2, 1, 1, 1, 1, 1, 2, 2, 1, 1, 1, 1, 2, 1, 1, 2, 1, 1, 1, 1, 1, 1, 1, 1, 1, 1, 1, 1, 2, 2, 1, 2, 1, 1, 1, 1, 1, 1, 1, 2, 1, 1, 2, 1, 1, 1, 1, 1, 1, 1, 1, 1, 1, 1, 2, 1, 1, 1, 1, 2, 2, 1, 1, 1, 1, 1, 1, 1, 1, 1, 1, 2, 1, 1, 1, 1, 2, 2, 1, 1, 1, 1, 1, 1, 1, 1, 1, 1, 2, 1, 2, 2, 1, 1, 1, 1, 1, 1, 1, 1, 1, 2, 1, 1, 1, 1, 2, 1, 1, 2, 2, 1, 1, 1, 1, 2, 1, 1, 1, 2, 1, 1, 1, 1, 1, 1, 1, 1, 2, 2, 1, 1, 2, 1, 1, 1, 1, 1, 1, 1, 1, 2, 1, 1, 1, 1, 1, 1, 1, 1, 1, 1, 2, 1, 1, 1, 2, 1, 1, 1, 2, 2, 1, 1, 2, 1, 1, 1, 1, 1, 1, 1, 1, 1, 1, 1, 2, 2, 1, 1, 1, 2, 1, 1, 1, 1, 1, 1, 2, 1, 1, 2, 1, 1, 1, 1, 1, 1, 1, 2, 1, 1, 2, 1, 1, 1, 1, 1, 1, 1]
w=55982928338241413120/18889465931478623149863 [cg] doubles=42 n=214
  xk(2^-20 units)=[67107534, 276821, 768199, 1039574, 1305270, 1583264, 2091168, 2374388, 2866281, 3143846, 3407889, 3673037, 3938576, 4204926, 4472885, 4746424, 5216171, 5489840, 5758278, 6025314, 6291754, 6558172, 6825161, 7093547, 7367174, 7836672, 8110215, 8378253, 8644774, 8909352, 9185219, 9466719, 9939137, 10210225, 10489321, 10995366, 11272057, 11534284, 11811026, 12317722, 12596971, 12868392, 13344359, 13626778, 13908501, 14402661, 14680748, 14945791, 15212493, 15480589, 15754080, 16225922, 16499507, 16767710, 17034498, 17299664, 17577886, 18069460, 18339690, 18618370, 19125287, 19403166, 19668759, 19940090, 20431195, 20709392, 20974507, 21241389, 21512865, 22003920, 22282123, 22547075, 22813366, 23080927, 23353472, 23824117, 24105842, 24381769, 24646313, 24912735, 25180712, 25454190, 25924257, 26197715, 26465733, 26732057, 26997536, 27262635, 27526786, 27804483, 28294649, 28564759, 28843405, 29350342, 29628143, 29893661, 30164882, 30654784, 30932744, 31197268, 31463021, 31729498, 31997576, 32271032, 32742931, 33016443, 33284528, 33550054, 33828108, 34336496, 34619792, 35112579, 35390514, 35655306, 35921631, 36189266, 36462036, 36937489, 37219885, 37497847, 37769446, 38245363, 38527277, 38804009, 39070477, 39343150, 39817570, 40099662, 40377012, 40647542, 41140972, 41419627, 41685814, 41957391, 42447705, 42725606, 42989918, 43255188, 43520826, 43787251, 44055303, 44328797, 44798959, 45072429, 45340453, 45606906, 45871467, 46147418, 46429117, 46900134, 47172691, 47440184, 47706488, 47971414, 48249506, 48741313, 49011625, 49290485, 49798649, 50077596, 50348125, 50841201, 51119793, 51385932, 51657548, 52148373, 52426398, 52691078, 52956947, 53223475, 53491541, 53765039, 54236350, 54509677, 54776512, 55054914, 55561477, 55838978, 56103508, 56369820, 56637686, 56911055, 57381425, 57654839, 57922782, 58189187, 58454734, 58718923, 58996373, 59504632, 59788813, 60264470, 60545756, 60821816, 61087210, 61358422, 61848687, 62126704, 62391272, 62657047, 62923534, 63191520, 63464986, 63935502, 64209001, 64477042, 64743505, 65008058, 65283985, 65565699, 66036340, 66308880, 66576379, 66842657]
  m=[1, 2, 1, 1, 1, 2, 2, 1, 2, 1, 1, 1, 1, 1, 1, 1, 1, 1, 1, 1, 1, 1, 1, 1, 1, 1, 1, 1, 1, 1, 2, 1, 1, 1, 2, 2, 1, 1, 2, 2, 1, 1, 1, 2, 1, 2, 1, 1, 1, 1, 1, 1, 1, 1, 1, 1, 2, 1, 1, 2, 2, 1, 1, 1, 2, 1, 1, 1, 1, 2, 1, 1, 1, 1, 1, 1, 2, 1, 1, 1, 1, 1, 1, 1, 1, 1, 1, 1, 1, 2, 1, 1, 2, 2, 1, 1, 1, 2, 1, 1, 1, 1, 1, 1, 1, 1, 1, 1, 2, 2, 1, 2, 1, 1, 1, 1, 1, 1, 2, 1, 1, 1, 2, 1, 1, 1, 1, 2, 1, 1, 2, 1, 1, 1, 2, 1, 1, 1, 1, 1, 1, 1, 1, 1, 1, 1, 1, 2, 1, 1, 1, 1, 1, 1, 2, 1, 1, 2, 2, 1, 1, 2, 1, 1, 1, 2, 1, 1, 1, 1, 1, 1, 1, 1, 1, 2, 2, 1, 1, 1, 1, 1, 1, 1, 1, 1, 1, 1, 2, 2, 1, 1, 2, 1, 1, 1, 2, 1, 1, 1, 1, 1, 1, 1, 1, 1, 1, 1, 2, 1, 1, 1, 1, 1]
w=1885959817162436608/994182417446243323677 [cg] doubles=41 n=215
  xk(2^-20 units)=[67081486, 246105, 514104, 780477, 1045997, 1309966, 1585597, 1867106, 2337239, 2609637, 2875984, 3154281, 3661939, 3940295, 4206876, 4479476, 4953387, 5235360, 5512550, 5782726, 6274245, 6552228, 6816817, 7082601, 7349062, 7617077, 7890536, 8360860, 8634292, 8902168, 9168443, 9433861, 9697837, 9975050, 10481704, 10764763, 11255513, 11532979, 11796866, 12061810, 12327054, 12593031, 12860482, 13133074, 13605618, 13887684, 14164948, 14435341, 14927673, 15206001, 15471224, 15737962, 16006143, 16279696, 16750383, 17023895, 17292007, 17558530, 17823133, 18099050, 18380680, 18851221, 19123585, 19389843, 19668099, 20175133, 20453045, 20718514, 20986565, 21260006, 21730048, 22003462, 22271391, 22537735, 22803313, 23067328, 23342953, 23624494, 24094377, 24366661, 24632941, 24911143, 25418142, 25696042, 25961417, 26229377, 26502796, 26973965, 27247464, 27515422, 27781858, 28047577, 28311961, 28589671, 29081859, 29365101, 29873150, 30151190, 30416728, 30684819, 30958311, 31430655, 31704181, 31972310, 32239054, 32504239, 32782545, 33273865, 33545326, 33812196, 34077263, 34355349, 34846967, 35117196, 35395931, 35902854, 36180475, 36445468, 36712794, 36985245, 37457856, 37739577, 38015856, 38281470, 38552889, 39044053, 39322326, 39587448, 39854163, 40122276, 40395758, 40867825, 41141243, 41409287, 41674725, 41952593, 42459535, 42738314, 43008578, 43499799, 43777994, 44043132, 44309818, 44577914, 44851469, 45324304, 45597901, 45864937, 46141962, 46424124, 46897626, 47170394, 47438086, 47704439, 47970348, 48236359, 48503165, 48774488, 49264209, 49541930, 49806005, 50070056, 50347701, 50837080, 51108100, 51374417, 51638686, 51916006, 52421963, 52700538, 52970598, 53461044, 53738856, 54003316, 54268984, 54535345, 54803291, 55076726, 55547929, 55821352, 56089295, 56354711, 56632542, 57139631, 57418336, 57688455, 58178450, 58456274, 58720635, 58986191, 59252369, 59519924, 59792564, 60265896, 60547920, 60825128, 61095350, 61586594, 61864505, 62128930, 62394404, 62660483, 62927954, 63200559, 63672419, 63954260, 64230612, 64496233, 64767640, 65258743, 65537086, 65802321, 66069084, 66337279, 66610855]
  m=[1, 1, 1, 1, 1, 1, 2, 1, 1, 1, 1, 2, 2, 1, 1, 1, 1, 2, 1, 1, 2, 1, 1, 1, 1, 1, 1, 1, 1, 1, 1, 1, 1, 2, 2, 1, 2, 1, 1, 1, 1, 1, 1, 1, 1, 2, 1, 1, 2, 1, 1, 1, 1, 1, 1, 1, 1, 1, 1, 2, 1, 1, 1, 1, 2, 2, 1, 1, 1, 1, 1, 1, 1, 1, 1, 1, 2, 1, 1, 1, 1, 2, 2, 1, 1, 1, 1, 1, 1, 1, 1, 1, 1, 2, 1, 2, 2, 1, 1, 1, 1, 1, 1, 1, 1, 1, 2, 1, 1, 1, 1, 2, 1, 1, 2, 2, 1, 1, 1, 1, 1, 2, 1, 1, 1, 2, 1, 1, 1, 1, 1, 1, 1, 1, 1, 2, 2, 1, 1, 2, 1, 1, 1, 1, 1, 1, 1, 1, 2, 1, 1, 1, 1, 1, 1, 1, 1, 1, 2, 1, 1, 1, 2, 1, 1, 1, 1, 2, 2, 1, 1, 2, 1, 1, 1, 1, 1, 1, 1, 1, 1, 1, 2, 2, 1, 1, 2, 1, 1, 1, 1, 1, 1, 1, 2, 1, 1, 2, 1, 1, 1, 1, 1, 1, 1, 2, 1, 1, 1, 2, 1, 1, 1, 1, 1]
w=76929857397264744448/18889465931478623149863 [cg] doubles=42 n=214
  xk(2^-20 units)=[67096644, 255520, 521150, 799670, 1293208, 1563786, 1842866, 2351778, 2635136, 3127842, 3405584, 3669965, 3935613, 4201823, 4469467, 4742366, 5217749, 5502595, 6011849, 6289539, 6553901, 6819601, 7085997, 7354006, 7627415, 8097047, 8370493, 8638467, 8904845, 9170391, 9435342, 9700092, 9963999, 10241651, 10729941, 11001001, 11266442, 11544245, 12051393, 12329688, 12596166, 12868852, 13343641, 13626090, 13907854, 14401787, 14679969, 14945101, 15211844, 15479976, 15753556, 16224084, 16497519, 16765562, 17031937, 17297506, 17562719, 17826809, 18104512, 18594558, 18864615, 19143258, 19650081, 19927951, 20193576, 20464960, 20956122, 21234327, 21499349, 21766151, 22037501, 22527544, 22805630, 23070251, 23336102, 23602655, 23870677, 24144208, 24614597, 24888053, 25156051, 25422376, 25687895, 25953070, 26217190, 26494919, 26985200, 27255353, 27534129, 28041806, 28320176, 28586726, 28859413, 29333637, 29615589, 29892253, 30158652, 30431242, 30904456, 31186300, 31462566, 31727948, 31996067, 32269565, 32741138, 33014600, 33282535, 33548952, 33813556, 34091164, 34598759, 34882029, 35374599, 35652505, 35917293, 36183656, 36451287, 36724089, 37199488, 37481863, 37759819, 38031370, 38507271, 38789118, 39065869, 39332339, 39605047, 40079168, 40361201, 40638448, 40908810, 41401427, 41679597, 41944690, 42211503, 42482850, 42972368, 43250244, 43514482, 43779706, 44045337, 44311762, 44579809, 44853224, 45323241, 45596696, 45864675, 46131135, 46395670, 46671590, 46953332, 47424277, 47696822, 47964339, 48230644, 48495553, 48773624, 49265435, 49535799, 49814662, 50322831, 50601767, 50872255, 51365357, 51643920, 51910045, 52181624, 52672407, 52950450, 53215153, 53481045, 53747573, 54015645, 54289117, 54760493, 55033799, 55300632, 55579042, 56085613, 56363105, 56627600, 56893885, 57161746, 57435097, 57905401, 58178848, 58446803, 58713196, 58978757, 59242920, 59520368, 60028633, 60312784, 60788464, 61069735, 61345775, 61611186, 61882445, 62372466, 62650513, 62915066, 63180824, 63447296, 63715304, 63988810, 64459106, 64732546, 65000582, 65266886, 65532358, 65796285, 66071934, 66353520, 66823992]
  m=[1, 1, 1, 2, 1, 1, 2, 2, 1, 2, 1, 1, 1, 1, 1, 1, 1, 2, 2, 1, 1, 1, 1, 1, 1, 1, 1, 1, 1, 1, 1, 1, 1, 2, 1, 1, 1, 2, 2, 1, 1, 1, 1, 2, 1, 2, 1, 1, 1, 1, 1, 1, 1, 1, 1, 1, 1, 1, 2, 1, 1, 2, 2, 1, 1, 1, 2, 1, 1, 1, 1, 2, 1, 1, 1, 1, 1, 1, 1, 1, 1, 1, 1, 1, 1, 2, 1, 1, 2, 2, 1, 1, 1, 1, 2, 1, 1, 1, 1, 2, 1, 1, 1, 1, 1, 1, 1, 1, 1, 2, 2, 1, 2, 1, 1, 1, 1, 1, 1, 2, 1, 1, 1, 2, 1, 1, 1, 1, 2, 1, 1, 2, 1, 1, 1, 1, 2, 1, 1, 1, 1, 1, 1, 1, 1, 1, 1, 1, 1, 2, 1, 1, 1, 1, 1, 1, 2, 1, 1, 2, 2, 1, 1, 2, 1, 1, 1, 2, 1, 1, 1, 1, 1, 1, 1, 1, 1, 2, 2, 1, 1, 1, 1, 1, 1, 1, 1, 1, 1, 1, 2, 2, 1, 1, 2, 1, 1, 1, 2, 1, 1, 1, 1, 1, 1, 1, 1, 1, 1, 1, 1, 2, 1, 1]
w=9615578370706288640/18889465931478623149863 [cg] doubles=41 n=215
  xk(2^-20 units)=[67089942, 259015, 523456, 789021, 1055134, 1322542, 1595074, 2066952, 2348753, 2624934, 2890062, 3157607, 3430258, 3903475, 4185517, 4462300, 4728799, 5001541, 5475956, 5757977, 6034792, 6301342, 6574044, 7047220, 7329047, 7605444, 7871185, 8142820, 8634672, 8913308, 9179140, 9447081, 9719999, 10194378, 10476449, 10753264, 11019862, 11292689, 11767316, 12049375, 12326192, 12592767, 12865654, 13341568, 13623990, 13901971, 14173553, 14649556, 14931457, 15208257, 15474769, 15747454, 16220224, 16502027, 16778233, 17043412, 17311075, 17583825, 18057203, 18339252, 18616057, 18882552, 19155244, 19628466, 19910205, 20186372, 20451440, 20718991, 20991570, 21463382, 21745160, 22021364, 22286492, 22554117, 22826805, 23300563, 23582619, 23859415, 24125886, 24398480, 24870260, 25151967, 25427909, 25692497, 25959031, 26227103, 26500653, 26971842, 27245425, 27513656, 27780429, 28045642, 28323906, 28815871, 29086060, 29363039, 29644472, 30118912, 30400353, 30677360, 30947514, 31439514, 31717631, 31982621, 32249077, 32516770, 32789590, 33264609, 33547229, 33829035, 34323179, 34601379, 34866653, 35133516, 35401674, 35675213, 36146506, 36420001, 36688068, 36953646, 37231674, 37739198, 38017820, 38284845, 38558317, 39030458, 39304041, 39572237, 39839083, 40104377, 40382708, 40873712, 41145005, 41410592, 41688440, 42195371, 42474112, 42744337, 43235479, 43513393, 43777962, 44043692, 44310077, 44577962, 44851262, 45324840, 45596980, 45875062, 46156978, 46633527, 46914969, 47191486, 47457699, 47730155, 48201292, 48482873, 48758687, 49022977, 49289153, 49556646, 49829240, 50302039, 50584069, 50860829, 51127335, 51400038, 51873055, 52154808, 52430969, 52696016, 52963525, 53236106, 53708273, 53990045, 54266233, 54531360, 54798891, 55071497, 55543936, 55825859, 56102198, 56367594, 56635651, 56909065, 57383131, 57655278, 57933353, 58215313, 58691941, 58973426, 59250012, 59516368, 59788999, 60262652, 60544659, 60821475, 61088041, 61360853, 61835319, 62117286, 62394021, 62660497, 62933146, 63406010, 63687770, 63963886, 64228905, 64496343, 64768842, 65240447, 65522042, 65797876, 66062336, 66328844, 66600065]
  m=[2, 1, 1, 1, 1, 1, 1, 1, 2, 1, 1, 1, 1, 1, 2, 1, 1, 1, 1, 2, 1, 1, 1, 1, 2, 1, 1, 1, 2, 1, 1, 1, 1, 1, 2, 1, 1, 1, 1, 2, 1, 1, 1, 1, 2, 1, 1, 1, 2, 1, 1, 1, 1, 2, 1, 1, 1, 1, 1, 2, 1, 1, 1, 1, 2, 1, 1, 1, 1, 1, 2, 1, 1, 1, 1, 1, 2, 1, 1, 1, 1, 2, 1, 1, 1, 1, 1, 1, 1, 1, 1, 1, 2, 1, 1, 2, 1, 1, 2, 1, 1, 2, 1, 1, 1, 1, 1, 1, 2, 1, 2, 1, 1, 1, 1, 1, 1, 1, 1, 1, 2, 2, 1, 1, 1, 1, 1, 1, 1, 1, 2, 1, 1, 1, 2, 2, 1, 1, 2, 1, 1, 1, 1, 1, 1, 1, 1, 2, 1, 1, 2, 1, 1, 1, 1, 2, 1, 1, 1, 1, 1, 1, 2, 1, 1, 1, 1, 2, 1, 1, 1, 1, 1, 2, 1, 1, 1, 1, 1, 2, 1, 1, 1, 1, 1, 1, 2, 1, 1, 2, 1, 1, 1, 1, 2, 1, 1, 1, 1, 2, 1, 1, 1, 1, 2, 1, 1, 1, 1, 1, 2, 1, 1, 1, 1]
w=23872141457449259008/18889465931478623149863 [cg] doubles=43 n=213
  xk(2^-20 units)=[67098469, 267528, 533116, 804371, 1294616, 1572612, 1837254, 2103015, 2369520, 2637523, 2910990, 3381120, 3654610, 3922610, 4188994, 4454529, 4719711, 4983888, 5261611, 5750894, 6020760, 6299228, 6804617, 7081750, 7345635, 7611012, 7877228, 8145092, 8418467, 8888462, 9161784, 9429674, 9695967, 9960476, 10237949, 10744646, 11023094, 11289942, 11563264, 12034635, 12308154, 12576250, 12842880, 13107823, 13385712, 13895279, 14179591, 14657451, 14939620, 15221249, 15715237, 15993384, 16258594, 16525346, 16793521, 17066998, 17538129, 17811612, 18079636, 18346133, 18610874, 18888541, 19396236, 19675715, 19947210, 20421815, 20703752, 20980979, 21251382, 21744182, 22022461, 22287683, 22554438, 22822575, 23096075, 23567079, 23840654, 24108782, 24375350, 24639939, 24915887, 25197537, 25668308, 25940831, 26207283, 26485660, 26993821, 27272549, 27539686, 27813299, 28285579, 28559011, 28827155, 29093852, 29359080, 29637379, 30130068, 30400322, 30677409, 30959024, 31435852, 31720194, 32229520, 32507355, 32772219, 33038742, 33306767, 33580090, 34053125, 34325407, 34605212, 35113567, 35391321, 35656171, 35922706, 36190766, 36464196, 36934846, 37208351, 37476388, 37741958, 38019987, 38527503, 38806081, 39073066, 39346454, 39818556, 40092069, 40360224, 40626981, 40892192, 41170493, 41661426, 41932691, 42198226, 42476047, 42982850, 43261546, 43531684, 44021946, 44299666, 44563850, 44828974, 45094522, 45360898, 45628905, 45902384, 46372365, 46645801, 46913668, 47179949, 47445369, 47709411, 47986698, 48493265, 48772514, 49043753, 49515597, 49797088, 50072998, 50337572, 50604092, 50872108, 51145638, 51616026, 51889407, 52157408, 52422933, 52700931, 53208388, 53487015, 53754015, 54027439, 54499375, 54772841, 55041014, 55307806, 55573044, 55851356, 56342043, 56613341, 56879822, 57144332, 57421832, 57929227, 58212451, 58704518, 58982217, 59246552, 59512207, 59778600, 60046583, 60320081, 60790926, 61064431, 61332480, 61598899, 61864629, 62129224, 62407147, 62898454, 63168716, 63445961, 63728040, 64201366, 64473973, 64741421, 65007435, 65272818, 65536997, 65814627, 66307104, 66590395]
  m=[2, 1, 1, 1, 2, 1, 1, 1, 1, 1, 1, 1, 1, 1, 1, 1, 1, 1, 2, 1, 1, 2, 2, 1, 1, 1, 1, 1, 1, 1, 1, 1, 1, 1, 2, 2, 1, 1, 1, 1, 1, 1, 1, 1, 2, 2, 1, 1, 2, 1, 2, 1, 1, 1, 1, 1, 1, 1, 1, 1, 1, 2, 2, 1, 1, 1, 2, 1, 1, 2, 1, 1, 1, 1, 1, 1, 1, 1, 1, 1, 2, 1, 1, 1, 1, 2, 2, 1, 1, 1, 1, 1, 1, 1, 1, 2, 1, 1, 2, 1, 1, 2, 2, 1, 1, 1, 1, 1, 1, 1, 2, 2, 1, 1, 1, 1, 1, 1, 1, 1, 1, 2, 2, 1, 1, 1, 1, 1, 1, 1, 1, 2, 1, 1, 1, 2, 2, 1, 1, 2, 1, 1, 1, 1, 1, 1, 1, 1, 1, 1, 1, 1, 1, 2, 2, 1, 1, 1, 2, 1, 1, 1, 1, 1, 1, 1, 1, 1, 2, 2, 1, 1, 1, 1, 1, 1, 1, 1, 2, 1, 1, 1, 1, 2, 2, 1, 2, 1, 1, 1, 1, 1, 1, 1, 1, 1, 1, 1, 1, 2, 1, 1, 2, 1, 1, 1, 1, 1, 1, 1, 2, 1, 2]
w=136027580867843670016/18889465931478623149863 [cg] doubles=42 n=214
  xk(2^-20 units)=[232117, 514034, 790841, 1057349, 1330017, 1803194, 2084970, 2361197, 2626366, 2894005, 3166738, 3640370, 3922414, 4199261, 4465879, 4738671, 5213299, 5495289, 5772107, 6038657, 6311339, 6784430, 7066224, 7342451, 7607641, 7875284, 8147986, 8621607, 8903670, 9180537, 9447170, 9719954, 10194428, 10476433, 10753263, 11019885, 11292671, 11767175, 12049162, 12325953, 12592502, 12865197, 13338435, 13620216, 13896420, 14161575, 14429167, 14701863, 15175548, 15457605, 15734471, 16001093, 16273869, 16748421, 17030443, 17307283, 17573893, 17846689, 18321072, 18603103, 18879917, 19146483, 19419223, 19892316, 20174146, 20450391, 20715548, 20983152, 21255864, 21729515, 22011585, 22288439, 22555070, 22827888, 23302583, 23584606, 23861421, 24127980, 24400766, 24875322, 25157375, 25434221, 25700902, 25973857, 26449845, 26732275, 27010233, 27281818, 27757725, 28039663, 28316484, 28583023, 28855785, 29330095, 29612112, 29888924, 30155431, 30428218, 30902788, 31184799, 31461589, 31728082, 32000803, 32474222, 32756072, 33032418, 33298057, 33569542, 34060807, 34339112, 34604348, 34871408, 35143054, 35634194, 35912520, 36177749, 36444751, 36716351, 37207539, 37485774, 37750789, 38017201, 38284823, 38557470, 39028679, 39310385, 39586240, 39850601, 40116732, 40384213, 40656874, 41129873, 41411923, 41688749, 41955332, 42228170, 42702784, 42984845, 43261682, 43528310, 43801208, 44277067, 44559492, 44837468, 45109105, 45585109, 45867048, 46143876, 46410409, 46683162, 47157566, 47439591, 47716455, 47983012, 48255776, 48730429, 49012462, 49289335, 49555936, 49828701, 50303230, 50585259, 50862069, 51128619, 51401343, 51874475, 52156291, 52432500, 52697680, 52965327, 53238014, 53711560, 53993608, 54270504, 54537175, 54809997, 55284673, 55566720, 55843554, 56110147, 56382940, 56857573, 57139630, 57416466, 57683169, 57956132, 58432248, 58714690, 58992640, 59264226, 59740222, 60022193, 60299014, 60565560, 60838317, 61312684, 61594733, 61871577, 62138174, 62410991, 62885595, 63167638, 63444478, 63711058, 63983873, 64458354, 64740433, 65017302, 65283960, 65556903, 66032829, 66315276, 66593296, 66864901]
  m=[1, 2, 1, 1, 1, 1, 2, 1, 1, 1, 1, 1, 2, 1, 1, 1, 1, 2, 1, 1, 1, 1, 2, 1, 1, 1, 1, 1, 2, 1, 1, 1, 1, 2, 1, 1, 1, 1, 2, 1, 1, 1, 1, 2, 1, 1, 1, 1, 1, 2, 1, 1, 1, 1, 2, 1, 1, 1, 1, 2, 1, 1, 1, 1, 2, 1, 1, 1, 1, 1, 2, 1, 1, 1, 1, 2, 1, 1, 1, 1, 2, 1, 1, 1, 1, 2, 1, 1, 1, 2, 1, 1, 1, 1, 2, 1, 1, 1, 1, 2, 1, 1, 1, 1, 2, 1, 1, 1, 2, 1, 1, 1, 1, 2, 1, 1, 1, 1, 2, 1, 1, 1, 1, 1, 1, 2, 1, 1, 1, 1, 1, 1, 2, 1, 1, 1, 1, 2, 1, 1, 1, 1, 2, 1, 1, 1, 2, 1, 1, 1, 1, 2, 1, 1, 1, 1, 2, 1, 1, 1, 1, 2, 1, 1, 1, 1, 2, 1, 1, 1, 1, 1, 2, 1, 1, 1, 1, 2, 1, 1, 1, 1, 2, 1, 1, 1, 1, 2, 1, 1, 1, 2, 1, 1, 1, 1, 2, 1, 1, 1, 1, 2, 1, 1, 1, 1, 2, 1, 1, 1, 1, 2, 1, 1]
w=5317453994929006592/6296488643826207716621 [cg] doubles=44 n=212
  xk(2^-20 units)=[67082437, 256007, 533994, 805622, 1281703, 1563651, 1840490, 2107061, 2379806, 2854282, 3136337, 3413209, 3679816, 3952624, 4427373, 4709396, 4986219, 5252786, 5525583, 6000316, 6282373, 6559209, 6825826, 7098665, 7573588, 7855726, 8133084, 8403617, 8896852, 9175485, 9441364, 9709282, 9982177, 10456704, 10738776, 11015676, 11282326, 11555161, 12029880, 12311925, 12588799, 12855404, 13128199, 13602780, 13884841, 14161698, 14428335, 14701163, 15175862, 15457925, 15734740, 16001328, 16274172, 16748816, 17030892, 17307750, 17574426, 17847405, 18323583, 18606015, 18884013, 19155624, 19631854, 19913813, 20190646, 20457243, 20730055, 21204607, 21486652, 21763503, 22030121, 22302958, 22777681, 23059757, 23336674, 23603408, 23876359, 24352584, 24635018, 24913015, 25184652, 25660830, 25942801, 26219666, 26486232, 26758984, 27233542, 27515593, 27792463, 28059060, 28331845, 28806680, 29088724, 29365575, 29632177, 29905039, 30379708, 30661777, 30938602, 31205190, 31478041, 31952766, 32234849, 32511722, 32778435, 33051409, 33527578, 33810014, 34088017, 34359654, 34835839, 35117802, 35394644, 35661222, 35933992, 36408475, 36690507, 36967394, 37234053, 37506889, 37981759, 38263784, 38540610, 38807202, 39080036, 39554679, 39836764, 40113642, 40380318, 40653309, 41129478, 41411934, 41689923, 41961539, 42437589, 42719521, 42996360, 43262945, 43535778, 44010334, 44292364, 44569150, 44835645, 45108346, 45581832, 45863653, 46139895, 46405093, 46672756, 46945466, 47419696, 47701851, 47979265, 48249825, 48743218, 49021855, 49287782, 49555864, 49828904, 50304716, 50587181, 50865205, 51136828, 51613373, 51895268, 52172006, 52438478, 52711149, 53184657, 53466527, 53742965, 54008749, 54280420, 54772850, 55051626, 55318025, 55589851, 56081749, 56360032, 56625142, 56891680, 57159444, 57432256, 57906188, 58188252, 58465093, 58731713, 59004560, 59479198, 59761284, 60038122, 60304761, 60577651, 61053743, 61336178, 61614197, 61885833, 62361908, 62643889, 62920705, 63187278, 63460077, 63934584, 64216630, 64493453, 64760027, 65032848, 65507625, 65789676, 66066566, 66333279, 66606209]
  m=[1, 2, 1, 1, 1, 2, 1, 1, 1, 1, 2, 1, 1, 1, 1, 2, 1, 1, 1, 1, 2, 1, 1, 1, 1, 2, 1, 1, 2, 1, 1, 1, 1, 1, 2, 1, 1, 1, 1, 2, 1, 1, 1, 1, 2, 1, 1, 1, 1, 2, 1, 1, 1, 1, 2, 1, 1, 1, 1, 2, 1, 1, 1, 2, 1, 1, 1, 1, 2, 1, 1, 1, 1, 2, 1, 1, 1, 1, 2, 1, 1, 1, 2, 1, 1, 1, 1, 2, 1, 1, 1, 1, 2, 1, 1, 1, 1, 2, 1, 1, 1, 1, 2, 1, 1, 1, 1, 2, 1, 1, 1, 2, 1, 1, 1, 1, 2, 1, 1, 1, 1, 2, 1, 1, 1, 1, 2, 1, 1, 1, 1, 2, 1, 1, 1, 2, 1, 1, 1, 1, 2, 1, 1, 1, 1, 2, 1, 1, 1, 1, 1, 2, 1, 1, 2, 1, 1, 1, 1, 1, 2, 1, 1, 1, 2, 1, 1, 1, 1, 2, 1, 1, 1, 2, 1, 1, 1, 2, 1, 1, 1, 1, 1, 1, 2, 1, 1, 1, 1, 2, 1, 1, 1, 1, 2, 1, 1, 1, 2, 1, 1, 1, 1, 2, 1, 1, 1, 1, 2, 1, 1, 1]
w=4858923059003670528/6296488643826207716621 [cg] doubles=43 n=213
  xk(2^-20 units)=[240903, 512481, 791988, 1300327, 1578262, 1843882, 2115078, 2604305, 2882125, 3146329, 3411504, 3677022, 3943404, 4211408, 4484903, 4955684, 5229211, 5497324, 5763788, 6029552, 6294122, 6572038, 7062594, 7332918, 7611758, 8120156, 8398814, 8665851, 8939301, 9412090, 9685463, 9952380, 10230881, 10738533, 11016511, 11281998, 11550020, 11823419, 12294649, 12568136, 12836284, 13102934, 13367912, 13645842, 14155335, 14439696, 14917678, 15199851, 15481451, 15975364, 16253510, 16518658, 16785406, 17053594, 17327136, 17798462, 18072008, 18340159, 18606772, 18871721, 19149630, 19658942, 19943236, 20420128, 20701808, 20978953, 21249320, 21742735, 22021427, 22287576, 22555967, 22829581, 23302247, 23575866, 23844121, 24110918, 24376145, 24654441, 25145171, 25416471, 25682050, 25959872, 26466873, 26745527, 27015624, 27505774, 27783458, 28047583, 28312728, 28578178, 28844468, 29112483, 29385934, 29856310, 30129766, 30397672, 30663976, 30929443, 31194582, 31458746, 31736498, 32227409, 32497653, 32774801, 33056800, 33530650, 33803186, 34069546, 34347777, 34854710, 35132601, 35398055, 35666046, 35939421, 36410536, 36683862, 36951716, 37218033, 37482565, 37760040, 38266561, 38544976, 38811767, 39085087, 39557202, 39830747, 40098927, 40365705, 40630877, 40909140, 41399838, 41671081, 41936624, 42214459, 42721423, 43000047, 43270215, 43760279, 44037944, 44302042, 44567129, 44832558, 45098838, 45366745, 45640215, 46110383, 46383851, 46651825, 46918140, 47183577, 47448678, 47712756, 47990425, 48480359, 48750445, 49029044, 49536009, 49813854, 50079333, 50350458, 50839517, 51117270, 51381430, 51646596, 51912130, 52178561, 52446553, 52720032, 53190067, 53463466, 53731339, 53997605, 54262103, 54539533, 55045537, 55323607, 55589731, 55862051, 56332646, 56614317, 56890212, 57154734, 57421214, 57689286, 57962781, 58433365, 58706924, 58975119, 59241836, 59506947, 59785093, 60279581, 60563201, 61073383, 61356881, 61850033, 62127900, 62392502, 62658286, 62924807, 63192929, 63466524, 63937246, 64210799, 64478902, 64745380, 65011173, 65275799, 65553774, 66045230, 66315372, 66592506, 66874371]
  m=[1, 1, 2, 2, 1, 1, 1, 2, 1, 1, 1, 1, 1, 1, 1, 1, 1, 1, 1, 1, 1, 2, 1, 1, 2, 2, 1, 1, 1, 1, 1, 1, 2, 2, 1, 1, 1, 1, 1, 1, 1, 1, 1, 2, 2, 1, 1, 2, 1, 2, 1, 1, 1, 1, 1, 1, 1, 1, 1, 1, 2, 2, 1, 1, 2, 1, 1, 2, 1, 1, 1, 1, 1, 1, 1, 1, 1, 2, 1, 1, 1, 2, 2, 1, 1, 2, 1, 1, 1, 1, 1, 1, 1, 1, 1, 1, 1, 1, 1, 1, 2, 1, 1, 2, 1, 1, 1, 1, 2, 2, 1, 1, 1, 1, 1, 1, 1, 1, 1, 2, 2, 1, 1, 1, 1, 1, 1, 1, 1, 2, 1, 1, 1, 2, 2, 1, 1, 2, 1, 1, 1, 1, 1, 1, 1, 1, 1, 1, 1, 1, 1, 1, 2, 1, 1, 2, 2, 1, 1, 1, 2, 1, 1, 1, 1, 1, 1, 1, 1, 1, 1, 1, 1, 2, 2, 1, 1, 1, 1, 2, 1, 1, 1, 1, 1, 1, 1, 1, 1, 1, 2, 1, 2, 2, 1, 2, 1, 1, 1, 1, 1, 1, 1, 1, 1, 1, 1, 1, 2, 1, 1, 2, 1]
w=72261545329476730880/18889465931478623149863 [cg] doubles=43 n=213
  xk(2^-20 units)=[238754, 510324, 789841, 1298146, 1576103, 1841725, 2112919, 2602203, 2880018, 3144242, 3409422, 3674951, 3941347, 4209356, 4482863, 4953671, 5227203, 5495325, 5761806, 6027582, 6292154, 6570096, 7060615, 7330927, 7609753, 8118187, 8396856, 8663882, 8937357, 9410176, 9683539, 9950470, 10228981, 10736629, 11014603, 11280094, 11548103, 11821526, 12292772, 12566248, 12834378, 13101042, 13366017, 13643961, 14153519, 14437871, 14915862, 15198045, 15479645, 15973560, 16251688, 16516829, 16783557, 17051719, 17325262, 17796587, 18070107, 18338243, 18604859, 18869772, 19147667, 19657023, 19941297, 20418191, 20699819, 20976907, 21247128, 21739592, 22017872, 22283090, 22549836, 22817972, 23091539, 23563344, 23836905, 24104997, 24370430, 24646694, 24928350, 25402283, 25673755, 25953167, 26461218, 26739190, 27004803, 27276074, 27765501, 28043316, 28307528, 28572721, 28838234, 29104667, 29372710, 29646307, 30116799, 30390262, 30658283, 30924749, 31190528, 31455125, 31733096, 32224716, 32495035, 32772232, 33054247, 33528007, 33800577, 34066983, 34345250, 34852320, 35130254, 35395715, 35663719, 35937130, 36408148, 36681537, 36949518, 37216023, 37480794, 37758490, 38266653, 38546483, 38818743, 39291740, 39565022, 39833003, 40099451, 40365259, 40629851, 40907829, 41397665, 41668845, 41934313, 42212113, 42719095, 42997733, 43267913, 43757906, 44035580, 44299674, 44564741, 44830196, 45096507, 45364416, 45637857, 46107887, 46381375, 46649403, 46915790, 47181318, 47446484, 47710642, 47988422, 48477029, 48748123, 49014498, 49279016, 49556478, 50063915, 50343218, 50614465, 51086499, 51367978, 51643795, 51908270, 52174737, 52442758, 52716284, 53186559, 53459909, 53727764, 53994020, 54258560, 54536039, 55042700, 55321149, 55587956, 55861294, 56332372, 56605907, 56873973, 57140518, 57406386, 57671069, 57949102, 58438373, 58709566, 58976089, 59241686, 59506058, 59783806, 60277778, 60561325, 61071531, 61354992, 61847989, 62125811, 62390358, 62656113, 62922618, 63190711, 63464311, 63935103, 64208644, 64476741, 64743199, 65008991, 65273602, 65551565, 66042995, 66313145, 66590268, 66872149]
  m=[1, 1, 2, 2, 1, 1, 1, 2, 1, 1, 1, 1, 1, 1, 1, 1, 1, 1, 1, 1, 1, 2, 1, 1, 2, 2, 1, 1, 1, 1, 1, 1, 2, 2, 1, 1, 1, 1, 1, 1, 1, 1, 1, 2, 2, 1, 1, 2, 1, 2, 1, 1, 1, 1, 1, 1, 1, 1, 1, 1, 2, 2, 1, 1, 2, 1, 1, 2, 1, 1, 1, 1, 1, 1, 1, 1, 1, 2, 1, 1, 1, 2, 2, 1, 1, 1, 2, 1, 1, 1, 1, 1, 1, 1, 1, 1, 1, 1, 1, 1, 2, 1, 1, 2, 1, 1, 1, 1, 2, 2, 1, 1, 1, 1, 1, 1, 1, 1, 1, 2, 2, 1, 1, 1, 1, 1, 1, 1, 1, 2, 1, 1, 1, 2, 2, 1, 1, 2, 1, 1, 1, 1, 1, 1, 1, 1, 1, 1, 1, 1, 1, 1, 2, 1, 1, 1, 1, 2, 2, 1, 1, 1, 2, 1, 1, 1, 1, 1, 1, 1, 1, 1, 1, 2, 2, 1, 1, 1, 1, 1, 1, 1, 1, 1, 2, 1, 1, 1, 1, 1, 2, 1, 2, 2, 1, 2, 1, 1, 1, 1, 1, 1, 1, 1, 1, 1, 1, 1, 2, 1, 1, 2, 1]
w=1779074263394233344/6296488643826207716621 [cg] doubles=44 n=212
  xk(2^-20 units)=[67108503, 282069, 560050, 831637, 1307867, 1589808, 1866618, 2133171, 2405926, 2880468, 3162514, 3439363, 3705983, 3978814, 4453509, 4735534, 5012360, 5278957, 5551791, 6026511, 6308541, 6585382, 6852018, 7124878, 7599860, 7882031, 8159417, 8429960, 8923378, 9201968, 9467820, 9735757, 10008639, 10483278, 10765372, 11042280, 11309019, 11581986, 12058371, 12340774, 12618801, 12890452, 13366696, 13648695, 13925545, 14192197, 14465138, 14941267, 15223690, 15501712, 15773334, 16249708, 16531644, 16808475, 17075068, 17347869, 17822373, 18104431, 18381277, 18647867, 18920719, 19395367, 19677436, 19954313, 20220885, 20493724, 20968295, 21250367, 21527213, 21793793, 22066623, 22541260, 22823346, 23100182, 23366754, 23639566, 24114006, 24396070, 24672926, 24939528, 25212369, 25686875, 25968895, 26245745, 26512349, 26785095, 27258340, 27540142, 27816386, 28081594, 28349237, 28621939, 29095780, 29377853, 29654724, 29921378, 30194230, 30668993, 30951060, 31227876, 31494445, 31767240, 32241861, 32523933, 32800794, 33067494, 33340430, 33816638, 34099059, 34377059, 34648684, 35124788, 35406769, 35683597, 35950152, 36222897, 36697411, 36979451, 37256340, 37522963, 37795788, 38270570, 38552634, 38829484, 39096068, 39368909, 39843551, 40125661, 40402528, 40669192, 40942146, 41418369, 41700792, 41978769, 42250397, 42726624, 43008585, 43285407, 43551915, 43824695, 44299242, 44581304, 44858103, 45124628, 45397419, 45872218, 46154253, 46431075, 46697654, 46970441, 47444059, 47725928, 48002363, 48268127, 48539795, 49031953, 49310629, 49576569, 49844644, 50117708, 50594108, 50876614, 51154722, 51426504, 51904436, 52186771, 52464765, 52736374, 53212396, 53494353, 53771178, 54037765, 54310546, 54785196, 55067214, 55344013, 55610578, 55883375, 56358139, 56640184, 56917010, 57183621, 57456450, 57931534, 58213665, 58490988, 58761502, 59254760, 59533368, 59799243, 60067181, 60340073, 60814631, 61096743, 61373639, 61640265, 61913103, 62387757, 62669800, 62946673, 63213268, 63486086, 63960762, 64242837, 64519656, 64786232, 65059051, 65533701, 65815811, 66092663, 66359343, 66632310]
  m=[1, 2, 1, 1, 1, 2, 1, 1, 1, 1, 2, 1, 1, 1, 1, 2, 1, 1, 1, 1, 2, 1, 1, 1, 1, 2, 1, 1, 2, 1, 1, 1, 1, 1, 2, 1, 1, 1, 1, 2, 1, 1, 1, 2, 1, 1, 1, 1, 2, 1, 1, 1, 2, 1, 1, 1, 1, 2, 1, 1, 1, 1, 2, 1, 1, 1, 1, 2, 1, 1, 1, 1, 2, 1, 1, 1, 1, 2, 1, 1, 1, 1, 2, 1, 1, 1, 1, 2, 1, 1, 1, 1, 1, 2, 1, 1, 1, 1, 2, 1, 1, 1, 1, 2, 1, 1, 1, 1, 2, 1, 1, 1, 2, 1, 1, 1, 1, 2, 1, 1, 1, 1, 2, 1, 1, 1, 1, 2, 1, 1, 1, 1, 2, 1, 1, 1, 2, 1, 1, 1, 1, 2, 1, 1, 1, 1, 2, 1, 1, 1, 1, 2, 1, 1, 1, 2, 1, 1, 1, 1, 1, 2, 1, 1, 1, 2, 1, 1, 1, 2, 1, 1, 1, 1, 2, 1, 1, 1, 1, 2, 1, 1, 1, 1, 2, 1, 1, 2, 1, 1, 1, 1, 1, 2, 1, 1, 1, 1, 2, 1, 1, 1, 1, 2, 1, 1, 1, 1, 2, 1, 1, 1]
w=57893812934839533568/6296488643826207716621 [cg] doubles=44 n=212
  xk(2^-20 units)=[7428, 272773, 540697, 813974, 1285470, 1558869, 1825841, 2104452, 2612164, 2890179, 3155658, 3423706, 3697176, 4167825, 4441430, 4709581, 4976218, 5242182, 5506919, 5785024, 6275501, 6546882, 6813747, 7078786, 7356958, 7848412, 8118743, 8397589, 8904974, 9182914, 9448369, 9716372, 9989771, 10460602, 10734255, 11002545, 11269514, 11535886, 11802305, 12069239, 12337525, 12611120, 13081909, 13355385, 13623477, 13888914, 14166852, 14674594, 14953422, 15223745, 15716037, 15994568, 16260669, 16532289, 17023547, 17301255, 17565327, 17829323, 18106830, 18597740, 18867920, 19146647, 19654468, 19932783, 20199255, 20471809, 20944841, 21226670, 21502913, 21768348, 22036464, 22310033, 22782122, 23055611, 23323715, 23590484, 23855684, 24133967, 24625109, 24896496, 25162119, 25438408, 25720269, 26192695, 26465227, 26732649, 26998603, 27262908, 27540343, 28047621, 28330824, 28823505, 29101551, 29366567, 29633248, 29901370, 30174959, 30647085, 30920640, 31188833, 31455537, 31720724, 31999054, 32491395, 32761837, 33039226, 33321413, 33794784, 34067729, 34335700, 34602537, 34869005, 35135734, 35403651, 35676520, 36150333, 36432389, 36709579, 36979742, 37470617, 37748093, 38011759, 38275218, 38552169, 39058879, 39342047, 39835430, 40113737, 40379361, 40647268, 40920107, 41396009, 41678358, 41956257, 42227805, 42702555, 42984338, 43260636, 43526081, 43794200, 44067816, 44539600, 44813129, 45081357, 45348194, 45613521, 45891848, 46383217, 46654764, 46921738, 47186918, 47465252, 47956456, 48227998, 48494989, 48760155, 49038393, 49530707, 49801080, 50078342, 50360407, 50835428, 51108246, 51376152, 51641929, 51920455, 52412340, 52683885, 52949762, 53227827, 53736375, 54015933, 54287584, 54764571, 55047038, 55328701, 55822849, 56101002, 56366127, 56632888, 56900964, 57174478, 57646279, 57919854, 58188014, 58453716, 58731793, 59239949, 59519399, 59790762, 60263098, 60544657, 60820530, 61085095, 61351561, 61619568, 61892943, 62365691, 62637903, 62917757, 63425945, 63703676, 63968536, 64235118, 64503142, 64776623, 65247379, 65520700, 65788642, 66053997, 66331856, 66838457]
  m=[1, 1, 1, 1, 1, 1, 1, 2, 2, 1, 1, 1, 1, 1, 1, 1, 1, 1, 1, 2, 1, 1, 1, 1, 2, 1, 1, 2, 2, 1, 1, 1, 1, 1, 1, 1, 1, 1, 1, 1, 1, 1, 1, 1, 1, 1, 2, 2, 1, 1, 2, 1, 1, 1, 2, 1, 1, 1, 2, 1, 1, 2, 2, 1, 1, 1, 1, 2, 1, 1, 1, 1, 1, 1, 1, 1, 1, 2, 1, 1, 1, 2, 1, 1, 1, 1, 1, 1, 2, 2, 1, 2, 1, 1, 1, 1, 1, 1, 1, 1, 1, 1, 2, 1, 1, 2, 1, 1, 1, 1, 1, 1, 1, 1, 1, 1, 2, 1, 1, 2, 1, 1, 1, 2, 2, 1, 2, 1, 1, 1, 1, 1, 2, 1, 1, 1, 2, 1, 1, 1, 1, 1, 1, 1, 1, 1, 2, 1, 1, 1, 1, 2, 1, 1, 1, 1, 2, 1, 1, 2, 1, 1, 1, 1, 1, 2, 1, 1, 1, 2, 2, 1, 1, 1, 2, 1, 2, 1, 1, 1, 1, 1, 1, 1, 1, 1, 2, 2, 1, 1, 1, 2, 1, 1, 1, 1, 1, 1, 1, 2, 2, 1, 1, 1, 1, 1, 1, 1, 1, 1, 2, 2]
w=31344555382607589376/18889465931478623149863 [cg] doubles=39 n=217
  xk(2^-20 units)=[21712, 495279, 777290, 1054073, 1320604, 1593287, 2066503, 2348259, 2624400, 2889467, 3156981, 3429525, 3901617, 4183404, 4459618, 4724768, 4992319, 5264971, 5738413, 6020432, 6297215, 6563776, 6836544, 7310721, 7592727, 7869516, 8135981, 8408632, 8881478, 9163229, 9439422, 9704485, 9972012, 10244617, 10716738, 10998514, 11274702, 11539760, 11807249, 12079845, 12552027, 12833816, 13109986, 13375042, 13642556, 13915196, 14387372, 14669191, 14945351, 15210414, 15477925, 15750524, 16222720, 16504516, 16780704, 17045819, 17313399, 17586071, 18059468, 18341463, 18618259, 18884834, 19157620, 19631919, 19913921, 20190704, 20457210, 20729891, 21202667, 21484465, 21760628, 22025739, 22293357, 22566064, 23039381, 23321393, 23598156, 23864651, 24137337, 24610492, 24892255, 25168376, 25433421, 25700926, 25973496, 26445476, 26727262, 27003438, 27268569, 27536155, 27808819, 28282432, 28564414, 28841168, 29107649, 29380302, 29853213, 30134981, 30411131, 30676203, 30943744, 31216421, 31689720, 31971736, 32248536, 32515060, 32787709, 33260625, 33542384, 33818563, 34083666, 34351201, 34623863, 35097122, 35379134, 35655942, 35922439, 36195087, 36668336, 36950069, 37226197, 37491251, 37758752, 38031308, 38503245, 38785021, 39061214, 39326340, 39593902, 39866581, 40340069, 40622074, 40898856, 41165326, 41437949, 41910886, 42192639, 42468808, 42733868, 43001349, 43273953, 43746350, 44028172, 44304555, 44570246, 44841696, 45332706, 45610896, 45875876, 46142306, 46409938, 46682654, 47155987, 47438020, 47714845, 47981361, 48254026, 48727176, 49008902, 49285008, 49550007, 49817466, 50090011, 50560991, 50842641, 51118461, 51382801, 51648901, 51916399, 52189055, 52661870, 52943903, 53220717, 53487248, 53759966, 54233165, 54514931, 54791123, 55056221, 55323806, 55596541, 56069868, 56351949, 56628791, 56895376, 57168178, 57642631, 57924656, 58201504, 58468062, 58740792, 59215161, 59497146, 59773987, 60040604, 60313416, 60788073, 61070073, 61346822, 61613339, 61886048, 62359159, 62640958, 62917131, 63182224, 63449838, 63722538, 64196174, 64478190, 64754980, 65021499, 65294148, 65767322, 66049079, 66325273, 66590386, 66857928]
  m=[1, 1, 2, 1, 1, 1, 1, 2, 1, 1, 1, 1, 1, 2, 1, 1, 1, 1, 1, 2, 1, 1, 1, 1, 2, 1, 1, 1, 1, 2, 1, 1, 1, 1, 1, 2, 1, 1, 1, 1, 1, 2, 1, 1, 1, 1, 1, 2, 1, 1, 1, 1, 1, 2, 1, 1, 1, 1, 1, 2, 1, 1, 1, 1, 2, 1, 1, 1, 1, 2, 1, 1, 1, 1, 1, 2, 1, 1, 1, 1, 2, 1, 1, 1, 1, 1, 2, 1, 1, 1, 1, 1, 2, 1, 1, 1, 1, 2, 1, 1, 1, 1, 1, 2, 1, 1, 1, 1, 2, 1, 1, 1, 1, 1, 2, 1, 1, 1, 1, 2, 1, 1, 1, 1, 1, 2, 1, 1, 1, 1, 1, 2, 1, 1, 1, 1, 2, 1, 1, 1, 1, 1, 2, 1, 1, 1, 2, 1, 1, 1, 1, 1, 1, 2, 1, 1, 1, 1, 2, 1, 1, 1, 1, 1, 2, 1, 1, 1, 1, 1, 1, 2, 1, 1, 1, 1, 2, 1, 1, 1, 1, 1, 2, 1, 1, 1, 1, 2, 1, 1, 1, 1, 2, 1, 1, 1, 1, 2, 1, 1, 1, 1, 2, 1, 1, 1, 1, 1, 2, 1, 1, 1, 1, 2, 1, 1, 1]
w=27421234427205124096/6296488643826207716621 [cg] doubles=42 n=214
  xk(2^-20 units)=[67081534, 250676, 522258, 998242, 1280127, 1556902, 1823394, 2096032, 2569207, 2850964, 3127167, 3392323, 3659965, 3932685, 4406229, 4688273, 4965074, 5231654, 5504413, 5978862, 6260855, 6537644, 6804169, 7076904, 7550150, 7831973, 8108346, 8374036, 8645547, 9136626, 9414858, 9679880, 9946363, 10214076, 10486846, 10960503, 11242572, 11519438, 11786066, 12058844, 12533216, 12815236, 13092019, 13358534, 13631281, 14105730, 14387721, 14664532, 14931050, 15203755, 15676875, 15958656, 16234857, 16499958, 16767520, 17040210, 17513929, 17795994, 18072864, 18339440, 18612213, 19086550, 19368569, 19645408, 19911986, 20184790, 20659168, 20941174, 21217991, 21484537, 21757201, 22230137, 22511922, 22788111, 23053287, 23320930, 23593688, 24067298, 24349318, 24626101, 24892641, 25165331, 25638661, 25920553, 26196973, 26462534, 26730700, 27004183, 27476009, 27749532, 28017640, 28283066, 28559408, 28841152, 29316074, 29587483, 29865184, 30147025, 30623971, 30906028, 31187563, 31681127, 31959210, 32224346, 32491107, 32759266, 33032771, 33504889, 33778213, 34045091, 34323562, 34830224, 35107774, 35372359, 35638788, 35906777, 36180188, 36650738, 36924174, 37192092, 37458482, 37723063, 38000612, 38507162, 38785614, 39052473, 39325794, 39797428, 40070892, 40338946, 40605454, 40871322, 41135918, 41413907, 41903832, 42175055, 42440559, 42718400, 43225454, 43504209, 43774453, 44265394, 44543281, 44807705, 45073334, 45339588, 45607270, 45880184, 46356741, 46639791, 46922549, 47401084, 47682697, 47959381, 48225809, 48498458, 48972202, 49254217, 49530995, 49797540, 50070348, 50544973, 50826960, 51103747, 51370279, 51642995, 52115958, 52397744, 52673924, 52939081, 53206674, 53479402, 53953053, 54235100, 54511931, 54778480, 55051155, 55524642, 55806538, 56082909, 56348413, 56616514, 56889972, 57362414, 57635894, 57902764, 58179548, 58461042, 58935863, 59217276, 59493794, 59760082, 60032689, 60506501, 60788506, 61065270, 61331812, 61604570, 62077773, 62359565, 62635725, 62900857, 63168422, 63441093, 63914862, 64196907, 64473770, 64740453, 65013377, 65489700, 65772131, 66050161, 66321864, 66799197]
  m=[2, 1, 1, 1, 2, 1, 1, 1, 1, 2, 1, 1, 1, 1, 1, 2, 1, 1, 1, 1, 2, 1, 1, 1, 1, 2, 1, 1, 1, 2, 1, 1, 1, 1, 1, 1, 2, 1, 1, 1, 1, 2, 1, 1, 1, 1, 2, 1, 1, 1, 1, 2, 1, 1, 1, 1, 1, 2, 1, 1, 1, 1, 2, 1, 1, 1, 1, 2, 1, 1, 1, 1, 2, 1, 1, 1, 1, 1, 2, 1, 1, 1, 1, 2, 1, 1, 1, 1, 1, 1, 1, 1, 2, 1, 1, 1, 2, 1, 1, 2, 1, 2, 1, 1, 1, 1, 1, 1, 1, 1, 2, 2, 1, 1, 1, 1, 1, 1, 1, 1, 1, 1, 2, 2, 1, 1, 1, 1, 1, 1, 1, 1, 1, 2, 1, 1, 1, 2, 2, 1, 1, 2, 1, 1, 1, 1, 1, 1, 1, 2, 1, 1, 2, 1, 1, 1, 1, 2, 1, 1, 1, 1, 2, 1, 1, 1, 1, 2, 1, 1, 1, 1, 1, 2, 1, 1, 1, 1, 2, 1, 1, 1, 1, 1, 1, 1, 2, 1, 1, 2, 1, 1, 1, 1, 2, 1, 1, 1, 1, 2, 1, 1, 1, 1, 1, 2, 1, 1, 1, 1, 2, 1, 1, 1]
w=15998555695204753408/6296488643826207716621 [cg] doubles=19 n=237
  xk(2^-20 units)=[96432, 364680, 633529, 903089, 1173397, 1444559, 1716590, 1989500, 2263232, 2537658, 2812565, 3087631, 3362603, 3637248, 3911317, 4184781, 4457574, 4729800, 5001490, 5272774, 5543794, 5814658, 6085498, 6356467, 6627695, 6899310, 7171426, 7444209, 7717673, 7991905, 8266943, 8542725, 8819178, 9096147, 9373437, 9650869, 9928307, 10205655, 10482890, 10760100, 11037430, 11314970, 11592997, 11871627, 12150958, 12431028, 12711699, 12992710, 13273767, 13554562, 13834861, 14114622, 14393929, 14672943, 14952003, 15231356, 15511359, 15792166, 16073764, 16355826, 16637721, 16918721, 17198137, 17475588, 17751014, 18024555, 18296417, 18566834, 18836091, 19104352, 19371834, 19638682, 19904997, 20170879, 20436411, 20701713, 20965919, 21243413, 21748331, 22025685, 22289756, 22554163, 22832201, 23322434, 23594013, 23860840, 24125663, 24403261, 24908684, 25185756, 25448671, 25726175, 26218527, 26501871, 27009211, 27286366, 27549925, 27813321, 28090220, 28594008, 28871131, 29134765, 29399470, 29664342, 29929483, 30194887, 30460622, 30726650, 30993079, 31259958, 31527369, 31795458, 32064387, 32334372, 32605625, 32878422, 33152948, 33429345, 33707569, 33987309, 34268038, 34549105, 34829956, 35110250, 35389846, 35668912, 35947674, 36226483, 36505688, 36785457, 37065811, 37346521, 37627109, 37907034, 38185866, 38463318, 38739271, 39013813, 39287065, 39559201, 39830450, 40101047, 40371196, 40641154, 40911122, 41181277, 41451861, 41723056, 41995096, 42268234, 42542570, 42818314, 43095415, 43373537, 43652160, 43930568, 44208105, 44484279, 44758857, 45031846, 45303358, 45573544, 45842661, 46110856, 46378314, 46645176, 46911585, 47177628, 47443297, 47708689, 47973848, 48237880, 48515210, 49019191, 49295958, 49558191, 49834885, 50338626, 50615643, 50879260, 51144069, 51408341, 51686389, 52177075, 52448780, 52714862, 52993152, 53499305, 53776825, 54040953, 54306033, 54571223, 54836551, 55102150, 55368023, 55634255, 55900912, 56168159, 56436105, 56704906, 56974785, 57245933, 57518532, 57792723, 58068484, 58345609, 58623626, 58901768, 59179281, 59455580, 59730335, 60003576, 60275338, 60545851, 60815292, 61083854, 61351740, 61619078, 61886016, 62152634, 62419003, 62685181, 62951159, 63216999, 63482689, 63748274, 64013733, 64279197, 64543647, 64821539, 65327441, 65605596, 65870670, 66136914, 66403433, 66670309, 66937559]
  m=[1, 1, 1, 1, 1, 1, 1, 1, 1, 1, 1, 1, 1, 1, 1, 1, 1, 1, 1, 1, 1, 1, 1, 1, 1, 1, 1, 1, 1, 1, 1, 1, 1, 1, 1, 1, 1, 1, 1, 1, 1, 1, 1, 1, 1, 1, 1, 1, 1, 1, 1, 1, 1, 1, 1, 1, 1, 1, 1, 1, 1, 1, 1, 1, 1, 1, 1, 1, 1, 1, 1, 1, 1, 1, 1, 1, 1, 2, 2, 1, 1, 1, 2, 1, 1, 1, 1, 2, 2, 1, 1, 2, 1, 2, 2, 1, 1, 1, 2, 2, 1, 1, 1, 1, 1, 1, 1, 1, 1, 1, 1, 1, 1, 1, 1, 1, 1, 1, 1, 1, 1, 1, 1, 1, 1, 1, 1, 1, 1, 1, 1, 1, 1, 1, 1, 1, 1, 1, 1, 1, 1, 1, 1, 1, 1, 1, 1, 1, 1, 1, 1, 1, 1, 1, 1, 1, 1, 1, 1, 1, 1, 1, 1, 1, 1, 1, 1, 1, 1, 1, 1, 1, 2, 2, 1, 1, 2, 2, 1, 1, 1, 1, 2, 1, 1, 1, 2, 2, 1, 1, 1, 1, 1, 1, 1, 1, 1, 1, 1, 1, 1, 1, 1, 1, 1, 1, 1, 1, 1, 1, 1, 1, 1, 1, 1, 1, 1, 1, 1, 1, 1, 1, 1, 1, 1, 1, 1, 1, 1, 2, 2, 1, 1, 1, 1, 1, 1]
w=1602018083118333952/331394139148747774559 [cg] doubles=45 n=211
  xk(2^-20 units)=[13630, 287197, 760564, 1034110, 1301222, 1579896, 2088513, 2367217, 2634356, 2907820, 3380037, 3653456, 3921536, 4188038, 4453804, 4718215, 4995996, 5487872, 5771029, 6278483, 6556041, 6820687, 7087096, 7355090, 7628564, 8099967, 8373455, 8641494, 8908030, 9173819, 9438369, 9716283, 10206755, 10476983, 10755710, 11262786, 11540632, 11806019, 12073993, 12347404, 12819664, 13093256, 13361425, 13628153, 13893261, 14171448, 14662811, 14933038, 15211794, 15718879, 15996746, 16262180, 16530183, 16803604, 17275625, 17549054, 17817028, 18083464, 18349131, 18613562, 18891332, 19383391, 19666674, 20174827, 20452878, 20718474, 20986499, 21260038, 21732001, 22005478, 22273518, 22539992, 22805805, 23070348, 23348212, 23838555, 24108624, 24387241, 24893569, 25171023, 25435561, 25701877, 25969761, 26243141, 26715018, 26988485, 27255617, 27534309, 28043031, 28321681, 28588793, 28862272, 29334770, 29608368, 29876588, 30143350, 30408537, 30686745, 31178179, 31448420, 31727202, 32234384, 32512272, 32777718, 33045744, 33319181, 33790491, 34063932, 34331913, 34598308, 34862833, 35138738, 35420457, 35891808, 36164405, 36431864, 36698149, 36962981, 37241054, 37732454, 38002651, 38281378, 38788307, 39065921, 39330879, 39598138, 39870543, 40341629, 40623302, 40899168, 41163674, 41430042, 41698072, 41971454, 42442895, 42716416, 42984544, 43251208, 43516206, 43794248, 44287395, 44570695, 45078940, 45356974, 45622472, 45890509, 46164025, 46636982, 46910428, 47178573, 47445202, 47710175, 47988180, 48481339, 48764651, 49272990, 49550983, 49816557, 50084594, 50358106, 50831807, 51105421, 51373767, 51639856, 51918434, 52411407, 52681965, 52960911, 53469283, 53747905, 54014962, 54288416, 54761897, 55035386, 55303501, 55570121, 55835100, 56113104, 56605788, 56888937, 57396536, 57674082, 57938672, 58205059, 58473010, 58746466, 59217594, 59491021, 59758998, 60025322, 60290822, 60555912, 60819923, 61097464, 61588981, 61872183, 62380357, 62658367, 62923949, 63192038, 63465546, 63938406, 64211841, 64479816, 64745359, 65023357, 65531921, 65815414, 66309686, 66588225, 66854151]
  m=[1, 1, 1, 1, 1, 2, 2, 1, 1, 1, 1, 1, 1, 1, 1, 1, 2, 1, 2, 2, 1, 1, 1, 1, 1, 1, 1, 1, 1, 1, 1, 2, 1, 1, 2, 2, 1, 1, 1, 1, 1, 1, 1, 1, 1, 2, 1, 1, 2, 2, 1, 1, 1, 1, 1, 1, 1, 1, 1, 1, 2, 1, 2, 2, 1, 1, 1, 1, 1, 1, 1, 1, 1, 1, 2, 1, 1, 2, 2, 1, 1, 1, 1, 1, 1, 1, 1, 2, 2, 1, 1, 1, 1, 1, 1, 1, 1, 2, 1, 1, 2, 2, 1, 1, 1, 1, 1, 1, 1, 1, 1, 2, 1, 1, 1, 1, 1, 1, 2, 1, 1, 2, 2, 1, 1, 1, 1, 1, 2, 1, 1, 1, 1, 1, 1, 1, 1, 1, 1, 2, 1, 2, 2, 1, 1, 1, 1, 1, 1, 1, 1, 1, 2, 1, 2, 2, 1, 1, 1, 1, 1, 1, 1, 1, 2, 1, 1, 2, 2, 1, 1, 1, 1, 1, 1, 1, 1, 2, 1, 2, 2, 1, 1, 1, 1, 1, 1, 1, 1, 1, 1, 1, 1, 2, 1, 2, 2, 1, 1, 1, 1, 1, 1, 1, 1, 2, 2, 1, 2, 1, 1]
w=168054709623352256/6296488643826207716621 [cg] doubles=41 n=215
  xk(2^-20 units)=[67108002, 262916, 540180, 1031266, 1314289, 1821187, 2098424, 2362422, 2627849, 2894097, 3161987, 3435420, 3905689, 4179290, 4447499, 4714259, 4980457, 5246569, 5513079, 5780827, 6053627, 6526356, 6808455, 7085708, 7356042, 7847518, 8125373, 8389798, 8655267, 8921272, 9188666, 9461212, 9933280, 10215072, 10491395, 10756978, 11028282, 11518514, 11796530, 12061108, 12326881, 12593346, 12861367, 13134789, 13605693, 13879251, 14147304, 14413711, 14678217, 14954045, 15235563, 15707795, 15979138, 16258590, 16766769, 17044822, 17310441, 17578550, 17852014, 18323028, 18596474, 18864475, 19130949, 19395514, 19671412, 19952924, 20425005, 20696244, 20975536, 21482996, 21760566, 22025189, 22291603, 22559501, 22832901, 23303786, 23577217, 23845252, 24111765, 24377559, 24642113, 24919994, 25410455, 25680408, 25958938, 26464929, 26742213, 27006469, 27272463, 27539916, 27812587, 28286971, 28569304, 28847228, 29118650, 29593469, 29875193, 30151498, 30416920, 30685027, 30958482, 31429554, 31703021, 31971101, 32237691, 32503604, 32768292, 33046398, 33536885, 33808280, 34075101, 34340218, 34618397, 35110789, 35381351, 35660364, 36169560, 36449089, 36720638, 37195379, 37476992, 37753236, 38018763, 38290125, 38781435, 39059703, 39324877, 39591610, 39859750, 40133243, 40606263, 40879762, 41146866, 41425501, 41933696, 42212613, 42482986, 42974713, 43252946, 43518125, 43784853, 44052988, 44326534, 44798693, 45072236, 45340316, 45605777, 45882124, 46163971, 46635437, 46907939, 47175345, 47441459, 47707005, 47972381, 48237992, 48504611, 48775845, 49265027, 49542635, 49806627, 50070629, 50348171, 50839361, 51109568, 51388324, 51896061, 52174737, 52444893, 52935297, 53212987, 53477095, 53742189, 54007683, 54273981, 54541889, 54815325, 55285826, 55559183, 55827162, 56092536, 56370412, 56877501, 57155641, 57421844, 57694138, 58163832, 58445351, 58720994, 58984978, 59250479, 59516783, 59784685, 60058036, 60528043, 60801587, 61069652, 61336189, 61602000, 61866586, 62144537, 62634052, 62905155, 63170601, 63448351, 63955104, 64233303, 64499688, 64772214, 65246256, 65528131, 65805191, 66075259, 66566601, 66844159]
  m=[1, 1, 2, 1, 2, 2, 1, 1, 1, 1, 1, 1, 1, 1, 1, 1, 1, 1, 1, 1, 1, 1, 2, 1, 1, 2, 1, 1, 1, 1, 1, 1, 1, 2, 1, 1, 1, 2, 1, 1, 1, 1, 1, 1, 1, 1, 1, 1, 1, 2, 1, 1, 1, 2, 2, 1, 1, 1, 1, 1, 1, 1, 1, 1, 2, 1, 1, 1, 2, 2, 1, 1, 1, 1, 1, 1, 1, 1, 1, 1, 1, 2, 1, 1, 2, 2, 1, 1, 1, 1, 1, 1, 2, 1, 1, 1, 2, 1, 1, 1, 1, 1, 1, 1, 1, 1, 1, 2, 1, 1, 1, 1, 2, 1, 1, 2, 2, 1, 1, 1, 2, 1, 1, 1, 2, 1, 1, 1, 1, 1, 1, 1, 1, 2, 2, 1, 1, 2, 1, 1, 1, 1, 1, 1, 1, 1, 1, 2, 1, 1, 1, 1, 1, 1, 1, 1, 1, 1, 2, 1, 1, 1, 2, 1, 1, 2, 2, 1, 1, 2, 1, 1, 1, 1, 1, 1, 1, 1, 1, 1, 1, 2, 2, 1, 1, 1, 1, 2, 1, 1, 1, 1, 1, 1, 1, 1, 1, 1, 1, 1, 2, 1, 1, 1, 2, 2, 1, 1, 1, 1, 2, 1, 1, 2, 1]
w=137814897783433756672/18889465931478623149863 [cg] doubles=41 n=215
  xk(2^-20 units)=[67087923, 255885, 762142, 1045147, 1536318, 1813749, 2077728, 2342792, 2608317, 2874622, 3142589, 3416079, 3885959, 4159507, 4427779, 4694642, 4960832, 5226966, 5493513, 5761341, 6034088, 6506856, 6788994, 7066270, 7336586, 7828671, 8106903, 8371820, 8638242, 8905878, 9178629, 9652196, 9934274, 10211530, 10481809, 10973268, 11251153, 11515616, 11781208, 12047319, 12314813, 12587462, 13060429, 13342559, 13619888, 13890309, 14382737, 14661055, 14926260, 15193010, 15461189, 15734758, 16205047, 16478607, 16746659, 17013134, 17278689, 17542715, 17818333, 18099870, 18569393, 18841795, 19108093, 19386340, 19893528, 20171454, 20436893, 20704860, 20978272, 21448206, 21721654, 21989590, 22255953, 22521581, 22785590, 23061248, 23342725, 23812427, 24084774, 24351020, 24629276, 25136306, 25414205, 25679620, 25947568, 26220910, 26691833, 26965337, 27233367, 27499902, 27765740, 28030318, 28308223, 28798648, 29068728, 29347364, 29854335, 30132190, 30397626, 30665645, 30939099, 31410988, 31684468, 31952604, 32219301, 32484499, 32762794, 33254124, 33525606, 33792513, 34057532, 34335642, 34827533, 35097776, 35376549, 35883753, 36161573, 36427151, 36698458, 37189496, 37467654, 37732732, 37999617, 38271109, 38762324, 39040643, 39305798, 39572542, 39840701, 40114196, 40586054, 40859486, 41127454, 41392876, 41670724, 42177714, 42456500, 42726750, 43218088, 43496242, 43761334, 44027986, 44296098, 44569553, 45042592, 45316172, 45583200, 45860219, 46142335, 46615381, 46888014, 47155522, 47421669, 47687190, 47952577, 48218268, 48484794, 48756017, 49245233, 49522845, 49786898, 50050864, 50328445, 50819633, 51089778, 51368456, 51876184, 52154921, 52425130, 52916420, 53194369, 53458920, 53724688, 53991087, 54259058, 54532466, 55003943, 55277360, 55545457, 55811052, 56089095, 56597278, 56876704, 57147995, 57619143, 57900563, 58176134, 58440130, 58705684, 58972072, 59240076, 59513502, 59982852, 60256322, 60524252, 60790670, 61056210, 61320170, 61595832, 61877369, 62347499, 62619868, 62886152, 63164368, 63672000, 63950312, 64216835, 64489435, 64963596, 65245480, 65522505, 65792558, 66283491, 66560883, 66824536]
  m=[1, 2, 2, 1, 2, 1, 1, 1, 1, 1, 1, 1, 1, 1, 1, 1, 1, 1, 1, 1, 1, 1, 2, 1, 1, 2, 1, 1, 1, 1, 1, 1, 2, 1, 1, 2, 1, 1, 1, 1, 1, 1, 1, 2, 1, 1, 2, 1, 1, 1, 1, 1, 1, 1, 1, 1, 1, 1, 2, 1, 1, 1, 1, 2, 2, 1, 1, 1, 1, 1, 1, 1, 1, 1, 1, 2, 1, 1, 1, 1, 2, 2, 1, 1, 1, 1, 1, 1, 1, 1, 1, 1, 2, 1, 1, 2, 2, 1, 1, 1, 1, 1, 1, 1, 1, 1, 2, 1, 1, 1, 1, 2, 1, 1, 2, 2, 1, 1, 1, 2, 1, 1, 1, 1, 2, 1, 1, 1, 1, 1, 1, 1, 1, 1, 2, 2, 1, 1, 2, 1, 1, 1, 1, 1, 1, 1, 1, 2, 1, 1, 1, 1, 1, 1, 1, 1, 1, 1, 2, 1, 1, 1, 2, 1, 1, 2, 2, 1, 1, 2, 1, 1, 1, 1, 1, 1, 1, 1, 1, 1, 2, 2, 1, 1, 1, 2, 1, 1, 1, 1, 1, 1, 1, 1, 1, 1, 1, 1, 2, 1, 1, 1, 1, 2, 2, 1, 1, 1, 1, 2, 1, 1, 2, 1, 1]
w=36668484335286763520/18889465931478623149863 [cg] doubles=17 n=239
  xk(2^-20 units)=[221376, 489089, 756417, 1023359, 1290040, 1556442, 1822617, 2088574, 2354359, 2620041, 2884677, 3162635, 3668620, 3946741, 4211713, 4477855, 4744267, 5011018, 5278171, 5545898, 5814218, 6083344, 6353433, 6624612, 6897081, 7170863, 7445974, 7722192, 7999172, 8276371, 8553171, 8829082, 9103796, 9377182, 9649282, 9920198, 10190101, 10459147, 10727486, 10995291, 11262588, 11529570, 11796221, 12062705, 12328066, 12606512, 13113754, 13392319, 13657847, 13924626, 14191660, 14459104, 14726990, 14995504, 15264680, 15534711, 15805763, 16077971, 16351487, 16626388, 16902681, 17180242, 17458799, 17737930, 18017235, 18296275, 18574861, 18852866, 19130364, 19407458, 19684352, 19961165, 20238022, 20514977, 20791956, 21068892, 21345585, 21621849, 21897486, 22172332, 22446322, 22719464, 22991771, 23263357, 23534304, 23804754, 24074835, 24344653, 24614337, 24884026, 25153873, 25424015, 25694615, 25965912, 26238014, 26511188, 26785519, 27061072, 27337751, 27615269, 27893158, 28170815, 28447647, 28723260, 28997449, 29270202, 29541585, 29811764, 30080908, 30349174, 30616715, 30883660, 31150091, 31416114, 31681843, 31946348, 32224046, 32728965, 33006174, 33269786, 33534250, 33797715, 34074743, 34578605, 34855541, 35118942, 35382401, 35659460, 36164054, 36441607, 36705895, 36971367, 37237088, 37503145, 37769637, 38036665, 38304375, 38572960, 38842697, 39113795, 39386614, 39661460, 39938539, 40217933, 40499352, 40782056, 41065076, 41347522, 41629010, 41909504, 42189387, 42469070, 42749265, 43030316, 43312505, 43595681, 43879122, 44161805, 44442706, 44721265, 44997403, 45271281, 45543233, 45813583, 46082648, 46350651, 46617873, 46884480, 47150614, 47416330, 47681767, 47946927, 48210973, 48488292, 48992289, 49269013, 49531202, 49807810, 50311452, 50588432, 50852001, 51116786, 51381014, 51658990, 52149578, 52421263, 52687281, 52965522, 53471656, 53749196, 54013366, 54278535, 54543807, 54809287, 55075052, 55341121, 55607625, 55874597, 56142239, 56410670, 56680060, 56950594, 57222515, 57495972, 57771102, 58047811, 58325828, 58604620, 58883428, 59161539, 59438505, 59714039, 59988227, 60261142, 60533056, 60804093, 61074550, 61344646, 61614560, 61884478, 62154610, 62425078, 62696081, 62967678, 63240040, 63513195, 63787156, 64061860, 64337077, 64612523, 64887831, 65162661, 65436750, 65709927, 65982118, 66253360, 66523689, 66793194, 67062022]
  m=[1, 1, 1, 1, 1, 1, 1, 1, 1, 1, 1, 2, 2, 1, 1, 1, 1, 1, 1, 1, 1, 1, 1, 1, 1, 1, 1, 1, 1, 1, 1, 1, 1, 1, 1, 1, 1, 1, 1, 1, 1, 1, 1, 1, 1, 2, 2, 1, 1, 1, 1, 1, 1, 1, 1, 1, 1, 1, 1, 1, 1, 1, 1, 1, 1, 1, 1, 1, 1, 1, 1, 1, 1, 1, 1, 1, 1, 1, 1, 1, 1, 1, 1, 1, 1, 1, 1, 1, 1, 1, 1, 1, 1, 1, 1, 1, 1, 1, 1, 1, 1, 1, 1, 1, 1, 1, 1, 1, 1, 1, 1, 1, 1, 1, 1, 1, 2, 2, 1, 1, 1, 1, 2, 2, 1, 1, 1, 2, 2, 1, 1, 1, 1, 1, 1, 1, 1, 1, 1, 1, 1, 1, 1, 1, 1, 1, 1, 1, 1, 1, 1, 1, 1, 1, 1, 1, 1, 1, 1, 1, 1, 1, 1, 1, 1, 1, 1, 1, 1, 1, 1, 1, 1, 2, 2, 1, 1, 2, 2, 1, 1, 1, 1, 2, 1, 1, 1, 2, 2, 1, 1, 1, 1, 1, 1, 1, 1, 1, 1, 1, 1, 1, 1, 1, 1, 1, 1, 1, 1, 1, 1, 1, 1, 1, 1, 1, 1, 1, 1, 1, 1, 1, 1, 1, 1, 1, 1, 1, 1, 1, 1, 1, 1, 1, 1, 1, 1, 1, 1]
w=15482994706704064512/6296488643826207716621 [cg] doubles=41 n=215
  xk(2^-20 units)=[255590, 538763, 1030599, 1308065, 1571966, 1836976, 2102414, 2368685, 2636672, 2910135, 3380212, 3653764, 3922025, 4188822, 4454974, 4721058, 4987610, 5255364, 5528097, 6000784, 6282900, 6560166, 6830464, 7321776, 7599679, 7864035, 8129542, 8395571, 8662935, 8935465, 9407535, 9689309, 9965623, 10231183, 10502514, 10992437, 11270353, 11534754, 11800280, 12066423, 12333959, 12606622, 13079923, 13362052, 13639260, 13909517, 14400821, 14678802, 14943458, 15209309, 15475794, 15743888, 16017385, 16487160, 16760674, 17028708, 17295062, 17560628, 17824602, 18100223, 18381753, 18851353, 19123627, 19389764, 19667817, 20174090, 20451547, 20716056, 20982353, 21250279, 21523666, 21993141, 22266608, 22534614, 22800989, 23066567, 23330549, 23606197, 23887683, 24357250, 24629578, 24895828, 25174012, 25681021, 25958922, 26224332, 26492244, 26765596, 27236592, 27510052, 27778146, 28044683, 28310545, 28575106, 28853002, 29343484, 29613560, 29892226, 30399389, 30677287, 30942692, 31210753, 31484186, 31956033, 32229617, 32497811, 32764608, 33029835, 33308158, 33799404, 34070891, 34337817, 34602930, 34881080, 35373443, 35643944, 35922954, 36432352, 36711889, 36983459, 37458075, 37739723, 38016009, 38281635, 38553216, 39045464, 39324179, 39590238, 39858625, 40132188, 40606062, 40879581, 41146670, 41425338, 41933773, 42212694, 42483154, 42975425, 43253843, 43519476, 43787283, 44060026, 44533822, 44815621, 45091844, 45357355, 45628655, 46118588, 46396544, 46661134, 46926933, 47193431, 47461470, 47734927, 48205795, 48479319, 48747355, 49013851, 49279653, 49544217, 49822185, 50312617, 50583857, 50849480, 51127422, 51635367, 51918600, 52411302, 52689021, 52953400, 53219074, 53485478, 53753382, 54026787, 54497859, 54771259, 55039197, 55304608, 55582473, 56089473, 56367699, 56633952, 56906327, 57376137, 57657646, 57933289, 58197293, 58462829, 58729195, 58997138, 59270601, 59740199, 60013636, 60281651, 60548090, 60812581, 61088467, 61370022, 61841120, 62113485, 62379706, 62657798, 63164425, 63442193, 63707601, 63978712, 64468397, 64745954, 65009883, 65273811, 65551391, 66041844, 66313045, 66578599, 66856494]
  m=[2, 1, 2, 1, 1, 1, 1, 1, 1, 1, 1, 1, 1, 1, 1, 1, 1, 1, 1, 1, 2, 1, 1, 2, 1, 1, 1, 1, 1, 1, 1, 2, 1, 1, 1, 2, 1, 1, 1, 1, 1, 1, 1, 2, 1, 1, 2, 1, 1, 1, 1, 1, 1, 1, 1, 1, 1, 1, 1, 2, 1, 1, 1, 1, 2, 2, 1, 1, 1, 1, 1, 1, 1, 1, 1, 1, 1, 2, 1, 1, 1, 1, 2, 2, 1, 1, 1, 1, 1, 1, 1, 1, 1, 1, 2, 1, 1, 2, 2, 1, 1, 1, 1, 1, 1, 1, 1, 1, 2, 1, 1, 1, 1, 2, 1, 1, 2, 2, 1, 1, 1, 2, 1, 1, 1, 2, 1, 1, 1, 1, 1, 1, 1, 2, 2, 1, 1, 2, 1, 1, 1, 1, 1, 2, 1, 1, 1, 2, 1, 1, 1, 1, 1, 1, 1, 1, 1, 1, 1, 1, 2, 1, 1, 1, 2, 2, 1, 2, 1, 1, 1, 1, 1, 1, 1, 1, 1, 1, 2, 2, 1, 1, 1, 1, 2, 1, 1, 1, 1, 1, 1, 1, 1, 1, 1, 1, 2, 1, 1, 1, 1, 2, 2, 1, 1, 1, 2, 1, 1, 1, 2, 1, 1, 1, 2]
w=57162209517090881536/18889465931478623149863 [cg] doubles=41 n=215
  xk(2^-20 units)=[67107202, 275172, 781579, 1064745, 1557285, 1835266, 2100228, 2366839, 2634966, 2908572, 3379715, 3653261, 3921483, 4188214, 4454323, 4720416, 4986938, 5254663, 5527421, 6000435, 6282521, 6559725, 6829943, 7320872, 7598574, 7862591, 8127505, 8392676, 8658501, 8925789, 9198269, 9670333, 9952122, 10228405, 10493899, 10765176, 11255081, 11532958, 11797404, 12062964, 12329098, 12596609, 12869242, 13342467, 13624595, 13901874, 14172240, 14664570, 14942847, 15208074, 15474886, 15743069, 16016680, 16487740, 16761153, 17029214, 17294714, 17572725, 18080169, 18358746, 18625658, 18899022, 19370210, 19643605, 19911614, 20178031, 20443596, 20708797, 20972952, 21250651, 21740267, 22010311, 22288951, 22796079, 23073941, 23339364, 23607395, 23880819, 24352341, 24625831, 24893975, 25160701, 25425886, 25704217, 26195394, 26466842, 26733713, 26998713, 27276805, 27768465, 28038717, 28317462, 28824638, 29102481, 29368041, 29639367, 30130296, 30408452, 30673524, 30940369, 31211777, 31702134, 31980184, 32244802, 32510659, 32777195, 33045216, 33318678, 33789151, 34062595, 34330605, 34597033, 34861585, 35137408, 35418867, 35890727, 36161944, 36441227, 36948563, 37226142, 37490738, 37757179, 38025167, 38298595, 38769222, 39042661, 39310697, 39577179, 39842995, 40107585, 40385547, 40875522, 41146677, 41412064, 41689845, 42196669, 42475312, 42745484, 43236571, 43514332, 43778648, 44044049, 44310002, 44577317, 44849796, 45321539, 45603390, 45879730, 46145192, 46413286, 46686746, 47157857, 47431406, 47699593, 47966353, 48232548, 48498701, 48765622, 49036995, 49526406, 49804127, 50068211, 50332269, 50609891, 51101631, 51371968, 51650866, 52159731, 52443006, 52935865, 53213648, 53478055, 53743796, 54010181, 54278155, 54551619, 55022331, 55295766, 55563686, 55830020, 56094661, 56372205, 56879634, 57158926, 57430103, 57901118, 58182513, 58458060, 58722040, 58987556, 59253878, 59521823, 59795227, 60264659, 60538164, 60806138, 61072539, 61338027, 61601974, 61877615, 62159125, 62629793, 62902274, 63168689, 63447055, 63956016, 64235581, 64507189, 64983076, 65264890, 65541867, 65811904, 66302817, 66580229, 66843839]
  m=[1, 2, 2, 1, 2, 1, 1, 1, 1, 1, 1, 1, 1, 1, 1, 1, 1, 1, 1, 1, 2, 1, 1, 2, 1, 1, 1, 1, 1, 1, 1, 1, 2, 1, 1, 1, 2, 1, 1, 1, 1, 1, 1, 1, 2, 1, 1, 2, 1, 1, 1, 1, 1, 1, 1, 1, 1, 2, 2, 1, 1, 1, 1, 1, 1, 1, 1, 1, 1, 2, 1, 1, 2, 2, 1, 1, 1, 1, 1, 1, 1, 1, 1, 2, 1, 1, 1, 1, 2, 1, 1, 2, 2, 1, 1, 1, 2, 1, 1, 1, 1, 2, 1, 1, 1, 1, 1, 1, 1, 1, 1, 1, 1, 2, 1, 1, 1, 2, 2, 1, 1, 1, 1, 1, 1, 1, 1, 1, 1, 1, 2, 1, 1, 1, 2, 2, 1, 1, 2, 1, 1, 1, 1, 1, 1, 1, 2, 1, 1, 1, 1, 1, 1, 1, 1, 1, 1, 1, 1, 2, 1, 1, 1, 2, 1, 1, 2, 2, 1, 2, 1, 1, 1, 1, 1, 1, 1, 1, 1, 1, 1, 2, 2, 1, 1, 1, 2, 1, 1, 1, 1, 1, 1, 1, 1, 1, 1, 1, 1, 2, 1, 1, 1, 1, 2, 2, 1, 1, 1, 2, 1, 1, 2, 1, 1]
w=50374640872099471360/18889465931478623149863 [cg] doubles=17 n=239
  xk(2^-20 units)=[213858, 482198, 750020, 1017439, 1284460, 1551168, 1817584, 2083729, 2349674, 2615451, 2880156, 3158131, 3663812, 3941712, 4206332, 4471985, 4737774, 5003730, 5269890, 5536340, 5802994, 6070002, 6337364, 6605141, 6873428, 7142247, 7411768, 7681957, 7952977, 8224792, 8497382, 8770701, 9044541, 9318688, 9592880, 9866850, 10140405, 10413378, 10685696, 10957351, 11228347, 11498813, 11768760, 12038358, 12307702, 12576910, 12846100, 13115457, 13385062, 13655131, 13925778, 14197230, 14469618, 14743083, 15017700, 15293424, 15570065, 15847212, 16124336, 16400884, 16676382, 16950597, 17223457, 17494984, 17765300, 18034602, 18303010, 18570674, 18837737, 19104300, 19370431, 19636229, 19901682, 20166837, 20431781, 20696537, 20960232, 21237415, 21741673, 22018866, 22282801, 22547011, 22824999, 23314778, 23586268, 23853036, 24117789, 24395392, 24900858, 25178305, 25442558, 25708319, 25975153, 26246680, 26736619, 27014624, 27278893, 27543796, 27807524, 28084689, 28588885, 28866166, 29130037, 29394990, 29660165, 29925624, 30191378, 30457526, 30724042, 30991051, 31258581, 31526794, 31795814, 32065722, 32336735, 32608886, 32882309, 33156901, 33432506, 33708809, 33985316, 34261561, 34537137, 34811789, 35085436, 35358062, 35629811, 35900783, 36171127, 36441033, 36710626, 36980098, 37249611, 37519317, 37789426, 38060096, 38331562, 38604027, 38877680, 39152721, 39429252, 39707290, 39986636, 40266925, 40547645, 40828290, 41108526, 41388264, 41667619, 41946752, 42226098, 42505847, 42786332, 43067533, 43349153, 43630646, 43911255, 44190362, 44467605, 44742864, 45016292, 45288062, 45558409, 45827640, 46095902, 46363412, 46630295, 46896754, 47162801, 47428484, 47693929, 47959101, 48223166, 48500524, 49004528, 49281334, 49543588, 49820320, 50324168, 50601223, 50864896, 51129771, 51394079, 51672170, 52162854, 52434633, 52700772, 52979124, 53485527, 53763221, 54027586, 54292964, 54558503, 54824257, 55090337, 55356849, 55623828, 55891441, 56159834, 56429174, 56699610, 56971329, 57244506, 57519185, 57795323, 58072614, 58350553, 58628514, 58905860, 59182117, 59457096, 59730727, 60003191, 60274598, 60545196, 60815118, 61084587, 61353788, 61622825, 61891877, 62161048, 62430461, 62700242, 62970445, 63241185, 63512532, 63784530, 64057176, 64330392, 64604059, 64877957, 65151859, 65425515, 65698683, 65971203, 66243014, 66514027, 66784276, 67053829]
  m=[1, 1, 1, 1, 1, 1, 1, 1, 1, 1, 1, 2, 2, 1, 1, 1, 1, 1, 1, 1, 1, 1, 1, 1, 1, 1, 1, 1, 1, 1, 1, 1, 1, 1, 1, 1, 1, 1, 1, 1, 1, 1, 1, 1, 1, 1, 1, 1, 1, 1, 1, 1, 1, 1, 1, 1, 1, 1, 1, 1, 1, 1, 1, 1, 1, 1, 1, 1, 1, 1, 1, 1, 1, 1, 1, 1, 1, 2, 2, 1, 1, 1, 2, 1, 1, 1, 1, 2, 2, 1, 1, 1, 1, 1, 2, 1, 1, 1, 1, 2, 2, 1, 1, 1, 1, 1, 1, 1, 1, 1, 1, 1, 1, 1, 1, 1, 1, 1, 1, 1, 1, 1, 1, 1, 1, 1, 1, 1, 1, 1, 1, 1, 1, 1, 1, 1, 1, 1, 1, 1, 1, 1, 1, 1, 1, 1, 1, 1, 1, 1, 1, 1, 1, 1, 1, 1, 1, 1, 1, 1, 1, 1, 1, 1, 1, 1, 1, 1, 1, 1, 1, 1, 1, 2, 2, 1, 1, 2, 2, 1, 1, 1, 1, 2, 1, 1, 1, 2, 2, 1, 1, 1, 1, 1, 1, 1, 1, 1, 1, 1, 1, 1, 1, 1, 1, 1, 1, 1, 1, 1, 1, 1, 1, 1, 1, 1, 1, 1, 1, 1, 1, 1, 1, 1, 1, 1, 1, 1, 1, 1, 1, 1, 1, 1, 1, 1, 1, 1, 1]
w=185583282811801862144/18889465931478623149863 [cg] doubles=18 n=238
  xk(2^-20 units)=[67046298, 208521, 478404, 747325, 1015479, 1283069, 1550173, 1816920, 2083369, 2349582, 2615624, 2880569, 3158737, 3665002, 3943213, 4208249, 4474444, 4740878, 5007658, 5274845, 5542605, 5810948, 6080089, 6350159, 6621305, 6893724, 7167458, 7442568, 7718841, 7995957, 8273362, 8550404, 8826564, 9101537, 9375151, 9647454, 9918535, 10188570, 10457699, 10726078, 10993889, 11261169, 11528092, 11794660, 12061039, 12326282, 12604639, 13111433, 13389827, 13655086, 13921527, 14188168, 14455110, 14722415, 14990176, 15258443, 15527337, 15797017, 16067586, 16339216, 16612024, 16886146, 17161621, 17438386, 17716246, 17994900, 18273913, 18552954, 18831677, 19110008, 19387927, 19665563, 19943050, 20220583, 20498307, 20776236, 21054423, 21332664, 21610766, 21888418, 22165357, 22441412, 22716490, 22990561, 23263715, 23536032, 23807660, 24078774, 24349483, 24620012, 24890489, 25161147, 25432140, 25703648, 25975933, 26249078, 26523360, 26798804, 27075405, 27352938, 27630964, 27908933, 28186238, 28462400, 28737170, 29010477, 29282401, 29553056, 29822603, 30091227, 30359074, 30626276, 30892967, 31159193, 31425048, 31690657, 31955047, 32232704, 32737367, 33014538, 33278067, 33542499, 33805897, 34082926, 34586688, 34863604, 35126985, 35390402, 35667432, 36171833, 36449371, 36713574, 36978963, 37244575, 37510509, 37776866, 38043712, 38311209, 38579522, 38848890, 39119544, 39391790, 39665948, 39942251, 40220840, 40501564, 40783825, 41066715, 41349269, 41630972, 41911638, 42191580, 42471156, 42751023, 43031606, 43313248, 43595973, 43879308, 44162342, 44443966, 44723441, 45000513, 45275239, 45547932, 45818889, 46088434, 46356826, 46624326, 46891152, 47157441, 47423281, 47688815, 47954064, 48218191, 48495596, 48999694, 49276483, 49538724, 49815414, 50319091, 50596122, 50859745, 51124601, 51388882, 51666927, 52157666, 52429435, 52695527, 52973851, 53480050, 53757688, 54021969, 54287257, 54552677, 54818316, 55084258, 55350539, 55617249, 55884496, 56152444, 56421266, 56691129, 56962269, 57234969, 57509425, 57785848, 58064226, 58344341, 58625682, 58907515, 59189095, 59470036, 59750171, 60029806, 60309221, 60588914, 60869243, 61150613, 61433289, 61717159, 62001756, 62286310, 62569972, 62852115, 63132470, 63409563, 63694121, 63978638, 64255493, 64535397, 64816800, 65099299, 65382053, 65664107, 65944610, 66223085, 66499405, 66773721]
  m=[1, 1, 1, 1, 1, 1, 1, 1, 1, 1, 1, 1, 2, 2, 1, 1, 1, 1, 1, 1, 1, 1, 1, 1, 1, 1, 1, 1, 1, 1, 1, 1, 1, 1, 1, 1, 1, 1, 1, 1, 1, 1, 1, 1, 1, 1, 2, 2, 1, 1, 1, 1, 1, 1, 1, 1, 1, 1, 1, 1, 1, 1, 1, 1, 1, 1, 1, 1, 1, 1, 1, 1, 1, 1, 1, 1, 1, 1, 1, 1, 1, 1, 1, 1, 1, 1, 1, 1, 1, 1, 1, 1, 1, 1, 1, 1, 1, 1, 1, 1, 1, 1, 1, 1, 1, 1, 1, 1, 1, 1, 1, 1, 1, 1, 1, 1, 1, 2, 2, 1, 1, 1, 1, 2, 2, 1, 1, 1, 2, 2, 1, 1, 1, 1, 1, 1, 1, 1, 1, 1, 1, 1, 1, 1, 1, 1, 1, 1, 1, 1, 1, 1, 1, 1, 1, 1, 1, 1, 1, 1, 1, 1, 1, 1, 1, 1, 1, 1, 1, 1, 1, 1, 1, 1, 2, 2, 1, 1, 2, 2, 1, 1, 1, 1, 2, 1, 1, 1, 2, 2, 1, 1, 1, 1, 1, 1, 1, 1, 1, 1, 1, 1, 1, 1, 1, 1, 1, 1, 1, 1, 1, 1, 1, 1, 1, 1, 1, 1, 1, 1, 1, 1, 1, 1, 1, 1, 2, 1, 1, 1, 1, 1, 1, 1, 1, 1, 1, 1]
w=5501569868574607360/18889465931478623149863 [cg] doubles=22 n=234
  xk(2^-20 units)=[103759, 392630, 682169, 970916, 1257773, 1542173, 1822654, 2109425, 2396207, 2676724, 2961173, 3248063, 3536811, 3826293, 4115049, 4401961, 4686413, 4966961, 5253761, 5540552, 5821072, 6105532, 6392476, 6681314, 6970943, 7259903, 7547045, 7831721, 8112456, 8399369, 8686264, 8966989, 9251669, 9538882, 9828002, 10117912, 10407131, 10694495, 10979370, 11260286, 11547325, 11834404, 12115466, 12400607, 12688299, 12977865, 13268096, 13557473, 13844897, 14129815, 14410822, 14697984, 14985404, 15267146, 15553284, 15842109, 16132646, 16423222, 16712140, 16998373, 17280245, 17567746, 17855048, 18136307, 18421594, 18709462, 18999329, 19290068, 19580094, 19868181, 20153678, 20435114, 20722510, 21010069, 21292006, 21578349, 21867452, 22158340, 22449318, 22738616, 23025187, 23307309, 23594953, 23882388, 24163833, 24449340, 24737445, 25027590, 25318606, 25608888, 25897185, 26182881, 26464466, 26751953, 27039618, 27321718, 27608258, 27897574, 28188691, 28479867, 28769322, 29055997, 29338230, 29625941, 29913453, 30195040, 30480708, 30769000, 31059319, 31350482, 31640869, 31929250, 32214996, 32496647, 32784178, 33071899, 33354121, 33640802, 33930259, 34221491, 34512734, 34802222, 35088917, 35371142, 35658875, 35946434, 36228092, 36513871, 36802282, 37092701, 37383905, 37674275, 37962614, 38248328, 38529947, 38817476, 39105232, 39387513, 39674289, 39963853, 40255139, 40546353, 40835761, 41122370, 41404538, 41692241, 41979804, 42261522, 42547363, 42835858, 43126338, 43417514, 43707759, 43995933, 44281490, 44563014, 44850520, 45138303, 45420712, 45707602, 45997277, 46288551, 46579570, 46868672, 47154991, 47436937, 47724585, 48012226, 48294236, 48580626, 48869777, 49160771, 49451895, 49741347, 50028025, 50310237, 50597916, 50885362, 51166804, 51452291, 51740364, 52030445, 52321345, 52611457, 52899580, 53185098, 53466520, 53753925, 54041460, 54323382, 54609667, 54898676, 55189396, 55480136, 55769174, 56055506, 56337410, 56624910, 56912140, 57193240, 57478270, 57765822, 58055357, 58345782, 58635555, 58923446, 59208781, 59489985, 59777172, 60064281, 60345320, 60630341, 60917871, 61207271, 61497363, 61786644, 62074007, 62358818, 62639648, 62926614, 63213606, 63494482, 63779323, 64066648, 64355784, 64645553, 64934491, 65221513, 65506028, 65786613, 66073441, 66360306, 66640968, 66925564]
  m=[1, 1, 1, 1, 1, 1, 1, 2, 1, 1, 1, 1, 1, 1, 1, 1, 1, 1, 2, 1, 1, 1, 1, 1, 1, 1, 1, 1, 1, 2, 1, 1, 1, 1, 1, 1, 1, 1, 1, 1, 2, 1, 1, 1, 1, 1, 1, 1, 1, 1, 1, 2, 1, 1, 1, 1, 1, 1, 1, 1, 1, 2, 1, 1, 1, 1, 1, 1, 1, 1, 1, 1, 2, 1, 1, 1, 1, 1, 1, 1, 1, 1, 2, 1, 1, 1, 1, 1, 1, 1, 1, 1, 1, 2, 1, 1, 1, 1, 1, 1, 1, 1, 1, 2, 1, 1, 1, 1, 1, 1, 1, 1, 1, 1, 2, 1, 1, 1, 1, 1, 1, 1, 1, 1, 2, 1, 1, 1, 1, 1, 1, 1, 1, 1, 1, 2, 1, 1, 1, 1, 1, 1, 1, 1, 1, 2, 1, 1, 1, 1, 1, 1, 1, 1, 1, 1, 2, 1, 1, 1, 1, 1, 1, 1, 1, 1, 2, 1, 1, 1, 1, 1, 1, 1, 1, 1, 2, 1, 1, 1, 1, 1, 1, 1, 1, 1, 1, 2, 1, 1, 1, 1, 1, 1, 1, 1, 1, 2, 1, 1, 1, 1, 1, 1, 1, 1, 1, 1, 2, 1, 1, 1, 1, 1, 1, 1, 1, 1, 1, 2, 1, 1, 1, 1, 1, 1, 1, 1, 1, 1, 2, 1, 1, 1]
w=84667149026266923008/18889465931478623149863 [cg] doubles=43 n=213
  xk(2^-20 units)=[237768, 510469, 777003, 1053798, 1335724, 1811812, 2083404, 2361397, 2643810, 3118438, 3391257, 3658869, 3925081, 4189508, 4465369, 4747105, 5218082, 5490890, 5758865, 6025738, 6292432, 6559596, 6828034, 7101757, 7573634, 7847084, 8115110, 8380559, 8658452, 9165679, 9444350, 9714384, 10204367, 10481748, 10744530, 11021561, 11528827, 11808162, 12079578, 12554598, 12836469, 13113623, 13383932, 13876279, 14154545, 14419749, 14686512, 14954670, 15228178, 15699676, 15973174, 16241244, 16507789, 16773642, 17038222, 17316151, 17806334, 18076340, 18354913, 18861132, 19138523, 19402973, 19669322, 19937252, 20210656, 20681528, 20954960, 21223001, 21489524, 21755257, 22019790, 22297670, 22787514, 23058615, 23323987, 23601678, 24107782, 24385506, 24650901, 24922035, 25411800, 25689725, 25954298, 26220026, 26486551, 26754736, 27028276, 27499058, 27772605, 28040636, 28307147, 28572887, 28837510, 29115493, 29607150, 29877223, 30154272, 30435815, 30912789, 31197068, 31706381, 31984240, 32249153, 32515733, 32783793, 33057202, 33528841, 33802147, 34068989, 34347443, 34854400, 35131936, 35396491, 35662863, 35930737, 36204054, 36674642, 36948115, 37216140, 37482677, 37747406, 38025028, 38532290, 38811596, 39082840, 39553857, 39835257, 40110783, 40374746, 40640248, 40906608, 41174551, 41447979, 41917746, 42191141, 42459038, 42725436, 42989958, 43267424, 43773807, 44052370, 44322305, 44811658, 45089385, 45353540, 45618788, 45884393, 46150801, 46418847, 46692328, 47162664, 47436175, 47704231, 47970635, 48236207, 48501492, 48765799, 49043621, 49534432, 49804647, 50081832, 50363793, 50840033, 51111640, 51389626, 51671926, 52149632, 52421354, 52699421, 52981725, 53459260, 53731003, 54009059, 54291378, 54769261, 55040993, 55319073, 55601476, 56077821, 56350696, 56617400, 56894261, 57176221, 57652336, 57923950, 58201943, 58484260, 58962164, 59233886, 59511942, 59794411, 60270557, 60543472, 60810095, 61086824, 61368448, 61846943, 62129704, 62412671, 62892151, 63164034, 63442188, 63724651, 64201112, 64474047, 64740751, 65017638, 65299671, 65774248, 66047077, 66313637, 66590450, 66872478]
  m=[1, 1, 1, 2, 1, 1, 1, 2, 1, 1, 1, 1, 1, 1, 2, 1, 1, 1, 1, 1, 1, 1, 1, 1, 1, 1, 1, 1, 2, 2, 1, 1, 2, 1, 1, 2, 2, 1, 1, 1, 2, 1, 1, 2, 1, 1, 1, 1, 1, 1, 1, 1, 1, 1, 1, 2, 1, 1, 2, 2, 1, 1, 1, 1, 1, 1, 1, 1, 1, 1, 1, 2, 1, 1, 1, 2, 2, 1, 1, 1, 2, 1, 1, 1, 1, 1, 1, 1, 1, 1, 1, 1, 1, 2, 1, 1, 2, 1, 1, 2, 2, 1, 1, 1, 1, 1, 1, 1, 1, 2, 2, 1, 1, 1, 1, 1, 1, 1, 1, 1, 1, 2, 2, 1, 1, 1, 2, 1, 1, 1, 1, 1, 1, 1, 1, 1, 1, 1, 2, 2, 1, 1, 2, 1, 1, 1, 1, 1, 1, 1, 1, 1, 1, 1, 1, 1, 1, 2, 1, 1, 2, 1, 1, 1, 2, 1, 1, 1, 2, 1, 1, 1, 2, 1, 1, 1, 2, 1, 1, 1, 1, 2, 1, 1, 1, 2, 1, 1, 1, 2, 1, 1, 1, 1, 2, 1, 1, 2, 1, 1, 1, 2, 1, 1, 1, 1, 2, 1, 1, 1, 1, 2, 1]
w=134038940654709604352/18889465931478623149863 [cg] doubles=18 n=238
  xk(2^-20 units)=[67051583, 213908, 483890, 752884, 1021096, 1288729, 1555871, 1822653, 2089125, 2355365, 2621433, 2886424, 3164597, 3670999, 3949224, 4214319, 4480568, 4747073, 5013929, 5281217, 5549079, 5817550, 6086818, 6357019, 6628272, 6900754, 7174484, 7449464, 7725474, 8002174, 8279036, 8555474, 8831033, 9105443, 9378582, 9650486, 9921253, 10191028, 10459946, 10728164, 10995823, 11262970, 11529761, 11796205, 12062448, 12327563, 12605792, 13112248, 13390441, 13655425, 13921535, 14187777, 14454249, 14720981, 14988041, 15255435, 15523228, 15791554, 16060427, 16329999, 16600340, 16871568, 17143766, 17416948, 17691090, 17966056, 18241625, 18517515, 18793370, 19068932, 19343981, 19618399, 19892165, 20165368, 20438088, 20710472, 20982745, 21255031, 21527578, 21800514, 22074107, 22348519, 22623873, 22900288, 23177745, 23456127, 23735193, 24014594, 24293986, 24573106, 24851789, 25130058, 25408001, 25685801, 25963752, 26242017, 26520857, 26800258, 27080111, 27360060, 27639575, 27918165, 28195421, 28471115, 28745224, 29017831, 29289104, 29559197, 29828287, 30096552, 30364137, 30631145, 30897699, 31163838, 31429630, 31695196, 31959565, 32237189, 32741869, 33019026, 33282581, 33547018, 33810452, 34087472, 34591350, 34868267, 35131689, 35395144, 35672193, 36176710, 36454257, 36718517, 36983950, 37249621, 37515633, 37782082, 38049063, 38316722, 38585252, 38854899, 39125898, 39398565, 39673211, 39950084, 40229276, 40510546, 40793186, 41076210, 41358695, 41640221, 41920704, 42200517, 42480075, 42760037, 43040830, 43322759, 43605741, 43889207, 44172135, 44453458, 44732514, 45009139, 45283451, 45555781, 45826428, 46095728, 46363913, 46631251, 46897957, 47164140, 47429916, 47695386, 47960594, 48224685, 48502049, 49006101, 49282858, 49545086, 49821737, 50325422, 50602421, 50866051, 51130883, 51395168, 51673193, 52163919, 52435663, 52701765, 52980067, 53486318, 53763954, 54028256, 54293579, 54559016, 54824707, 55090683, 55357037, 55623819, 55891169, 56159245, 56428228, 56698298, 56969691, 57242692, 57517502, 57794300, 58073038, 58353442, 58634938, 58916772, 59198234, 59478984, 59758918, 60038349, 60317605, 60597146, 60877350, 61158582, 61441087, 61724728, 62009023, 62293213, 62576488, 62858275, 63138313, 63415181, 63699587, 63983958, 64260647, 64540358, 64821586, 65103926, 65386612, 65668696, 65949306, 66227930, 66504411, 66778873]
  m=[1, 1, 1, 1, 1, 1, 1, 1, 1, 1, 1, 1, 2, 2, 1, 1, 1, 1, 1, 1, 1, 1, 1, 1, 1, 1, 1, 1, 1, 1, 1, 1, 1, 1, 1, 1, 1, 1, 1, 1, 1, 1, 1, 1, 1, 1, 2, 2, 1, 1, 1, 1, 1, 1, 1, 1, 1, 1, 1, 1, 1, 1, 1, 1, 1, 1, 1, 1, 1, 1, 1, 1, 1, 1, 1, 1, 1, 1, 1, 1, 1, 1, 1, 1, 1, 1, 1, 1, 1, 1, 1, 1, 1, 1, 1, 1, 1, 1, 1, 1, 1, 1, 1, 1, 1, 1, 1, 1, 1, 1, 1, 1, 1, 1, 1, 1, 1, 2, 2, 1, 1, 1, 1, 2, 2, 1, 1, 1, 2, 2, 1, 1, 1, 1, 1, 1, 1, 1, 1, 1, 1, 1, 1, 1, 1, 1, 1, 1, 1, 1, 1, 1, 1, 1, 1, 1, 1, 1, 1, 1, 1, 1, 1, 1, 1, 1, 1, 1, 1, 1, 1, 1, 1, 1, 2, 2, 1, 1, 2, 2, 1, 1, 1, 1, 2, 1, 1, 1, 2, 2, 1, 1, 1, 1, 1, 1, 1, 1, 1, 1, 1, 1, 1, 1, 1, 1, 1, 1, 1, 1, 1, 1, 1, 1, 1, 1, 1, 1, 1, 1, 1, 1, 1, 1, 1, 1, 2, 1, 1, 1, 1, 1, 1, 1, 1, 1, 1, 1]
w=79922405375183355904/6296488643826207716621 [cg] doubles=42 n=214
  xk(2^-20 units)=[5247, 283339, 774785, 1046183, 1311884, 1589863, 2097789, 2380966, 2872861, 3150414, 3414481, 3679632, 3945209, 4211563, 4479523, 4752991, 5222883, 5496523, 5764929, 6031933, 6298347, 6564756, 6831741, 7100144, 7373742, 7843327, 8116831, 8384869, 8651304, 8915875, 9191759, 9473275, 9945691, 10216808, 10495888, 11001952, 11278634, 11540880, 11817619, 12324422, 12603635, 12875026, 13351015, 13633421, 13915089, 14409148, 14687285, 14952361, 15219042, 15487115, 15760611, 16232546, 16506154, 16774340, 17041146, 17306318, 17584558, 18076103, 18346326, 18625034, 19132006, 19409868, 19675437, 19946799, 20437915, 20716086, 20981209, 21248108, 21519597, 22010612, 22288815, 22553756, 22820063, 23087594, 23360173, 23830904, 24112627, 24388533, 24653038, 24919438, 25187421, 25460893, 25930962, 26204409, 26472392, 26738705, 27004168, 27269272, 27533371, 27811071, 28301260, 28571372, 28850006, 29356848, 29634663, 29900154, 30171371, 30661193, 30939143, 31203698, 31469448, 31735845, 32003897, 32277327, 32748521, 33021978, 33289968, 33556316, 33820912, 34098443, 34605906, 34889098, 35380959, 35658559, 35922796, 36188225, 36454328, 36721859, 36994566, 37469317, 37751763, 38029686, 38301219, 38777118, 39058976, 39335681, 39602163, 39874754, 40349056, 40631145, 40908527, 41179045, 41672496, 41951140, 42217368, 42488979, 42979247, 43257123, 43521441, 43786649, 44052274, 44318720, 44586751, 44860223, 45330491, 45603930, 45871909, 46138358, 46402887, 46678800, 46960528, 47431726, 47704275, 47971807, 48238093, 48502991, 48781090, 49272862, 49543191, 49822054, 50330341, 50609240, 50879736, 51372726, 51651322, 51917493, 52189103, 52680047, 52958063, 53222782, 53488681, 53755234, 54023314, 54296790, 54768004, 55041402, 55308385, 55586945, 56094394, 56372382, 56637871, 56905885, 57179238, 57649843, 57923233, 58191145, 58457397, 58722814, 58987786, 59251653, 59528943, 60037192, 60321347, 60797863, 61079454, 61356503, 61626738, 62119137, 62397385, 62662590, 62929303, 63197456, 63470958, 63941920, 64215406, 64483435, 64749936, 65014537, 65290472, 65572150, 66042788, 66315357, 66582875, 66849172]
  m=[1, 2, 1, 1, 1, 2, 2, 1, 2, 1, 1, 1, 1, 1, 1, 1, 1, 1, 1, 1, 1, 1, 1, 1, 1, 1, 1, 1, 1, 1, 2, 1, 1, 1, 2, 2, 1, 1, 2, 2, 1, 1, 1, 2, 1, 2, 1, 1, 1, 1, 1, 1, 1, 1, 1, 1, 2, 1, 1, 2, 2, 1, 1, 1, 2, 1, 1, 1, 1, 2, 1, 1, 1, 1, 1, 1, 2, 1, 1, 1, 1, 1, 1, 1, 1, 1, 1, 1, 1, 2, 1, 1, 2, 2, 1, 1, 1, 2, 1, 1, 1, 1, 1, 1, 1, 1, 1, 1, 1, 2, 2, 1, 2, 1, 1, 1, 1, 1, 1, 1, 2, 1, 1, 1, 2, 1, 1, 1, 1, 2, 1, 1, 2, 1, 1, 1, 2, 1, 1, 1, 1, 1, 1, 1, 1, 1, 1, 1, 1, 2, 1, 1, 1, 1, 1, 1, 2, 1, 1, 2, 2, 1, 1, 2, 1, 1, 1, 2, 1, 1, 1, 1, 1, 1, 1, 1, 1, 2, 2, 1, 1, 1, 1, 1, 1, 1, 1, 1, 1, 1, 2, 2, 1, 1, 2, 1, 1, 2, 1, 1, 1, 1, 1, 1, 1, 1, 1, 1, 2, 1, 1, 1, 1, 1]
w=12801687511170269184/6296488643826207716621 [cg] doubles=20 n=236
  xk(2^-20 units)=[87576, 373977, 653927, 937722, 1223794, 1511563, 1799958, 2087687, 2373682, 2657395, 2937275, 3223619, 3509770, 3789128, 4071932, 4356793, 4643388, 4931037, 5218692, 5505308, 5790125, 6072798, 6351938, 6637869, 6923741, 7202763, 7485235, 7769726, 8055884, 8342993, 8630032, 8916001, 9200221, 9482394, 9761126, 10046798, 10332458, 10611166, 10893292, 11177442, 11463310, 11750205, 12037131, 12323095, 12607382, 12889660, 13168520, 13454292, 13740085, 14019019, 14301476, 14586041, 14872420, 15159889, 15447410, 15733937, 16018769, 16301537, 16580879, 16867016, 17153314, 17433134, 17716776, 18002750, 18290512, 18579044, 18867039, 19153379, 19437452, 19717687, 20004255, 20290670, 20570455, 20853794, 21139332, 21426748, 21715300, 22003875, 22291357, 22576968, 22860418, 23140294, 23426780, 23713475, 23993947, 24278367, 24565188, 24853702, 25142735, 25430927, 25717263, 26001237, 26281425, 26568012, 26854628, 27134852, 27418874, 27705202, 27993244, 28281926, 28569906, 28856125, 29139961, 29419932, 29706295, 29992459, 30271800, 30554550, 30839282, 31125662, 31412989, 31700238, 31986392, 32270754, 32552960, 32831632, 33117196, 33402600, 33680777, 33962115, 34245202, 34529807, 34815376, 35101132, 35386246, 35670069, 35952267, 36232748, 36510137, 36795039, 37080090, 37357986, 37639257, 37922483, 38207302, 38493073, 38778882, 39063827, 39347248, 39628808, 39907072, 40192480, 40477916, 40756309, 41038119, 41321948, 41607568, 41894360, 42181370, 42467574, 42752179, 43034767, 43313895, 43599829, 43885802, 44165000, 44447751, 44732652, 45019362, 45307127, 45594887, 45881570, 46166491, 46449337, 46728724, 47014889, 47301243, 47581167, 47864901, 48150911, 48438592, 48726851, 49014402, 49300204, 49583722, 49863450, 50149693, 50435751, 50714998, 50997653, 51282356, 51568731, 51856097, 52143416, 52429672, 52714124, 52996494, 53275338, 53561065, 53846762, 54125519, 54407648, 54691764, 54977496, 55264146, 55550728, 55836277, 56120124, 56401970, 56680409, 56965879, 57251326, 57529686, 57811409, 58095108, 58380508, 58666982, 58953586, 59239327, 59523473, 59805622, 60084351, 60370015, 60655659, 60934331, 61216414, 61500552, 61786496, 62073608, 62360926, 62647401, 62932239, 63215027, 63494317, 63780353, 64066401, 64345702, 64628575, 64913586, 65200416, 65488279, 65776120, 66062877, 66347881, 66630784, 66910236]
  m=[2, 1, 1, 1, 1, 1, 1, 1, 1, 1, 1, 2, 1, 1, 1, 1, 1, 1, 1, 1, 1, 1, 1, 2, 1, 1, 1, 1, 1, 1, 1, 1, 1, 1, 1, 2, 1, 1, 1, 1, 1, 1, 1, 1, 1, 1, 1, 2, 1, 1, 1, 1, 1, 1, 1, 1, 1, 1, 1, 2, 1, 1, 1, 1, 1, 1, 1, 1, 1, 1, 2, 1, 1, 1, 1, 1, 1, 1, 1, 1, 1, 1, 2, 1, 1, 1, 1, 1, 1, 1, 1, 1, 1, 2, 1, 1, 1, 1, 1, 1, 1, 1, 1, 1, 2, 1, 1, 1, 1, 1, 1, 1, 1, 1, 1, 1, 2, 1, 1, 1, 1, 1, 1, 1, 1, 1, 1, 1, 1, 2, 1, 1, 1, 1, 1, 1, 1, 1, 1, 1, 1, 2, 1, 1, 1, 1, 1, 1, 1, 1, 1, 1, 1, 2, 1, 1, 1, 1, 1, 1, 1, 1, 1, 1, 1, 2, 1, 1, 1, 1, 1, 1, 1, 1, 1, 1, 2, 1, 1, 1, 1, 1, 1, 1, 1, 1, 1, 1, 2, 1, 1, 1, 1, 1, 1, 1, 1, 1, 1, 1, 2, 1, 1, 1, 1, 1, 1, 1, 1, 1, 1, 1, 2, 1, 1, 1, 1, 1, 1, 1, 1, 1, 1, 1, 2, 1, 1, 1, 1, 1, 1, 1, 1, 1, 1, 1]
w=3160592566065186816/6296488643826207716621 [cg] doubles=40 n=216
  xk(2^-20 units)=[234539, 516508, 793301, 1059815, 1332462, 1805443, 2087200, 2363382, 2628535, 2896145, 3168823, 3642399, 3924384, 4201184, 4467736, 4740404, 5213647, 5495393, 5771583, 6036723, 6304289, 6576935, 7050378, 7332391, 7609223, 7875839, 8148625, 8623147, 8905116, 9181909, 9448423, 9721070, 10194051, 10475808, 10751990, 11017143, 11284753, 11557431, 12031007, 12312992, 12589792, 12856344, 13129012, 13602255, 13884001, 14160191, 14425331, 14692897, 14965543, 15438986, 15720999, 15997830, 16264447, 16537233, 17011755, 17293724, 17570517, 17837031, 18109678, 18582659, 18864416, 19140598, 19405751, 19673361, 19946039, 20419615, 20701600, 20978400, 21244952, 21517620, 21990863, 22272609, 22548799, 22813939, 23081505, 23354151, 23827594, 24109607, 24386439, 24653055, 24925841, 25400363, 25682332, 25959125, 26225639, 26498286, 26971267, 27253024, 27529206, 27794359, 28061969, 28334647, 28808223, 29090208, 29367008, 29633560, 29906228, 30379471, 30661217, 30937407, 31202547, 31470113, 31742759, 32216202, 32498215, 32775047, 33041663, 33314449, 33788971, 34070940, 34347733, 34614247, 34886894, 35359875, 35641632, 35917814, 36182967, 36450577, 36723255, 37196831, 37478816, 37755616, 38022168, 38294836, 38768079, 39049825, 39326015, 39591155, 39858721, 40131367, 40604810, 40886823, 41163655, 41430271, 41703057, 42177579, 42459548, 42736341, 43002855, 43275502, 43748483, 44030240, 44306422, 44571575, 44839185, 45111863, 45585439, 45867424, 46144224, 46410776, 46683444, 47156687, 47438433, 47714623, 47979763, 48247329, 48519975, 48993418, 49275431, 49552263, 49818879, 50091665, 50566187, 50848156, 51124949, 51391463, 51664110, 52137091, 52418848, 52695030, 52960183, 53227793, 53500471, 53974047, 54256032, 54532832, 54799384, 55072052, 55545295, 55827041, 56103231, 56368371, 56635937, 56908583, 57382026, 57664039, 57940871, 58207487, 58480273, 58954795, 59236764, 59513557, 59780071, 60052718, 60525699, 60807456, 61083638, 61348791, 61616401, 61889079, 62362655, 62644640, 62921440, 63187992, 63460660, 63933903, 64215649, 64491839, 64756979, 65024545, 65297191, 65770634, 66052647, 66329479, 66596095, 66868881]
  m=[1, 2, 1, 1, 1, 1, 2, 1, 1, 1, 1, 1, 2, 1, 1, 1, 1, 2, 1, 1, 1, 1, 1, 2, 1, 1, 1, 1, 2, 1, 1, 1, 1, 2, 1, 1, 1, 1, 1, 2, 1, 1, 1, 1, 2, 1, 1, 1, 1, 1, 2, 1, 1, 1, 1, 2, 1, 1, 1, 1, 2, 1, 1, 1, 1, 1, 2, 1, 1, 1, 1, 2, 1, 1, 1, 1, 1, 2, 1, 1, 1, 1, 2, 1, 1, 1, 1, 2, 1, 1, 1, 1, 1, 2, 1, 1, 1, 1, 2, 1, 1, 1, 1, 1, 2, 1, 1, 1, 1, 2, 1, 1, 1, 1, 2, 1, 1, 1, 1, 1, 2, 1, 1, 1, 1, 2, 1, 1, 1, 1, 1, 2, 1, 1, 1, 1, 2, 1, 1, 1, 1, 2, 1, 1, 1, 1, 1, 2, 1, 1, 1, 1, 2, 1, 1, 1, 1, 1, 2, 1, 1, 1, 1, 2, 1, 1, 1, 1, 2, 1, 1, 1, 1, 1, 2, 1, 1, 1, 1, 2, 1, 1, 1, 1, 1, 2, 1, 1, 1, 1, 2, 1, 1, 1, 1, 2, 1, 1, 1, 1, 1, 2, 1, 1, 1, 1, 2, 1, 1, 1, 1, 1, 2, 1, 1, 1]
w=4167156116213848064/18889465931478623149863 [cg] doubles=17 n=239
  xk(2^-20 units)=[214455, 482675, 750402, 1017738, 1284700, 1551354, 1817726, 2083837, 2349743, 2615484, 2880172, 3158103, 3663777, 3941649, 4206248, 4471875, 4737624, 5003547, 5269660, 5536049, 5802639, 6069561, 6336815, 6604458, 6872590, 7141227, 7410521, 7680461, 7951195, 8222700, 8494970, 8767983, 9041559, 9315513, 9589592, 9863535, 10137133, 10410203, 10682668, 10954474, 11225641, 11496251, 11766349, 12036071, 12305525, 12574839, 12844122, 13113554, 13383243, 13653371, 13924104, 14195653, 14468192, 14741844, 15016734, 15292805, 15569850, 15847434, 16124981, 16401882, 16677659, 16952059, 17225021, 17496597, 17766907, 18036186, 18304556, 18572171, 18839193, 19105706, 19371801, 19637551, 19902971, 20168101, 20433014, 20697749, 20961432, 21238589, 21742823, 22019989, 22283898, 22548101, 22826055, 23315891, 23587357, 23854121, 24118879, 24396462, 24901935, 25179363, 25443607, 25709356, 25976180, 26247681, 26737625, 27015607, 27279864, 27544735, 27808441, 28085569, 28589733, 28866975, 29130823, 29395738, 29660871, 29926282, 30191972, 30458047, 30724492, 30991409, 31258839, 31526943, 31795829, 32065599, 32336460, 32608469, 32881760, 33156250, 33431806, 33708118, 33984713, 34261112, 34536883, 34811738, 35085583, 35358384, 35630284, 35901362, 36171807, 36441780, 36711445, 36980953, 37250484, 37520187, 37790267, 38060891, 38332287, 38604652, 38878184, 39153073, 39429411, 39707222, 39986333, 40266398, 40546913, 40827380, 41107462, 41387067, 41666276, 41945283, 42224460, 42504033, 42784303, 43065321, 43346799, 43628236, 43908901, 44188151, 44465595, 44741079, 45014731, 45286713, 45557242, 45826624, 46095021, 46362624, 46629592, 46896114, 47162211, 47427941, 47693417, 47958620, 48222708, 48500069, 49004133, 49280932, 49543203, 49819922, 50323812, 50600850, 50864534, 51129401, 51393714, 51671791, 52162486, 52434249, 52700400, 52978733, 53485151, 53762825, 54027174, 54292547, 54558067, 54823819, 55089892, 55356395, 55623381, 55890988, 56159398, 56428762, 56699254, 56971061, 57244362, 57519216, 57795571, 58073104, 58351293, 58629466, 58906977, 59183352, 59458386, 59732051, 60004533, 60275958, 60546573, 60816523, 61086046, 61355292, 61624405, 61893528, 62162783, 62432302, 62702190, 62972520, 63243379, 63514852, 63786959, 64059683, 64332927, 64606560, 64880362, 65154106, 65427556, 65700495, 65972773, 66244347, 66515142, 66785192, 67054566]
  m=[1, 1, 1, 1, 1, 1, 1, 1, 1, 1, 1, 2, 2, 1, 1, 1, 1, 1, 1, 1, 1, 1, 1, 1, 1, 1, 1, 1, 1, 1, 1, 1, 1, 1, 1, 1, 1, 1, 1, 1, 1, 1, 1, 1, 1, 1, 1, 1, 1, 1, 1, 1, 1, 1, 1, 1, 1, 1, 1, 1, 1, 1, 1, 1, 1, 1, 1, 1, 1, 1, 1, 1, 1, 1, 1, 1, 1, 2, 2, 1, 1, 1, 2, 1, 1, 1, 1, 2, 2, 1, 1, 1, 1, 1, 2, 1, 1, 1, 1, 2, 2, 1, 1, 1, 1, 1, 1, 1, 1, 1, 1, 1, 1, 1, 1, 1, 1, 1, 1, 1, 1, 1, 1, 1, 1, 1, 1, 1, 1, 1, 1, 1, 1, 1, 1, 1, 1, 1, 1, 1, 1, 1, 1, 1, 1, 1, 1, 1, 1, 1, 1, 1, 1, 1, 1, 1, 1, 1, 1, 1, 1, 1, 1, 1, 1, 1, 1, 1, 1, 1, 1, 1, 1, 2, 2, 1, 1, 2, 2, 1, 1, 1, 1, 2, 1, 1, 1, 2, 2, 1, 1, 1, 1, 1, 1, 1, 1, 1, 1, 1, 1, 1, 1, 1, 1, 1, 1, 1, 1, 1, 1, 1, 1, 1, 1, 1, 1, 1, 1, 1, 1, 1, 1, 1, 1, 1, 1, 1, 1, 1, 1, 1, 1, 1, 1, 1, 1, 1, 1]
w=6740553596867452928/6296488643826207716621 [cg] doubles=45 n=211
  xk(2^-20 units)=[13690, 522074, 800084, 1065630, 1333683, 1607184, 2079346, 2352824, 2620849, 2887270, 3152923, 3417305, 3695011, 4187020, 4470247, 4977666, 5255233, 5519827, 5786199, 6054167, 6327559, 6800144, 7073680, 7340675, 7617757, 7899924, 8373908, 8646658, 8914352, 9180783, 9445764, 9723982, 10214802, 10486286, 10753214, 11018369, 11296525, 11789152, 12059417, 12336526, 12618141, 13095285, 13379553, 13888838, 14166702, 14431635, 14698223, 14966318, 15239768, 15711978, 15985460, 16252599, 16531299, 17039911, 17318595, 17585689, 17859162, 18331795, 18605270, 18873476, 19140121, 19405130, 19683176, 20175992, 20459173, 20966716, 21244327, 21508983, 21775422, 22043424, 22316790, 22789058, 23062484, 23329501, 23608051, 24115618, 24393511, 24658945, 24926887, 25200256, 25672345, 25945915, 26214065, 26480799, 26745837, 27023912, 27516897, 27800259, 28308497, 28586509, 28852093, 29120173, 29393684, 29867480, 30141061, 30409346, 30675279, 30953739, 31447870, 31731348, 32239995, 32518079, 32783648, 33051716, 33325246, 33796874, 34070352, 34338381, 34604831, 34869399, 35145322, 35426998, 35898134, 36170647, 36438115, 36704318, 36969088, 37247001, 37741068, 38024492, 38533724, 38812697, 39083021, 39574340, 39852274, 40116745, 40382325, 40648532, 40916103, 41188768, 41662238, 41944348, 42221578, 42491809, 42983185, 43261217, 43525916, 43791835, 44058373, 44326540, 44600139, 45071186, 45344740, 45612965, 45879703, 46144877, 46423015, 46917116, 47198875, 47481493, 47956325, 48228984, 48496526, 48761733, 49039504, 49546377, 49824537, 50090896, 50363242, 50835522, 51117187, 51393294, 51658360, 51925970, 52198592, 52672487, 52954567, 53231920, 53502445, 53995692, 54274356, 54540570, 54812142, 55302463, 55580325, 55844660, 56109934, 56375581, 56642076, 56910111, 57183599, 57654326, 57927800, 58195818, 58461310, 58739290, 59246732, 59525282, 59792242, 60065646, 60537951, 60811481, 61079665, 61346347, 61611386, 61889450, 62382012, 62665230, 63172700, 63450271, 63714867, 63981274, 64249278, 64522683, 64994984, 65268499, 65536639, 65803274, 66068253, 66346283, 66839225]
  m=[2, 2, 1, 1, 1, 1, 1, 1, 1, 1, 1, 1, 2, 1, 2, 2, 1, 1, 1, 1, 1, 1, 1, 1, 2, 1, 1, 1, 1, 1, 1, 2, 1, 1, 1, 1, 2, 1, 1, 2, 1, 1, 2, 2, 1, 1, 1, 1, 1, 1, 1, 1, 2, 2, 1, 1, 1, 1, 1, 1, 1, 1, 2, 1, 2, 2, 1, 1, 1, 1, 1, 1, 1, 1, 2, 2, 1, 1, 1, 1, 1, 1, 1, 1, 1, 2, 1, 2, 2, 1, 1, 1, 1, 1, 1, 1, 1, 2, 1, 2, 2, 1, 1, 1, 1, 1, 1, 1, 1, 1, 2, 1, 1, 1, 1, 1, 1, 2, 1, 2, 2, 1, 1, 2, 1, 1, 1, 1, 1, 1, 1, 2, 1, 1, 2, 1, 1, 1, 1, 1, 1, 1, 1, 1, 1, 1, 2, 1, 2, 1, 1, 1, 1, 1, 2, 2, 1, 1, 1, 1, 2, 1, 1, 1, 1, 1, 2, 1, 1, 2, 1, 1, 1, 2, 1, 1, 1, 1, 1, 1, 1, 1, 1, 1, 1, 2, 2, 1, 1, 1, 1, 1, 1, 1, 1, 2, 1, 2, 2, 1, 1, 1, 1, 1, 1, 1, 1, 1, 1, 2, 1]
w=38300885528588050432/18889465931478623149863 [cg] doubles=33 n=223
  xk(2^-20 units)=[67093992, 248669, 512066, 788938, 1295483, 1578520, 2069484, 2346945, 2610828, 2875642, 3140710, 3406232, 3672637, 3940682, 4214180, 4683545, 4957032, 5225085, 5491493, 5756973, 6021938, 6285645, 6561158, 6842733, 7311533, 7584027, 7851518, 8117730, 8383352, 8647998, 8925984, 9416708, 9688043, 9953722, 10231724, 10740168, 11023624, 11518493, 11797055, 12063130, 12331536, 12605178, 13077930, 13351362, 13618426, 13897008, 14404769, 14682800, 14948385, 15216468, 15490007, 15961217, 16234800, 16502940, 16769480, 17035321, 17299880, 17577697, 18070730, 18354056, 18863222, 19142171, 19412509, 19903443, 20180905, 20444523, 20708793, 20972900, 21237138, 21500694, 21778210, 22266868, 22537949, 22804336, 23068794, 23346147, 23852614, 24131307, 24401472, 24892270, 25170177, 25434769, 25700602, 25967184, 26235308, 26508862, 26981878, 27255439, 27522415, 27799275, 28081038, 28558782, 28843168, 29352148, 29629728, 29894083, 30159708, 30426307, 30697528, 31186700, 31464411, 31728356, 31993018, 32256513, 32532036, 32813613, 33283825, 33556403, 33823937, 34088996, 34365106, 34646434, 35120190, 35401626, 35678015, 35943813, 36215468, 36705808, 36984084, 37248814, 37514265, 37779612, 38045024, 38310548, 38576256, 38842173, 39108467, 39375186, 39642432, 39910442, 40179374, 40449473, 40720962, 40994157, 41269265, 41546421, 41825548, 42106305, 42387993, 42669841, 42951266, 43232007, 43512070, 43791652, 44071104, 44350789, 44630982, 44911848, 45193306, 45475006, 45756359, 46036802, 46315941, 46593620, 46869874, 47144877, 47418841, 47692061, 47964855, 48237450, 48510197, 48783392, 49057320, 49332250, 49608452, 49886128, 50165264, 50445729, 50727154, 51009011, 51290761, 51572003, 51852604, 52132773, 52412721, 52692882, 52973579, 53254981, 53537061, 53819413, 54101361, 54382098, 54661022, 54937859, 55212599, 55485444, 55756659, 56026491, 56295172, 56563004, 56830165, 57096914, 57363330, 57629556, 57895701, 58161854, 58428093, 58694586, 58961696, 59229995, 59503225, 59974225, 60256378, 60532553, 60797164, 61063171, 61329865, 61597971, 61871175, 62346567, 62629392, 62911238, 63404317, 63681764, 63944757, 64221855, 64728215, 65006486, 65273071, 65545894, 66022852, 66307643, 66816778]
  m=[1, 1, 1, 2, 2, 1, 2, 1, 1, 1, 1, 1, 1, 1, 1, 1, 1, 1, 1, 1, 1, 1, 2, 1, 1, 1, 1, 1, 1, 1, 2, 1, 1, 1, 2, 2, 1, 2, 1, 1, 1, 1, 1, 1, 1, 2, 2, 1, 1, 1, 1, 1, 1, 1, 1, 1, 1, 2, 1, 2, 2, 1, 1, 2, 1, 1, 1, 1, 1, 1, 2, 1, 1, 1, 1, 2, 2, 1, 1, 2, 1, 1, 1, 1, 1, 1, 1, 1, 1, 2, 1, 1, 2, 2, 1, 1, 1, 1, 1, 2, 1, 1, 1, 1, 2, 1, 1, 1, 1, 1, 2, 1, 1, 2, 1, 1, 1, 2, 1, 1, 1, 1, 1, 1, 1, 1, 1, 1, 1, 1, 1, 1, 1, 1, 1, 1, 1, 1, 1, 1, 1, 1, 1, 1, 1, 1, 1, 1, 1, 1, 1, 1, 1, 1, 1, 1, 1, 1, 1, 1, 1, 1, 1, 1, 1, 1, 1, 1, 1, 1, 1, 1, 1, 1, 1, 1, 1, 1, 1, 1, 1, 1, 1, 1, 1, 1, 1, 1, 1, 1, 1, 1, 1, 1, 1, 1, 1, 1, 1, 1, 1, 1, 2, 1, 1, 1, 1, 1, 1, 1, 2, 1, 2, 1, 1, 2, 2, 1, 1, 1, 1, 2, 2]
w=11315047112240877568/18889465931478623149863 [cg] doubles=42 n=214
  xk(2^-20 units)=[238988, 511637, 778147, 1054942, 1336871, 1812916, 2084511, 2362503, 2644911, 3119465, 3392273, 3659865, 3926063, 4190490, 4466351, 4748082, 5219046, 5491844, 5759799, 6026647, 6293322, 6560478, 6828908, 7102633, 7574487, 7847929, 8115951, 8381395, 8659288, 9166533, 9445193, 9715209, 10205192, 10482566, 10745341, 11022375, 11529629, 11808964, 12080376, 12555363, 12837243, 13114387, 13384681, 13877013, 14155271, 14420461, 14687217, 14955358, 15228864, 15700316, 15973808, 16241882, 16508430, 16774272, 17038851, 17316776, 17806930, 18076928, 18355491, 18861696, 19139086, 19403527, 19669860, 19937776, 20211180, 20682019, 20955449, 21223480, 21489995, 21755728, 22020266, 22298145, 22787930, 23059030, 23324397, 23602075, 24108153, 24385872, 24651261, 24922387, 25412089, 25690010, 25954582, 26220302, 26486814, 26754991, 27028522, 27499271, 27772806, 28040825, 28307325, 28573064, 28837679, 29115653, 29607276, 29877344, 30154388, 30435929, 30912861, 31197139, 31706432, 31984281, 32249181, 32515751, 32783808, 33057221, 33528802, 33802108, 34068954, 34347410, 34854321, 35131859, 35396415, 35662782, 35930650, 36203964, 36674498, 36947972, 37215989, 37482513, 37747224, 38024838, 38532096, 38811395, 39082635, 39553623, 39835020, 40110544, 40374494, 40639994, 40906358, 41174290, 41447709, 41917433, 42190818, 42458714, 42725099, 42989610, 43267076, 43773436, 44051985, 44321920, 44811247, 45088971, 45353121, 45618363, 45883962, 46150376, 46418415, 46691886, 47162196, 47435692, 47703731, 47970131, 48235703, 48500986, 48765293, 49043113, 49533866, 49804071, 50081255, 50363211, 50839412, 51110997, 51388968, 51671260, 52148990, 52420699, 52698760, 52981069, 53458529, 53730277, 54008342, 54290657, 54768505, 55040238, 55318309, 55600700, 56076976, 56349828, 56616481, 56893328, 57175292, 57651271, 57922903, 58200907, 58483220, 58960739, 59232450, 59510495, 59792972, 60268377, 60541276, 60809019, 61074240, 61350470, 61632321, 62103922, 62376430, 62643864, 62909959, 63174268, 63450068, 63731671, 64203700, 64476323, 64742789, 65019559, 65301534, 65775890, 66048706, 66315253, 66592023, 66874020]
  m=[1, 1, 1, 2, 1, 1, 1, 2, 1, 1, 1, 1, 1, 1, 2, 1, 1, 1, 1, 1, 1, 1, 1, 1, 1, 1, 1, 1, 2, 2, 1, 1, 2, 1, 1, 2, 2, 1, 1, 1, 2, 1, 1, 2, 1, 1, 1, 1, 1, 1, 1, 1, 1, 1, 1, 2, 1, 1, 2, 2, 1, 1, 1, 1, 1, 1, 1, 1, 1, 1, 1, 2, 1, 1, 1, 2, 2, 1, 1, 1, 2, 1, 1, 1, 1, 1, 1, 1, 1, 1, 1, 1, 1, 2, 1, 1, 2, 1, 1, 2, 2, 1, 1, 1, 1, 1, 1, 1, 1, 2, 2, 1, 1, 1, 1, 1, 1, 1, 1, 1, 1, 2, 2, 1, 1, 1, 2, 1, 1, 1, 1, 1, 1, 1, 1, 1, 1, 1, 2, 2, 1, 1, 2, 1, 1, 1, 1, 1, 1, 1, 1, 1, 1, 1, 1, 1, 1, 2, 1, 1, 2, 1, 1, 1, 2, 1, 1, 1, 2, 1, 1, 1, 2, 1, 1, 1, 2, 1, 1, 1, 1, 2, 1, 1, 1, 2, 1, 1, 1, 2, 1, 1, 1, 1, 1, 2, 1, 1, 1, 1, 1, 1, 2, 1, 1, 1, 1, 2, 1, 1, 1, 1, 2, 1]
w=176841527229869817856/18889465931478623149863 [cg] doubles=42 n=214
  xk(2^-20 units)=[24144, 496550, 768712, 1048395, 1555508, 1832470, 2095795, 2360059, 2623539, 2900884, 3389815, 3659717, 3938245, 4444714, 4722159, 4986673, 5253016, 5520902, 5794293, 6264513, 6538137, 6806466, 7073393, 7339756, 7606127, 7873033, 8141333, 8414884, 8886672, 9160178, 9427299, 9705961, 10214402, 10493237, 10763491, 11254718, 11532438, 11795907, 12073748, 12565414, 12836921, 13102945, 13381351, 13875309, 14158654, 14667329, 14945395, 15210982, 15479039, 15752510, 16224543, 16498053, 16766165, 17032647, 17298437, 17562957, 17840847, 18331252, 18601381, 18880130, 19387181, 19665081, 19930514, 20198580, 20471998, 20943445, 21216892, 21484863, 21751306, 22017042, 22281492, 22559286, 23051263, 23332624, 23614529, 24088949, 24370193, 24646217, 24911437, 25179378, 25452739, 25924397, 26197839, 26465993, 26732626, 26997617, 27275586, 27768079, 28051254, 28557910, 28835189, 29099171, 29364515, 29630741, 29898715, 30172147, 30643096, 30916563, 31184581, 31451007, 31716743, 31981301, 32259253, 32750346, 33020449, 33297445, 33578896, 34054426, 34336366, 34617739, 35110174, 35387887, 35652325, 35918002, 36184422, 36452376, 36725807, 37195923, 37469355, 37737272, 38003560, 38267803, 38543332, 38824330, 39296175, 39577472, 39854326, 40124226, 40614857, 40892802, 41157460, 41423289, 41689815, 41957920, 42231483, 42701487, 42975011, 43243033, 43509481, 43775134, 44039461, 44317056, 44825876, 45110258, 45589306, 45873718, 46383531, 46661434, 46926390, 47193031, 47461158, 47734646, 48205061, 48478418, 48746316, 49012578, 49277952, 49541887, 49819011, 50324502, 50603030, 50872988, 51363016, 51640926, 51905514, 52171357, 52437896, 52706054, 52979660, 53450043, 53723506, 53991487, 54257905, 54522460, 54798359, 55080013, 55551894, 55824501, 56090950, 56367698, 56649698, 57123663, 57396497, 57664341, 57930109, 58208595, 58701771, 58972219, 59249591, 59531695, 60004986, 60277637, 60545063, 60811147, 61075592, 61353094, 61860369, 62139683, 62410944, 62883005, 63164532, 63440410, 63704994, 63971456, 64239590, 64513073, 64982875, 65256484, 65524770, 65791732, 66058093, 66324430, 66591325, 66859534]
  m=[1, 1, 1, 2, 2, 1, 1, 1, 1, 2, 1, 1, 2, 2, 1, 1, 1, 1, 1, 1, 1, 1, 1, 1, 1, 1, 1, 1, 1, 1, 1, 2, 2, 1, 1, 2, 1, 1, 2, 1, 1, 1, 2, 1, 2, 2, 1, 1, 1, 1, 1, 1, 1, 1, 1, 1, 2, 1, 1, 2, 2, 1, 1, 1, 1, 1, 1, 1, 1, 1, 1, 2, 1, 2, 1, 1, 2, 1, 1, 1, 1, 1, 1, 1, 1, 1, 2, 1, 2, 2, 1, 1, 1, 1, 1, 1, 1, 1, 1, 1, 1, 1, 2, 1, 1, 2, 1, 1, 2, 1, 2, 1, 1, 1, 1, 1, 1, 1, 1, 1, 1, 1, 2, 1, 1, 2, 1, 1, 2, 1, 1, 1, 1, 1, 1, 1, 1, 1, 1, 1, 1, 2, 2, 1, 1, 2, 2, 1, 1, 1, 1, 1, 1, 1, 1, 1, 1, 1, 2, 2, 1, 1, 2, 1, 1, 1, 1, 1, 1, 1, 1, 1, 1, 1, 2, 1, 1, 1, 1, 2, 1, 1, 1, 1, 1, 2, 1, 1, 2, 1, 1, 1, 1, 1, 1, 2, 2, 1, 1, 1, 2, 1, 1, 1, 1, 1, 1, 1, 1, 1, 1, 1, 1, 1]
w=23177121999791095808/6296488643826207716621 [cg] doubles=42 n=214
  xk(2^-20 units)=[25612, 498105, 770332, 1050046, 1557443, 1834485, 2098048, 2361703, 2639069, 3128211, 3398142, 3676682, 4183117, 4460570, 4725099, 4991441, 5259391, 5532811, 6002936, 6276564, 6544880, 6811807, 7078192, 7344571, 7611447, 7879763, 8153437, 8624137, 8897647, 9165678, 9431118, 9709056, 10216291, 10494969, 10765064, 11255879, 11533580, 11797036, 12074865, 12566619, 12838100, 13104102, 13382503, 13876388, 14159754, 14668448, 14946487, 15212074, 15480112, 15753558, 16225584, 16499074, 16767165, 17033655, 17299431, 17563946, 17841832, 18332242, 18602373, 18881108, 19388155, 19666059, 19931526, 20199592, 20473033, 20944493, 21217928, 21485906, 21752372, 22018087, 22282547, 22560332, 23052320, 23333697, 23615612, 24090044, 24371305, 24647353, 24912564, 25180519, 25453899, 25925489, 26198954, 26467104, 26733769, 26998791, 27276777, 27769260, 28052420, 28559060, 28836348, 29100342, 29365701, 29631958, 29899958, 30173412, 30644337, 30917825, 31185859, 31452261, 31718003, 31982562, 32260537, 32751672, 33021738, 33298730, 33580189, 34055726, 34337656, 34619050, 35111538, 35389251, 35653669, 35919340, 36185769, 36453724, 36727167, 37197258, 37470665, 37738582, 38004860, 38269071, 38544594, 38825580, 39297602, 39578889, 39855717, 40125549, 40615646, 40893407, 41157673, 41422917, 41688464, 41954891, 42222947, 42496430, 42966621, 43240169, 43508291, 43774911, 44039843, 44317783, 44827262, 45111661, 45590671, 45875015, 46384107, 46661689, 46925990, 47191682, 47458097, 47726089, 47999521, 48469461, 48742896, 49010828, 49277002, 49542394, 49806314, 50083433, 50588945, 50867408, 51137268, 51626734, 51904433, 52168605, 52433813, 52699393, 52965817, 53233823, 53507277, 53977738, 54251278, 54519405, 54784827, 55061189, 55343012, 55816058, 56088746, 56355223, 56632031, 56914044, 57387832, 57660675, 57928591, 58194338, 58472868, 58966037, 59236489, 59513823, 59795947, 60269759, 60542423, 60810010, 61075265, 61353116, 61861118, 62140581, 62411949, 62884293, 63165841, 63441736, 63706296, 63972813, 64240948, 64514533, 64984504, 65258079, 65526368, 65793292, 66059681, 66326007, 66592870, 66861069]
  m=[1, 1, 1, 2, 2, 1, 1, 1, 2, 1, 1, 2, 2, 1, 1, 1, 1, 1, 1, 1, 1, 1, 1, 1, 1, 1, 1, 1, 1, 1, 1, 2, 2, 1, 1, 2, 1, 1, 2, 1, 1, 1, 2, 1, 2, 2, 1, 1, 1, 1, 1, 1, 1, 1, 1, 1, 2, 1, 1, 2, 2, 1, 1, 1, 1, 1, 1, 1, 1, 1, 1, 2, 1, 2, 1, 1, 2, 1, 1, 1, 1, 1, 1, 1, 1, 1, 2, 1, 2, 2, 1, 1, 1, 1, 1, 1, 1, 1, 1, 1, 1, 1, 2, 1, 1, 2, 1, 1, 2, 1, 2, 1, 1, 1, 1, 1, 1, 1, 1, 1, 1, 1, 2, 1, 1, 2, 1, 1, 2, 1, 1, 1, 1, 1, 1, 1, 1, 1, 1, 1, 1, 2, 2, 1, 1, 2, 2, 1, 1, 1, 1, 1, 1, 1, 1, 1, 1, 1, 1, 2, 2, 1, 1, 2, 1, 1, 1, 1, 1, 1, 1, 1, 1, 1, 1, 2, 1, 1, 1, 1, 2, 1, 1, 1, 1, 1, 2, 1, 1, 2, 1, 1, 1, 1, 1, 2, 2, 1, 1, 1, 2, 1, 1, 1, 1, 1, 1, 1, 1, 1, 1, 1, 1, 1]
w=7188074128523444224/6296488643826207716621 [cg] doubles=46 n=210
  xk(2^-20 units)=[67091596, 265993, 773424, 1051010, 1315603, 1581978, 1849951, 2123359, 2595725, 2869195, 3137294, 3403938, 3668907, 3946934, 4440081, 4723437, 5231903, 5509941, 5775531, 6043599, 6317070, 6789564, 7063039, 7331186, 7596717, 7873093, 8154984, 8628058, 8900802, 9168664, 9434403, 9712986, 10205113, 10476794, 10743740, 11008724, 11286688, 11779727, 12063005, 12570865, 12848471, 13113101, 13379489, 13647416, 13920790, 14394032, 14667555, 14934455, 15211300, 15492934, 15970743, 16255133, 16765103, 17043395, 17309164, 17577405, 17851024, 18323384, 18596879, 18864878, 19130344, 19408280, 19915777, 20194356, 20461301, 20734720, 21207360, 21480862, 21749073, 22015730, 22280774, 22558837, 23051605, 23334864, 23842456, 24120113, 24384779, 24651180, 24919192, 25192573, 25665001, 25938518, 26205673, 26484396, 26992966, 27271654, 27538714, 27812231, 28284445, 28557877, 28825952, 29092438, 29358208, 29622666, 29900430, 30392407, 30675624, 31183141, 31460731, 31725404, 31991835, 32259813, 32533259, 33005725, 33279288, 33546321, 33823316, 34105294, 34581893, 34853517, 35131506, 35413940, 35888981, 36161822, 36429526, 36695927, 36960825, 37238835, 37732745, 38016177, 38525567, 38804564, 39074962, 39566499, 39844383, 40108814, 40374442, 40640603, 40908199, 41180891, 41654284, 41936391, 42213603, 42483836, 42975361, 43253373, 43518071, 43783942, 44050496, 44318647, 44592206, 45063328, 45336911, 45605136, 45871918, 46137066, 46415226, 46909407, 47191175, 47473828, 47948802, 48221507, 48489065, 48754266, 49032073, 49539028, 49817281, 50083641, 50356163, 50829828, 51111809, 51388573, 51655162, 51928092, 52404344, 52686730, 52964695, 53236206, 53712691, 53994721, 54272115, 54542701, 55036164, 55314876, 55581146, 55852929, 56344937, 56623370, 56888728, 57155604, 57423932, 57697568, 58170191, 58443708, 58710848, 58989598, 59498198, 59776944, 60044113, 60317650, 60790339, 61063858, 61332038, 61598738, 61863805, 62141896, 62634691, 62917974, 63425423, 63703035, 63967652, 64234045, 64502039, 64775487, 65247701, 65521263, 65789382, 66056014, 66321009, 66599047]
  m=[1, 2, 2, 1, 1, 1, 1, 1, 1, 1, 1, 1, 1, 2, 1, 2, 2, 1, 1, 1, 1, 1, 1, 1, 1, 2, 1, 1, 1, 1, 1, 2, 1, 1, 1, 1, 2, 1, 2, 2, 1, 1, 1, 1, 1, 1, 1, 1, 2, 1, 1, 2, 2, 1, 1, 1, 1, 1, 1, 1, 1, 2, 2, 1, 1, 1, 1, 1, 1, 1, 1, 2, 1, 2, 2, 1, 1, 1, 1, 1, 1, 1, 1, 2, 2, 1, 1, 1, 1, 1, 1, 1, 1, 1, 2, 1, 2, 2, 1, 1, 1, 1, 1, 1, 1, 1, 2, 1, 1, 1, 2, 1, 1, 1, 1, 1, 1, 2, 1, 2, 2, 1, 1, 2, 1, 1, 1, 1, 1, 1, 1, 2, 1, 1, 2, 1, 1, 1, 1, 1, 1, 1, 1, 1, 1, 1, 2, 1, 2, 1, 1, 1, 1, 1, 2, 2, 1, 1, 1, 1, 2, 1, 1, 1, 1, 2, 1, 1, 1, 2, 1, 1, 2, 1, 1, 1, 2, 1, 1, 1, 1, 1, 1, 1, 1, 2, 2, 1, 1, 1, 1, 1, 1, 1, 1, 2, 1, 2, 2, 1, 1, 1, 1, 1, 1, 1, 1, 1, 1, 2]
w=103532996087146496000/18889465931478623149863 [cg] doubles=43 n=213
  xk(2^-20 units)=[26560, 498273, 771661, 1038621, 1317165, 1824886, 2102845, 2368317, 2636332, 2909699, 3380127, 3653635, 3921622, 4188099, 4453706, 4719010, 4983298, 5261162, 5750889, 6022202, 6289016, 6554057, 6832208, 7323809, 7594131, 7872929, 8380190, 8658089, 8923480, 9191537, 9465005, 9935647, 10209306, 10477614, 10744552, 11010926, 11277284, 11544156, 11812448, 12086018, 12556361, 12829852, 13097722, 13364072, 13628558, 13905994, 14412368, 14691006, 14961139, 15452107, 15730196, 15995205, 16262002, 16533376, 17023756, 17301390, 17565396, 17829345, 18106857, 18597684, 18867886, 19146640, 19654399, 19932680, 20199068, 20471632, 20944399, 21226179, 21502461, 21767870, 22036007, 22309505, 22781482, 23054942, 23323039, 23589777, 23854897, 24133158, 24624381, 24895785, 25161370, 25437668, 25719426, 26191665, 26464215, 26731619, 26997621, 27261909, 27539314, 28046545, 28329771, 28822568, 29100525, 29365476, 29632122, 29900238, 30173739, 30645960, 30919525, 31187676, 31454316, 31719374, 31997564, 32489322, 32759469, 33036454, 33317850, 33792255, 34073636, 34350527, 34620578, 35111504, 35389433, 35653946, 35919638, 36186077, 36454143, 36727624, 37198962, 37472441, 37740429, 38006832, 38271437, 38549077, 39056683, 39339983, 39833240, 40111487, 40377020, 40644759, 40917589, 41390997, 41672799, 41949099, 42214707, 42486125, 42977044, 43255352, 43520522, 43787318, 44055523, 44329029, 44801052, 45074633, 45342845, 45609685, 45874903, 46153245, 46644353, 46915898, 47182862, 47448052, 47726387, 48217480, 48489062, 48756063, 49021249, 49299452, 49791616, 50061989, 50339208, 50621301, 51096320, 51369174, 51637084, 51902827, 52181363, 52672991, 52944512, 53210238, 53488234, 53996563, 54276039, 54547580, 55023467, 55305370, 55582500, 55852732, 56343939, 56621892, 56886485, 57152326, 57418800, 57686864, 57960311, 58431806, 58705204, 58972044, 59250459, 59757012, 60034527, 60299080, 60565445, 60833356, 61106805, 61577352, 61850733, 62118668, 62384009, 62661878, 63168424, 63446265, 63711600, 63979470, 64252838, 64723772, 64997222, 65265229, 65530764, 65808768, 66316569, 66595132, 66862065]
  m=[1, 1, 1, 1, 2, 2, 1, 1, 1, 1, 1, 1, 1, 1, 1, 1, 1, 2, 1, 1, 1, 1, 2, 1, 1, 2, 2, 1, 1, 1, 1, 1, 1, 1, 1, 1, 1, 1, 1, 1, 1, 1, 1, 1, 1, 2, 2, 1, 1, 2, 1, 1, 1, 1, 2, 1, 1, 1, 2, 1, 1, 2, 2, 1, 1, 1, 1, 2, 1, 1, 1, 1, 1, 1, 1, 1, 1, 2, 1, 1, 1, 2, 1, 1, 1, 1, 1, 1, 2, 2, 1, 2, 1, 1, 1, 1, 1, 1, 1, 1, 1, 1, 2, 1, 1, 2, 1, 1, 2, 1, 1, 2, 1, 1, 1, 1, 1, 1, 1, 1, 1, 1, 1, 2, 2, 1, 2, 1, 1, 1, 1, 1, 2, 1, 1, 1, 2, 1, 1, 1, 1, 1, 1, 1, 1, 1, 1, 2, 1, 1, 1, 1, 2, 1, 1, 1, 1, 2, 1, 1, 2, 1, 1, 1, 1, 1, 2, 1, 1, 1, 2, 2, 1, 1, 1, 2, 1, 1, 2, 1, 1, 1, 1, 1, 1, 1, 1, 1, 2, 2, 1, 1, 1, 1, 1, 1, 1, 1, 1, 2, 2, 1, 1, 1, 1, 1, 1, 1, 1, 2, 2, 1, 1]
w=124948940459759255552/18889465931478623149863 [cg] doubles=44 n=212
  xk(2^-20 units)=[7384, 274521, 548025, 1020411, 1293782, 1560782, 1839352, 2347142, 2625135, 2890668, 3158690, 3432182, 3903041, 4176583, 4444690, 4711268, 4977165, 5241869, 5519908, 6010408, 6281826, 6548703, 6813761, 7091922, 7583149, 7853384, 8132074, 8638588, 8916064, 9180496, 9446835, 9714737, 9988125, 10458704, 10732313, 11000655, 11267584, 11533946, 11800291, 12067216, 12335548, 12609272, 13079970, 13353472, 13621511, 13886951, 14164946, 14672462, 14951315, 15221676, 15713997, 15992571, 16258741, 16530446, 17022231, 17300047, 17563468, 17841196, 18332519, 18602807, 18881618, 19389347, 19667667, 19934024, 20206535, 20678421, 20960003, 21235847, 21500315, 21766686, 22034663, 22308119, 22779055, 23052519, 23320615, 23587103, 23852883, 24117481, 24395527, 24885764, 25157058, 25422560, 25698837, 25980585, 26453176, 26725716, 26993051, 27258962, 27523260, 27800672, 28307864, 28591093, 29083832, 29361790, 29626775, 29893465, 30161626, 30435175, 30907199, 31180713, 31448911, 31715655, 31980876, 32259206, 32751417, 33021832, 33299140, 33581227, 34054367, 34327050, 34594629, 34860858, 35126469, 35391868, 35657546, 35924215, 36195472, 36685280, 36963078, 37226479, 37504228, 37994879, 38266152, 38531631, 38809465, 39316269, 39594972, 39865224, 40356861, 40635078, 40900159, 41166931, 41435126, 41708637, 42180767, 42454304, 42722439, 42989251, 43254469, 43532772, 44023930, 44295483, 44562398, 44827539, 45105840, 45596928, 45868530, 46135539, 46400729, 46678950, 47171008, 47441394, 47718673, 48000773, 48475836, 48748669, 49016514, 49282259, 49560811, 50052185, 50323582, 50589195, 50867087, 51374209, 51652508, 51919034, 52191711, 52667024, 52949563, 53231399, 53725588, 54003762, 54268946, 54535690, 54803805, 55077380, 55549328, 55822835, 56091008, 56356614, 56634676, 57143041, 57422510, 57693948, 58167518, 58449216, 58725437, 58990587, 59258257, 59531139, 60007021, 60289575, 60567934, 60840304, 61316345, 61589814, 61856674, 62133497, 62415153, 62892236, 63176573, 63685850, 63963774, 64228734, 64495307, 64763383, 65036886, 65509107, 65782680, 66049869, 66328605, 66837507]
  m=[1, 1, 1, 1, 1, 1, 2, 2, 1, 1, 1, 1, 1, 1, 1, 1, 1, 1, 2, 1, 1, 1, 1, 2, 1, 1, 2, 2, 1, 1, 1, 1, 1, 1, 1, 1, 1, 1, 1, 1, 1, 1, 1, 1, 1, 1, 2, 2, 1, 1, 2, 1, 1, 1, 2, 1, 1, 2, 1, 1, 2, 2, 1, 1, 1, 1, 2, 1, 1, 1, 1, 1, 1, 1, 1, 1, 1, 1, 2, 1, 1, 1, 2, 1, 1, 1, 1, 1, 1, 2, 2, 1, 2, 1, 1, 1, 1, 1, 1, 1, 1, 1, 1, 2, 1, 1, 2, 1, 1, 1, 1, 1, 1, 1, 1, 1, 1, 2, 1, 1, 2, 1, 1, 1, 2, 2, 1, 1, 2, 1, 1, 1, 1, 1, 1, 1, 1, 1, 1, 2, 1, 1, 1, 1, 2, 1, 1, 1, 1, 2, 1, 1, 2, 1, 1, 1, 1, 1, 2, 1, 1, 1, 2, 2, 1, 1, 1, 1, 2, 1, 2, 1, 1, 1, 1, 1, 1, 1, 1, 1, 2, 2, 1, 1, 1, 2, 1, 1, 1, 1, 1, 2, 1, 1, 1, 1, 1, 2, 1, 1, 2, 2, 1, 1, 1, 1, 1, 1, 1, 1, 2, 2]
w=61849072030063984640/6296488643826207716621 [cg] doubles=41 n=215
  xk(2^-20 units)=[1181, 278483, 769698, 1052743, 1559631, 1836847, 2100774, 2366137, 2632374, 2900252, 3173626, 3643883, 3917453, 4185680, 4452446, 4718604, 4984704, 5251231, 5518979, 5791752, 6264376, 6546513, 6823786, 7094098, 7585504, 7863405, 8127786, 8393278, 8659299, 8926693, 9199265, 9671256, 9953094, 10229433, 10494978, 10766345, 11256533, 11534551, 11799128, 12064901, 12331386, 12599405, 12872834, 13343487, 13617034, 13885088, 14151562, 14416085, 14692024, 14973647, 15444191, 15716586, 15982831, 16261046, 16767993, 17045917, 17311393, 17579396, 17852788, 18323320, 18596766, 18864761, 19131267, 19395854, 19671720, 19953210, 20425078, 20696294, 20975579, 21483048, 21760628, 22025266, 22291698, 22559638, 22833082, 23303897, 23577335, 23845370, 24111859, 24377676, 24642228, 24920136, 25410589, 25680584, 25959128, 26465023, 26742330, 27006602, 27272618, 27540092, 27812771, 28287160, 28569500, 28847416, 29118856, 29593584, 29875335, 30151640, 30417076, 30685162, 30958649, 31429620, 31703072, 31971157, 32237758, 32503682, 32768363, 33046471, 33536915, 33808314, 34075179, 34340274, 34618476, 35110866, 35381445, 35660468, 36169622, 36449162, 36720726, 37195396, 37477033, 37753296, 38018863, 38290236, 38781510, 39059800, 39324987, 39591722, 39859855, 40133359, 40606394, 40879921, 41147023, 41425673, 41933829, 42212741, 42483146, 42974845, 43253094, 43518229, 43784973, 44053099, 44326626, 44798785, 45072312, 45340387, 45605836, 45882173, 46164058, 46635475, 46908003, 47175421, 47441553, 47707082, 47972461, 48238114, 48504728, 48775983, 49265084, 49542705, 49806722, 50070722, 50348289, 50839570, 51109764, 51388486, 51896187, 52174940, 52445138, 52936184, 53214086, 53478577, 53744338, 54010803, 54278813, 54552264, 55022853, 55296211, 55564033, 55830286, 56094708, 56372146, 56878368, 57156411, 57422511, 57694776, 58164513, 58446043, 58721712, 58985677, 59251168, 59517458, 59785358, 60058802, 60528847, 60802377, 61070462, 61336956, 61602766, 61867371, 62145331, 62635166, 62906448, 63172033, 63449999, 63958066, 64237548, 64509064, 64984697, 65266507, 65543509, 65813604, 66304802, 66582372, 66846265]
  m=[1, 2, 1, 2, 2, 1, 1, 1, 1, 1, 1, 1, 1, 1, 1, 1, 1, 1, 1, 1, 1, 2, 1, 1, 2, 1, 1, 1, 1, 1, 1, 1, 2, 1, 1, 1, 2, 1, 1, 1, 1, 1, 1, 1, 1, 1, 1, 1, 2, 1, 1, 1, 1, 2, 2, 1, 1, 1, 1, 1, 1, 1, 1, 1, 2, 1, 1, 1, 2, 2, 1, 1, 1, 1, 1, 1, 1, 1, 1, 1, 1, 2, 1, 1, 2, 2, 1, 1, 1, 1, 1, 1, 2, 1, 1, 1, 2, 1, 1, 1, 1, 1, 1, 1, 1, 1, 1, 2, 1, 1, 1, 1, 2, 1, 1, 2, 2, 1, 1, 1, 2, 1, 1, 1, 2, 1, 1, 1, 1, 1, 1, 1, 1, 2, 2, 1, 1, 2, 1, 1, 1, 1, 1, 1, 1, 1, 1, 2, 1, 1, 1, 1, 1, 1, 1, 1, 1, 1, 2, 1, 1, 1, 2, 1, 1, 2, 2, 1, 1, 2, 1, 1, 1, 1, 1, 1, 1, 1, 1, 1, 1, 2, 2, 1, 1, 1, 1, 2, 1, 1, 1, 1, 1, 1, 1, 1, 1, 1, 1, 1, 2, 1, 1, 1, 2, 2, 1, 1, 1, 2, 1, 1, 2, 1, 1]
w=35673549324912197632/18889465931478623149863 [cg] doubles=41 n=215
  xk(2^-20 units)=[67093214, 252359, 518724, 784259, 1048266, 1323904, 1605478, 2074854, 2347203, 2614431, 2879339, 3156986, 3663805, 3942007, 4208407, 4480960, 4954367, 5236354, 5513539, 5783788, 6275438, 6553423, 6818048, 7083826, 7350239, 7618216, 7891688, 8362208, 8635719, 8903663, 9169984, 9435365, 9699346, 9976592, 10483252, 10766386, 11258591, 11536484, 11801273, 12067627, 12335316, 12608011, 13081575, 13363648, 13640902, 13911201, 14403505, 14681812, 14947055, 15213912, 15482105, 15755666, 16226084, 16499562, 16767552, 17033981, 17299544, 17563552, 17839230, 18120768, 18590693, 18863020, 19129299, 19407557, 19914503, 20192408, 20457833, 20725795, 20999221, 21469779, 21743198, 22011154, 22277635, 22542196, 22818099, 23099781, 23570682, 23843170, 24110621, 24375640, 24651771, 24933477, 25405663, 25678044, 25944352, 26222558, 26729326, 27007184, 27272554, 27540464, 27813901, 28285288, 28558798, 28826777, 29093202, 29358873, 29623242, 29900929, 30392985, 30676279, 31184317, 31462373, 31727916, 31995995, 32269487, 32741832, 33015354, 33283470, 33550158, 33815308, 34093597, 34584304, 34855690, 35122343, 35388087, 35652563, 35930435, 36420604, 36691784, 36957252, 37235072, 37741856, 38020007, 38286322, 38558847, 39031543, 39313240, 39589577, 39855120, 40126533, 40617819, 40896086, 41161225, 41427904, 41695982, 41969449, 42442434, 42715971, 42983068, 43261689, 43769753, 44048619, 44318876, 44809653, 45087567, 45352065, 45617834, 45884304, 46152339, 46425880, 46897013, 47170594, 47438767, 47705550, 47971747, 48237908, 48504781, 48776244, 49265595, 49543321, 49807366, 50071400, 50349074, 50839143, 51110307, 51375733, 51653510, 52160366, 52438976, 52709093, 53199897, 53477737, 53742205, 54007998, 54274450, 54542410, 54815819, 55286716, 55560113, 55828072, 56094492, 56359128, 56636681, 57144189, 57423491, 57694752, 58167498, 58449069, 58725175, 58990256, 59257850, 59530556, 60004319, 60286383, 60563557, 60833756, 61324872, 61602790, 61867209, 62132774, 62398906, 62666419, 62939005, 63412201, 63694323, 63971584, 64241883, 64733266, 65011304, 65275957, 65541812, 65808352, 66076433, 66349941, 66819684]
  m=[1, 1, 1, 1, 1, 2, 1, 1, 1, 1, 1, 2, 2, 1, 1, 1, 1, 2, 1, 1, 2, 1, 1, 1, 1, 1, 1, 1, 1, 1, 1, 1, 1, 2, 2, 1, 2, 1, 1, 1, 1, 1, 1, 2, 1, 1, 2, 1, 1, 1, 1, 1, 1, 1, 1, 1, 1, 1, 2, 1, 1, 1, 1, 2, 2, 1, 1, 1, 1, 1, 1, 1, 1, 1, 2, 1, 1, 1, 1, 1, 2, 1, 1, 1, 1, 2, 2, 1, 1, 1, 1, 1, 1, 1, 1, 1, 1, 2, 1, 2, 2, 1, 1, 1, 1, 1, 1, 1, 1, 1, 2, 1, 1, 1, 1, 1, 2, 1, 1, 1, 2, 2, 1, 1, 1, 1, 2, 1, 1, 1, 2, 1, 1, 1, 1, 1, 1, 1, 1, 2, 2, 1, 1, 2, 1, 1, 1, 1, 1, 1, 1, 1, 1, 1, 1, 1, 1, 1, 2, 1, 1, 1, 2, 1, 1, 1, 2, 2, 1, 1, 2, 1, 1, 1, 1, 1, 1, 1, 1, 1, 1, 1, 2, 2, 1, 1, 1, 2, 1, 1, 1, 1, 1, 2, 1, 1, 2, 1, 1, 1, 1, 1, 1, 1, 2, 1, 1, 2, 1, 1, 1, 1, 1, 1, 1]
w=158620986644028620800/18889465931478623149863 [cg] doubles=41 n=215
  xk(2^-20 units)=[67107656, 262116, 538946, 1045341, 1328497, 1821002, 2098994, 2363910, 2630491, 2898602, 3172158, 3643363, 3916864, 4185066, 4451788, 4717881, 4983935, 5250410, 5518116, 5790812, 6262356, 6544222, 6820520, 7086078, 7357463, 7847654, 8125553, 8389910, 8655375, 8921406, 9188810, 9461396, 9934572, 10216594, 10493352, 10759745, 11032307, 11503544, 11785126, 12060881, 12325072, 12591089, 12858516, 13131118, 13604406, 13886486, 14163686, 14433898, 14924549, 15202347, 15466574, 15731810, 15997357, 16263759, 16531745, 16805199, 17275720, 17549162, 17817145, 18082629, 18360559, 18867841, 19146364, 19413284, 19686685, 20158163, 20431680, 20699782, 20966314, 21232161, 21496737, 21774662, 22264867, 22534913, 22813635, 23320720, 23598640, 23864138, 24132213, 24405634, 24877428, 25150981, 25419097, 25685799, 25950989, 26229272, 26721725, 26992052, 27269278, 27551238, 28026410, 28297994, 28577502, 29086100, 29364232, 29630100, 29901680, 30393465, 30672176, 30938454, 31210227, 31702432, 31980803, 32246093, 32512892, 32781162, 33054780, 33525125, 33798590, 34066558, 34332918, 34598405, 34862353, 35137924, 35419345, 35890265, 36161490, 36440761, 36948090, 37225728, 37490383, 37756777, 38024706, 38298190, 38768300, 39041763, 39309743, 39576148, 39841701, 40106878, 40371055, 40648837, 41138122, 41409274, 41674694, 41952477, 42459276, 42737972, 43008186, 43499127, 43776931, 44041195, 44306594, 44572525, 44839854, 45112328, 45584107, 45865962, 46142328, 46407787, 46675892, 46949345, 47420459, 47694014, 47962205, 48229035, 48495238, 48761390, 49028323, 49299818, 49789269, 50066966, 50331037, 50595063, 50872658, 51363969, 51634205, 51912962, 52420771, 52699530, 52969730, 53460840, 53738744, 54003262, 54269015, 54535512, 54803578, 55077010, 55547905, 55821315, 56089212, 56355653, 56620278, 56897864, 57405308, 57684559, 57955775, 58427605, 58709071, 58984927, 59249455, 59515848, 59783840, 60057311, 60527847, 60801332, 61069387, 61335933, 61601744, 61866315, 62144331, 62633855, 62904970, 63171351, 63435775, 63713207, 64220570, 64499988, 64771447, 65246981, 65528803, 65805780, 66075843, 66566718, 66844103]
  m=[1, 1, 2, 2, 1, 2, 1, 1, 1, 1, 1, 1, 1, 1, 1, 1, 1, 1, 1, 1, 1, 2, 1, 1, 1, 2, 1, 1, 1, 1, 1, 1, 1, 2, 1, 1, 1, 1, 2, 1, 1, 1, 1, 1, 1, 2, 1, 1, 2, 1, 1, 1, 1, 1, 1, 1, 1, 1, 1, 1, 2, 2, 1, 1, 1, 1, 1, 1, 1, 1, 1, 2, 1, 1, 2, 2, 1, 1, 1, 1, 1, 1, 1, 1, 1, 2, 1, 1, 2, 1, 1, 1, 2, 2, 1, 1, 1, 2, 1, 1, 1, 2, 1, 1, 1, 1, 1, 1, 1, 1, 1, 1, 1, 2, 1, 1, 1, 2, 2, 1, 1, 1, 1, 1, 1, 1, 1, 1, 1, 1, 1, 2, 1, 1, 1, 2, 2, 1, 1, 2, 1, 1, 1, 1, 1, 1, 1, 2, 1, 1, 1, 1, 1, 1, 1, 1, 1, 1, 1, 1, 2, 1, 1, 1, 2, 1, 1, 2, 2, 1, 1, 2, 1, 1, 1, 1, 1, 1, 1, 1, 1, 1, 1, 2, 2, 1, 1, 1, 2, 1, 1, 1, 1, 1, 1, 1, 1, 1, 1, 1, 2, 1, 1, 1, 1, 2, 2, 1, 1, 1, 2, 1, 1, 2, 1]
w=5407529437674684416/6296488643826207716621 [cg] doubles=19 n=237
  xk(2^-20 units)=[68344, 335978, 604133, 872882, 1142364, 1412680, 1683969, 1956365, 2229964, 2504819, 2780882, 3057997, 3335928, 3614363, 3892967, 4171451, 4449671, 4727669, 5005417, 5283130, 5560969, 5839115, 6117693, 6396778, 6676362, 6956299, 7236367, 7516322, 7795933, 8075025, 8353537, 8631517, 8909072, 9186379, 9463614, 9740999, 10018675, 10296819, 10575462, 10854571, 11134067, 11413721, 11693300, 11972581, 12251399, 12529736, 12807619, 13085214, 13362691, 13640266, 13918181, 14196576, 14475549, 14754966, 15034581, 15313941, 15592550, 15869981, 16145974, 16420432, 16693373, 16964949, 17235346, 17504700, 17773191, 18040991, 18308199, 18574938, 18841282, 19107298, 19372992, 19638438, 19903594, 20168523, 20433230, 20697836, 20961379, 21238493, 21742535, 22019646, 22283450, 22547576, 22825464, 23315273, 23586694, 23853349, 24117977, 24395459, 24900532, 25177553, 25440334, 25717745, 26209964, 26493296, 27000436, 27277558, 27541028, 27804362, 28081210, 28584915, 28862045, 29125688, 29390451, 29655383, 29920578, 30186066, 30451889, 30718067, 30984710, 31251923, 31519835, 31788611, 32058477, 32329607, 32602223, 32876499, 33152475, 33430015, 33708706, 33987869, 34266714, 34544613, 34821225, 35096457, 35370402, 35643274, 35915288, 36186704, 36457796, 36728779, 36999879, 37271330, 37543338, 37816072, 38089682, 38364248, 38639775, 38916087, 39192931, 39469911, 39746612, 40022673, 40297864, 40572093, 40845367, 41117770, 41389474, 41660625, 41931472, 42202177, 42472986, 42744182, 43015974, 43288621, 43562360, 43837453, 44113988, 44391918, 44670949, 44950464, 45229646, 45507742, 45784255, 46059001, 46332004, 46603438, 46873550, 47142522, 47410550, 47677826, 47944531, 48210751, 48476576, 48742068, 49007334, 49271438, 49548825, 50052979, 50329811, 50592042, 50868787, 51372538, 51649547, 51913174, 52178018, 52442285, 52720324, 53211056, 53482793, 53748852, 54027141, 54533348, 54810898, 55075064, 55340247, 55605525, 55870989, 56136731, 56402818, 56669301, 56936339, 57204071, 57472658, 57742275, 58013140, 58285478, 58559463, 58835132, 59112337, 59390621, 59669250, 59947389, 60224333, 60499720, 60773437, 61045627, 61316418, 61586072, 61854784, 62122742, 62390127, 62657070, 62923642, 63189952, 63456040, 63721930, 63987653, 64253289, 64517862, 64795790, 65301569, 65579622, 65844466, 66110461, 66376666, 66643168, 66909984]
  m=[1, 1, 1, 1, 1, 1, 1, 1, 1, 1, 1, 1, 1, 1, 1, 1, 1, 1, 1, 1, 1, 1, 1, 1, 1, 1, 1, 1, 1, 1, 1, 1, 1, 1, 1, 1, 1, 1, 1, 1, 1, 1, 1, 1, 1, 1, 1, 1, 1, 1, 1, 1, 1, 1, 1, 1, 1, 1, 1, 1, 1, 1, 1, 1, 1, 1, 1, 1, 1, 1, 1, 1, 1, 1, 1, 1, 1, 2, 2, 1, 1, 1, 2, 1, 1, 1, 1, 2, 2, 1, 1, 2, 1, 2, 2, 1, 1, 1, 2, 2, 1, 1, 1, 1, 1, 1, 1, 1, 1, 1, 1, 1, 1, 1, 1, 1, 1, 1, 1, 1, 1, 1, 1, 1, 1, 1, 1, 1, 1, 1, 1, 1, 1, 1, 1, 1, 1, 1, 1, 1, 1, 1, 1, 1, 1, 1, 1, 1, 1, 1, 1, 1, 1, 1, 1, 1, 1, 1, 1, 1, 1, 1, 1, 1, 1, 1, 1, 1, 1, 1, 1, 1, 1, 1, 1, 1, 2, 2, 1, 1, 2, 2, 1, 1, 1, 1, 2, 1, 1, 1, 2, 2, 1, 1, 1, 1, 1, 1, 1, 1, 1, 1, 1, 1, 1, 1, 1, 1, 1, 1, 1, 1, 1, 1, 1, 1, 1, 1, 1, 1, 1, 1, 1, 1, 1, 1, 1, 1, 1, 2, 2, 1, 1, 1, 1, 1, 1]
w=9571340202753273856/18889465931478623149863 [cg] doubles=42 n=214
  xk(2^-20 units)=[5684, 273534, 546354, 1020463, 1302554, 1579774, 1849959, 2340984, 2618789, 2882950, 3148147, 3413704, 3680068, 3947995, 4221411, 4691622, 4965128, 5233113, 5499582, 5764231, 6041843, 6549131, 6828455, 7099627, 7570546, 7851967, 8127486, 8391436, 8656961, 8923326, 9191322, 9464753, 9934708, 10208216, 10476339, 10743066, 11008133, 11286187, 11780238, 12061822, 12343945, 12821555, 13105760, 13614041, 13891399, 14155264, 14420292, 14685735, 14952006, 15219880, 15493299, 15962954, 16236351, 16504235, 16770518, 17035989, 17300007, 17577257, 18083834, 18363036, 18634225, 19104933, 19386327, 19661870, 19925783, 20191242, 20457533, 20725416, 20998848, 21468019, 21741417, 22009252, 22275477, 22540796, 22805584, 23069162, 23346205, 23852331, 24135442, 24626731, 24904400, 25168765, 25434460, 25700910, 25968912, 26242348, 26713906, 26987460, 27255642, 27522435, 27787638, 28065919, 28557465, 28829011, 29094917, 29373218, 29883063, 30167448, 30646895, 30929120, 31210788, 31705433, 31983738, 32249314, 32517104, 32789848, 33264018, 33546111, 33823391, 34093809, 34586482, 34864681, 35129697, 35396459, 35667779, 36157314, 36435041, 36699171, 36963287, 37240993, 37732479, 38002700, 38279923, 38562043, 39034890, 39307661, 39575486, 39841986, 40108105, 40374315, 40641130, 40909409, 41183050, 41653909, 41927524, 42195755, 42462546, 42727804, 43006112, 43497362, 43768781, 44034489, 44312514, 44820385, 45103621, 45595477, 45872998, 46136979, 46402007, 46667466, 46933678, 47201567, 47474990, 47944779, 48218170, 48486085, 48752322, 49017683, 49282583, 49547447, 49811354, 50088976, 50577462, 50848567, 51115052, 51380740, 51645184, 51923089, 52414542, 52684601, 52961554, 53243002, 53718801, 54000738, 54282247, 54776306, 55054626, 55320275, 55588159, 55860999, 56335072, 56617204, 56894469, 57164833, 57657321, 57935590, 58200781, 58467619, 58735843, 59009438, 59481223, 59754772, 60022970, 60289795, 60555019, 60833323, 61324649, 61596047, 61861660, 62138013, 62419824, 62891901, 63164490, 63431918, 63698105, 63962712, 64240414, 64749652, 65033960, 65512445, 65794600, 66076199, 66570591, 66848920]
  m=[1, 1, 1, 1, 2, 1, 1, 2, 1, 1, 1, 1, 1, 1, 1, 1, 1, 1, 1, 1, 2, 2, 1, 1, 1, 2, 1, 1, 1, 1, 1, 1, 1, 1, 1, 1, 1, 2, 1, 2, 1, 1, 2, 2, 1, 1, 1, 1, 1, 1, 1, 1, 1, 1, 1, 1, 1, 2, 2, 1, 1, 1, 2, 1, 1, 1, 1, 1, 1, 1, 1, 1, 1, 1, 1, 1, 2, 2, 1, 2, 1, 1, 1, 1, 1, 1, 1, 1, 1, 1, 1, 2, 1, 1, 1, 2, 2, 1, 1, 2, 1, 2, 1, 1, 1, 1, 1, 2, 1, 1, 2, 1, 1, 1, 1, 2, 1, 1, 1, 2, 1, 1, 2, 1, 1, 1, 1, 1, 1, 1, 1, 1, 1, 1, 1, 1, 1, 1, 2, 1, 1, 1, 2, 2, 1, 2, 1, 1, 1, 1, 1, 1, 1, 1, 1, 1, 1, 1, 1, 1, 1, 2, 1, 1, 1, 1, 1, 2, 1, 1, 2, 1, 1, 2, 1, 2, 1, 1, 1, 1, 1, 2, 1, 1, 2, 1, 1, 1, 1, 1, 1, 1, 1, 1, 1, 2, 1, 1, 1, 2, 1, 1, 1, 1, 1, 1, 2, 2, 1, 1, 2, 1, 2, 1]
w=11580498493178916864/6296488643826207716621 [cg] doubles=44 n=212
  xk(2^-20 units)=[8863, 279061, 770402, 1048619, 1313833, 1580628, 1848855, 2122362, 2594762, 2868168, 3135120, 3413705, 3921083, 4199074, 4464578, 4732667, 5006134, 5477061, 5750573, 6018601, 6285199, 6551146, 6815854, 7093926, 7584438, 7855873, 8122742, 8387792, 8665955, 9157529, 9427813, 9706640, 10214120, 10492047, 10757520, 11025585, 11299017, 11769848, 12043504, 12311796, 12578785, 12845138, 13111499, 13378407, 13646660, 13920232, 14391223, 14664684, 14932713, 15198129, 15476040, 15983379, 16262108, 16532285, 17023094, 17300809, 17564151, 17841841, 18333806, 18604082, 18882882, 19390665, 19668933, 19935336, 20207885, 20680855, 20962651, 21238959, 21504402, 21772585, 22046154, 22518052, 22791539, 23059665, 23326434, 23591604, 23869876, 24361261, 24632656, 24898264, 25174570, 25456374, 25928825, 26201342, 26468741, 26734742, 26999071, 27276495, 27783819, 28067055, 28559806, 28837828, 29102818, 29369503, 29637693, 29911287, 30383372, 30656962, 30925154, 31191879, 31457063, 31735356, 32227744, 32498175, 32775557, 33057715, 33531171, 33804065, 34072009, 34338847, 34605336, 34872071, 35140029, 35412901, 35886711, 36168830, 36446025, 36716203, 37207047, 37484487, 37748089, 38011531, 38288488, 38795130, 39078341, 39571605, 39849894, 40115511, 40383348, 40656266, 41132172, 41414525, 41692423, 41963878, 42437308, 42718898, 42994776, 43259234, 43525690, 43793734, 44067202, 44537790, 44811287, 45079393, 45346012, 45611904, 45876574, 46154663, 46644907, 46916359, 47183287, 47448453, 47726748, 48218049, 48489622, 48756601, 49021749, 49299970, 49792099, 50062444, 50339686, 50621759, 51096922, 51369735, 51637665, 51903454, 52181994, 52673798, 52945266, 53211047, 53489109, 53997724, 54277280, 54548951, 55025866, 55308327, 55590046, 56084218, 56362346, 56627440, 56894171, 57162322, 57435844, 57907929, 58181480, 58449645, 58715257, 58993312, 59501574, 59781030, 60052491, 60526315, 60808042, 61084315, 61349694, 61617706, 61891060, 62364852, 62637117, 62916926, 63425066, 63702751, 63967435, 64233905, 64501868, 64775329, 65246935, 65520399, 65788429, 66053920, 66331859, 66838974]
  m=[1, 1, 2, 1, 1, 1, 1, 1, 1, 1, 1, 2, 2, 1, 1, 1, 1, 1, 1, 1, 1, 1, 1, 2, 1, 1, 1, 1, 2, 1, 1, 2, 2, 1, 1, 1, 1, 1, 1, 1, 1, 1, 1, 1, 1, 1, 1, 1, 1, 1, 2, 2, 1, 1, 2, 1, 1, 2, 1, 1, 2, 2, 1, 1, 1, 1, 2, 1, 1, 1, 1, 1, 1, 1, 1, 1, 2, 1, 1, 1, 2, 1, 1, 1, 1, 1, 1, 2, 2, 1, 2, 1, 1, 1, 1, 1, 1, 1, 1, 1, 1, 2, 1, 1, 2, 1, 1, 1, 1, 1, 1, 1, 1, 1, 1, 2, 1, 1, 2, 1, 1, 1, 2, 2, 1, 2, 1, 1, 1, 1, 1, 2, 1, 1, 1, 2, 1, 1, 1, 1, 1, 1, 1, 1, 1, 1, 1, 2, 1, 1, 1, 1, 2, 1, 1, 1, 1, 2, 1, 1, 2, 1, 1, 1, 1, 1, 2, 1, 1, 1, 2, 2, 1, 1, 1, 2, 1, 2, 1, 1, 1, 1, 1, 1, 1, 1, 1, 2, 2, 1, 1, 1, 2, 1, 1, 1, 1, 1, 1, 2, 2, 1, 1, 1, 1, 1, 1, 1, 1, 1, 2, 2]
w=90212308419097247744/18889465931478623149863 [cg] doubles=43 n=213
  xk(2^-20 units)=[239255, 510832, 788781, 1071107, 1548958, 1820678, 2098736, 2381173, 2855902, 3128658, 3396243, 3662474, 3926895, 4202769, 4484498, 4954903, 5227600, 5495325, 5761810, 6027886, 6294063, 6560842, 6829058, 7102572, 7574761, 7848293, 8115357, 8393997, 8902289, 9181112, 9451306, 9941578, 10218946, 10481684, 10758703, 11265868, 11545237, 11816667, 12292004, 12573882, 12851014, 13121265, 13612841, 13890803, 14155358, 14421161, 14687660, 14955712, 15229142, 15700070, 15973628, 16241737, 16508279, 16774130, 17038694, 17316641, 17806761, 18076734, 18355321, 18861489, 19138929, 19403386, 19669720, 19937647, 20211091, 20681843, 20955299, 21223373, 21489912, 21755666, 22020186, 22298098, 22787951, 23059037, 23324396, 23602092, 24108177, 24385894, 24651281, 24922427, 25412200, 25690171, 25954730, 26220502, 26487045, 26755209, 27028802, 27499586, 27773102, 28041183, 28307713, 28573532, 28838159, 29116191, 29607749, 29877876, 30154898, 30436478, 30914006, 31198382, 31708449, 31986745, 32252532, 32520669, 32794071, 33267525, 33539767, 33819534, 34327227, 34604709, 34868945, 35134536, 35400860, 35668791, 35942178, 36412642, 36686118, 36954178, 37219715, 37497705, 38004747, 38282928, 38549122, 38821423, 39291086, 39572591, 39848224, 40112200, 40377810, 40644195, 40912172, 41185639, 41655009, 41928386, 42196227, 42462436, 42727856, 42991790, 43268964, 43774561, 44053050, 44322935, 44812256, 45089971, 45354130, 45619375, 45884957, 46151359, 46419377, 46692912, 47162959, 47436473, 47704490, 47970892, 48236471, 48501759, 48766037, 49043851, 49534626, 49804824, 50081971, 50363924, 50840247, 51111822, 51389796, 51672067, 52149765, 52421436, 52699464, 52981773, 53459178, 53730941, 54008985, 54291310, 54769335, 55041096, 55319180, 55601646, 56077887, 56350856, 56618916, 56884806, 57163421, 57656728, 57927261, 58204613, 58486653, 58963251, 59234845, 59512850, 59795224, 60271658, 60544568, 60811180, 61087974, 61369905, 61845897, 62117471, 62395437, 62677750, 63155568, 63427287, 63705341, 63987679, 64465548, 64737291, 65015350, 65297798, 65774074, 66046988, 66313593, 66590394, 66872347]
  m=[1, 1, 2, 1, 1, 1, 2, 1, 1, 1, 1, 1, 1, 2, 1, 1, 1, 1, 1, 1, 1, 1, 1, 1, 1, 1, 1, 2, 2, 1, 1, 2, 1, 1, 2, 2, 1, 1, 1, 2, 1, 1, 2, 1, 1, 1, 1, 1, 1, 1, 1, 1, 1, 1, 1, 2, 1, 1, 2, 2, 1, 1, 1, 1, 1, 1, 1, 1, 1, 1, 1, 2, 1, 1, 1, 2, 2, 1, 1, 1, 2, 1, 1, 1, 1, 1, 1, 1, 1, 1, 1, 1, 1, 2, 1, 1, 2, 1, 1, 2, 2, 1, 1, 1, 1, 1, 1, 2, 2, 1, 1, 1, 1, 1, 1, 1, 1, 1, 1, 2, 2, 1, 1, 1, 1, 2, 1, 1, 1, 1, 1, 1, 1, 1, 1, 1, 1, 1, 2, 2, 1, 1, 2, 1, 1, 1, 1, 1, 1, 1, 1, 1, 1, 1, 1, 1, 1, 2, 1, 1, 2, 1, 1, 1, 2, 1, 1, 1, 2, 1, 1, 1, 2, 1, 1, 1, 2, 1, 1, 1, 1, 1, 2, 1, 1, 2, 1, 1, 1, 2, 1, 1, 1, 1, 2, 1, 1, 1, 2, 1, 1, 1, 2, 1, 1, 1, 2, 1, 1, 1, 1, 2, 1]
w=4969963102065223680/6296488643826207716621 [cg] doubles=19 n=237
  xk(2^-20 units)=[213558, 480823, 747703, 1014290, 1280635, 1545833, 1824189, 2330808, 2609079, 2874151, 3140344, 3406669, 3673227, 3940070, 4207272, 4474859, 4742997, 5011733, 5281218, 5551605, 5823032, 6095613, 6369444, 6644543, 6920762, 7197817, 7475314, 7752779, 8029755, 8305944, 8581202, 8855566, 9129101, 9401997, 9674460, 9946689, 10218960, 10491462, 10764473, 11038270, 11313029, 11588984, 11866245, 12144820, 12424560, 12705123, 12986053, 13266876, 13547250, 13827079, 14106434, 14385575, 14664774, 14944367, 15224611, 15505557, 15787043, 16068592, 16349475, 16629036, 16906838, 17182713, 17456695, 17728981, 17999822, 18269415, 18538014, 18805806, 19072955, 19339550, 19605743, 19871537, 20137010, 20402205, 20667222, 20931125, 21208460, 21712933, 21990186, 22254149, 22518419, 22796428, 23286642, 23558185, 23824963, 24089696, 24367270, 24872561, 25149670, 25412549, 25690037, 26182576, 26465991, 26973371, 27250590, 27514217, 27777700, 28054697, 28558909, 28836281, 29100238, 29365377, 29630721, 29896416, 30162515, 30429111, 30696287, 30964213, 31233070, 31503067, 31774414, 32047369, 32322090, 32598628, 32876816, 33156143, 33435807, 33714949, 33992929, 34269403, 34544318, 34817857, 35090227, 35361664, 35632442, 35902756, 36172863, 36442968, 36713266, 36983917, 37255108, 37526979, 37799644, 38073175, 38347561, 38622737, 38898474, 39174482, 39450412, 39725941, 40000823, 40274903, 40548168, 40820647, 41092443, 41363729, 41634664, 41905489, 42176363, 42447534, 42719259, 42991752, 43265291, 43540082, 43816337, 44094057, 44373016, 44652662, 44932227, 45210906, 45488121, 45763587, 46037291, 46309344, 46579951, 46849408, 47117876, 47385565, 47652667, 47919357, 48185721, 48451866, 48717902, 48983964, 49249215, 49527866, 50019235, 50291177, 50557341, 50835614, 51341464, 51618575, 51881993, 52146252, 52409466, 52686283, 53189719, 53466444, 53728711, 54005560, 54509897, 54787289, 55051388, 55316654, 55582138, 55847931, 56114134, 56380833, 56648080, 56916085, 57185001, 57455028, 57726376, 57999251, 58273862, 58550236, 58828235, 59107404, 59387020, 59666292, 59944583, 60221556, 60497139, 60771427, 61044715, 61317202, 61589178, 61860927, 62132682, 62404706, 62677249, 62950469, 63224532, 63499542, 63775437, 64052009, 64328929, 64605761, 64882047, 65157434, 65431699, 65704775, 65976670, 66247481, 66517327, 66786343, 67054658]
  m=[1, 1, 1, 1, 1, 1, 2, 2, 1, 1, 1, 1, 1, 1, 1, 1, 1, 1, 1, 1, 1, 1, 1, 1, 1, 1, 1, 1, 1, 1, 1, 1, 1, 1, 1, 1, 1, 1, 1, 1, 1, 1, 1, 1, 1, 1, 1, 1, 1, 1, 1, 1, 1, 1, 1, 1, 1, 1, 1, 1, 1, 1, 1, 1, 1, 1, 1, 1, 1, 1, 1, 1, 1, 1, 1, 1, 2, 2, 1, 1, 1, 2, 1, 1, 1, 1, 2, 2, 1, 1, 2, 1, 2, 2, 1, 1, 1, 2, 2, 1, 1, 1, 1, 1, 1, 1, 1, 1, 1, 1, 1, 1, 1, 1, 1, 1, 1, 1, 1, 1, 1, 1, 1, 1, 1, 1, 1, 1, 1, 1, 1, 1, 1, 1, 1, 1, 1, 1, 1, 1, 1, 1, 1, 1, 1, 1, 1, 1, 1, 1, 1, 1, 1, 1, 1, 1, 1, 1, 1, 1, 1, 1, 1, 1, 1, 1, 1, 1, 1, 1, 1, 1, 1, 1, 1, 2, 1, 1, 1, 2, 2, 1, 1, 1, 1, 2, 2, 1, 1, 2, 2, 1, 1, 1, 1, 1, 1, 1, 1, 1, 1, 1, 1, 1, 1, 1, 1, 1, 1, 1, 1, 1, 1, 1, 1, 1, 1, 1, 1, 1, 1, 1, 1, 1, 1, 1, 1, 1, 1, 1, 1, 1, 1, 1, 1, 1, 1]
w=29038912657978671104/6296488643826207716621 [cg] doubles=41 n=215
  xk(2^-20 units)=[49591, 315227, 579677, 857557, 1347974, 1619203, 1884719, 2162570, 2669299, 2947954, 3218126, 3708725, 3986642, 4251221, 4517063, 4783554, 5051652, 5325202, 5795432, 6069105, 6337340, 6604205, 6870553, 7136878, 7403788, 7672189, 7945844, 8416090, 8689512, 8957345, 9223638, 9488122, 9765562, 10271896, 10550541, 10820702, 11312039, 11590164, 11855146, 12121929, 12393241, 12882879, 13160758, 13424977, 13690190, 13955759, 14222093, 14489995, 14763394, 15234082, 15507476, 15775456, 16040873, 16318765, 16825619, 17103795, 17370028, 17642424, 18113785, 18395497, 18671646, 18936704, 19204299, 19477016, 19950674, 20232651, 20509769, 20779932, 21270551, 21548294, 21812457, 22077461, 22342774, 22608773, 22876202, 23148798, 23621537, 23903687, 24181008, 24451369, 24943690, 25221977, 25487132, 25753851, 26021952, 26295518, 26766212, 27039710, 27307766, 27574180, 27839717, 28104900, 28369027, 28646761, 29136682, 29406836, 29685589, 30193201, 30471530, 30738070, 31010742, 31485203, 31767172, 32044290, 32314398, 32804928, 33082693, 33346873, 33612002, 33877514, 34143894, 34411845, 34685277, 35155599, 35428945, 35696800, 35963020, 36227477, 36504945, 37011426, 37289867, 37556708, 37830037, 38301000, 38574417, 38842396, 39108733, 39374276, 39639438, 39903586, 40181352, 40670789, 40942021, 41207495, 41483625, 41765233, 42239220, 42510630, 42790092, 43298226, 43576221, 43841701, 44109722, 44383149, 44854869, 45128349, 45396349, 45662746, 45928505, 46193025, 46470927, 46961760, 47232057, 47510825, 48018408, 48296706, 48563083, 48835593, 49307363, 49588926, 49864761, 50129206, 50395581, 50663509, 50936888, 51407630, 51681096, 51949141, 52215576, 52481292, 52745808, 53023702, 53513686, 53783613, 54062080, 54567860, 54844878, 55108601, 55373778, 55639903, 55910786, 56398986, 56676421, 56940085, 57203588, 57480598, 57987697, 58267406, 58539640, 59012572, 59285937, 59554020, 59820693, 60086805, 60352871, 60619408, 60887246, 61160161, 61635096, 61917664, 62196021, 62468329, 62944150, 63217472, 63484408, 63762948, 64270803, 64549643, 64819905, 65311260, 65589024, 65852448, 66130241, 66620702, 66891929]
  m=[1, 1, 1, 2, 1, 1, 1, 2, 2, 1, 1, 2, 1, 1, 1, 1, 1, 1, 1, 1, 1, 1, 1, 1, 1, 1, 1, 1, 1, 1, 1, 1, 2, 2, 1, 1, 2, 1, 1, 1, 1, 2, 1, 1, 1, 1, 1, 1, 1, 1, 1, 1, 1, 2, 2, 1, 1, 1, 1, 2, 1, 1, 1, 1, 1, 2, 1, 1, 2, 1, 1, 1, 1, 1, 1, 1, 1, 2, 1, 1, 2, 1, 1, 1, 1, 1, 1, 1, 1, 1, 1, 1, 1, 2, 1, 1, 2, 2, 1, 1, 1, 1, 2, 1, 1, 2, 1, 1, 1, 1, 1, 1, 1, 1, 1, 1, 1, 1, 2, 2, 1, 1, 1, 1, 1, 1, 1, 1, 1, 1, 2, 1, 1, 1, 2, 1, 1, 1, 2, 2, 1, 1, 1, 1, 1, 1, 1, 1, 1, 1, 2, 1, 1, 2, 2, 1, 1, 1, 1, 2, 1, 1, 1, 1, 1, 1, 1, 1, 1, 1, 1, 2, 1, 1, 2, 2, 1, 1, 1, 1, 1, 2, 1, 1, 1, 2, 2, 1, 1, 1, 1, 1, 1, 1, 1, 1, 1, 1, 1, 2, 1, 1, 1, 1, 1, 2, 2, 1, 1, 2, 1, 1, 2, 1, 1]
w=8181020082802085888/18889465931478623149863 [cg] doubles=42 n=214
  xk(2^-20 units)=[67103498, 272611, 544168, 1020113, 1301994, 1578774, 1845269, 2117918, 2591018, 2872793, 3149001, 3414165, 3681771, 3954475, 4428025, 4710074, 4986903, 5253472, 5526207, 6000667, 6282678, 6559481, 6826010, 7098755, 7571949, 7853771, 8130131, 8395837, 8667353, 9158390, 9436626, 9701660, 9968148, 10235861, 10508607, 10982241, 11264324, 11541210, 11807798, 12080621, 12555024, 12837051, 13113843, 13380356, 13653124, 14127527, 14409586, 14686420, 14952991, 15225802, 15700178, 15982215, 16259027, 16525548, 16798315, 17272918, 17554976, 17831833, 18098385, 18371157, 18845421, 19127451, 19404305, 19670883, 19943685, 20418281, 20700317, 20977130, 21243684, 21516395, 21989252, 22271041, 22547213, 22812379, 23080022, 23352738, 23826384, 24108411, 24385190, 24651670, 24924332, 25397492, 25679375, 25955795, 26221373, 26489572, 26763095, 27235060, 27508635, 27776858, 28043648, 28308849, 28587145, 29079494, 29349779, 29626846, 29908349, 30384191, 30666145, 30947616, 31441110, 31719177, 31984324, 32251086, 32519241, 32792714, 33264576, 33537961, 33804837, 34083305, 34590034, 34867544, 35132159, 35398574, 35666536, 35939942, 36410328, 36683748, 36951763, 37218152, 37482743, 37760276, 38266975, 38545458, 38812344, 39085724, 39556662, 39830076, 40098085, 40364447, 40629980, 40893902, 41169512, 41451027, 41921743, 42194266, 42460691, 42738974, 43246942, 43525786, 43796116, 44287110, 44564976, 44829406, 45095037, 45361307, 45629045, 45901956, 46378762, 46661832, 46944594, 47423077, 47704711, 47981384, 48247822, 48520446, 48994377, 49276387, 49553167, 49819726, 50092521, 50567149, 50849137, 51125924, 51392461, 51665173, 52138166, 52419956, 52696134, 52961281, 53228920, 53501614, 53975292, 54257333, 54534155, 54800701, 55073404, 55546824, 55828706, 56105098, 56370596, 56638706, 56912179, 57384637, 57658091, 57924965, 58201771, 58483255, 58958010, 59239420, 59515913, 59782221, 60054832, 60528561, 60810534, 61087304, 61353854, 61626596, 62099809, 62381589, 62657730, 62922864, 63190447, 63463086, 63936855, 64218898, 64495752, 64762447, 65035345, 65511696, 65794097, 66072117, 66343838, 66821142]
  m=[2, 1, 1, 1, 2, 1, 1, 1, 1, 2, 1, 1, 1, 1, 1, 2, 1, 1, 1, 1, 2, 1, 1, 1, 1, 2, 1, 1, 1, 2, 1, 1, 1, 1, 1, 1, 2, 1, 1, 1, 1, 2, 1, 1, 1, 1, 2, 1, 1, 1, 1, 2, 1, 1, 1, 1, 2, 1, 1, 1, 1, 2, 1, 1, 1, 1, 2, 1, 1, 1, 1, 2, 1, 1, 1, 1, 1, 2, 1, 1, 1, 1, 2, 1, 1, 1, 1, 1, 1, 1, 1, 1, 2, 1, 1, 2, 1, 1, 2, 1, 2, 1, 1, 1, 1, 1, 1, 1, 1, 2, 2, 1, 1, 1, 1, 1, 1, 1, 1, 1, 1, 2, 2, 1, 1, 1, 1, 1, 1, 1, 1, 1, 2, 1, 1, 1, 1, 2, 2, 1, 1, 2, 1, 1, 1, 1, 1, 1, 1, 2, 1, 1, 2, 1, 1, 1, 1, 2, 1, 1, 1, 1, 2, 1, 1, 1, 1, 2, 1, 1, 1, 1, 1, 2, 1, 1, 1, 1, 2, 1, 1, 1, 1, 1, 1, 1, 2, 1, 1, 2, 1, 1, 1, 1, 2, 1, 1, 1, 1, 2, 1, 1, 1, 1, 1, 2, 1, 1, 1, 1, 2, 1, 1, 1]
w=13162073613283090432/18889465931478623149863 [cg] doubles=42 n=214
  xk(2^-20 units)=[67097630, 256499, 522146, 800629, 1294220, 1564829, 1843911, 2353031, 2636370, 3128947, 3406662, 3670975, 3936521, 4202736, 4470278, 4743031, 5217444, 5500018, 5781717, 6274810, 6552624, 6817137, 7082925, 7349390, 7617377, 7890849, 8360555, 8634012, 8902018, 9168400, 9433889, 9698818, 9963587, 10227566, 10505182, 10993501, 11264588, 11529994, 11807797, 12314960, 12593226, 12859649, 13132292, 13607207, 13889732, 14171529, 14665560, 14943671, 15208769, 15475483, 15743635, 16017141, 16488979, 16762532, 17030710, 17297501, 17562684, 17840891, 18332506, 18602792, 18881535, 19388533, 19666454, 19932112, 20203562, 20695540, 20974213, 21240471, 21512212, 22004003, 22282192, 22547193, 22813509, 23081020, 23353639, 23824226, 24105946, 24381908, 24646424, 24912885, 25180864, 25454345, 25924418, 26197864, 26465846, 26732221, 26997682, 27262820, 27526916, 27804651, 28294838, 28564969, 28843646, 29350406, 29628250, 29893749, 30164965, 30654888, 30932828, 31197379, 31463106, 31729524, 31997539, 32271017, 32742292, 33015744, 33283751, 33550080, 33814642, 34092199, 34599648, 34882892, 35375488, 35653393, 35918162, 36184527, 36452152, 36724934, 37200186, 37482546, 37760513, 38032085, 38508011, 38789892, 39066598, 39333068, 39605745, 40079900, 40361962, 40639224, 40909597, 41402161, 41680334, 41945398, 42212219, 42483564, 42973012, 43250904, 43515165, 43780367, 44045959, 44312385, 44580371, 44853778, 45323944, 45597356, 45865301, 46131751, 46396267, 46672148, 46953854, 47424902, 47697439, 47964945, 48231270, 48496158, 48774253, 49266018, 49536324, 49815173, 50323320, 50602222, 50872701, 51365851, 51644441, 51910549, 52182106, 52672382, 52950210, 53214486, 53479723, 53745268, 54011601, 54279512, 54552774, 55025251, 55297500, 55577320, 56085381, 56363111, 56627842, 56894317, 57162286, 57435736, 57906029, 58179466, 58447435, 58713814, 58979363, 59243575, 59521057, 60029378, 60313555, 60789226, 61070517, 61346543, 61611924, 61883196, 62373339, 62651357, 62915914, 63181697, 63448158, 63716175, 63989673, 64459876, 64733403, 65001445, 65267767, 65533243, 65797216, 66072866, 66354431, 66824959]
  m=[1, 1, 1, 2, 1, 1, 2, 2, 1, 2, 1, 1, 1, 1, 1, 1, 1, 2, 1, 2, 1, 1, 1, 1, 1, 1, 1, 1, 1, 1, 1, 1, 1, 1, 2, 1, 1, 1, 2, 2, 1, 1, 1, 1, 2, 1, 2, 1, 1, 1, 1, 1, 1, 1, 1, 1, 1, 2, 1, 1, 2, 2, 1, 1, 1, 2, 1, 1, 1, 2, 1, 1, 1, 1, 1, 1, 2, 1, 1, 1, 1, 1, 1, 1, 1, 1, 1, 1, 1, 2, 1, 1, 2, 2, 1, 1, 1, 2, 1, 1, 1, 1, 1, 1, 1, 1, 1, 1, 1, 2, 2, 1, 2, 1, 1, 1, 1, 1, 1, 2, 1, 1, 1, 2, 1, 1, 1, 1, 2, 1, 1, 2, 1, 1, 1, 1, 2, 1, 1, 1, 1, 1, 1, 1, 1, 1, 1, 1, 1, 2, 1, 1, 1, 1, 1, 1, 2, 1, 1, 2, 2, 1, 1, 2, 1, 1, 1, 2, 1, 1, 1, 1, 1, 1, 1, 1, 1, 2, 2, 1, 1, 1, 1, 1, 1, 1, 1, 1, 1, 1, 2, 2, 1, 1, 2, 1, 1, 1, 2, 1, 1, 1, 1, 1, 1, 1, 1, 1, 1, 1, 1, 2, 1, 1]
w=3649584568553672704/18889465931478623149863 [cg] doubles=42 n=214
  xk(2^-20 units)=[67097586, 256453, 522102, 800581, 1294171, 1564777, 1843866, 2352985, 2636323, 3128843, 3406552, 3670851, 3936365, 4202558, 4470095, 4742851, 5217376, 5499921, 5781577, 6274121, 6551741, 6815849, 7081005, 7346481, 7612765, 7880689, 8154113, 8623956, 8897498, 9165570, 9432036, 9697594, 9962784, 10227037, 10504804, 10993417, 11264526, 11529935, 11807743, 12314851, 12593131, 12859580, 13132239, 13607279, 13889795, 14171588, 14665601, 14943702, 15208800, 15475512, 15743665, 16017177, 16489025, 16762578, 17030752, 17297535, 17562709, 17840910, 18332521, 18602812, 18881558, 19388566, 19666486, 19932138, 20203591, 20695571, 20974250, 21240509, 21512251, 22004044, 22282232, 22547237, 22813554, 23081067, 23353683, 23824261, 24105979, 24381943, 24646463, 24912925, 25180904, 25454393, 25924461, 26197909, 26465893, 26732267, 26997724, 27262866, 27526959, 27804692, 28294874, 28565000, 28843672, 29350426, 29628270, 29893769, 30164991, 30654922, 30932864, 31197412, 31463141, 31729559, 31997567, 32271046, 32742317, 33015770, 33283777, 33550107, 33814674, 34092231, 34599684, 34882924, 35375510, 35653414, 35918181, 36184542, 36452165, 36724946, 37200180, 37482534, 37760509, 38032081, 38508014, 38789889, 39066598, 39333065, 39605744, 40079889, 40361952, 40639216, 40909590, 41402154, 41680327, 41945389, 42212211, 42483557, 42973001, 43250891, 43515149, 43780351, 44045941, 44312364, 44580349, 44853755, 45323928, 45597340, 45865287, 46131735, 46396256, 46672139, 46953845, 47424882, 47697421, 47964927, 48231247, 48496133, 48774229, 49266000, 49536312, 49815163, 50323306, 50602210, 50872688, 51365835, 51644422, 51910536, 52182095, 52672373, 52950197, 53214468, 53479704, 53745243, 54011574, 54279488, 54552759, 55025226, 55297474, 55577291, 56085352, 56363081, 56627807, 56894285, 57162256, 57435704, 57906003, 58179440, 58447401, 58713778, 58979325, 59243534, 59521014, 60029346, 60313521, 60789199, 61070490, 61346514, 61611895, 61883167, 62373311, 62651329, 62915879, 63181660, 63448121, 63716133, 63989635, 64459841, 64733357, 65001392, 65267710, 65533188, 65797162, 66072815, 66354383, 66824920]
  m=[1, 1, 1, 2, 1, 1, 2, 2, 1, 2, 1, 1, 1, 1, 1, 1, 1, 2, 1, 2, 1, 1, 1, 1, 1, 1, 1, 1, 1, 1, 1, 1, 1, 1, 2, 1, 1, 1, 2, 2, 1, 1, 1, 1, 2, 1, 2, 1, 1, 1, 1, 1, 1, 1, 1, 1, 1, 2, 1, 1, 2, 2, 1, 1, 1, 2, 1, 1, 1, 2, 1, 1, 1, 1, 1, 1, 2, 1, 1, 1, 1, 1, 1, 1, 1, 1, 1, 1, 1, 2, 1, 1, 2, 2, 1, 1, 1, 2, 1, 1, 1, 1, 1, 1, 1, 1, 1, 1, 1, 2, 2, 1, 2, 1, 1, 1, 1, 1, 1, 2, 1, 1, 1, 2, 1, 1, 1, 1, 2, 1, 1, 2, 1, 1, 1, 1, 2, 1, 1, 1, 1, 1, 1, 1, 1, 1, 1, 1, 1, 2, 1, 1, 1, 1, 1, 1, 2, 1, 1, 2, 2, 1, 1, 2, 1, 1, 1, 2, 1, 1, 1, 1, 1, 1, 1, 1, 1, 2, 2, 1, 1, 1, 1, 1, 1, 1, 1, 1, 1, 1, 2, 2, 1, 1, 2, 1, 1, 1, 2, 1, 1, 1, 1, 1, 1, 1, 1, 1, 1, 1, 1, 2, 1, 1]
w=70166337380184973312/18889465931478623149863 [cg] doubles=44 n=212
  xk(2^-20 units)=[5092, 512834, 790866, 1056395, 1324413, 1597866, 2068467, 2341980, 2609981, 2876443, 3142103, 3407430, 3671727, 3949656, 4439477, 4710841, 4977694, 5242769, 5520930, 6013037, 6283525, 6562461, 7070853, 7349469, 7616516, 7889981, 8362543, 8636073, 8904258, 9170962, 9436167, 9714412, 10206735, 10477071, 10754316, 11036377, 11509878, 11782487, 12049982, 12316060, 12580486, 12857946, 13365051, 13648221, 14140021, 14417786, 14682195, 14947941, 15214468, 15482508, 15756023, 16226588, 16500268, 16768579, 17035469, 17301827, 17568166, 17835042, 18103404, 18377060, 18848867, 19122401, 19389476, 19668167, 20176679, 20455617, 20726083, 21217831, 21495973, 21760991, 22027884, 22299315, 22790553, 23068371, 23331809, 23609597, 24100097, 24371440, 24637147, 24915213, 25423996, 25703868, 25976128, 26451164, 26724494, 26991435, 27270025, 27777954, 28056304, 28322754, 28595246, 29066494, 29348112, 29624012, 29888565, 30155128, 30423230, 30696763, 31167836, 31441394, 31709544, 31976308, 32241518, 32519821, 33012191, 33282542, 33559831, 33841962, 34315080, 34587715, 34855340, 35121615, 35387234, 35652695, 35918396, 36185014, 36456224, 36946111, 37223913, 37487352, 37765152, 38256007, 38527280, 38792866, 39070814, 39579174, 39862529, 40356517, 40634806, 40900357, 41168094, 41440877, 41914044, 42195899, 42472214, 42737767, 43009161, 43500046, 43778391, 44043609, 44310412, 44578649, 44852286, 45323653, 45597203, 45865313, 46131890, 46397772, 46662421, 46940517, 47430587, 47702088, 47969033, 48234157, 48512459, 49003489, 49275057, 49541971, 49807113, 50085324, 50577491, 50847813, 51125071, 51407137, 51881504, 52154207, 52421812, 52688149, 52952985, 53231078, 53722779, 53993161, 54272043, 54780284, 55058861, 55325803, 55599231, 56073273, 56346702, 56613757, 56892362, 57400565, 57679362, 57949615, 58439772, 58717504, 58981641, 59246740, 59512123, 59778345, 60045913, 60318659, 60792840, 61075474, 61357307, 61851562, 62129762, 62394966, 62661698, 62929830, 63203299, 63675135, 63948715, 64215911, 64494658, 65003620, 65282336, 65549497, 65823002, 66295059, 66568439, 66835409]
  m=[2, 2, 1, 1, 1, 1, 1, 1, 1, 1, 1, 1, 1, 2, 1, 1, 1, 1, 2, 1, 1, 2, 2, 1, 1, 1, 1, 1, 1, 1, 1, 2, 1, 1, 2, 1, 1, 1, 1, 1, 1, 2, 2, 1, 2, 1, 1, 1, 1, 1, 1, 1, 1, 1, 1, 1, 1, 1, 1, 1, 1, 1, 1, 2, 2, 1, 1, 2, 1, 1, 1, 1, 2, 1, 1, 2, 1, 1, 1, 2, 2, 1, 1, 1, 1, 1, 2, 2, 1, 1, 1, 1, 2, 1, 1, 1, 1, 1, 1, 1, 1, 1, 1, 2, 1, 1, 2, 1, 1, 1, 1, 1, 1, 1, 1, 1, 1, 2, 1, 1, 2, 1, 1, 1, 2, 2, 1, 2, 1, 1, 1, 1, 1, 2, 1, 1, 1, 2, 1, 1, 1, 1, 1, 1, 1, 1, 1, 1, 1, 2, 1, 1, 1, 1, 2, 1, 1, 1, 1, 2, 1, 1, 2, 1, 1, 1, 1, 1, 1, 2, 1, 1, 2, 2, 1, 1, 1, 1, 1, 1, 2, 2, 1, 1, 2, 1, 1, 1, 1, 1, 1, 1, 1, 2, 1, 2, 1, 1, 1, 1, 1, 1, 1, 1, 2, 2, 1, 1, 1, 1, 1, 1]
w=143447711555215163392/18889465931478623149863 [cg] doubles=45 n=211
  xk(2^-20 units)=[67082658, 247273, 515364, 782005, 1046958, 1324986, 1818268, 2101622, 2609636, 2887428, 3152540, 3419920, 3692442, 4165229, 4447079, 4723418, 4988866, 5256874, 5530409, 6001902, 6275392, 6543393, 6809849, 7075498, 7339868, 7617548, 8109513, 8392715, 8900049, 9177645, 9442216, 9708617, 9976613, 10250049, 10720901, 10994340, 11262303, 11528636, 11794157, 12059254, 12323250, 12600770, 13091802, 13374972, 13882330, 14159935, 14424580, 14691051, 14959025, 15232438, 15703695, 15977055, 16245046, 16510468, 16788389, 17295824, 17574394, 17841337, 18114797, 18586574, 18860031, 19128059, 19394516, 19660253, 19924726, 20202453, 20694570, 20977883, 21486133, 21764210, 22029750, 22297828, 22571271, 23043968, 23317391, 23584331, 23862902, 24370287, 24648248, 24913707, 25181662, 25455066, 25927201, 26200764, 26468946, 26735696, 27000751, 27278824, 27771946, 28055338, 28563541, 28841583, 29107160, 29375265, 29648800, 30122737, 30396359, 30664606, 30930615, 31209102, 31703227, 31986734, 32495362, 32773466, 33039012, 33307136, 33580678, 34052217, 34325754, 34593747, 34860232, 35124824, 35400738, 35682442, 36154100, 36426742, 36694437, 36959922, 37238226, 37733114, 38016672, 38526181, 38805172, 39075590, 39566907, 39844815, 40109309, 40374932, 40641104, 40908702, 41181402, 41654997, 41937082, 42214292, 42484536, 42975893, 43253878, 43518583, 43784445, 44051009, 44319116, 44592661, 45063783, 45337366, 45605593, 45872393, 46137480, 46415609, 46909598, 47191405, 47474034, 47949313, 48222145, 48489852, 48756367, 49021387, 49299528, 49791400, 50061766, 50340595, 50848455, 51126808, 51393227, 51665762, 52138756, 52420466, 52696702, 52961920, 53229561, 53502368, 53977294, 54259693, 54537703, 54809363, 55285827, 55567847, 55844916, 56111976, 56385584, 56858814, 57132373, 57400530, 57667207, 57932284, 58210359, 58703606, 58987044, 59495507, 59773576, 60039118, 60307187, 60580656, 61053178, 61326745, 61594839, 61860301, 62136677, 62418479, 62891191, 63163746, 63431244, 63697494, 63962188, 64240033, 64733040, 65016410, 65524865, 65802869, 66068389, 66336428, 66609857]
  m=[1, 1, 1, 1, 1, 2, 1, 2, 2, 1, 1, 1, 1, 1, 2, 1, 1, 1, 1, 1, 1, 1, 1, 1, 1, 2, 1, 2, 2, 1, 1, 1, 1, 1, 1, 1, 1, 1, 1, 1, 1, 2, 1, 2, 2, 1, 1, 1, 1, 1, 1, 1, 1, 1, 2, 2, 1, 1, 1, 1, 1, 1, 1, 1, 1, 2, 1, 2, 2, 1, 1, 1, 1, 1, 1, 1, 2, 2, 1, 1, 1, 1, 1, 1, 1, 1, 1, 2, 1, 2, 2, 1, 1, 1, 1, 1, 1, 1, 1, 2, 1, 2, 2, 1, 1, 1, 1, 1, 1, 1, 1, 1, 2, 1, 1, 1, 1, 1, 2, 1, 2, 2, 1, 1, 2, 1, 1, 1, 1, 1, 1, 1, 2, 1, 1, 2, 1, 1, 1, 1, 1, 1, 1, 1, 1, 1, 1, 2, 1, 2, 1, 1, 1, 1, 1, 1, 2, 1, 1, 2, 2, 1, 1, 1, 1, 2, 1, 1, 1, 1, 1, 2, 1, 1, 1, 2, 1, 1, 1, 1, 1, 1, 1, 1, 2, 1, 2, 2, 1, 1, 1, 1, 1, 1, 1, 1, 2, 1, 1, 1, 1, 1, 1, 2, 1, 2, 2, 1, 1, 1, 1]
w=74639677477748015104/18889465931478623149863 [cg] doubles=43 n=213
  xk(2^-20 units)=[238605, 510353, 788400, 1070738, 1548738, 1820463, 2098516, 2380947, 2855729, 3128486, 3396075, 3662342, 3926784, 4202678, 4484400, 4954794, 5227471, 5495196, 5761687, 6027785, 6293967, 6560744, 6828963, 7102513, 7574671, 7848226, 8115298, 8393946, 8902233, 9181058, 9451259, 9941562, 10218924, 10481661, 10758686, 11265863, 11545217, 11816634, 12291956, 12573840, 12850967, 13121220, 13612771, 13890729, 14155281, 14421081, 14687566, 14955625, 15229055, 15699948, 15973500, 16241622, 16508164, 16774002, 17038550, 17316496, 17806632, 18076603, 18355188, 18861325, 19138779, 19403245, 19669558, 19937466, 20210900, 20681696, 20955144, 21223235, 21489782, 21755556, 22020079, 22297988, 22787845, 23058942, 23324312, 23602008, 24108069, 24385787, 24651192, 24922337, 25412055, 25690035, 25954608, 26220374, 26486899, 26755047, 27028634, 27499450, 27772952, 28041038, 28307576, 28573411, 28838036, 29116057, 29607627, 29877769, 30154801, 30436389, 30913865, 31198260, 31708333, 31986614, 32252401, 32520561, 32793963, 33267407, 33539641, 33819408, 34327141, 34604618, 34868846, 35134440, 35400785, 35668727, 35942117, 36412570, 36686076, 36954135, 37219660, 37497649, 38004732, 38282901, 38549101, 38821399, 39291055, 39572562, 39848191, 40112146, 40377754, 40644130, 40912116, 41185569, 41654948, 41928312, 42196167, 42462364, 42727784, 42991714, 43268890, 43774487, 44052962, 44322824, 44812183, 45089896, 45354040, 45619280, 45884864, 46151263, 46419266, 46692793, 47162849, 47436358, 47704358, 47970771, 48236347, 48501612, 48765877, 49043679, 49534412, 49804600, 50081765, 50363731, 50840081, 51111697, 51389685, 51671955, 52149397, 52421043, 52699026, 52981327, 53459081, 53730814, 54008865, 54291292, 54767405, 55040264, 55306907, 55583722, 55865676, 56341895, 56613589, 56891592, 57174052, 57650287, 57923283, 58191309, 58457174, 58735768, 59228899, 59499405, 59776712, 60058752, 60535572, 60807161, 61085146, 61367543, 61843813, 62116683, 62383342, 62660165, 62942122, 63418257, 63689830, 63967761, 64250083, 64727879, 64999570, 65277623, 65559944, 66037894, 66309613, 66587662, 66870005]
  m=[1, 1, 2, 1, 1, 1, 2, 1, 1, 1, 1, 1, 1, 2, 1, 1, 1, 1, 1, 1, 1, 1, 1, 1, 1, 1, 1, 2, 2, 1, 1, 2, 1, 1, 2, 2, 1, 1, 1, 2, 1, 1, 2, 1, 1, 1, 1, 1, 1, 1, 1, 1, 1, 1, 1, 2, 1, 1, 2, 2, 1, 1, 1, 1, 1, 1, 1, 1, 1, 1, 1, 2, 1, 1, 1, 2, 2, 1, 1, 1, 2, 1, 1, 1, 1, 1, 1, 1, 1, 1, 1, 1, 1, 2, 1, 1, 2, 1, 1, 2, 2, 1, 1, 1, 1, 1, 1, 2, 2, 1, 1, 1, 1, 1, 1, 1, 1, 1, 1, 2, 2, 1, 1, 1, 1, 2, 1, 1, 1, 1, 1, 1, 1, 1, 1, 1, 1, 1, 2, 2, 1, 1, 2, 1, 1, 1, 1, 1, 1, 1, 1, 1, 1, 1, 1, 1, 1, 2, 1, 1, 2, 1, 1, 1, 2, 1, 1, 1, 2, 1, 1, 1, 2, 1, 1, 1, 1, 2, 1, 1, 1, 2, 1, 1, 1, 1, 1, 2, 1, 1, 2, 1, 1, 1, 2, 1, 1, 1, 1, 2, 1, 1, 1, 2, 1, 1, 1, 2, 1, 1, 1, 2, 1]
w=78271949849117163520/18889465931478623149863 [cg] doubles=43 n=213
  xk(2^-20 units)=[67099917, 267718, 534194, 806903, 1281046, 1563075, 1840324, 2110589, 2602231, 2880243, 3144837, 3410703, 3677300, 3945357, 4218808, 4689339, 4962718, 5230643, 5496980, 5761500, 6038965, 6545255, 6823324, 7089460, 7361721, 7831331, 8112891, 8388543, 8652548, 8918142, 9184547, 9452536, 9726009, 10195858, 10469403, 10737580, 11004339, 11269444, 11547537, 12041610, 12323190, 12605343, 13082988, 13367251, 13876209, 14153768, 14418078, 14683770, 14950176, 15218125, 15491530, 15961515, 16234930, 16502763, 16768954, 17034328, 17298187, 17575294, 18080880, 18359321, 18629169, 19118363, 19396077, 19660219, 19925459, 20191044, 20457422, 20725355, 20998821, 21468669, 21742025, 22009894, 22276183, 22541583, 22805560, 23082840, 23589453, 23872588, 24364053, 24641736, 24906063, 25171765, 25438236, 25706251, 25979693, 26451551, 26725125, 26993319, 27260068, 27525241, 27803526, 28295048, 28566632, 28832581, 29110872, 29620980, 29905339, 30384605, 30666787, 30948332, 31441872, 31719760, 31984511, 32250789, 32518293, 32790821, 33263056, 33544836, 33821133, 34086710, 34358215, 34849562, 35127799, 35392889, 35659653, 35930960, 36420732, 36698428, 36962528, 37226659, 37504344, 37995749, 38265982, 38543223, 38825358, 39298110, 39570922, 39838759, 40105335, 40371503, 40637748, 40904607, 41172905, 41446524, 41917129, 42190713, 42458918, 42725727, 42990871, 43269019, 43762952, 44044787, 44327475, 44801842, 45074658, 45342307, 45608597, 45874322, 46138868, 46416915, 46907019, 47178404, 47445240, 47710348, 47988604, 48481182, 48751795, 49030832, 49540139, 49823662, 50317256, 50595339, 50860376, 51127050, 51395158, 51668672, 52140831, 52414261, 52682241, 52947478, 53223532, 53504847, 53979622, 54261575, 54543095, 55036854, 55315194, 55580869, 55848745, 56121612, 56596100, 56878243, 57155552, 57425955, 57918495, 58196786, 58462036, 58728878, 58997117, 59270694, 59742502, 60016037, 60284179, 60549691, 60826061, 61107888, 61581544, 61854208, 62120694, 62397489, 62679519, 63152777, 63425452, 63692993, 63958274, 64236181, 64744582, 65024186, 65295932, 65774114, 66057019, 66339674, 66818328]
  m=[2, 1, 1, 1, 1, 2, 1, 1, 2, 1, 1, 1, 1, 1, 1, 1, 1, 1, 1, 1, 2, 2, 1, 1, 1, 1, 2, 1, 1, 1, 1, 1, 1, 1, 1, 1, 1, 1, 2, 1, 2, 1, 1, 2, 2, 1, 1, 1, 1, 1, 1, 1, 1, 1, 1, 1, 1, 2, 2, 1, 1, 2, 1, 1, 1, 1, 1, 1, 1, 1, 1, 1, 1, 1, 1, 2, 2, 1, 2, 1, 1, 1, 1, 1, 1, 1, 1, 1, 1, 1, 2, 1, 1, 1, 2, 2, 1, 1, 2, 1, 2, 1, 1, 1, 1, 1, 1, 2, 1, 1, 1, 2, 1, 1, 1, 1, 2, 1, 1, 1, 2, 1, 1, 2, 1, 1, 1, 1, 1, 1, 1, 1, 1, 1, 1, 1, 1, 1, 1, 2, 1, 2, 1, 1, 1, 1, 1, 1, 1, 2, 1, 1, 1, 1, 2, 1, 1, 2, 2, 1, 2, 1, 1, 1, 1, 1, 1, 1, 1, 1, 2, 1, 1, 2, 1, 2, 1, 1, 1, 1, 1, 2, 1, 1, 2, 1, 1, 1, 1, 1, 1, 1, 1, 1, 2, 1, 1, 1, 1, 2, 1, 1, 1, 1, 1, 2, 2, 1, 1, 1, 2, 1, 1]
w=176782751527712358400/18889465931478623149863 [cg] doubles=43 n=213
  xk(2^-20 units)=[6880, 273377, 546080, 1020316, 1302339, 1579529, 1849793, 2341517, 2619556, 2884211, 3150111, 3416695, 3684734, 3958148, 4428866, 4702333, 4970357, 5236881, 5501607, 5779246, 6286834, 6566131, 6837343, 7308172, 7589567, 7865144, 8129164, 8394737, 8661144, 8929157, 9202633, 9672816, 9946315, 10214486, 10481264, 10746393, 11024554, 11518984, 11800701, 12083143, 12558789, 12830199, 13109547, 13616946, 13894266, 14158342, 14423869, 14690138, 14957980, 15231344, 15701946, 15975394, 16243392, 16509822, 16775437, 17039676, 17317254, 17825952, 18110249, 18588044, 18869970, 19147720, 19419126, 19895774, 20177727, 20454696, 20721702, 20995190, 21467404, 21740823, 22008747, 22275084, 22539683, 22817262, 23324584, 23607780, 24099570, 24376969, 24640859, 24904827, 25182495, 25672252, 25943742, 26210612, 26476801, 26742944, 27009646, 27277880, 27551506, 28022700, 28296232, 28564234, 28830694, 29096464, 29361023, 29638913, 30128625, 30399690, 30665045, 30942739, 31448905, 31726610, 31992022, 32263150, 32753147, 33030874, 33294290, 33572073, 34064158, 34334481, 34611766, 34893853, 35367262, 35640196, 35908205, 36175173, 36441934, 36709110, 36977558, 37251311, 37722638, 37996266, 38264495, 38531287, 38796370, 39074515, 39568578, 39850396, 40133080, 40607813, 40880682, 41148446, 41415021, 41680101, 41958332, 42448899, 42720181, 42986716, 43252411, 43516921, 43794824, 44286933, 44557395, 44836336, 45345444, 45628782, 46120907, 46398406, 46662334, 46927236, 47192461, 47458449, 47725946, 47998556, 48471386, 48753457, 49030705, 49301085, 49793515, 50071812, 50337050, 50603803, 50871949, 51145493, 51616600, 51890049, 52157992, 52424315, 52688663, 52964279, 53245322, 53718839, 54000722, 54282172, 54775831, 55054108, 55319739, 55587587, 55860394, 56333510, 56615297, 56891599, 57157191, 57428647, 57919931, 58198278, 58463535, 58730359, 58998557, 59272132, 59744970, 60018553, 60285630, 60562708, 60844819, 61319884, 61592719, 61859354, 62136206, 62418210, 62891170, 63163826, 63431370, 63697655, 63962351, 64240130, 64749680, 65034102, 65514111, 65796710, 66079239, 66557558, 66839087]
  m=[1, 1, 1, 1, 2, 1, 1, 2, 1, 1, 1, 1, 1, 1, 1, 1, 1, 1, 1, 2, 2, 1, 1, 1, 2, 1, 1, 1, 1, 1, 1, 1, 1, 1, 1, 1, 2, 1, 2, 1, 1, 1, 2, 2, 1, 1, 1, 1, 1, 1, 1, 1, 1, 1, 1, 1, 2, 2, 1, 1, 2, 1, 1, 1, 2, 1, 1, 1, 1, 1, 1, 1, 1, 2, 2, 1, 2, 1, 1, 1, 2, 1, 1, 1, 1, 1, 1, 1, 1, 1, 1, 1, 1, 1, 1, 2, 1, 1, 1, 2, 2, 1, 1, 1, 2, 1, 1, 2, 1, 1, 2, 1, 1, 1, 1, 1, 1, 1, 1, 1, 1, 1, 1, 1, 1, 2, 1, 2, 1, 1, 1, 1, 1, 1, 2, 1, 1, 1, 1, 1, 2, 1, 1, 2, 2, 1, 2, 1, 1, 1, 1, 1, 1, 1, 1, 2, 1, 1, 2, 1, 1, 1, 1, 1, 1, 1, 1, 1, 1, 2, 1, 1, 2, 1, 2, 1, 1, 1, 1, 1, 2, 1, 1, 1, 2, 1, 1, 1, 1, 1, 1, 1, 1, 2, 1, 1, 1, 1, 2, 1, 1, 1, 1, 1, 1, 2, 2, 1, 1, 2, 1, 1, 2]
w=15056326823751471104/18889465931478623149863 [cg] doubles=44 n=212
  xk(2^-20 units)=[26638, 498776, 772307, 1039420, 1318112, 1826953, 2105686, 2372804, 2646366, 3118295, 3391738, 3659775, 3926300, 4192021, 4456465, 4734218, 5226177, 5509418, 6016760, 6294311, 6558886, 6825285, 7093304, 7366772, 7838396, 8111794, 8379779, 8646154, 8911823, 9176207, 9453926, 9946160, 10229494, 10737634, 11015668, 11281141, 11549199, 11822681, 12295326, 12568929, 12837043, 13103769, 13368887, 13647052, 14138351, 14408565, 14687354, 15194441, 15472321, 15737711, 16005668, 16279101, 16750777, 17024315, 17292376, 17558876, 17824661, 18089217, 18367115, 18857317, 19127433, 19406119, 19913232, 20191132, 20456519, 20724519, 20997950, 21468584, 21742077, 22009974, 22276327, 22541856, 22807060, 23071162, 23348868, 23838342, 24108210, 24386686, 24892263, 25169384, 25433287, 25698687, 25964865, 26232719, 26506152, 26976845, 27250335, 27518478, 27784087, 28062258, 28571122, 28851087, 29123428, 29597212, 29870607, 30138619, 30405229, 30670180, 30948223, 31440870, 31724114, 32231609, 32509206, 32773836, 33040198, 33308111, 33581553, 34053209, 34326743, 34594841, 34860261, 35136620, 35418478, 35890982, 36163597, 36431118, 36697421, 36962249, 37240297, 37731885, 38002140, 38280922, 38787707, 39065358, 39330293, 39597589, 39870019, 40342259, 40624121, 40900448, 41165877, 41433950, 41707431, 42178774, 42452235, 42720256, 42986730, 43252414, 43516849, 43794648, 44286545, 44569731, 45076923, 45354490, 45619042, 45885414, 46153428, 46426882, 46898707, 47172207, 47440279, 47706903, 47971864, 48249869, 48742385, 49025626, 49533008, 49810579, 50075218, 50341574, 50609522, 50882995, 51353908, 51627358, 51895353, 52161661, 52427153, 52692214, 52956186, 53233691, 53724950, 54008064, 54515459, 54792990, 55057534, 55323932, 55591910, 55865274, 56337271, 56610720, 56878826, 57145442, 57410434, 57688460, 58181435, 58464817, 58973066, 59251114, 59516604, 59784653, 60058192, 60530540, 60804101, 61072135, 61338578, 61604364, 61868884, 62146764, 62637681, 62908010, 63186904, 63695247, 63973854, 64240775, 64514086, 64988739, 65261048, 65541021, 66050055, 66328240, 66593887, 66862032]
  m=[1, 1, 1, 1, 2, 2, 1, 1, 1, 1, 1, 1, 1, 1, 1, 2, 1, 2, 2, 1, 1, 1, 1, 1, 1, 1, 1, 1, 1, 1, 2, 1, 2, 2, 1, 1, 1, 1, 1, 1, 1, 1, 1, 2, 1, 1, 2, 2, 1, 1, 1, 1, 1, 1, 1, 1, 1, 1, 2, 1, 1, 2, 2, 1, 1, 1, 1, 1, 1, 1, 1, 1, 1, 1, 2, 1, 1, 2, 2, 1, 1, 1, 1, 1, 1, 1, 1, 1, 1, 2, 2, 1, 1, 1, 1, 1, 1, 1, 2, 1, 2, 2, 1, 1, 1, 1, 1, 1, 1, 1, 1, 2, 1, 1, 1, 1, 1, 1, 2, 1, 1, 2, 2, 1, 1, 1, 1, 1, 2, 1, 1, 1, 1, 1, 1, 1, 1, 1, 1, 2, 1, 2, 2, 1, 1, 1, 1, 1, 1, 1, 1, 1, 1, 2, 1, 2, 2, 1, 1, 1, 1, 1, 1, 1, 1, 1, 1, 1, 1, 2, 1, 2, 2, 1, 1, 1, 1, 1, 1, 1, 1, 1, 1, 2, 1, 2, 2, 1, 1, 1, 1, 1, 1, 1, 1, 1, 1, 2, 1, 1, 2, 2, 1, 1, 1, 1, 1, 2, 2, 1, 1, 1]
w=330110324885506686976/18889465931478623149863 [cg] doubles=41 n=215
  xk(2^-20 units)=[67092061, 251208, 517579, 783119, 1047129, 1322770, 1604347, 2073722, 2346078, 2613306, 2878220, 3155876, 3662695, 3940895, 4207294, 4479846, 4953234, 5235221, 5512412, 5782656, 6274345, 6552322, 6816944, 7082721, 7349127, 7617099, 7890576, 8361102, 8634623, 8902563, 9168886, 9434268, 9698250, 9975501, 10482154, 10765286, 11257495, 11535390, 11800187, 12066536, 12334221, 12606923, 13080474, 13362547, 13639808, 13910099, 14402423, 14680724, 14945962, 15212819, 15481016, 15754562, 16224976, 16498453, 16766442, 17032877, 17298443, 17562437, 17838115, 18119654, 18589569, 18861903, 19128180, 19406436, 19913392, 20191290, 20456713, 20724673, 20998088, 21468685, 21742101, 22010044, 22276521, 22541079, 22816983, 23098662, 23569617, 23842094, 24109539, 24374551, 24650683, 24932393, 25404606, 25676989, 25943301, 26221514, 26728301, 27006158, 27271529, 27539421, 27812851, 28284130, 28557659, 28825667, 29092111, 29357773, 29622150, 29899826, 30391570, 30674776, 31182085, 31459702, 31724315, 31990724, 32258695, 32532124, 33003598, 33277049, 33545083, 33810506, 34086859, 34368743, 34842050, 35114777, 35382567, 35648219, 35926663, 36418182, 36689566, 36955184, 37233093, 37739956, 38018150, 38284490, 38557028, 39029900, 39311596, 39587945, 39853518, 40124930, 40616193, 40894474, 41159621, 41426338, 41694429, 41967904, 42441039, 42714572, 42981677, 43260312, 43768386, 44047293, 44317628, 44809262, 45087480, 45352593, 45619328, 45887478, 46161012, 46632359, 46905884, 47173956, 47440448, 47706258, 47971838, 48237592, 48504191, 48775463, 49264430, 49542134, 49806180, 50070209, 50347877, 50837967, 51109109, 51374529, 51652317, 52159131, 52437746, 52707878, 53198690, 53476533, 53740995, 54006784, 54273230, 54541200, 54814608, 55285504, 55558894, 55826860, 56093287, 56357924, 56635480, 57142985, 57422281, 57693539, 58166299, 58447866, 58723971, 58989056, 59256642, 59529340, 60003127, 60285185, 60562358, 60832557, 61323653, 61601577, 61865993, 62131563, 62397699, 62665215, 62937803, 63410978, 63693092, 63970366, 64240672, 64732072, 65010116, 65274777, 65540635, 65807180, 66075264, 66348775, 66818534]
  m=[1, 1, 1, 1, 1, 2, 1, 1, 1, 1, 1, 2, 2, 1, 1, 1, 1, 2, 1, 1, 2, 1, 1, 1, 1, 1, 1, 1, 1, 1, 1, 1, 1, 2, 2, 1, 2, 1, 1, 1, 1, 1, 1, 2, 1, 1, 2, 1, 1, 1, 1, 1, 1, 1, 1, 1, 1, 1, 2, 1, 1, 1, 1, 2, 2, 1, 1, 1, 1, 1, 1, 1, 1, 1, 2, 1, 1, 1, 1, 1, 2, 1, 1, 1, 1, 2, 2, 1, 1, 1, 1, 1, 1, 1, 1, 1, 1, 2, 1, 2, 2, 1, 1, 1, 1, 1, 1, 1, 1, 1, 2, 1, 1, 1, 1, 1, 2, 1, 1, 1, 2, 2, 1, 1, 1, 1, 2, 1, 1, 1, 2, 1, 1, 1, 1, 1, 1, 1, 1, 2, 2, 1, 1, 2, 1, 1, 1, 1, 1, 1, 1, 1, 1, 1, 1, 1, 1, 1, 2, 1, 1, 1, 2, 1, 1, 1, 2, 2, 1, 1, 2, 1, 1, 1, 1, 1, 1, 1, 1, 1, 1, 1, 2, 2, 1, 1, 1, 2, 1, 1, 1, 1, 1, 2, 1, 1, 2, 1, 1, 1, 1, 1, 1, 1, 2, 1, 1, 2, 1, 1, 1, 1, 1, 1, 1]
w=310601016967233142784/18889465931478623149863 [cg] doubles=41 n=215
  xk(2^-20 units)=[67092577, 251720, 518068, 783627, 1047628, 1323245, 1604833, 2074266, 2346585, 2613799, 2878689, 3156352, 3663127, 3941357, 4207756, 4480294, 4953735, 5235727, 5512939, 5783185, 6274947, 6552907, 6817495, 7083276, 7349671, 7617646, 7891108, 8361658, 8635132, 8903067, 9169385, 9434766, 9698685, 9975928, 10482595, 10765748, 11257988, 11535870, 11800665, 12066997, 12334668, 12607386, 13080997, 13363065, 13640296, 13910613, 14402853, 14681180, 14946446, 15213247, 15481451, 15755052, 16225388, 16498848, 16766845, 17033235, 17298811, 17562776, 17838426, 18119944, 18589885, 18862260, 19128542, 19406742, 19913754, 20191675, 20457108, 20725080, 20998443, 21469713, 21743219, 22011327, 22276817, 22553178, 22835069, 23307480, 23580041, 23847501, 24112538, 24388660, 24670358, 25142541, 25414999, 25681369, 25959633, 26466517, 26744387, 27009727, 27277661, 27551081, 28022570, 28296047, 28564005, 28830453, 29096145, 29360521, 29638217, 30130398, 30413703, 30921740, 31199765, 31465299, 31733370, 32006909, 32479134, 32752698, 33020846, 33287574, 33552744, 33831018, 34321864, 34593211, 34859855, 35125611, 35390074, 35667943, 36159275, 36429572, 36708400, 37216169, 37494516, 37760941, 38033548, 38507745, 38789649, 39066364, 39332803, 39605426, 40078844, 40360684, 40636946, 40902334, 41170381, 41443854, 41915452, 42188929, 42456942, 42722379, 43000262, 43507215, 43785959, 44056074, 44546552, 44824443, 45088944, 45354733, 45621211, 45889281, 46162839, 46633870, 46907426, 47175558, 47442322, 47708554, 47974702, 48241602, 48513080, 49002358, 49280075, 49544167, 49808193, 50085871, 50575880, 50847053, 51112475, 51390237, 51897131, 52175781, 52445901, 52936636, 53214504, 53478982, 53744776, 54011259, 54279234, 54552672, 55023422, 55296787, 55564694, 55831092, 56095729, 56373276, 56880722, 57160013, 57431228, 57902872, 58184287, 58460010, 58724279, 58990343, 59257812, 59530449, 60003557, 60285593, 60562789, 60833025, 61324254, 61602180, 61866619, 62132178, 62398295, 62665776, 62938426, 63411516, 63693612, 63970915, 64241213, 64732586, 65010643, 65275318, 65541152, 65807686, 66075738, 66349272, 66819057]
  m=[1, 1, 1, 1, 1, 2, 1, 1, 1, 1, 1, 2, 2, 1, 1, 1, 1, 2, 1, 1, 2, 1, 1, 1, 1, 1, 1, 1, 1, 1, 1, 1, 1, 2, 2, 1, 2, 1, 1, 1, 1, 1, 1, 2, 1, 1, 2, 1, 1, 1, 1, 1, 1, 1, 1, 1, 1, 1, 2, 1, 1, 1, 1, 2, 2, 1, 1, 1, 1, 1, 1, 1, 1, 2, 1, 1, 1, 1, 1, 2, 1, 1, 1, 1, 2, 2, 1, 1, 1, 1, 1, 1, 1, 1, 1, 1, 2, 1, 2, 2, 1, 1, 1, 1, 1, 1, 1, 1, 1, 2, 1, 1, 1, 1, 1, 2, 1, 1, 2, 2, 1, 1, 1, 1, 2, 1, 1, 1, 1, 2, 1, 1, 1, 1, 1, 1, 1, 1, 2, 2, 1, 1, 2, 1, 1, 1, 1, 1, 1, 1, 1, 1, 1, 1, 1, 1, 1, 2, 1, 1, 1, 2, 1, 1, 1, 2, 2, 1, 1, 2, 1, 1, 1, 1, 1, 1, 1, 1, 1, 1, 1, 2, 2, 1, 1, 1, 2, 1, 1, 1, 1, 1, 1, 2, 1, 1, 2, 1, 1, 1, 1, 1, 1, 1, 2, 1, 1, 2, 1, 1, 1, 1, 1, 1, 1]
w=48936296349210370048/18889465931478623149863 [cg] doubles=42 n=214
  xk(2^-20 units)=[67103008, 259802, 524250, 802142, 1294339, 1564744, 1843736, 2352747, 2636066, 3128597, 3406286, 3670541, 3936004, 4202161, 4469672, 4742389, 5216899, 5499437, 5781075, 6273581, 6551194, 6815288, 7080428, 7345896, 7612169, 7880080, 8153494, 8623348, 8896884, 9164947, 9431406, 9696952, 9962128, 10226368, 10504131, 10992750, 11263850, 11529257, 11807063, 12314153, 12592429, 12858872, 13131525, 13606535, 13889050, 14170840, 14664845, 14942945, 15208046, 15474752, 15742901, 16016411, 16488227, 16761785, 17029959, 17296739, 17561908, 17840107, 18331708, 18601999, 18880745, 19387745, 19665666, 19931317, 20202763, 20694758, 20973434, 21239688, 21511430, 22003205, 22281396, 22546400, 22812716, 23080233, 23352846, 23823417, 24105134, 24381099, 24645620, 24912077, 25180057, 25453549, 25923620, 26197067, 26465043, 26731410, 26996865, 27262005, 27526096, 27803827, 28294003, 28564131, 28842797, 29349543, 29627385, 29892884, 30164104, 30654027, 30931969, 31196517, 31462245, 31728660, 31996667, 32270142, 32741412, 33014863, 33282865, 33549193, 33813759, 34091315, 34598767, 34882005, 35374590, 35652493, 35917257, 36183614, 36451236, 36724017, 37199245, 37481593, 37759565, 38031137, 38507069, 38788942, 39065651, 39332121, 39604804, 40078927, 40360993, 40638254, 40908623, 41401187, 41679357, 41944418, 42211239, 42482581, 42972013, 43249906, 43514166, 43779366, 44044959, 44311384, 44579367, 44852776, 45322940, 45596349, 45864302, 46130751, 46395272, 46671158, 46952863, 47423900, 47696443, 47963944, 48230262, 48495149, 48773246, 49265010, 49535327, 49814177, 50322318, 50601222, 50871694, 51364839, 51643421, 51909531, 52181086, 52671359, 52949183, 53213451, 53478684, 53744219, 54010553, 54278464, 54551730, 55024176, 55296425, 55576240, 56084325, 56362055, 56626777, 56893253, 57161218, 57434660, 57904949, 58178385, 58446342, 58712711, 58978256, 59242459, 59519930, 60028239, 60312418, 60788046, 61069335, 61345371, 61610754, 61882023, 62372199, 62650192, 62914706, 63180454, 63446879, 63714867, 63988354, 64459122, 64732684, 65000832, 65267348, 65533163, 65797791, 66075825, 66565294, 66836468]
  m=[1, 1, 1, 2, 1, 1, 2, 2, 1, 2, 1, 1, 1, 1, 1, 1, 1, 2, 1, 2, 1, 1, 1, 1, 1, 1, 1, 1, 1, 1, 1, 1, 1, 1, 2, 1, 1, 1, 2, 2, 1, 1, 1, 1, 2, 1, 2, 1, 1, 1, 1, 1, 1, 1, 1, 1, 1, 2, 1, 1, 2, 2, 1, 1, 1, 2, 1, 1, 1, 2, 1, 1, 1, 1, 1, 1, 2, 1, 1, 1, 1, 1, 1, 1, 1, 1, 1, 1, 1, 2, 1, 1, 2, 2, 1, 1, 1, 2, 1, 1, 1, 1, 1, 1, 1, 1, 1, 1, 1, 2, 2, 1, 2, 1, 1, 1, 1, 1, 1, 2, 1, 1, 1, 2, 1, 1, 1, 1, 2, 1, 1, 2, 1, 1, 1, 1, 2, 1, 1, 1, 1, 1, 1, 1, 1, 1, 1, 1, 1, 2, 1, 1, 1, 1, 1, 1, 2, 1, 1, 2, 2, 1, 1, 2, 1, 1, 1, 2, 1, 1, 1, 1, 1, 1, 1, 1, 1, 2, 2, 1, 1, 1, 1, 1, 1, 1, 1, 1, 1, 1, 2, 2, 1, 1, 2, 1, 1, 1, 2, 1, 1, 1, 1, 1, 1, 1, 1, 1, 1, 1, 1, 2, 1, 1]
w=43089598478280212480/6296488643826207716621 [cg] doubles=41 n=215
  xk(2^-20 units)=[67103361, 258307, 535631, 1026667, 1309719, 1816398, 2093666, 2357664, 2623076, 2889320, 3157249, 3430658, 3900683, 4174259, 4442491, 4709290, 4975499, 5241631, 5508208, 5775993, 6048825, 6521361, 6803510, 7080792, 7351088, 7842709, 8120705, 8385358, 8651179, 8917650, 9185687, 9459209, 9928971, 10202496, 10470541, 10736924, 11002477, 11266463, 11542127, 11823646, 12293096, 12565432, 12831701, 13109948, 13617058, 13895007, 14160444, 14428394, 14701759, 15172174, 15445582, 15713599, 15980068, 16244576, 16520366, 16801869, 17274066, 17545299, 17824572, 18331689, 18609153, 18873542, 19139634, 19407096, 19679738, 20152830, 20434878, 20712126, 20982417, 21475011, 21753239, 22018410, 22285194, 22553309, 22826795, 23297852, 23571349, 23839447, 24105966, 24371747, 24636227, 24914079, 25404423, 25674388, 25952921, 26458842, 26736069, 27000238, 27266157, 27533440, 27805915, 28277689, 28559459, 28835759, 29101296, 29372711, 29863637, 30141962, 30407193, 30673950, 30942135, 31215726, 31686931, 31960467, 32228593, 32495169, 32761058, 33025740, 33303844, 33794186, 34065560, 34332423, 34597519, 34875737, 35368121, 35638733, 35917770, 36427039, 36706584, 36978118, 37452603, 37734270, 38010546, 38276194, 38547726, 39040150, 39318865, 39584924, 39853295, 40126849, 40600530, 40874103, 41141225, 41419969, 41928133, 42207004, 42477318, 42968121, 43246043, 43510547, 43776353, 44042818, 44310867, 44584329, 45056694, 45330283, 45597347, 45874397, 46156528, 46630122, 46902909, 47170531, 47436948, 47702880, 47968868, 48235637, 48507075, 48996613, 49274296, 49538375, 49802382, 50079968, 50571136, 50841326, 51120043, 51627818, 51906562, 52176767, 52667835, 52945782, 53210339, 53476143, 53742612, 54010654, 54284059, 54754720, 55028098, 55295908, 55562144, 55826583, 56103980, 56610126, 56888210, 57154282, 57426553, 57896099, 58177631, 58453295, 58717288, 58982840, 59249188, 59517084, 59790502, 60259796, 60533323, 60801343, 61067750, 61333361, 61598602, 61862797, 62140633, 62629106, 62900126, 63166503, 63430885, 63708332, 64215943, 64495326, 64766742, 65241730, 65523552, 65800551, 66070639, 66561920, 66839482]
  m=[1, 1, 2, 1, 2, 2, 1, 1, 1, 1, 1, 1, 1, 1, 1, 1, 1, 1, 1, 1, 1, 1, 2, 1, 1, 2, 1, 1, 1, 1, 1, 1, 1, 1, 1, 1, 1, 1, 2, 1, 1, 1, 1, 2, 2, 1, 1, 1, 1, 1, 1, 1, 1, 1, 2, 1, 1, 1, 2, 2, 1, 1, 1, 1, 1, 1, 2, 1, 1, 2, 1, 1, 1, 1, 1, 1, 1, 1, 1, 1, 1, 2, 1, 1, 2, 2, 1, 1, 1, 1, 1, 1, 2, 1, 1, 1, 2, 1, 1, 1, 1, 1, 1, 1, 1, 1, 1, 1, 2, 1, 1, 1, 1, 2, 1, 1, 2, 2, 1, 1, 1, 2, 1, 1, 1, 2, 1, 1, 1, 1, 1, 1, 1, 2, 2, 1, 1, 2, 1, 1, 1, 1, 1, 1, 1, 1, 1, 2, 1, 1, 1, 1, 1, 1, 1, 1, 1, 2, 1, 1, 1, 2, 1, 1, 2, 2, 1, 1, 2, 1, 1, 1, 1, 1, 1, 1, 1, 1, 1, 1, 2, 2, 1, 1, 1, 1, 2, 1, 1, 1, 1, 1, 1, 1, 1, 1, 1, 1, 1, 1, 2, 1, 1, 1, 1, 2, 2, 1, 1, 1, 2, 1, 1, 2, 1]
w=74684748214582951936/18889465931478623149863 [cg] doubles=41 n=215
  xk(2^-20 units)=[67092146, 251284, 517630, 783172, 1047143, 1322765, 1604336, 2073758, 2346086, 2613299, 2878232, 3155907, 3662637, 3940844, 4207245, 4479747, 4953181, 5235183, 5512368, 5782562, 6274186, 6552158, 6816732, 7082531, 7348950, 7616933, 7890402, 8360790, 8634228, 8902143, 9168445, 9433855, 9697784, 9975011, 10481656, 10764741, 11256139, 11533742, 11797978, 12063480, 12329610, 12597114, 12869795, 13342638, 13624733, 13901972, 14172293, 14664632, 14942950, 15208216, 15474996, 15743171, 16016757, 16486920, 16760393, 17028410, 17294844, 17560409, 17824404, 18100061, 18381592, 18851132, 19123473, 19389717, 19667937, 20175012, 20452929, 20718402, 20986390, 21259822, 21729704, 22003124, 22271045, 22537414, 22803005, 23067007, 23342669, 23624208, 24093958, 24366245, 24632499, 24910697, 25417622, 25695534, 25960928, 26228912, 26502295, 26973499, 27246957, 27514907, 27781339, 28047068, 28311457, 28589199, 29081383, 29364623, 29872710, 30150726, 30416267, 30684354, 30957890, 31430214, 31703715, 31971873, 32238618, 32503805, 32782127, 33273452, 33544893, 33811787, 34076878, 34355009, 34846866, 35117237, 35396106, 35903989, 36182322, 36448794, 36721333, 37194581, 37476310, 37752578, 38018146, 38289565, 38780707, 39059022, 39324184, 39590895, 39859058, 40132591, 40604568, 40878022, 41146047, 41411479, 41689338, 42196231, 42474958, 42745125, 43236365, 43514533, 43779638, 44046368, 44314489, 44588060, 45059846, 45333458, 45601640, 45868376, 46134503, 46400650, 46667549, 46939046, 47428900, 47706903, 47971419, 48237155, 48503666, 48774901, 49264502, 49542134, 49806121, 50070149, 50347732, 50837646, 51108842, 51374228, 51652008, 52158741, 52437358, 52707477, 53198269, 53476128, 53740586, 54006280, 54272639, 54540572, 54813953, 55285411, 55558768, 55826733, 56092110, 56369976, 56877074, 57155790, 57425906, 57915906, 58193706, 58458016, 58723562, 58989718, 59257274, 59529957, 60003322, 60285393, 60562583, 60832805, 61323874, 61601796, 61866263, 62131771, 62397898, 62665422, 62938060, 63411175, 63693279, 63970550, 64240858, 64732252, 65010289, 65274917, 65540728, 65807257, 66075309, 66348796, 66818602]
  m=[1, 1, 1, 1, 1, 2, 1, 1, 1, 1, 1, 2, 2, 1, 1, 1, 1, 2, 1, 1, 2, 1, 1, 1, 1, 1, 1, 1, 1, 1, 1, 1, 1, 2, 2, 1, 2, 1, 1, 1, 1, 1, 1, 1, 2, 1, 1, 2, 1, 1, 1, 1, 1, 1, 1, 1, 1, 1, 1, 2, 1, 1, 1, 1, 2, 2, 1, 1, 1, 1, 1, 1, 1, 1, 1, 1, 2, 1, 1, 1, 1, 2, 2, 1, 1, 1, 1, 1, 1, 1, 1, 1, 1, 2, 1, 2, 2, 1, 1, 1, 1, 1, 1, 1, 1, 1, 2, 1, 1, 1, 1, 2, 1, 1, 2, 2, 1, 1, 1, 1, 2, 1, 1, 1, 2, 1, 1, 1, 1, 1, 1, 1, 1, 1, 2, 2, 1, 1, 2, 1, 1, 1, 1, 1, 1, 1, 1, 1, 1, 1, 1, 1, 2, 1, 1, 1, 1, 1, 2, 1, 1, 1, 2, 1, 1, 1, 2, 2, 1, 1, 2, 1, 1, 1, 1, 1, 1, 1, 1, 1, 1, 2, 2, 1, 1, 2, 1, 1, 1, 1, 1, 1, 1, 2, 1, 1, 2, 1, 1, 1, 1, 1, 1, 1, 2, 1, 1, 2, 1, 1, 1, 1, 1, 1, 1]
w=7917393545252503552/994182417446243323677 [cg] doubles=43 n=213
  xk(2^-20 units)=[6455, 272946, 545666, 1019956, 1301982, 1579153, 1849391, 2341034, 2619087, 2883768, 3149676, 3416252, 3684313, 3957725, 4428468, 4701915, 4969939, 5236473, 5501165, 5778763, 6286282, 6565592, 6836825, 7307842, 7589261, 7864813, 8128811, 8394384, 8660778, 8928763, 9202217, 9672461, 9945990, 10214133, 10480909, 10746014, 11024105, 11518186, 11799780, 12081925, 12559859, 12844163, 13352932, 13630486, 13894766, 14160393, 14426828, 14694837, 14968282, 15438540, 15712055, 15980052, 16246426, 16511891, 16777013, 17041044, 17318600, 17810559, 18092005, 18373986, 18850845, 19132621, 19410303, 19681664, 20156078, 20437820, 20714087, 20979424, 21247481, 21520980, 21992121, 22265600, 22533614, 22800058, 23065650, 23330849, 23595068, 23872882, 24362743, 24634143, 24900019, 25178274, 25688374, 25972811, 26452045, 26734206, 27015835, 27509417, 27787516, 28052639, 28319469, 28587724, 28861289, 29333110, 29606622, 29874784, 30141565, 30406749, 30684907, 31178963, 31460784, 31743409, 32218655, 32491422, 32758985, 33024249, 33302147, 33810190, 34093492, 34585769, 34863518, 35127897, 35393590, 35659987, 35927928, 36201369, 36672896, 36946424, 37214542, 37479961, 37756280, 38038099, 38509735, 38782036, 39049121, 39313859, 39591316, 40096315, 40373516, 40637725, 40903904, 41174848, 41663774, 41941393, 42205429, 42469526, 42747214, 43237343, 43508609, 43774061, 44050355, 44332207, 44803658, 45076368, 45344016, 45610458, 45876521, 46142712, 46409474, 46677717, 46951311, 47421699, 47695185, 47963119, 48229395, 48494833, 48758871, 49036146, 49543145, 49826367, 50318683, 50596682, 50861574, 51128152, 51396264, 51669805, 52142428, 52415882, 52682719, 52959445, 53240956, 53716980, 53998969, 54280433, 54773260, 55051199, 55316046, 55582438, 55850072, 56122758, 56596564, 56878663, 57155978, 57426408, 57918866, 58197172, 58462366, 58729198, 58997439, 59271003, 59742993, 60016535, 60284790, 60551647, 60816871, 61095204, 61586569, 61858061, 62123706, 62400025, 62681877, 63154610, 63427370, 63695122, 63960582, 64238735, 64748872, 65033355, 65513579, 65796201, 66078749, 66557113, 66838663]
  m=[1, 1, 1, 1, 2, 1, 1, 2, 1, 1, 1, 1, 1, 1, 1, 1, 1, 1, 1, 2, 2, 1, 1, 1, 2, 1, 1, 1, 1, 1, 1, 1, 1, 1, 1, 1, 2, 1, 2, 1, 1, 2, 2, 1, 1, 1, 1, 1, 1, 1, 1, 1, 1, 1, 1, 1, 2, 1, 2, 1, 1, 2, 1, 1, 1, 2, 1, 1, 1, 1, 1, 1, 1, 1, 1, 1, 1, 2, 1, 1, 1, 2, 2, 1, 1, 2, 1, 2, 1, 1, 1, 1, 1, 1, 1, 1, 1, 1, 2, 1, 2, 1, 1, 1, 1, 1, 2, 2, 1, 2, 1, 1, 1, 1, 1, 1, 1, 1, 1, 1, 2, 1, 1, 1, 1, 1, 2, 2, 1, 1, 1, 1, 2, 1, 1, 1, 2, 1, 1, 1, 2, 1, 1, 1, 1, 1, 1, 1, 1, 1, 1, 1, 1, 1, 1, 1, 1, 2, 2, 1, 2, 1, 1, 1, 1, 1, 1, 1, 1, 2, 1, 1, 2, 1, 2, 1, 1, 1, 1, 1, 1, 2, 1, 1, 2, 1, 1, 1, 1, 1, 1, 1, 1, 1, 1, 2, 1, 1, 1, 2, 1, 1, 1, 1, 1, 2, 2, 1, 1, 2, 1, 1, 2]
w=83983241284312825856/18889465931478623149863 [cg] doubles=41 n=215
  xk(2^-20 units)=[67103213, 258036, 535550, 1024277, 1295245, 1561541, 1825796, 2103073, 2609119, 2887627, 3157605, 3647194, 3924871, 4188989, 4454135, 4719624, 4986019, 5254061, 5527636, 5997139, 6270721, 6539008, 6805861, 7072198, 7338568, 7605508, 7873811, 8147449, 8617160, 8890516, 9158371, 9424518, 9689856, 9953653, 10230705, 10736238, 11014786, 11284735, 11775223, 12053068, 12317488, 12583181, 12849720, 13120979, 13610788, 13888808, 14153398, 14419177, 14685638, 14953659, 15227158, 15698542, 15972005, 16240100, 16505667, 16783724, 17291861, 17571314, 17842724, 18315676, 18597274, 18873336, 19138394, 19405931, 19678610, 20152483, 20434490, 20711690, 20981886, 21472533, 21750294, 22014433, 22279508, 22544794, 22810831, 23078317, 23350968, 23823827, 24105985, 24383278, 24653666, 25146015, 25424267, 25689413, 25956130, 26224287, 26497888, 26968561, 27242106, 27510169, 27776583, 28042142, 28307365, 28571533, 28849279, 29339571, 29609867, 29888766, 30397846, 30677456, 30949067, 31425353, 31707231, 31984319, 32254446, 32744859, 33022650, 33286847, 33552093, 33817637, 34084066, 34352083, 34625588, 35096095, 35369489, 35637401, 35902833, 36180728, 36688145, 36966735, 37233666, 37507105, 37978141, 38251585, 38519587, 38785979, 39051530, 39316769, 39580986, 39858836, 40348307, 40619567, 40885043, 41161252, 41442990, 41915814, 42188369, 42454843, 42733223, 43241081, 43519650, 43786660, 44060059, 44532095, 44805496, 45073500, 45339895, 45605614, 45870092, 46147990, 46638795, 46908938, 47187611, 47694462, 47972234, 48237735, 48508960, 48998844, 49276787, 49541284, 49806952, 50073372, 50341333, 50614806, 51085393, 51358828, 51626798, 51893101, 52158510, 52423587, 52687651, 52965290, 53455158, 53725244, 54003874, 54510959, 54788725, 55054090, 55325124, 55813957, 56091369, 56355006, 56618458, 56895428, 57402521, 57682239, 57954357, 58427584, 58700881, 58968986, 59235671, 59501745, 59767691, 60034202, 60301883, 60574649, 61047520, 61329704, 61606772, 61873846, 62147413, 62620997, 62894614, 63162950, 63428922, 63707513, 64200502, 64470997, 64749912, 65257873, 65536630, 65806753, 66297413, 66574884, 66838622]
  m=[1, 1, 2, 1, 1, 1, 1, 2, 2, 1, 1, 2, 1, 1, 1, 1, 1, 1, 1, 1, 1, 1, 1, 1, 1, 1, 1, 1, 1, 1, 1, 1, 1, 1, 2, 2, 1, 1, 2, 1, 1, 1, 1, 1, 2, 1, 1, 1, 1, 1, 1, 1, 1, 1, 1, 2, 2, 1, 1, 1, 2, 1, 1, 1, 1, 1, 2, 1, 1, 2, 1, 1, 1, 1, 1, 1, 1, 1, 2, 1, 1, 2, 1, 1, 1, 1, 1, 1, 1, 1, 1, 1, 1, 1, 2, 1, 1, 2, 2, 1, 1, 1, 2, 1, 1, 2, 1, 1, 1, 1, 1, 1, 1, 1, 1, 1, 1, 2, 2, 1, 1, 1, 1, 1, 1, 1, 1, 1, 1, 2, 1, 1, 1, 2, 1, 1, 1, 1, 2, 2, 1, 1, 1, 1, 1, 1, 1, 1, 1, 2, 1, 1, 2, 2, 1, 1, 1, 2, 1, 1, 1, 1, 1, 1, 1, 1, 1, 1, 1, 1, 1, 2, 1, 1, 2, 2, 1, 1, 1, 2, 1, 1, 1, 2, 2, 1, 1, 1, 1, 1, 1, 1, 1, 1, 1, 1, 1, 2, 1, 1, 1, 1, 1, 1, 1, 2, 1, 1, 2, 2, 1, 1, 2, 1, 1]
w=2963908216346974208/6296488643826207716621 [cg] doubles=41 n=215
  xk(2^-20 units)=[67101712, 259428, 525564, 791731, 1058514, 1326743, 1600378, 2071538, 2345066, 2613179, 2878726, 3156768, 3665019, 3944468, 4215880, 4689108, 4970689, 5246750, 5511761, 5779294, 6051935, 6525844, 6807833, 7084963, 7355139, 7847001, 8124745, 8388138, 8665902, 9155405, 9426415, 9692642, 9957817, 10221540, 10498588, 11004184, 11282693, 11552688, 12042919, 12320798, 12585324, 12851129, 13117653, 13385755, 13659333, 14129309, 14402944, 14671253, 14938159, 15204500, 15470840, 15737796, 16006180, 16279788, 16749698, 17023103, 17290949, 17557170, 17822523, 18086332, 18363415, 18868963, 19147535, 19417589, 19908520, 20186554, 20451362, 20717717, 20985269, 21257828, 21728711, 22010360, 22286272, 22550754, 22817126, 23085043, 23358389, 23831423, 24103493, 24381511, 24663383, 25138816, 25420124, 25696237, 25961523, 26229502, 26502916, 26974050, 27247573, 27515658, 27782261, 28048142, 28312720, 28590673, 29081873, 29352259, 29631194, 30140421, 30420020, 30691613, 31167943, 31449859, 31727002, 31997225, 32488260, 32766243, 33030911, 33296821, 33563382, 33831461, 34105017, 34575878, 34849286, 35117311, 35382792, 35660757, 36168163, 36446736, 36713658, 36987084, 37458372, 37731738, 37999720, 38266125, 38531717, 38796911, 39061119, 39338971, 39828499, 40099775, 40365244, 40641460, 40923169, 41396205, 41668759, 41935228, 42213578, 42721504, 43000091, 43267067, 43540531, 44012804, 44286190, 44554230, 44820682, 45086434, 45350948, 45628868, 46119592, 46389876, 46668703, 47176435, 47454722, 47721155, 47993659, 48464309, 48745825, 49021400, 49285263, 49550709, 49816960, 50084886, 50358328, 50828599, 51102142, 51370143, 51636538, 51902320, 52166812, 52444650, 52935361, 53205503, 53484142, 53990936, 54268710, 54534069, 54805145, 55294393, 55571842, 55835524, 56098855, 56374079, 56655487, 57125496, 57398002, 57665508, 57931773, 58197547, 58463389, 58729726, 58997389, 59270118, 59743389, 60025572, 60302604, 60569561, 60842987, 61316743, 61590156, 61857121, 62135719, 62643909, 62922742, 63193013, 63683537, 63961116, 64225084, 64489156, 64766790, 65258506, 65528807, 65806026, 66088083, 66561143, 66833927]
  m=[1, 1, 1, 1, 1, 1, 1, 1, 1, 1, 1, 2, 2, 1, 1, 1, 2, 1, 1, 1, 1, 1, 2, 1, 1, 2, 1, 1, 2, 1, 1, 1, 1, 1, 2, 2, 1, 1, 2, 1, 1, 1, 1, 1, 1, 1, 1, 1, 1, 1, 1, 1, 1, 1, 1, 1, 1, 1, 1, 1, 2, 2, 1, 1, 2, 1, 1, 1, 1, 1, 1, 2, 1, 1, 1, 1, 1, 1, 1, 2, 1, 1, 2, 1, 1, 1, 1, 1, 1, 1, 1, 1, 1, 2, 1, 1, 2, 2, 1, 1, 1, 2, 1, 1, 2, 1, 1, 1, 1, 1, 1, 1, 1, 1, 1, 2, 2, 1, 1, 1, 1, 1, 1, 1, 1, 1, 1, 2, 1, 1, 1, 2, 1, 1, 1, 1, 2, 2, 1, 1, 1, 1, 1, 1, 1, 1, 1, 2, 1, 1, 2, 2, 1, 1, 1, 1, 2, 1, 1, 1, 1, 1, 1, 1, 1, 1, 1, 1, 1, 2, 1, 1, 2, 2, 1, 1, 1, 2, 1, 1, 1, 2, 1, 1, 1, 1, 1, 1, 1, 1, 1, 1, 1, 2, 1, 1, 1, 1, 1, 1, 2, 2, 1, 1, 2, 1, 1, 1, 2, 1, 1, 2, 1, 1, 1]
w=30032902006149857280/6296488643826207716621 [cg] doubles=41 n=215
  xk(2^-20 units)=[257593, 540712, 1033300, 1311316, 1576383, 1843015, 2111157, 2384688, 2856048, 3129614, 3397845, 3664660, 3930846, 4196903, 4463487, 4731259, 5004007, 5476996, 5759134, 6036433, 6306751, 6798177, 7076064, 7340442, 7605941, 7871927, 8139308, 8411840, 8883980, 9165811, 9442154, 9707720, 9979018, 10468830, 10746711, 11011124, 11276627, 11542751, 11810269, 12082901, 12556426, 12838490, 13115678, 13385856, 13876432, 14154166, 14418366, 14683569, 14949125, 15215533, 15483516, 15756952, 16227432, 16500858, 16768857, 17034352, 17312291, 17819678, 18098196, 18365085, 18638453, 19109839, 19383358, 19651495, 19918019, 20183850, 20448435, 20726333, 21216418, 21486476, 21765154, 22272125, 22550035, 22815500, 23083521, 23356942, 23827934, 24101298, 24369229, 24635563, 24901135, 25166384, 25430676, 25708564, 26198218, 26469534, 26736354, 27001407, 27279588, 27771947, 28042449, 28321437, 28830727, 29110221, 29381738, 29856078, 30137715, 30413939, 30679545, 30950906, 31442139, 31720403, 31985582, 32252325, 32520458, 32793966, 33265560, 33539125, 33807348, 34072809, 34349176, 34630990, 35102634, 35375014, 35641188, 35919264, 36425435, 36702901, 36967389, 37233691, 37501588, 37774986, 38244889, 38518328, 38786314, 39052642, 39318145, 39582070, 39857707, 40139191, 40609827, 40882217, 41148549, 41426835, 41934584, 42213465, 42483861, 42975655, 43253691, 43518466, 43784747, 44052154, 44324722, 44797165, 45078983, 45355379, 45620877, 45888989, 46162538, 46633573, 46907131, 47175291, 47442063, 47708279, 47974449, 48241345, 48512804, 49002367, 49280029, 49544029, 49808105, 50085716, 50575722, 50846924, 51112333, 51390110, 51896827, 52175485, 52445607, 52936436, 53214315, 53478794, 53744591, 54011025, 54278991, 54552428, 55023649, 55297070, 55565198, 55830749, 56108792, 56617043, 56896472, 57167779, 57638877, 57920299, 58195808, 58459732, 58725204, 58991479, 59259446, 59532837, 60002686, 60276146, 60544172, 60810588, 61076123, 61341292, 61605552, 61883317, 62372652, 62643818, 62909377, 63187299, 63695504, 63974974, 64246488, 64722221, 65004020, 65281032, 65551111, 66042411, 66319800, 66582591, 66859577]
  m=[2, 1, 2, 1, 1, 1, 1, 1, 1, 1, 1, 1, 1, 1, 1, 1, 1, 1, 2, 1, 1, 2, 1, 1, 1, 1, 1, 1, 1, 2, 1, 1, 1, 2, 1, 1, 1, 1, 1, 1, 1, 2, 1, 1, 2, 1, 1, 1, 1, 1, 1, 1, 1, 1, 1, 1, 2, 2, 1, 1, 1, 1, 1, 1, 1, 1, 1, 2, 1, 1, 2, 2, 1, 1, 1, 1, 1, 1, 1, 1, 1, 1, 1, 2, 1, 1, 1, 1, 2, 1, 1, 2, 2, 1, 1, 1, 2, 1, 1, 1, 2, 1, 1, 1, 1, 1, 1, 1, 1, 1, 2, 1, 1, 1, 1, 2, 2, 1, 1, 1, 1, 1, 1, 1, 1, 1, 1, 1, 2, 1, 1, 1, 1, 2, 2, 1, 1, 2, 1, 1, 1, 1, 1, 1, 2, 1, 1, 1, 1, 1, 1, 1, 1, 1, 1, 1, 1, 2, 1, 1, 1, 2, 1, 1, 1, 2, 2, 1, 1, 2, 1, 1, 1, 1, 1, 1, 1, 1, 1, 1, 2, 2, 1, 1, 1, 2, 1, 1, 1, 1, 1, 1, 1, 1, 1, 1, 1, 1, 1, 2, 1, 1, 1, 2, 2, 1, 1, 1, 2, 1, 1, 2, 1, 1, 2]
w=206578152192345702400/18889465931478623149863 [cg] doubles=44 n=212
  xk(2^-20 units)=[67107076, 275064, 541662, 814466, 1289186, 1571244, 1848070, 2114739, 2387690, 2863740, 3146171, 3424175, 3695761, 4171915, 4453852, 4730679, 4997278, 5270089, 5744582, 6026630, 6303508, 6570109, 6842925, 7317768, 7599817, 7876753, 8143493, 8416428, 8892696, 9175175, 9453284, 9725034, 10202955, 10485289, 10763291, 11034916, 11511111, 11793041, 12069856, 12336494, 12609331, 13085911, 13368334, 13646335, 13917977, 14394245, 14676261, 14953575, 15224003, 15716597, 15994902, 16260144, 16526985, 16795195, 17068816, 17541198, 17814680, 18082871, 18348528, 18626596, 19135139, 19414683, 19686227, 20161003, 20442878, 20719561, 20986046, 21258806, 21732692, 22014441, 22290745, 22556245, 22827495, 23317187, 23595034, 23859301, 24124622, 24390192, 24656545, 24924523, 25197974, 25669667, 25943141, 26210020, 26486823, 26768328, 27243090, 27524546, 27801530, 28071609, 28563057, 28841302, 29106554, 29373377, 29641653, 29915282, 30387471, 30661053, 30929260, 31196058, 31461255, 31739495, 32230222, 32501409, 32766876, 33044627, 33550767, 33828453, 34093877, 34365003, 34854461, 35132233, 35396402, 35661450, 35926783, 36192779, 36460223, 36732870, 37205851, 37487899, 37764749, 38031389, 38304302, 38780293, 39062692, 39340685, 39612302, 40088118, 40370041, 40646874, 40913431, 41186218, 41660614, 41942690, 42219609, 42486308, 42759204, 43235383, 43517780, 43795779, 44067414, 44543701, 44825657, 45102496, 45369086, 45641825, 46116631, 46398730, 46676104, 46946560, 47439195, 47717396, 47982440, 48248948, 48516668, 48789448, 49263444, 49545552, 49822473, 50089213, 50362192, 50838617, 51121086, 51399163, 51670927, 52148772, 52431139, 52709190, 52980930, 53458964, 53741253, 54019327, 54291118, 54768967, 55051334, 55329328, 55600934, 56077094, 56359044, 56635820, 56902325, 57175091, 57649708, 57931728, 58208579, 58475241, 58748043, 59223071, 59505202, 59782498, 60052858, 60545247, 60823480, 61088621, 61355129, 61622911, 61895835, 62371275, 62653730, 62931747, 63203399, 63679632, 63961602, 64238416, 64504925, 64777651, 65251946, 65534012, 65810878, 66077504, 66350346, 66825015]
  m=[2, 1, 1, 1, 1, 2, 1, 1, 1, 1, 2, 1, 1, 1, 2, 1, 1, 1, 1, 2, 1, 1, 1, 1, 2, 1, 1, 1, 1, 2, 1, 1, 1, 2, 1, 1, 1, 2, 1, 1, 1, 1, 2, 1, 1, 1, 2, 1, 1, 2, 1, 1, 1, 1, 1, 1, 1, 1, 1, 2, 2, 1, 1, 1, 2, 1, 1, 1, 1, 2, 1, 1, 1, 2, 1, 1, 1, 1, 1, 1, 1, 1, 1, 1, 2, 1, 1, 2, 1, 1, 2, 1, 1, 1, 1, 1, 1, 1, 1, 1, 1, 2, 1, 1, 1, 2, 2, 1, 1, 1, 2, 1, 1, 1, 1, 1, 1, 1, 1, 2, 1, 1, 1, 1, 2, 1, 1, 1, 2, 1, 1, 1, 1, 2, 1, 1, 1, 1, 2, 1, 1, 1, 2, 1, 1, 1, 1, 2, 1, 1, 2, 1, 1, 1, 1, 1, 1, 2, 1, 1, 1, 1, 2, 1, 1, 1, 2, 1, 1, 1, 2, 1, 1, 1, 2, 1, 1, 1, 2, 1, 1, 1, 1, 2, 1, 1, 1, 1, 2, 1, 1, 2, 1, 1, 1, 1, 1, 1, 2, 1, 1, 1, 2, 1, 1, 1, 1, 2, 1, 1, 1, 1]
w=124455761499418542080/18889465931478623149863 [cg] doubles=43 n=213
  xk(2^-20 units)=[9740, 516111, 793936, 1059216, 1327047, 1600427, 2071020, 2344614, 2612711, 2879267, 3145159, 3409814, 3687845, 4178175, 4449576, 4716441, 4981450, 5259595, 5751297, 6021643, 6300498, 6807810, 7085722, 7351070, 7619047, 7892551, 8364130, 8637974, 8906481, 9173775, 9440720, 9707972, 9976518, 10250280, 10722605, 10996150, 11263213, 11541887, 12050437, 12329381, 12599845, 13091570, 13369730, 13634772, 13901660, 14173057, 14664060, 14941873, 15205269, 15482976, 15974399, 16244690, 16523460, 17031345, 17309631, 17575934, 17848388, 18319140, 18600665, 18876277, 19140223, 19405738, 19672097, 19940042, 20213558, 20683763, 20957199, 21225191, 21490697, 21768692, 22276279, 22554902, 22821849, 23095255, 23566159, 23839573, 24107653, 24374147, 24638769, 24914766, 25196452, 25667323, 25939818, 26207285, 26473599, 26738498, 27016703, 27507731, 27779171, 28045931, 28310701, 28588530, 29079903, 29360885, 29641853, 30133722, 30411622, 30676548, 30943187, 31211262, 31484785, 31956357, 32229971, 32498215, 32765002, 33030230, 33308575, 33800771, 34071142, 34348444, 34630570, 35104120, 35376975, 35644970, 35911702, 36178164, 36444858, 36712659, 36985446, 37457735, 37739572, 38015904, 38281340, 38552588, 39042372, 39319832, 39583519, 39846952, 40123884, 40630418, 40913633, 41407146, 41685446, 41951104, 42218965, 42491919, 42967276, 43249866, 43531551, 44024632, 44302441, 44566929, 44832671, 45099126, 45367178, 45640713, 46111154, 46384707, 46652790, 46919392, 47185306, 47449944, 47728013, 48217814, 48489216, 48756109, 49021213, 49299446, 49791036, 50062652, 50329635, 50594834, 50873037, 51363852, 51635224, 51900903, 52178937, 52687606, 52967125, 53238793, 53715458, 53997946, 54279660, 54773465, 55051588, 55316657, 55583400, 55851563, 56125058, 56597201, 56870778, 57138971, 57405759, 57670914, 57949192, 58440781, 58711121, 58989850, 59496968, 59774780, 60040219, 60311360, 60800686, 61078457, 61342673, 61607915, 61873518, 62139897, 62407883, 62681439, 63151813, 63425219, 63693161, 63958579, 64236539, 64744033, 65022645, 65289584, 65563046, 66034247, 66307564, 66575480, 66840771]
  m=[2, 2, 1, 1, 1, 1, 1, 1, 1, 1, 1, 1, 2, 1, 1, 1, 1, 2, 1, 1, 2, 2, 1, 1, 1, 1, 1, 1, 1, 1, 1, 1, 1, 1, 1, 1, 1, 2, 2, 1, 1, 2, 1, 1, 1, 1, 2, 1, 1, 2, 1, 1, 2, 2, 1, 1, 1, 1, 2, 1, 1, 1, 1, 1, 1, 1, 1, 1, 1, 2, 2, 1, 1, 1, 1, 1, 1, 1, 1, 2, 1, 1, 1, 1, 1, 1, 2, 1, 1, 1, 1, 2, 1, 2, 1, 2, 1, 1, 1, 1, 1, 1, 1, 1, 1, 1, 2, 1, 1, 2, 1, 1, 1, 1, 1, 1, 1, 1, 1, 1, 2, 1, 1, 1, 2, 1, 1, 1, 2, 2, 1, 2, 1, 1, 1, 1, 1, 2, 1, 2, 1, 1, 1, 1, 1, 1, 1, 1, 1, 1, 1, 1, 2, 1, 1, 1, 1, 2, 1, 1, 1, 1, 2, 1, 1, 1, 2, 2, 1, 1, 1, 2, 1, 2, 1, 1, 1, 1, 1, 1, 1, 1, 1, 1, 2, 1, 1, 2, 2, 1, 1, 1, 2, 1, 1, 1, 1, 1, 1, 1, 1, 1, 1, 1, 2, 2, 1, 1, 1, 1, 1, 1, 1]
w=128730786031067955200/18889465931478623149863 [cg] doubles=17 n=239
  xk(2^-20 units)=[218539, 486141, 753363, 1020237, 1286829, 1553157, 1819265, 2085149, 2350877, 2616504, 2881103, 3159036, 3664942, 3943039, 4207952, 4474026, 4740336, 5006973, 5274007, 5541576, 5809728, 6078657, 6348509, 6619421, 6891610, 7165144, 7440071, 7716232, 7993325, 8270798, 8547980, 8824327, 9099494, 9373306, 9645776, 9917021, 10187186, 10456434, 10724925, 10992840, 11260220, 11527238, 11793947, 12060452, 12325850, 12604329, 13111612, 13390188, 13655729, 13922500, 14189545, 14456982, 14724914, 14993465, 15262718, 15532848, 15804026, 16076377, 16350053, 16625133, 16901602, 17179335, 17458032, 17737260, 18016565, 18295530, 18573976, 18851779, 19129060, 19405943, 19682637, 19959266, 20235977, 20512832, 20789759, 21066702, 21343460, 21619827, 21895597, 22170609, 22444774, 22718093, 22990574, 23262320, 23533409, 23803969, 24074134, 24343983, 24613692, 24883363, 25153190, 25423298, 25693869, 25965116, 26237182, 26510317, 26784619, 27060191, 27336975, 27614690, 27892876, 28170868, 28448036, 28723945, 28998388, 29271337, 29542867, 29813152, 30082379, 30350690, 30618265, 30885223, 31151672, 31417690, 31683428, 31947944, 32225658, 32730600, 33007835, 33271461, 33535957, 33799441, 34076495, 34580425, 34857373, 35120822, 35384303, 35661391, 36166011, 36443602, 36707894, 36973389, 37239122, 37505188, 37771713, 38038791, 38306533, 38575181, 38844954, 39116082, 39388883, 39663658, 39940605, 40219789, 40500934, 40783342, 41066070, 41348262, 41629542, 41909836, 42189536, 42469022, 42748915, 43029628, 43311404, 43594160, 43877309, 44159894, 44440889, 44719668, 44996079, 45270236, 45542448, 45813033, 46082290, 46350479, 46617820, 46884557, 47150770, 47416559, 47682069, 47947287, 48211382, 48488769, 48992838, 49269608, 49531826, 49808504, 50312233, 50589235, 50852871, 51117694, 51381978, 51660010, 52150668, 52422383, 52688453, 52966740, 53472999, 53750602, 54014850, 54280087, 54545448, 54811014, 55076871, 55343082, 55609721, 55876926, 56144833, 56413633, 56683468, 56954558, 57227138, 57501339, 57777256, 58054704, 58333287, 58612336, 58891061, 59168817, 59445239, 59720190, 59993805, 60266236, 60537731, 60808445, 61078664, 61348588, 61618373, 61888244, 62158350, 62428840, 62699858, 62971483, 63243827, 63516886, 63790645, 64064989, 64339695, 64614497, 64889089, 65163188, 65436584, 65709129, 65980781, 66251565, 66521526, 66790742, 67059355]
  m=[1, 1, 1, 1, 1, 1, 1, 1, 1, 1, 1, 2, 2, 1, 1, 1, 1, 1, 1, 1, 1, 1, 1, 1, 1, 1, 1, 1, 1, 1, 1, 1, 1, 1, 1, 1, 1, 1, 1, 1, 1, 1, 1, 1, 1, 2, 2, 1, 1, 1, 1, 1, 1, 1, 1, 1, 1, 1, 1, 1, 1, 1, 1, 1, 1, 1, 1, 1, 1, 1, 1, 1, 1, 1, 1, 1, 1, 1, 1, 1, 1, 1, 1, 1, 1, 1, 1, 1, 1, 1, 1, 1, 1, 1, 1, 1, 1, 1, 1, 1, 1, 1, 1, 1, 1, 1, 1, 1, 1, 1, 1, 1, 1, 1, 1, 1, 2, 2, 1, 1, 1, 1, 2, 2, 1, 1, 1, 2, 2, 1, 1, 1, 1, 1, 1, 1, 1, 1, 1, 1, 1, 1, 1, 1, 1, 1, 1, 1, 1, 1, 1, 1, 1, 1, 1, 1, 1, 1, 1, 1, 1, 1, 1, 1, 1, 1, 1, 1, 1, 1, 1, 1, 1, 2, 2, 1, 1, 2, 2, 1, 1, 1, 1, 2, 1, 1, 1, 2, 2, 1, 1, 1, 1, 1, 1, 1, 1, 1, 1, 1, 1, 1, 1, 1, 1, 1, 1, 1, 1, 1, 1, 1, 1, 1, 1, 1, 1, 1, 1, 1, 1, 1, 1, 1, 1, 1, 1, 1, 1, 1, 1, 1, 1, 1, 1, 1, 1, 1, 1]
w=142916099583259443200/18889465931478623149863 [cg] doubles=43 n=213
  xk(2^-20 units)=[251250, 529229, 794866, 1066116, 1556146, 1834122, 2098753, 2364553, 2631056, 2899137, 3172652, 3643306, 3916837, 4184897, 4451401, 4717209, 4981762, 5259704, 5749782, 6019711, 6298228, 6803587, 7080690, 7344587, 7609974, 7876197, 8144115, 8417461, 8887627, 9160959, 9428882, 9695168, 9959727, 10237184, 10743965, 11022418, 11289280, 11562596, 12034125, 12307666, 12575821, 12842521, 13107539, 13385468, 13895079, 14179405, 14657370, 14939561, 15221257, 15716335, 15994888, 16260934, 16529299, 16802953, 17274727, 17548225, 17816335, 18082974, 18347873, 18625740, 19135240, 19419505, 19896371, 20177958, 20455076, 20725315, 21217878, 21496199, 21761488, 22028287, 22296501, 22570015, 23040859, 23314373, 23582475, 23849067, 24113685, 24389616, 24671258, 25142022, 25414329, 25680593, 25958777, 26465757, 26743693, 27009242, 27277356, 27550838, 28021853, 28295292, 28563271, 28829814, 29095677, 29360349, 29638360, 30130033, 30400125, 30677163, 30958724, 31435767, 31720033, 32229408, 32507252, 32772105, 33038638, 33306633, 33579976, 34052895, 34325170, 34605034, 35113470, 35391220, 35656024, 35922579, 36190579, 36464017, 36934690, 37208138, 37476222, 37741736, 38019735, 38527420, 38805988, 39072940, 39346391, 39818342, 40091861, 40360023, 40626801, 40892009, 41170307, 41662516, 41932807, 42211649, 42719484, 42998232, 43268431, 43759067, 44036819, 44300971, 44566183, 44831668, 45098055, 45365997, 45639398, 46109006, 46382395, 46650334, 46916585, 47181861, 47446659, 47710160, 47985544, 48266982, 48736003, 49008374, 49275663, 49540615, 49818267, 50325151, 50603779, 50873847, 51363867, 51641811, 51906356, 52172222, 52438788, 52706894, 52980407, 53451412, 53724805, 53992767, 54258219, 54536207, 55043735, 55322315, 55589303, 55862683, 56333980, 56607385, 56875400, 57141831, 57406353, 57682266, 57963856, 58435590, 58708111, 58974519, 59252810, 59760442, 60039300, 60309577, 60800537, 61078504, 61343051, 61608805, 61875247, 62143346, 62416902, 62888152, 63161652, 63429707, 63696168, 63961960, 64226516, 64504464, 64995791, 65266018, 65543183, 65825106, 66300827, 66572455, 66851941]
  m=[2, 1, 1, 1, 2, 1, 1, 1, 1, 1, 1, 1, 1, 1, 1, 1, 1, 2, 1, 1, 2, 2, 1, 1, 1, 1, 1, 1, 1, 1, 1, 1, 1, 2, 2, 1, 1, 1, 1, 1, 1, 1, 1, 2, 2, 1, 1, 2, 1, 2, 1, 1, 1, 1, 1, 1, 1, 1, 1, 2, 2, 1, 1, 2, 1, 1, 2, 1, 1, 1, 1, 1, 1, 1, 1, 1, 1, 2, 1, 1, 1, 1, 2, 2, 1, 1, 1, 1, 1, 1, 1, 1, 1, 1, 2, 1, 1, 2, 1, 1, 2, 2, 1, 1, 1, 1, 1, 1, 1, 2, 2, 1, 1, 1, 1, 1, 1, 1, 1, 1, 2, 2, 1, 1, 1, 1, 1, 1, 1, 1, 2, 1, 1, 2, 2, 1, 1, 2, 1, 1, 1, 1, 1, 1, 1, 1, 1, 1, 1, 1, 1, 1, 2, 1, 1, 1, 1, 1, 2, 2, 1, 1, 2, 1, 1, 1, 1, 1, 1, 1, 1, 1, 1, 2, 2, 1, 1, 1, 1, 1, 1, 1, 1, 2, 1, 1, 1, 1, 2, 2, 1, 1, 2, 1, 1, 1, 1, 1, 1, 1, 1, 1, 1, 1, 1, 2, 1, 1, 2, 1, 1, 1, 2]
w=139416261650599395328/18889465931478623149863 [cg] doubles=19 n=237
  xk(2^-20 units)=[215133, 482502, 749445, 1016102, 1282487, 1547730, 1826112, 2332844, 2611127, 2876247, 3142451, 3408825, 3675417, 3942298, 4209564, 4477209, 4745415, 5014227, 5283784, 5554230, 5825707, 6098295, 6372087, 6647085, 6923121, 7199918, 7477110, 7754257, 8030920, 8306844, 8581895, 8856095, 9129528, 9402369, 9674816, 9947071, 10219388, 10491959, 10765056, 11038944, 11313786, 11589829, 11867151, 12145758, 12425485, 12705962, 12986738, 13267368, 13547541, 13827164, 14106316, 14385238, 14664186, 14943524, 15223507, 15504196, 15785484, 16066908, 16347768, 16627410, 16905371, 17181449, 17455630, 17728112, 17999133, 18268888, 18537623, 18805540, 19072784, 19339461, 19605723, 19871580, 20137093, 20402353, 20667402, 20931365, 21208734, 21713311, 21990581, 22254576, 22518890, 22796917, 23287219, 23558765, 23825552, 24090316, 24367903, 24873263, 25150376, 25413281, 25690775, 26183339, 26466738, 26974174, 27251416, 27515066, 27778579, 28055590, 28559908, 28837294, 29101311, 29366478, 29631879, 29897627, 30163788, 30430471, 30697745, 30965797, 31234824, 31505010, 31776593, 32049832, 32324880, 32601757, 32880265, 33159825, 33439586, 33718688, 33996535, 34272829, 34547537, 34820891, 35093088, 35364377, 35635028, 35905240, 36175252, 36445261, 36715455, 36985986, 37257037, 37528736, 37801180, 38074459, 38348544, 38623362, 38898727, 39174364, 39449965, 39725236, 39999938, 40273913, 40547137, 40819638, 41091505, 41362902, 41633983, 41904967, 42176040, 42447415, 42719371, 42992099, 43265887, 43540908, 43817360, 44095176, 44374116, 44653589, 44932842, 45211122, 45487923, 45762993, 46036351, 46308120, 46578505, 46847778, 47116121, 47383714, 47650744, 47917387, 48183726, 48449844, 48715883, 48981932, 49247191, 49525837, 50017195, 50289111, 50555277, 50833527, 51339392, 51616489, 51879904, 52144118, 52407326, 52684117, 53187524, 53464232, 53726491, 54003319, 54507668, 54785046, 55049146, 55314383, 55579856, 55845626, 56111805, 56378483, 56645706, 56913685, 57182574, 57452591, 57723929, 57996822, 58271483, 58547946, 58826072, 59105381, 59385120, 59664467, 59942767, 60219690, 60495143, 60769264, 61042334, 61314561, 61586254, 61857694, 62129132, 62400828, 62673047, 62945983, 63219831, 63494741, 63770709, 64047563, 64325000, 64602531, 64879618, 65155808, 65430814, 65704527, 65976951, 66248178, 66518346, 66787604, 67056102]
  m=[1, 1, 1, 1, 1, 1, 2, 2, 1, 1, 1, 1, 1, 1, 1, 1, 1, 1, 1, 1, 1, 1, 1, 1, 1, 1, 1, 1, 1, 1, 1, 1, 1, 1, 1, 1, 1, 1, 1, 1, 1, 1, 1, 1, 1, 1, 1, 1, 1, 1, 1, 1, 1, 1, 1, 1, 1, 1, 1, 1, 1, 1, 1, 1, 1, 1, 1, 1, 1, 1, 1, 1, 1, 1, 1, 1, 2, 2, 1, 1, 1, 2, 1, 1, 1, 1, 2, 2, 1, 1, 2, 1, 2, 2, 1, 1, 1, 2, 2, 1, 1, 1, 1, 1, 1, 1, 1, 1, 1, 1, 1, 1, 1, 1, 1, 1, 1, 1, 1, 1, 1, 1, 1, 1, 1, 1, 1, 1, 1, 1, 1, 1, 1, 1, 1, 1, 1, 1, 1, 1, 1, 1, 1, 1, 1, 1, 1, 1, 1, 1, 1, 1, 1, 1, 1, 1, 1, 1, 1, 1, 1, 1, 1, 1, 1, 1, 1, 1, 1, 1, 1, 1, 1, 1, 1, 2, 1, 1, 1, 2, 2, 1, 1, 1, 1, 2, 2, 1, 1, 2, 2, 1, 1, 1, 1, 1, 1, 1, 1, 1, 1, 1, 1, 1, 1, 1, 1, 1, 1, 1, 1, 1, 1, 1, 1, 1, 1, 1, 1, 1, 1, 1, 1, 1, 1, 1, 1, 1, 1, 1, 1, 1, 1, 1, 1, 1, 1]
w=48439205756474925056/18889465931478623149863 [cg] doubles=41 n=215
  xk(2^-20 units)=[67104554, 271823, 553515, 1025316, 1297749, 1565051, 1830034, 2107715, 2614345, 2893012, 3163147, 3653614, 3931547, 4196117, 4461913, 4728418, 4996561, 5270159, 5740276, 6013955, 6282291, 6549140, 6815486, 7081843, 7348804, 7617144, 7890793, 8360786, 8634158, 8902023, 9168271, 9433597, 9697427, 9974526, 10480093, 10758666, 11028728, 11519708, 11797761, 12062632, 12328928, 12596389, 12868929, 13339936, 13621598, 13897536, 14162101, 14428518, 14696524, 14969967, 15440546, 15713965, 15981951, 16248358, 16513002, 16790581, 17298160, 17577522, 17848831, 18321661, 18603236, 18879338, 19144476, 19412124, 19684770, 20158526, 20440575, 20717802, 20988105, 21479570, 21757529, 22022159, 22288035, 22554520, 22822586, 23096039, 23567510, 23841017, 24107850, 24384624, 24666121, 25141308, 25422776, 25699533, 25966324, 26239798, 26711116, 26984622, 27252691, 27519106, 27784694, 28049946, 28314156, 28591931, 29082396, 29352777, 29631693, 30141036, 30420589, 30692168, 31168272, 31450159, 31727335, 31997486, 32488662, 32766619, 33031276, 33297164, 33563735, 33831793, 34105365, 34576131, 34849566, 35117612, 35383091, 35661017, 36168430, 36446991, 36713897, 36987314, 37458550, 37731927, 37999936, 38266332, 38531882, 38797099, 39061322, 39339173, 39828693, 40099967, 40365458, 40641671, 40923363, 41396290, 41668860, 41935350, 42213721, 42721730, 43000305, 43267319, 43540797, 44012935, 44286329, 44554353, 44820792, 45086560, 45351095, 45628989, 46119822, 46390112, 46668885, 47176677, 47454924, 47721331, 47993810, 48465235, 48746844, 49022726, 49287211, 49553574, 49821499, 50094943, 50565170, 50838608, 51106596, 51372884, 51638316, 51903417, 52167494, 52445126, 52935216, 53205288, 53483908, 53990639, 54268458, 54533916, 54805034, 55294754, 55572367, 55836388, 56100440, 56378107, 56867454, 57138724, 57405267, 57670897, 57936284, 58201842, 58467964, 58735490, 59008183, 59481280, 59763385, 60040472, 60307533, 60581034, 61054600, 61327987, 61594947, 61873503, 62381810, 62660612, 62930916, 63421611, 63699172, 63963167, 64227221, 64504870, 64996216, 65266464, 65543665, 65825662, 66299346, 66571952, 66839497]
  m=[1, 2, 1, 1, 1, 1, 1, 2, 2, 1, 1, 2, 1, 1, 1, 1, 1, 1, 1, 1, 1, 1, 1, 1, 1, 1, 1, 1, 1, 1, 1, 1, 1, 2, 2, 1, 1, 2, 1, 1, 1, 1, 1, 1, 2, 1, 1, 1, 1, 1, 1, 1, 1, 1, 1, 2, 2, 1, 1, 1, 2, 1, 1, 1, 1, 1, 2, 1, 1, 2, 1, 1, 1, 1, 1, 1, 1, 1, 1, 2, 1, 1, 2, 1, 1, 1, 1, 1, 1, 1, 1, 1, 1, 2, 1, 1, 2, 2, 1, 1, 1, 2, 1, 1, 2, 1, 1, 1, 1, 1, 1, 1, 1, 1, 1, 2, 2, 1, 1, 1, 1, 1, 1, 1, 1, 1, 1, 2, 1, 1, 1, 2, 1, 1, 1, 1, 2, 2, 1, 1, 1, 1, 1, 1, 1, 1, 1, 2, 1, 1, 2, 2, 1, 1, 1, 1, 2, 1, 1, 1, 1, 1, 1, 1, 1, 1, 1, 1, 1, 2, 1, 1, 2, 2, 1, 1, 1, 2, 1, 1, 1, 2, 1, 1, 1, 1, 1, 1, 1, 1, 1, 1, 2, 1, 1, 1, 1, 1, 1, 2, 2, 1, 1, 2, 1, 1, 1, 2, 1, 1, 2, 1, 1, 1, 1]
w=221169152472315953152/18889465931478623149863 [cg] doubles=44 n=212
  xk(2^-20 units)=[8199, 275365, 548805, 1021170, 1294566, 1561565, 1840166, 2347971, 2625977, 2891484, 3159494, 3432949, 3903875, 4177429, 4445522, 4712117, 4978020, 5242673, 5520729, 6011197, 6282644, 6549566, 6814619, 7092753, 7584027, 7854233, 8132924, 8639487, 8916966, 9181442, 9447777, 9715673, 9989062, 10459712, 10733352, 11001688, 11268639, 11534963, 11801396, 12068367, 12336705, 12610395, 13081120, 13354627, 13622696, 13888190, 14166190, 14673877, 14952728, 15223055, 15715496, 15994052, 16260248, 16531937, 17023716, 17301559, 17565051, 17842812, 18334266, 18604551, 18883351, 19391056, 19669363, 19935778, 20208346, 20681317, 20963067, 21239413, 21504799, 21772910, 22046489, 22517977, 22791404, 23059416, 23325897, 23591692, 23856260, 24134270, 24624463, 24895825, 25161343, 25437645, 25719445, 26191989, 26464547, 26731909, 26997797, 27262123, 27539532, 28046820, 28330020, 28822745, 29100736, 29365724, 29632402, 29900595, 30174167, 30646110, 30919660, 31187848, 31454582, 31719814, 31998144, 32490444, 32760899, 33038271, 33320397, 33793922, 34066822, 34334764, 34601562, 34868007, 35134735, 35402596, 35675525, 36149316, 36431381, 36708587, 36978764, 37469475, 37746833, 38010385, 38273624, 38550372, 39055496, 39333993, 39604003, 40095376, 40373551, 40638665, 40905405, 41173608, 41447153, 41919105, 42192659, 42460849, 42727612, 42992871, 43271189, 43762390, 44033950, 44300898, 44566014, 44844313, 45335354, 45606968, 45873966, 46139194, 46417417, 46909640, 47180009, 47457293, 47739360, 48213558, 48486204, 48753719, 49018797, 49294896, 49576531, 50050597, 50322124, 50601672, 51110850, 51389413, 51656218, 51929150, 52404914, 52687476, 52969322, 53463567, 53741725, 54006918, 54273688, 54541825, 54815404, 55287398, 55560930, 55829105, 56094760, 56372839, 56881187, 57160672, 57432106, 57905665, 58187286, 58463484, 58728632, 58996180, 59268884, 59742973, 60025102, 60302142, 60569208, 60842691, 61316988, 61590535, 61857486, 62134329, 62416000, 62893138, 63177411, 63686790, 63964707, 64229650, 64496201, 64764325, 65037862, 65510022, 65783544, 66050681, 66329393, 66838339]
  m=[1, 1, 1, 1, 1, 1, 2, 2, 1, 1, 1, 1, 1, 1, 1, 1, 1, 1, 2, 1, 1, 1, 1, 2, 1, 1, 2, 2, 1, 1, 1, 1, 1, 1, 1, 1, 1, 1, 1, 1, 1, 1, 1, 1, 1, 1, 2, 2, 1, 1, 2, 1, 1, 1, 2, 1, 1, 2, 1, 1, 2, 2, 1, 1, 1, 1, 2, 1, 1, 1, 1, 1, 1, 1, 1, 1, 1, 2, 1, 1, 1, 2, 1, 1, 1, 1, 1, 1, 2, 2, 1, 2, 1, 1, 1, 1, 1, 1, 1, 1, 1, 1, 2, 1, 1, 2, 1, 1, 1, 1, 1, 1, 1, 1, 1, 1, 2, 1, 1, 2, 1, 1, 1, 2, 2, 1, 1, 2, 1, 1, 1, 1, 1, 1, 1, 1, 1, 1, 2, 1, 1, 1, 1, 2, 1, 1, 1, 1, 2, 1, 1, 2, 1, 1, 1, 1, 1, 2, 1, 1, 1, 2, 2, 1, 1, 1, 1, 2, 1, 2, 1, 1, 1, 1, 1, 1, 1, 1, 1, 2, 2, 1, 1, 1, 2, 1, 1, 1, 1, 1, 2, 1, 1, 1, 1, 1, 1, 2, 1, 1, 2, 2, 1, 1, 1, 1, 1, 1, 1, 1, 2, 2]
w=556267482608942464/18889465931478623149863 [cg] doubles=41 n=215
  xk(2^-20 units)=[67103436, 277660, 769385, 1047095, 1311431, 1577078, 1843509, 2111519, 2384960, 2855604, 3129199, 3397371, 3664046, 3930168, 4196208, 4462677, 4730359, 5003136, 5474647, 5756469, 6032768, 6298336, 6569690, 7059745, 7337625, 7601980, 7867479, 8133496, 8400868, 8673440, 9145520, 9427369, 9703673, 9969231, 10240517, 10730534, 11008591, 11273230, 11539022, 11805519, 12073561, 12347080, 12817579, 13091053, 13359050, 13625488, 13889971, 14165860, 14447443, 14918566, 15190917, 15457191, 15735331, 16241929, 16519757, 16785280, 17056459, 17546261, 17824149, 18088549, 18353981, 18620040, 18887465, 19159955, 19630419, 19912109, 20188058, 20452648, 20719089, 20987162, 21260628, 21730083, 22003556, 22271534, 22537896, 22803449, 23067455, 23343135, 23624634, 24094355, 24366697, 24632919, 24911136, 25418068, 25696001, 25961438, 26229342, 26502735, 26973594, 27247116, 27515196, 27781740, 28047606, 28312126, 28589996, 29080306, 29350387, 29629097, 30136111, 30414068, 30679535, 30947565, 31221034, 31691881, 31965295, 32233180, 32499467, 32764950, 33028910, 33304543, 33586135, 34057346, 34329963, 34597662, 34863331, 35141793, 35634163, 35904553, 36183320, 36690668, 36968589, 37234284, 37505697, 37997767, 38276496, 38542851, 38814772, 39307685, 39586449, 39852638, 40121057, 40394700, 40868394, 41141904, 41408960, 41687641, 42196177, 42475108, 42745614, 43238101, 43516563, 43782281, 44050217, 44323049, 44796661, 45078467, 45354790, 45620384, 45891830, 46382676, 46661011, 46926247, 47193061, 47461282, 47734862, 48207077, 48480594, 48748805, 49015615, 49280745, 49558975, 50051124, 50321489, 50600382, 51108333, 51387134, 51657333, 52148662, 52426614, 52691206, 52957067, 53223572, 53491578, 53765073, 54236076, 54509469, 54777446, 55042912, 55320835, 55827824, 56106040, 56372229, 56644581, 57114142, 57395668, 57671339, 57935370, 58200977, 58467329, 58735295, 59008777, 59478024, 59751492, 60019479, 60285836, 60551339, 60815330, 61090963, 61372465, 61842963, 62115462, 62381911, 62660306, 63169311, 63448873, 63720520, 64196322, 64478138, 64755111, 65025167, 65515802, 65793262, 66056911, 66320284, 66597147]
  m=[2, 1, 2, 1, 1, 1, 1, 1, 1, 1, 1, 1, 1, 1, 1, 1, 1, 1, 1, 2, 1, 1, 1, 2, 1, 1, 1, 1, 1, 1, 1, 2, 1, 1, 1, 2, 1, 1, 1, 1, 1, 1, 1, 1, 1, 1, 1, 2, 1, 1, 1, 1, 2, 2, 1, 1, 1, 2, 1, 1, 1, 1, 1, 1, 1, 2, 1, 1, 1, 1, 1, 1, 1, 1, 1, 1, 1, 2, 1, 1, 1, 1, 2, 2, 1, 1, 1, 1, 1, 1, 1, 1, 1, 1, 2, 1, 1, 2, 2, 1, 1, 1, 1, 1, 1, 1, 1, 1, 1, 2, 1, 1, 1, 1, 1, 2, 1, 1, 2, 2, 1, 1, 1, 2, 1, 1, 1, 2, 1, 1, 1, 1, 1, 1, 1, 2, 2, 1, 1, 2, 1, 1, 1, 1, 1, 2, 1, 1, 1, 2, 1, 1, 1, 1, 1, 1, 1, 1, 1, 1, 2, 1, 1, 2, 2, 1, 1, 2, 1, 1, 1, 1, 1, 1, 1, 1, 1, 1, 2, 2, 1, 1, 1, 1, 2, 1, 1, 1, 1, 1, 1, 1, 1, 1, 1, 1, 1, 2, 1, 1, 1, 1, 2, 2, 1, 1, 1, 2, 1, 1, 2, 1, 1, 1, 2]
w=17725941029097447424/6296488643826207716621 [cg] doubles=41 n=215
  xk(2^-20 units)=[9361, 517297, 800527, 1292852, 1570617, 1835072, 2100789, 2367220, 2635268, 2908790, 3379418, 3653028, 3921279, 4188075, 4454260, 4720381, 4986896, 5254669, 5527494, 6000360, 6282508, 6559798, 6830091, 7322218, 7600372, 7865291, 8131601, 8399155, 8671796, 9144315, 9426147, 9702462, 9968052, 10239346, 10729163, 11007138, 11271608, 11537232, 11803482, 12071076, 12343819, 12818175, 13100804, 13382548, 13875678, 14153511, 14418026, 14683807, 14950310, 15218337, 15491899, 15962310, 16235806, 16503821, 16769311, 17047323, 17554816, 17833405, 18100338, 18373669, 18844599, 19118007, 19386048, 19652456, 19918042, 20183275, 20447343, 20725046, 21214515, 21484593, 21763284, 22270300, 22548222, 22813643, 23081695, 23355145, 23826136, 24099572, 24367565, 24634099, 24899967, 25164618, 25442735, 25933031, 26204463, 26471257, 26736286, 27014518, 27505568, 27776997, 28042770, 28320790, 28829131, 29108557, 29380015, 29853963, 30135550, 30411758, 30677316, 30948761, 31440006, 31718292, 31983426, 32250104, 32518251, 32791725, 33263244, 33536774, 33804986, 34070494, 34346853, 34628686, 35099948, 35372300, 35639473, 35904236, 36181780, 36687693, 36965523, 37230834, 37498705, 37772038, 38242240, 38515670, 38783656, 39050090, 39315678, 39580857, 39845114, 40122891, 40611527, 40882542, 41148809, 41413071, 41690380, 42196595, 42475291, 42745487, 43236813, 43514778, 43779522, 44045700, 44313138, 44585664, 45058017, 45339865, 45616195, 45881600, 46149694, 46423210, 46893520, 47167020, 47435028, 47701547, 47967384, 48232969, 48498689, 48765344, 49036559, 49525389, 49803009, 50067070, 50331058, 50608637, 51099899, 51370033, 51648757, 52156439, 52435218, 52705419, 53196556, 53474432, 53738957, 54004713, 54271176, 54539169, 54812627, 55283606, 55556914, 55824741, 56090072, 56367859, 56873960, 57151664, 57416917, 57687827, 58176606, 58454366, 58718601, 58983790, 59249366, 59515727, 59783644, 60057044, 60527728, 60801253, 61069351, 61334727, 61611017, 61892798, 62365290, 62637678, 62903926, 63182107, 63688737, 63966492, 64231981, 64503072, 64993390, 65271097, 65534497, 65812200, 66303380, 66574625, 66840250]
  m=[2, 2, 1, 2, 1, 1, 1, 1, 1, 1, 1, 1, 1, 1, 1, 1, 1, 1, 1, 1, 2, 1, 1, 2, 1, 1, 1, 1, 1, 1, 2, 1, 1, 1, 2, 1, 1, 1, 1, 1, 1, 1, 2, 1, 2, 1, 1, 1, 1, 1, 1, 1, 1, 1, 1, 2, 2, 1, 1, 1, 1, 1, 1, 1, 1, 1, 1, 2, 1, 1, 2, 2, 1, 1, 1, 1, 1, 1, 1, 1, 1, 1, 2, 1, 1, 1, 1, 2, 1, 1, 1, 2, 2, 1, 1, 1, 2, 1, 1, 1, 2, 1, 1, 1, 1, 1, 1, 1, 1, 1, 2, 1, 1, 1, 1, 1, 2, 2, 1, 1, 1, 1, 1, 1, 1, 1, 1, 1, 1, 2, 1, 1, 1, 1, 2, 2, 1, 1, 2, 1, 1, 1, 1, 1, 1, 2, 1, 1, 1, 1, 1, 1, 1, 1, 1, 1, 1, 1, 1, 2, 1, 1, 1, 2, 1, 1, 2, 2, 1, 1, 2, 1, 1, 1, 1, 1, 1, 1, 1, 1, 1, 2, 2, 1, 1, 1, 2, 1, 1, 1, 1, 1, 1, 1, 1, 1, 1, 1, 2, 1, 1, 1, 1, 2, 2, 1, 1, 1, 2, 1, 1, 2, 1, 1, 1]
w=128994279648577470464/18889465931478623149863 [cg] doubles=41 n=215
  xk(2^-20 units)=[67106059, 274562, 765714, 1048819, 1556230, 1833808, 2098430, 2364836, 2632810, 2906243, 3376566, 3650009, 3918083, 4184615, 4450370, 4715901, 4981574, 5247771, 5515253, 5787884, 6259109, 6540989, 6817318, 7082912, 7354282, 7844415, 8122452, 8387095, 8652908, 8919428, 9187521, 9461086, 9930901, 10204450, 10472443, 10738790, 11004345, 11268357, 11544006, 11825517, 12295026, 12567370, 12833702, 13111952, 13619115, 13897039, 14162491, 14430442, 14703815, 15174269, 15447737, 15715769, 15982225, 16246769, 16522641, 16804116, 17276388, 17547584, 17826846, 18334069, 18611493, 18875903, 19141985, 19409493, 19682135, 20155163, 20437191, 20714426, 20984764, 21477261, 21755522, 22020760, 22287530, 22555667, 22829177, 23300287, 23573778, 23841908, 24108406, 24374210, 24638749, 24916623, 25406957, 25676976, 25955513, 26461508, 26738747, 27002912, 27268828, 27536174, 27808649, 28280558, 28562317, 28838597, 29104163, 29375617, 29866559, 30144872, 30410100, 30676828, 30945041, 31218635, 31690243, 31963873, 32232164, 32499024, 32764287, 33042662, 33533895, 33805385, 34072347, 34337479, 34615690, 35107914, 35378476, 35657521, 36167022, 36446757, 36718527, 37195572, 37477780, 37755652, 38027111, 38502242, 38783971, 39060216, 39325629, 39593652, 39867021, 40339797, 40613264, 40880370, 41159084, 41667377, 41946306, 42216766, 42708493, 42986708, 43251857, 43518625, 43786765, 44060300, 44532441, 44805925, 45074035, 45339488, 45615846, 45897734, 46368995, 46641536, 46908939, 47175036, 47440602, 47705957, 47971595, 48238204, 48509399, 48998459, 49276101, 49540142, 49804116, 50081685, 50572933, 50843115, 51121879, 51629578, 51908347, 52178562, 52669775, 52947666, 53212214, 53477994, 53744460, 54012441, 54285860, 54756863, 55030234, 55298164, 55563604, 55841478, 56348446, 56626674, 56892851, 57165158, 57634741, 57916243, 58191921, 58455918, 58721479, 58987862, 59255786, 59529248, 59998556, 60272058, 60540107, 60806505, 61072129, 61337362, 61601555, 61879388, 62367857, 62638847, 62905212, 63169613, 63447037, 63954588, 64234020, 64505433, 64980525, 65262341, 65539375, 65809489, 66300778, 66578380, 66842271]
  m=[1, 2, 1, 2, 2, 1, 1, 1, 1, 1, 1, 1, 1, 1, 1, 1, 1, 1, 1, 1, 1, 2, 1, 1, 1, 2, 1, 1, 1, 1, 1, 1, 1, 1, 1, 1, 1, 1, 2, 1, 1, 1, 1, 2, 2, 1, 1, 1, 1, 1, 1, 1, 1, 1, 2, 1, 1, 1, 2, 2, 1, 1, 1, 1, 1, 1, 2, 1, 1, 2, 1, 1, 1, 1, 1, 1, 1, 1, 1, 1, 1, 2, 1, 1, 2, 2, 1, 1, 1, 1, 1, 1, 2, 1, 1, 1, 2, 1, 1, 1, 1, 1, 1, 1, 1, 1, 1, 2, 1, 1, 1, 1, 2, 1, 1, 2, 2, 1, 1, 1, 2, 1, 1, 1, 2, 1, 1, 1, 1, 1, 1, 1, 2, 2, 1, 1, 2, 1, 1, 1, 1, 1, 1, 1, 1, 1, 2, 1, 1, 1, 1, 1, 1, 1, 1, 1, 1, 2, 1, 1, 1, 2, 1, 1, 2, 2, 1, 1, 2, 1, 1, 1, 1, 1, 1, 1, 1, 1, 1, 2, 2, 1, 1, 1, 1, 2, 1, 1, 1, 1, 1, 1, 1, 1, 1, 1, 1, 1, 1, 2, 1, 1, 1, 1, 2, 2, 1, 1, 1, 2, 1, 1, 2, 1, 1]
w=435646837763218432/6296488643826207716621 [cg] doubles=41 n=215
  xk(2^-20 units)=[430, 277797, 768837, 1051891, 1558687, 1835950, 2099946, 2365365, 2631623, 2899516, 3172934, 3643071, 3916688, 4184925, 4451661, 4717833, 4983933, 5250415, 5518105, 5790851, 6262313, 6544201, 6820540, 7086136, 7357510, 7847740, 8125777, 8390429, 8656266, 8922787, 9190875, 9464432, 9934255, 10207817, 10475816, 10742174, 11007742, 11271756, 11547407, 11828925, 12298442, 12570785, 12837110, 13115364, 13622528, 13900460, 14165916, 14433864, 14707239, 15177726, 15451193, 15719224, 15985682, 16250222, 16526091, 16807566, 17279804, 17551003, 17830262, 18337470, 18614899, 18879308, 19145386, 19412892, 19685534, 20158565, 20440603, 20717825, 20988159, 21480657, 21758921, 22024155, 22290928, 22559069, 22832578, 23303692, 23577180, 23845311, 24111811, 24377606, 24642141, 24920010, 25410334, 25680357, 25958896, 26464887, 26742125, 27006280, 27272191, 27539531, 27812001, 28283884, 28565648, 28841929, 29107493, 29378942, 29869868, 30148180, 30413411, 30680142, 30948353, 31221946, 31693553, 31967180, 32235465, 32502318, 32767581, 33045955, 33537190, 33808678, 34075641, 34340773, 34618988, 35111218, 35381781, 35660830, 36170332, 36450063, 36721829, 37198896, 37481105, 37758976, 38030435, 38505576, 38787302, 39063555, 39328966, 39596993, 39870364, 40343168, 40616634, 40883739, 41162453, 41670759, 41949689, 42220150, 42711884, 42990100, 43255250, 43522017, 43790165, 44063713, 44535860, 44809348, 45077462, 45342920, 45619287, 45901177, 46372485, 46645029, 46912441, 47178539, 47444104, 47709460, 47975095, 48241699, 48512897, 49001942, 49279581, 49543623, 49807591, 50085154, 50576410, 50846596, 51125364, 51633056, 51911831, 52182048, 52673267, 52951160, 53215717, 53481492, 53747963, 54015944, 54289361, 54760376, 55033734, 55301651, 55567084, 55844950, 56351891, 56630118, 56896292, 57168594, 57638144, 57919644, 58195319, 58459315, 58724873, 58991262, 59259184, 59532650, 60001912, 60275417, 60543468, 60809867, 61075499, 61340736, 61604935, 61882768, 62371222, 62642215, 62908575, 63172974, 63450399, 63957952, 64237372, 64508784, 64983849, 65265644, 65542677, 65812789, 66304000, 66581606, 66845503]
  m=[1, 2, 1, 2, 2, 1, 1, 1, 1, 1, 1, 1, 1, 1, 1, 1, 1, 1, 1, 1, 1, 2, 1, 1, 1, 2, 1, 1, 1, 1, 1, 1, 1, 1, 1, 1, 1, 1, 2, 1, 1, 1, 1, 2, 2, 1, 1, 1, 1, 1, 1, 1, 1, 1, 2, 1, 1, 1, 2, 2, 1, 1, 1, 1, 1, 1, 2, 1, 1, 2, 1, 1, 1, 1, 1, 1, 1, 1, 1, 1, 1, 2, 1, 1, 2, 2, 1, 1, 1, 1, 1, 1, 2, 1, 1, 1, 2, 1, 1, 1, 1, 1, 1, 1, 1, 1, 1, 2, 1, 1, 1, 1, 2, 1, 1, 2, 2, 1, 1, 1, 2, 1, 1, 1, 2, 1, 1, 1, 1, 1, 1, 1, 2, 2, 1, 1, 2, 1, 1, 1, 1, 1, 1, 1, 1, 1, 2, 1, 1, 1, 1, 1, 1, 1, 1, 1, 1, 2, 1, 1, 1, 2, 1, 1, 2, 2, 1, 1, 2, 1, 1, 1, 1, 1, 1, 1, 1, 1, 1, 2, 2, 1, 1, 1, 1, 2, 1, 1, 1, 1, 1, 1, 1, 1, 1, 1, 1, 1, 1, 2, 1, 1, 1, 1, 2, 2, 1, 1, 1, 2, 1, 1, 2, 1, 1]
w=41355869011095470080/18889465931478623149863 [cg] doubles=19 n=237
  xk(2^-20 units)=[117891, 397940, 684474, 970991, 1251024, 1534760, 1820742, 2108378, 2396665, 2684334, 2970332, 3254024, 3533863, 3820128, 4106183, 4385239, 4667562, 4951708, 5237350, 5523895, 5810382, 6095859, 6379601, 6661188, 6939151, 7224067, 7508410, 7784553, 8063060, 8342582, 8623035, 8904273, 9186027, 9467935, 9749590, 10030631, 10310809, 10589988, 10868166, 11145304, 11420102, 11703464, 11987282, 12263479, 12542925, 12824222, 13107160, 13391384, 13676254, 13961002, 14244923, 14527537, 14808559, 15086513, 15371805, 15657240, 15935646, 16217468, 16501258, 16786679, 17073102, 17359630, 17645330, 17929507, 18211744, 18490518, 18776206, 19061766, 19340173, 19621803, 19905220, 20190214, 20476314, 20762746, 21048652, 21333329, 21616431, 21897724, 22175855, 22461275, 22746847, 23025491, 23307579, 23591617, 23877157, 24163465, 24449594, 24734659, 25018106, 25299677, 25577927, 25863345, 26148769, 26427111, 26708801, 26992360, 27277490, 27563568, 27849691, 28134938, 28418614, 28700370, 28978733, 29264141, 29549431, 29827420, 30108579, 30391499, 30675970, 30961566, 31247560, 31533112, 31817497, 32100325, 32381404, 32659328, 32944575, 33229962, 33508280, 33789997, 34073618, 34358721, 34644646, 34930474, 35215321, 35498600, 35779970, 36057989, 36343183, 36628235, 36905880, 37186622, 37469069, 37752993, 38037990, 38323357, 38608298, 38892125, 39174446, 39455060, 39732579, 40017542, 40302627, 40580488, 40861670, 41144724, 41429350, 41714965, 42000715, 42285679, 42569194, 42850846, 43129118, 43414469, 43699683, 43977544, 44258582, 44541395, 44825832, 45111531, 45397780, 45683716, 45968563, 46251863, 46533382, 46811685, 47097207, 47382854, 47661610, 47943869, 48228133, 48513998, 48800722, 49087310, 49372829, 49656672, 49938583, 50217142, 50502730, 50788352, 51066958, 51348954, 51632838, 51918209, 52204377, 52490393, 52775352, 53058646, 53339954, 53617904, 53903001, 54187920, 54465300, 54745673, 55027676, 55311056, 55595434, 55880160, 56164467, 56447699, 56729462, 57009529, 57286505, 57571048, 57855598, 58132567, 58412665, 58694511, 58977954, 59262679, 59548062, 59833290, 60117605, 60400500, 60681723, 60959821, 61245214, 61530793, 61809508, 62091779, 62376180, 62662368, 62949613, 63236902, 63523224, 63807905, 64090648, 64369980, 64656167, 64942576, 65222610, 65506538, 65792777, 66080681, 66369173, 66656938, 66942980]
  m=[1, 1, 2, 1, 1, 1, 1, 1, 1, 1, 1, 1, 1, 2, 1, 1, 1, 1, 1, 1, 1, 1, 1, 1, 1, 2, 1, 1, 1, 1, 1, 1, 1, 1, 1, 1, 1, 1, 1, 1, 1, 2, 1, 1, 1, 1, 1, 1, 1, 1, 1, 1, 1, 1, 2, 1, 1, 1, 1, 1, 1, 1, 1, 1, 1, 1, 2, 1, 1, 1, 1, 1, 1, 1, 1, 1, 1, 1, 1, 2, 1, 1, 1, 1, 1, 1, 1, 1, 1, 1, 1, 2, 1, 1, 1, 1, 1, 1, 1, 1, 1, 1, 1, 2, 1, 1, 1, 1, 1, 1, 1, 1, 1, 1, 1, 1, 2, 1, 1, 1, 1, 1, 1, 1, 1, 1, 1, 1, 2, 1, 1, 1, 1, 1, 1, 1, 1, 1, 1, 1, 1, 2, 1, 1, 1, 1, 1, 1, 1, 1, 1, 1, 1, 2, 1, 1, 1, 1, 1, 1, 1, 1, 1, 1, 1, 1, 2, 1, 1, 1, 1, 1, 1, 1, 1, 1, 1, 1, 2, 1, 1, 1, 1, 1, 1, 1, 1, 1, 1, 1, 2, 1, 1, 1, 1, 1, 1, 1, 1, 1, 1, 1, 1, 2, 1, 1, 1, 1, 1, 1, 1, 1, 1, 1, 1, 1, 2, 1, 1, 1, 1, 1, 1, 1, 1, 1, 1, 1, 2, 1, 1, 1, 1, 1, 1, 1, 1]
w=36263462707518251008/18889465931478623149863 [cg] doubles=43 n=213
  xk(2^-20 units)=[67103159, 272392, 544166, 1021889, 1304245, 1582235, 1853856, 2329779, 2611709, 2888516, 3155048, 3427772, 3902376, 4184392, 4461172, 4727690, 5000401, 5474017, 5755832, 6032179, 6297835, 6569340, 7060441, 7338707, 7603761, 7870236, 8137961, 8410774, 8884478, 9166589, 9443498, 9710222, 9983150, 10459310, 10741713, 11019697, 11291287, 11767400, 12049341, 12326126, 12592705, 12865575, 13341885, 13624276, 13902332, 14173980, 14650254, 14932264, 15209558, 15479925, 15972279, 16250607, 16515831, 16782601, 17050818, 17324381, 17797469, 18070879, 18337913, 18616521, 19123958, 19401925, 19667630, 19939000, 20430428, 20708985, 20974753, 21242581, 21515406, 21989309, 22271115, 22547462, 22813148, 23084602, 23575704, 23854035, 24119272, 24386019, 24654201, 24927710, 25400677, 25674234, 25941189, 26218014, 26499591, 26975383, 27257400, 27538929, 28032007, 28310099, 28575168, 28841829, 29109998, 29383607, 29855253, 30128813, 30396920, 30663475, 30929353, 31194002, 31471998, 31961967, 32233145, 32498651, 32776509, 33283407, 33561679, 33828133, 34100732, 34574707, 34856648, 35133402, 35399864, 35672630, 36147167, 36429162, 36705934, 36972448, 37245217, 37719344, 38001404, 38278215, 38544740, 38817500, 39291664, 39573707, 39850456, 40116926, 40389651, 40862894, 41144693, 41421008, 41686520, 41957864, 42447567, 42725407, 42989556, 43254606, 43519948, 43785966, 44053373, 44325996, 44798914, 45080958, 45357738, 45624277, 45897001, 46370179, 46651983, 46928299, 47193941, 47465378, 47956329, 48234584, 48499613, 48766042, 49033757, 49306526, 49780186, 50062308, 50339259, 50606089, 50879173, 51357094, 51640205, 51923027, 52402833, 52684836, 52962676, 53234140, 53710012, 53991922, 54268618, 54535051, 54807743, 55280966, 55562796, 55839156, 56104802, 56376361, 56867651, 57145944, 57411115, 57677991, 57949453, 58439235, 58717147, 58981381, 59246547, 59511960, 59778001, 60045440, 60318073, 60791042, 61073148, 61350012, 61616673, 61889601, 62365543, 62647929, 62925917, 63197503, 63673379, 63955312, 64232094, 64498638, 64771377, 65245889, 65527929, 65804813, 66071481, 66344400, 66820742]
  m=[2, 1, 1, 1, 2, 1, 1, 1, 2, 1, 1, 1, 1, 2, 1, 1, 1, 1, 2, 1, 1, 1, 2, 1, 1, 1, 1, 1, 1, 2, 1, 1, 1, 1, 2, 1, 1, 1, 2, 1, 1, 1, 1, 2, 1, 1, 1, 2, 1, 1, 2, 1, 1, 1, 1, 1, 1, 1, 1, 2, 2, 1, 1, 1, 2, 1, 1, 1, 1, 1, 2, 1, 1, 1, 2, 1, 1, 1, 1, 1, 1, 1, 1, 2, 1, 1, 2, 1, 2, 1, 1, 1, 1, 1, 1, 1, 1, 1, 1, 1, 2, 1, 1, 1, 2, 2, 1, 1, 1, 1, 2, 1, 1, 1, 1, 2, 1, 1, 1, 1, 2, 1, 1, 1, 1, 2, 1, 1, 1, 1, 2, 1, 1, 1, 2, 1, 1, 1, 1, 1, 1, 1, 1, 2, 1, 1, 1, 1, 2, 1, 1, 1, 2, 1, 1, 1, 1, 1, 1, 2, 1, 1, 1, 1, 2, 1, 1, 2, 1, 1, 1, 2, 1, 1, 1, 1, 2, 1, 1, 1, 2, 1, 1, 1, 1, 2, 1, 1, 1, 1, 1, 1, 1, 1, 2, 1, 1, 1, 1, 2, 1, 1, 1, 2, 1, 1, 1, 1, 2, 1, 1, 1, 1]
w=59082293153332428800/6296488643826207716621 [cg] doubles=41 n=215
  xk(2^-20 units)=[67108077, 263074, 526882, 804232, 1295473, 1578642, 2085979, 2363575, 2628196, 2894554, 3162514, 3436022, 3906599, 4180121, 4448369, 4715169, 4981309, 5247442, 5514010, 5781800, 6054593, 6527360, 6809515, 7086825, 7357168, 7848771, 8126773, 8391398, 8657230, 8923765, 9191832, 9465341, 9935249, 10208772, 10476739, 10743151, 11008689, 11272677, 11548330, 11829880, 12299559, 12571944, 12838191, 13116376, 13623405, 13901278, 14166636, 14434561, 14707994, 15179534, 15453093, 15721236, 15987875, 16252885, 16530922, 17023567, 17306797, 17813995, 18091419, 18355777, 18621773, 18889213, 19161790, 19635396, 19917432, 20194708, 20465027, 20957278, 21235529, 21500690, 21767433, 22035562, 22309067, 22780253, 23053752, 23321852, 23588370, 23854122, 24118596, 24396444, 24886615, 25156657, 25435208, 25941083, 26218287, 26482428, 26748266, 27015509, 27287911, 27759922, 28041650, 28317870, 28583367, 28854684, 29344730, 29622706, 29887283, 30153052, 30419509, 30687517, 30961074, 31431830, 31705371, 31973463, 32240005, 32505847, 32770508, 33048595, 33538892, 33810316, 34077188, 34342263, 34620439, 35112935, 35383508, 35662572, 36171931, 36451638, 36723426, 37200463, 37482715, 37760592, 38032089, 38508742, 38790754, 39067749, 39334753, 39608264, 40080753, 40354163, 40622174, 40887600, 41165536, 41672695, 41951392, 42221576, 42712093, 42990007, 43254527, 43520298, 43786762, 44054804, 44328277, 44799473, 45073018, 45341079, 45606496, 45882829, 46164691, 46636234, 46908735, 47176082, 47442191, 47707714, 47973076, 48238683, 48505275, 48776531, 49265570, 49543222, 49807254, 50071227, 50348811, 50839963, 51110129, 51388877, 51896591, 52175364, 52445581, 52936579, 53214496, 53478976, 53744731, 54011208, 54279219, 54552629, 55023295, 55296620, 55564449, 55830658, 56095124, 56372505, 56878727, 57156801, 57422895, 57695121, 58164702, 58446254, 58721896, 58985853, 59251355, 59517682, 59785552, 60058956, 60528303, 60801806, 61069837, 61336222, 61601794, 61867012, 62131178, 62409021, 62897548, 63168550, 63434855, 63699230, 63976661, 64484180, 64763577, 65034981, 65510058, 65791855, 66068901, 66339037, 66830513]
  m=[1, 1, 1, 2, 1, 2, 2, 1, 1, 1, 1, 1, 1, 1, 1, 1, 1, 1, 1, 1, 1, 1, 2, 1, 1, 2, 1, 1, 1, 1, 1, 1, 1, 1, 1, 1, 1, 1, 2, 1, 1, 1, 1, 2, 2, 1, 1, 1, 1, 1, 1, 1, 1, 1, 2, 1, 2, 2, 1, 1, 1, 1, 1, 1, 2, 1, 1, 2, 1, 1, 1, 1, 1, 1, 1, 1, 1, 1, 1, 2, 1, 1, 2, 2, 1, 1, 1, 1, 1, 1, 2, 1, 1, 1, 2, 1, 1, 1, 1, 1, 1, 1, 1, 1, 1, 1, 1, 2, 1, 1, 1, 1, 2, 1, 1, 2, 2, 1, 1, 1, 2, 1, 1, 1, 2, 1, 1, 1, 1, 1, 1, 1, 2, 2, 1, 1, 2, 1, 1, 1, 1, 1, 1, 1, 1, 1, 1, 2, 1, 1, 1, 1, 1, 1, 1, 1, 1, 1, 2, 1, 1, 1, 2, 1, 1, 2, 2, 1, 1, 2, 1, 1, 1, 1, 1, 1, 1, 1, 1, 1, 1, 2, 2, 1, 1, 1, 1, 2, 1, 1, 1, 1, 1, 1, 1, 1, 1, 1, 1, 1, 1, 2, 1, 1, 1, 1, 2, 2, 1, 1, 1, 2, 1, 1, 2]
w=9003700814828552192/6296488643826207716621 [cg] doubles=17 n=239
  xk(2^-20 units)=[119624, 402799, 685870, 968308, 1249719, 1529896, 1808650, 2084599, 2368544, 2652529, 2928630, 3207598, 3488012, 3769612, 4052131, 4335094, 4617932, 4900124, 5181292, 5461223, 5739749, 6015487, 6299279, 6583093, 6858935, 7137597, 7417656, 7698873, 7980990, 8263553, 8546018, 8827871, 9108740, 9388403, 9666702, 9942234, 10225883, 10509551, 10785172, 11063596, 11343417, 11624429, 11906407, 12188919, 12471430, 12753407, 13034451, 13314312, 13592809, 13868521, 14152280, 14436037, 14711773, 14990302, 15270197, 15551254, 15833222, 16115659, 16398035, 16679816, 16960614, 17240161, 17518297, 17793622, 18077026, 18360283, 18635160, 18912599, 19191200, 19470842, 19751373, 20032496, 20313832, 20594942, 20875449, 21155058, 21433624, 21711026, 21985869, 22269097, 22552476, 22827761, 23105853, 23385358, 23666122, 23947881, 24230256, 24512712, 24794712, 25075808, 25355740, 25634302, 25910069, 26193848, 26477628, 26753373, 27031907, 27311805, 27592884, 27874890, 28157430, 28439970, 28721975, 29003008, 29282842, 29561271, 29836893, 30120561, 30404208, 30679738, 30958035, 31237695, 31518559, 31800408, 32082874, 32365443, 32647572, 32928803, 33208876, 33487551, 33763405, 34047227, 34331031, 34606788, 34885338, 35165299, 35446504, 35728736, 36011613, 36294609, 36577150, 36858757, 37139170, 37418132, 37694226, 37978205, 38262143, 38538082, 38816823, 39096985, 39378379, 39660799, 39943852, 40227007, 40509695, 40791435, 41071961, 41351032, 41627222, 41911269, 42195269, 42471302, 42750149, 43030425, 43311971, 43594565, 43877826, 44161224, 44444185, 44726217, 45007033, 45286382, 45562832, 45847069, 46131266, 46407605, 46686810, 46967488, 47249468, 47532496, 47816162, 48099909, 48383158, 48665429, 48946440, 49225956, 49502556, 49786904, 50071230, 50347755, 50627172, 50908063, 51190242, 51473439, 51757214, 52041009, 52324255, 52606494, 52887455, 53166926, 53443494, 53727834, 54012174, 54288741, 54568209, 54849169, 55131406, 55414655, 55698455, 55982238, 56265442, 56547626, 56828521, 57107941, 57384470, 57668796, 57953147, 58229749, 58509264, 58790269, 59072523, 59355743, 59639447, 59923059, 60206027, 60487948, 60768572, 61047731, 61324033, 61608206, 61892420, 62168836, 62448149, 62728927, 63010926, 63293866, 63577261, 63860541, 64143171, 64424765, 64705090, 64983983, 65260054, 65544077, 65828144, 66104360, 66383458, 66664011, 66945777]
  m=[1, 1, 1, 1, 1, 1, 1, 1, 2, 1, 1, 1, 1, 1, 1, 1, 1, 1, 1, 1, 1, 1, 2, 1, 1, 1, 1, 1, 1, 1, 1, 1, 1, 1, 1, 1, 2, 1, 1, 1, 1, 1, 1, 1, 1, 1, 1, 1, 1, 1, 2, 1, 1, 1, 1, 1, 1, 1, 1, 1, 1, 1, 1, 1, 2, 1, 1, 1, 1, 1, 1, 1, 1, 1, 1, 1, 1, 1, 1, 2, 1, 1, 1, 1, 1, 1, 1, 1, 1, 1, 1, 1, 1, 2, 1, 1, 1, 1, 1, 1, 1, 1, 1, 1, 1, 1, 1, 2, 1, 1, 1, 1, 1, 1, 1, 1, 1, 1, 1, 1, 1, 2, 1, 1, 1, 1, 1, 1, 1, 1, 1, 1, 1, 1, 1, 2, 1, 1, 1, 1, 1, 1, 1, 1, 1, 1, 1, 1, 1, 2, 1, 1, 1, 1, 1, 1, 1, 1, 1, 1, 1, 1, 1, 2, 1, 1, 1, 1, 1, 1, 1, 1, 1, 1, 1, 1, 1, 2, 1, 1, 1, 1, 1, 1, 1, 1, 1, 1, 1, 1, 1, 2, 1, 1, 1, 1, 1, 1, 1, 1, 1, 1, 1, 1, 1, 2, 1, 1, 1, 1, 1, 1, 1, 1, 1, 1, 1, 1, 1, 2, 1, 1, 1, 1, 1, 1, 1, 1, 1, 1, 1, 1, 1, 2, 1, 1, 1, 1, 1]
w=566682379383714560/6296488643826207716621 [cg] doubles=42 n=214
  xk(2^-20 units)=[3072, 268673, 540088, 1030333, 1308293, 1572846, 1838632, 2105298, 2376699, 2867291, 3145456, 3410412, 3676789, 3944375, 4216977, 4687903, 4969537, 5245378, 5509708, 5775837, 6043320, 6315917, 6788730, 7070769, 7347563, 7614106, 7886884, 8361618, 8643640, 8920502, 9187056, 9459912, 9935929, 10218608, 10500510, 10995299, 11273720, 11539450, 11807326, 12080169, 12554377, 12836416, 13113178, 13379694, 13652385, 14127093, 14409067, 14685830, 14952324, 15225006, 15698321, 15980112, 16256446, 16522073, 16793526, 17284454, 17562698, 17827741, 18094221, 18361940, 18634663, 19107989, 19390020, 19666867, 19933447, 20206187, 20680556, 20962505, 21239257, 21505777, 21778414, 22251061, 22532819, 22808998, 23074085, 23341705, 23614429, 24088076, 24370099, 24646867, 24913344, 25185944, 25657809, 25939532, 26215465, 26480064, 26746548, 27014603, 27288142, 27759229, 28032782, 28301005, 28567768, 28832990, 29111241, 29603799, 29874028, 30151114, 30432737, 30909304, 31193527, 31702372, 31979902, 32244131, 32509619, 32775753, 33043308, 33316142, 33791763, 34076604, 34586017, 34863716, 35128163, 35393926, 35660479, 35928579, 36202022, 36672227, 36945690, 37213744, 37480275, 37745112, 38022865, 38530921, 38810809, 39083070, 39556126, 39829409, 40097366, 40363864, 40629664, 40894292, 41172319, 41662295, 41933496, 42198965, 42476760, 42983687, 43262432, 43532690, 44023742, 44301612, 44566139, 44831829, 45098176, 45366087, 45639399, 46113199, 46385314, 46663379, 46945358, 47421851, 47703345, 47979823, 48246033, 48518575, 48992112, 49274089, 49550836, 49817303, 50090024, 50563318, 50845089, 51121445, 51387097, 51658580, 52149655, 52427950, 52693118, 52960060, 53231642, 53722690, 54000919, 54265904, 54532277, 54799908, 55072572, 55544966, 55826740, 56102887, 56367953, 56635534, 56908220, 57382019, 57664129, 57941459, 58211941, 58705227, 58983904, 59250182, 59521858, 60013005, 60291042, 60555720, 60821581, 61088346, 61359879, 61851464, 62130074, 62395875, 62663766, 62936615, 63410934, 63693018, 63969768, 64236226, 64508924, 64982996, 65264962, 65541739, 65808205, 66080904, 66553882, 66835645]
  m=[1, 1, 1, 2, 1, 1, 1, 1, 1, 2, 1, 1, 1, 1, 1, 1, 2, 1, 1, 1, 1, 1, 1, 2, 1, 1, 1, 1, 2, 1, 1, 1, 1, 2, 1, 2, 1, 1, 1, 1, 1, 2, 1, 1, 1, 1, 2, 1, 1, 1, 1, 2, 1, 1, 1, 2, 1, 1, 1, 1, 1, 1, 2, 1, 1, 1, 1, 2, 1, 1, 1, 1, 2, 1, 1, 1, 1, 1, 2, 1, 1, 1, 1, 2, 1, 1, 1, 1, 1, 1, 1, 1, 1, 1, 2, 1, 1, 2, 1, 1, 2, 2, 1, 1, 1, 1, 1, 1, 1, 2, 2, 1, 1, 1, 1, 1, 1, 1, 1, 1, 1, 1, 2, 2, 1, 1, 1, 1, 1, 1, 1, 1, 2, 1, 1, 1, 2, 2, 1, 1, 2, 1, 1, 1, 1, 1, 1, 1, 1, 2, 1, 1, 2, 1, 1, 1, 1, 2, 1, 1, 1, 1, 2, 1, 1, 1, 2, 1, 1, 1, 1, 2, 1, 1, 1, 1, 1, 1, 2, 1, 1, 1, 1, 1, 2, 1, 1, 2, 1, 1, 1, 2, 1, 1, 1, 1, 1, 2, 1, 1, 1, 1, 1, 2, 1, 1, 1, 1, 2, 1, 1, 1, 1, 2]
w=128810506389062795264/18889465931478623149863 [cg] doubles=44 n=212
  xk(2^-20 units)=[25776, 498386, 771766, 1038666, 1317164, 1824603, 2102568, 2368071, 2636031, 2909420, 3381504, 3655101, 3923317, 4190016, 4455089, 4733181, 5226177, 5509588, 6017843, 6295865, 6561384, 6829453, 7102943, 7575044, 7848597, 8116634, 8383144, 8648911, 8913381, 9191270, 9681619, 9951760, 10230537, 10737529, 11015440, 11280875, 11548844, 11822250, 12293614, 12567129, 12835155, 13101664, 13367477, 13632016, 13909906, 14400073, 14670150, 14948760, 15454943, 15732360, 15996834, 16263106, 16530976, 16804359, 17275367, 17548892, 17816948, 18083470, 18349274, 18613845, 18891705, 19382055, 19652179, 19930918, 20438021, 20715846, 20981240, 21249210, 21522655, 21993450, 22266848, 22534755, 22801147, 23066674, 23331873, 23596010, 23873737, 24363181, 24633129, 24911692, 25417845, 25695289, 25959798, 26226133, 26494060, 26767417, 27237859, 27511250, 27779230, 28045657, 28310349, 28588064, 29096137, 29376009, 29648313, 30121104, 30394378, 30662240, 30928675, 31194328, 31458745, 31736429, 32227980, 32511102, 33017589, 33294849, 33558798, 33824213, 34090480, 34358366, 34631723, 35102042, 35375510, 35643487, 35909830, 36175286, 36440349, 36704324, 36981833, 37473236, 37756487, 38264629, 38542626, 38808120, 39076144, 39349623, 39821618, 40095065, 40363055, 40629469, 40895124, 41159508, 41437288, 41929935, 42213374, 42722506, 43001282, 43268464, 43541996, 44016893, 44290439, 44558831, 44824801, 45103379, 45595794, 45866232, 46145082, 46652343, 46930303, 47195691, 47463684, 47737131, 48209117, 48482616, 48750689, 49016120, 49292480, 49574286, 50046819, 50319384, 50586860, 50853044, 51117742, 51395646, 51888274, 52171525, 52679042, 52956554, 53221084, 53487392, 53755325, 54028710, 54500895, 54774426, 55042566, 55309167, 55574159, 55852199, 56345058, 56628390, 57136630, 57414642, 57680157, 57948221, 58221729, 58693703, 58967162, 59235153, 59501576, 59767219, 60031586, 60309311, 60801081, 61084229, 61591564, 61869128, 62133738, 62400095, 62668095, 62941513, 63413634, 63687163, 63955264, 64221919, 64486911, 64764959, 65257816, 65541162, 66049480, 66327557, 66593117, 66861183]
  m=[1, 1, 1, 1, 2, 2, 1, 1, 1, 1, 1, 1, 1, 1, 1, 2, 1, 2, 2, 1, 1, 1, 1, 1, 1, 1, 1, 1, 1, 2, 1, 1, 2, 2, 1, 1, 1, 1, 1, 1, 1, 1, 1, 1, 2, 1, 1, 2, 2, 1, 1, 1, 1, 1, 1, 1, 1, 1, 1, 1, 2, 1, 1, 2, 2, 1, 1, 1, 1, 1, 1, 1, 1, 1, 1, 1, 2, 1, 1, 2, 2, 1, 1, 1, 1, 1, 1, 1, 1, 1, 1, 2, 2, 1, 1, 1, 1, 1, 1, 1, 1, 2, 1, 2, 2, 1, 1, 1, 1, 1, 1, 1, 1, 1, 1, 1, 1, 1, 2, 1, 2, 2, 1, 1, 1, 1, 1, 1, 1, 1, 1, 1, 2, 1, 2, 2, 1, 1, 1, 1, 1, 1, 1, 2, 1, 1, 2, 2, 1, 1, 1, 1, 1, 1, 1, 1, 2, 1, 1, 1, 1, 1, 1, 2, 1, 2, 2, 1, 1, 1, 1, 1, 1, 1, 1, 1, 1, 2, 1, 2, 2, 1, 1, 1, 1, 1, 1, 1, 1, 1, 1, 2, 1, 2, 2, 1, 1, 1, 1, 1, 1, 1, 1, 1, 1, 2, 1, 2, 2, 1, 1, 1]
w=33039368126120759296/18889465931478623149863 [cg] doubles=41 n=215
  xk(2^-20 units)=[67090503, 259918, 525137, 791854, 1060002, 1333521, 1804180, 2077604, 2345534, 2611802, 2877214, 3141201, 3418449, 3925114, 4208129, 4698895, 4976333, 5240155, 5504993, 5770215, 6036097, 6303459, 6576006, 7048919, 7330961, 7608163, 7878366, 8368991, 8646771, 8910875, 9175856, 9441147, 9707130, 9974525, 10247102, 10720124, 11002254, 11279580, 11550044, 12043183, 12321743, 12587509, 12855393, 13128263, 13602028, 13884181, 14161504, 14431908, 14924597, 15202918, 15468161, 15734918, 16003138, 16276716, 16747190, 17020668, 17288690, 17555119, 17820709, 18084671, 18360320, 18641895, 19111493, 19383847, 19650126, 19928374, 20435521, 20713477, 20978962, 21246935, 21520405, 21990219, 22263682, 22531683, 22798120, 23063740, 23327751, 23603396, 23884961, 24354852, 24627300, 24893741, 25172068, 25680181, 25958835, 26225904, 26499403, 26971731, 27245088, 27513024, 27779440, 28045141, 28309620, 28587440, 29080174, 29363646, 29872859, 30151609, 30418825, 30692419, 31165900, 31439370, 31707570, 31974307, 32239537, 32517879, 33009135, 33280608, 33547515, 33812575, 34090759, 34582592, 34853043, 35131914, 35639723, 35918080, 36184505, 36457145, 36930362, 37212127, 37488405, 37753973, 38025341, 38516520, 38794850, 39060022, 39326726, 39594895, 39868363, 40341409, 40614912, 40881957, 41160583, 41668684, 41947550, 42217884, 42709491, 42987567, 43252410, 43518676, 43786107, 44058630, 44528842, 44810393, 45086008, 45349901, 45615351, 45881625, 46149512, 46422932, 46892620, 47166072, 47434048, 47700432, 47966020, 48231259, 48495600, 48773509, 49263504, 49535030, 49801148, 50079734, 50571822, 50843318, 51109021, 51386899, 51893776, 52172382, 52442403, 52932287, 53209944, 53474055, 53739209, 54004694, 54271029, 54538936, 54812376, 55282424, 55555768, 55823612, 56089895, 56354337, 56631786, 57137883, 57416406, 57686371, 58175538, 58453282, 58717456, 58982704, 59248308, 59514729, 59782710, 60056192, 60525340, 60798817, 61066723, 61333088, 61598591, 61862574, 62138237, 62419797, 62889093, 63161388, 63428533, 63693478, 63971100, 64477939, 64756204, 65022615, 65295142, 65768544, 66050540, 66327755, 66598047]
  m=[2, 1, 1, 1, 1, 1, 1, 1, 1, 1, 1, 1, 2, 2, 1, 2, 1, 1, 1, 1, 1, 1, 1, 1, 2, 1, 1, 2, 1, 1, 1, 1, 1, 1, 1, 1, 2, 1, 1, 2, 1, 1, 1, 1, 1, 2, 1, 1, 2, 1, 1, 1, 1, 1, 1, 1, 1, 1, 1, 1, 2, 1, 1, 1, 1, 2, 2, 1, 1, 1, 1, 1, 1, 1, 1, 1, 1, 2, 1, 1, 1, 1, 2, 2, 1, 1, 1, 1, 1, 1, 1, 1, 1, 2, 1, 2, 2, 1, 1, 1, 1, 1, 1, 1, 1, 2, 1, 1, 1, 1, 2, 1, 1, 2, 2, 1, 1, 1, 1, 2, 1, 1, 1, 2, 1, 1, 1, 1, 1, 1, 1, 1, 2, 2, 1, 1, 2, 1, 1, 1, 1, 1, 1, 2, 1, 1, 1, 1, 1, 1, 1, 1, 1, 1, 1, 1, 1, 2, 1, 1, 1, 2, 1, 1, 1, 2, 2, 1, 1, 2, 1, 1, 1, 1, 1, 1, 1, 1, 1, 1, 1, 1, 2, 2, 1, 1, 2, 1, 1, 1, 1, 1, 1, 1, 1, 1, 1, 1, 1, 1, 2, 1, 1, 1, 1, 1, 2, 2, 1, 1, 1, 1, 2, 1, 1]
w=49211534932764442624/18889465931478623149863 [cg] doubles=46 n=210
  xk(2^-20 units)=[248085, 531489, 1040058, 1318131, 1583712, 1851821, 2125270, 2598274, 2871795, 3138872, 3417593, 3926196, 4204900, 4472070, 4745537, 5218456, 5491912, 5760107, 6026772, 6291833, 6569926, 7063235, 7346616, 7854983, 8133027, 8398574, 8666638, 8940122, 9413603, 9687160, 9954182, 10231257, 10513374, 10987615, 11260351, 11527905, 11794192, 12058979, 12336864, 12829421, 13112693, 13620427, 13898026, 14162678, 14429135, 14697128, 14970634, 15442154, 15715558, 15983571, 16249019, 16526943, 17034443, 17313024, 17579949, 17853469, 18325295, 18598759, 18866841, 19133356, 19399094, 19663542, 19941290, 20433470, 20716816, 21225204, 21503278, 21768847, 22036899, 22310344, 22783153, 23056683, 23323767, 23602470, 24111094, 24389807, 24656943, 24930439, 25402744, 25676183, 25944243, 26210721, 26476472, 26740942, 27018712, 27510917, 27794232, 28302429, 28580437, 28845984, 29114055, 29387569, 29860580, 30134113, 30402211, 30668835, 30933857, 31211905, 31704917, 31988302, 32496767, 32774821, 33040361, 33308493, 33582028, 34053637, 34327132, 34595141, 34861619, 35126165, 35402069, 35683786, 36155483, 36428144, 36695840, 36961364, 37239680, 37734469, 38018011, 38527408, 38806411, 39076871, 39568206, 39846129, 40110586, 40376192, 40642331, 40909884, 41182590, 41656081, 41938185, 42215473, 42485697, 42977110, 43255182, 43519877, 43785695, 44052267, 44320425, 44593993, 45065017, 45338595, 45606809, 45873386, 46139302, 46404010, 46682096, 47172686, 47444333, 47710489, 47989052, 48483823, 48765713, 49048395, 49524366, 49797227, 50064884, 50331301, 50596217, 50874327, 51366318, 51636684, 51915584, 52423433, 52701869, 52968525, 53241308, 53717625, 53999972, 54278005, 54549732, 55027547, 55309838, 55587808, 55859367, 56335274, 56617224, 56893982, 57160540, 57433334, 57908064, 58190127, 58467426, 58737811, 59230282, 59508652, 59773924, 60040750, 60308997, 60582615, 61055127, 61328803, 61597077, 61863932, 62129125, 62407389, 62898782, 63169032, 63447775, 63954910, 64232798, 64498209, 64766236, 65039625, 65512357, 65785931, 66054137, 66320785, 66585810, 66863851]
  m=[1, 2, 2, 1, 1, 1, 1, 1, 1, 1, 2, 2, 1, 1, 1, 1, 1, 1, 1, 1, 2, 1, 2, 2, 1, 1, 1, 1, 1, 1, 1, 2, 1, 1, 1, 1, 1, 1, 2, 1, 2, 2, 1, 1, 1, 1, 1, 1, 1, 1, 1, 2, 2, 1, 1, 1, 1, 1, 1, 1, 1, 1, 2, 1, 2, 2, 1, 1, 1, 1, 1, 1, 1, 2, 2, 1, 1, 1, 1, 1, 1, 1, 1, 1, 2, 1, 2, 2, 1, 1, 1, 1, 1, 1, 1, 1, 1, 2, 1, 2, 2, 1, 1, 1, 1, 1, 1, 1, 1, 1, 2, 1, 1, 1, 1, 1, 2, 1, 2, 2, 1, 1, 2, 1, 1, 1, 1, 1, 1, 1, 2, 1, 1, 2, 1, 1, 1, 1, 1, 1, 1, 1, 1, 1, 1, 1, 2, 1, 1, 1, 2, 1, 2, 1, 1, 1, 1, 1, 1, 2, 1, 1, 2, 2, 1, 1, 1, 1, 2, 1, 1, 1, 2, 1, 1, 1, 2, 1, 1, 1, 1, 2, 1, 1, 2, 1, 1, 1, 1, 1, 1, 1, 1, 1, 1, 2, 1, 1, 2, 2, 1, 1, 1, 1, 1, 1, 1, 1, 1, 2]
w=72148968031840133120/18889465931478623149863 [cg] doubles=42 n=214
  xk(2^-20 units)=[67093611, 261626, 528240, 801172, 1277278, 1559974, 1841888, 2336685, 2615114, 2880813, 3148696, 3421558, 3895795, 4177852, 4454630, 4721159, 4993945, 5468605, 5750630, 6027405, 6293882, 6566601, 7039880, 7321744, 7598134, 7863854, 8135439, 8627318, 8905883, 9171633, 9439544, 9712510, 10186728, 10468818, 10745553, 11012007, 11284696, 11758000, 12039756, 12315860, 12580843, 12848419, 13121086, 13595219, 13877329, 14154679, 14425150, 14918390, 15197109, 15463440, 15735208, 16226669, 16504853, 16769838, 17036253, 17303865, 17576523, 18048911, 18330659, 18606853, 18871871, 19139302, 19411851, 19882970, 20164623, 20440387, 20704634, 20970701, 21238091, 21510631, 21981858, 22263626, 22539828, 22804915, 23072499, 23345248, 23819059, 24101070, 24377798, 24644153, 24916793, 25388412, 25670117, 25946100, 26210657, 26477172, 26745265, 27018780, 27489466, 27763034, 28031141, 28297650, 28563437, 28828110, 29106132, 29597891, 29868029, 30145068, 30426695, 30903446, 31187760, 31697221, 31975074, 32240008, 32506562, 32774636, 33048057, 33519848, 33793174, 34060030, 34338455, 34845265, 35122844, 35387437, 35653841, 35921856, 36195281, 36665614, 36939090, 37207095, 37473642, 37738434, 38016162, 38524301, 38804134, 39076444, 39548908, 39822250, 40090118, 40356460, 40621989, 40887194, 41151395, 41429193, 41918564, 42189694, 42455158, 42732988, 43240054, 43518797, 43789042, 44279983, 44557883, 44822426, 45088226, 45354664, 45622698, 45896181, 46368353, 46641872, 46908769, 47185581, 47467167, 47943204, 48224965, 48502567, 48773884, 49248999, 49530896, 49807669, 50074175, 50346917, 50821627, 51103730, 51381063, 51651397, 52143682, 52421835, 52686822, 52953288, 53220932, 53493696, 53967267, 54249306, 54526142, 54792684, 55065386, 55538785, 55820712, 56097093, 56362542, 56630625, 56904129, 57376535, 57650051, 57916877, 58193651, 58475151, 58950109, 59231547, 59508023, 59774247, 60046863, 60520702, 60802745, 61079560, 61346083, 61618903, 62093406, 62375413, 62652212, 62918736, 63191555, 63666012, 63948084, 64224894, 64491432, 64764215, 65238677, 65520721, 65797503, 66064005, 66336761, 66811561]
  m=[2, 1, 1, 1, 1, 2, 1, 2, 1, 1, 1, 1, 1, 2, 1, 1, 1, 1, 2, 1, 1, 1, 1, 2, 1, 1, 1, 2, 1, 1, 1, 1, 1, 2, 1, 1, 1, 1, 2, 1, 1, 1, 1, 1, 2, 1, 1, 2, 1, 1, 1, 2, 1, 1, 1, 1, 1, 1, 2, 1, 1, 1, 1, 1, 2, 1, 1, 1, 1, 1, 1, 2, 1, 1, 1, 1, 1, 2, 1, 1, 1, 1, 2, 1, 1, 1, 1, 1, 1, 1, 1, 1, 1, 1, 2, 1, 1, 2, 1, 1, 2, 2, 1, 1, 1, 1, 1, 1, 1, 1, 2, 2, 1, 1, 1, 1, 1, 1, 1, 1, 1, 1, 2, 2, 1, 1, 1, 1, 1, 1, 1, 1, 1, 2, 1, 1, 1, 2, 2, 1, 1, 2, 1, 1, 1, 1, 1, 1, 1, 1, 1, 2, 1, 1, 2, 1, 1, 1, 2, 1, 1, 1, 1, 2, 1, 1, 2, 1, 1, 1, 1, 1, 1, 2, 1, 1, 1, 1, 2, 1, 1, 1, 1, 1, 1, 1, 2, 1, 1, 2, 1, 1, 1, 1, 2, 1, 1, 1, 1, 2, 1, 1, 1, 1, 2, 1, 1, 1, 1, 2, 1, 1, 1, 1]
w=40032352493554794496/6296488643826207716621 [cg] doubles=41 n=215
  xk(2^-20 units)=[67080364, 244974, 512959, 779329, 1044826, 1308756, 1584388, 1865891, 2336037, 2608401, 2874745, 3153041, 3660661, 3939050, 4205632, 4478264, 4952166, 5234144, 5511363, 5781589, 6273068, 6551023, 6815613, 7081367, 7347869, 7615863, 7889359, 8359460, 8632871, 8900747, 9166882, 9432179, 9696053, 9973111, 10478578, 10757073, 11026968, 11516297, 11793994, 12058097, 12323155, 12588472, 12854498, 13122007, 13394579, 13867088, 14149221, 14426513, 14696946, 15189387, 15467703, 15732867, 15999637, 16267802, 16541348, 17011956, 17285455, 17553595, 17820141, 18084730, 18360683, 18642323, 19112716, 19385067, 19651338, 19929567, 20436505, 20714442, 20979935, 21247991, 21521411, 21991516, 22264933, 22532832, 22799197, 23064797, 23328819, 23604497, 23886021, 24355800, 24628118, 24894378, 25172583, 25679575, 25957461, 26222865, 26490835, 26764231, 27235527, 27508969, 27776937, 28043358, 28309030, 28573435, 28851141, 29343318, 29626601, 30134744, 30412774, 30678345, 30946435, 31219927, 31692272, 31965828, 32233992, 32500762, 32766032, 33044386, 33536478, 33808211, 34074422, 34353062, 34845494, 35115875, 35394692, 35901792, 36179467, 36444461, 36711863, 36984318, 37456862, 37738644, 38014926, 38280542, 38551980, 39043226, 39321504, 39586648, 39853330, 40121491, 40394957, 40867143, 41140545, 41408557, 41673996, 41951869, 42458831, 42737560, 43007818, 43499097, 43777269, 44042411, 44309032, 44577149, 44850709, 45323531, 45597096, 45864140, 46141177, 46423344, 46896761, 47169563, 47437224, 47703534, 47969425, 48235425, 48502193, 48773540, 49263219, 49540953, 49805013, 50069017, 50346689, 50835946, 51106997, 51373315, 51637605, 51914890, 52420747, 52699336, 52969395, 53459880, 53737710, 54002184, 54267855, 54534189, 54802117, 55075547, 55546856, 55820244, 56088187, 56353571, 56631405, 57138578, 57417302, 57687414, 58177373, 58455190, 58719535, 58985086, 59251247, 59518814, 59791472, 60264713, 60546782, 60824009, 61094243, 61585448, 61863359, 62127796, 62393286, 62659350, 62926798, 63199395, 63671265, 63953113, 64229456, 64495082, 64766503, 65257673, 65536005, 65801232, 66067981, 66336197, 66609766]
  m=[1, 1, 1, 1, 1, 1, 2, 1, 1, 1, 1, 2, 2, 1, 1, 1, 1, 2, 1, 1, 2, 1, 1, 1, 1, 1, 1, 1, 1, 1, 1, 1, 1, 2, 2, 1, 1, 2, 1, 1, 1, 1, 1, 1, 1, 1, 2, 1, 1, 2, 1, 1, 1, 1, 1, 1, 1, 1, 1, 1, 2, 1, 1, 1, 1, 2, 2, 1, 1, 1, 1, 1, 1, 1, 1, 1, 1, 2, 1, 1, 1, 1, 2, 2, 1, 1, 1, 1, 1, 1, 1, 1, 1, 1, 2, 1, 2, 2, 1, 1, 1, 1, 1, 1, 1, 1, 1, 2, 1, 1, 1, 2, 1, 1, 2, 2, 1, 1, 1, 1, 1, 2, 1, 1, 1, 2, 1, 1, 1, 1, 1, 1, 1, 1, 1, 2, 2, 1, 1, 2, 1, 1, 1, 1, 1, 1, 1, 1, 2, 1, 1, 1, 1, 1, 1, 1, 1, 1, 2, 1, 1, 1, 2, 1, 1, 1, 1, 2, 2, 1, 1, 2, 1, 1, 1, 1, 1, 1, 1, 1, 1, 1, 2, 2, 1, 1, 2, 1, 1, 1, 1, 1, 1, 1, 2, 1, 1, 2, 1, 1, 1, 1, 1, 1, 1, 2, 1, 1, 1, 2, 1, 1, 1, 1, 1]
w=4207775928452153344/994182417446243323677 [cg] doubles=42 n=214
  xk(2^-20 units)=[9401, 282234, 756434, 1038421, 1315150, 1581603, 1854297, 2326445, 2608041, 2883772, 3147960, 3413964, 3681283, 3953765, 4424297, 4705958, 4981782, 5246083, 5512139, 5779625, 6052199, 6523759, 6805547, 7081727, 7346846, 7614408, 7887088, 8360996, 8643032, 8919877, 9186468, 9459352, 9935434, 10218116, 10500038, 10994671, 11273112, 11538840, 11806688, 12079501, 12553884, 12835937, 13112732, 13379294, 13652036, 14126762, 14408757, 14685572, 14952114, 15224844, 15699296, 15981294, 16258066, 16524563, 16797261, 17270258, 17552058, 17828291, 18093466, 18361078, 18633735, 19107006, 19389037, 19665872, 19932451, 20205196, 20679705, 20961695, 21238501, 21505026, 21777695, 22250462, 22532224, 22808426, 23073557, 23341223, 23613981, 24087543, 24369585, 24646365, 24912864, 25185536, 25658693, 25940603, 26216983, 26482488, 26750669, 27024234, 27495616, 27769118, 28037141, 28303702, 28569530, 28834177, 29112184, 29603961, 29874132, 30151198, 30432829, 30909669, 31193962, 31703426, 31981270, 32246171, 32512703, 32780649, 33053921, 33527228, 33799480, 34079264, 34586894, 34864318, 35128508, 35394091, 35660513, 35928517, 36201932, 36672242, 36945714, 37213781, 37480303, 37745158, 38022886, 38530916, 38810771, 39083038, 39556126, 39829381, 40097376, 40363884, 40629669, 40894323, 41172344, 41662340, 41933523, 42198994, 42476811, 42983737, 43262509, 43532796, 44023856, 44301740, 44566256, 44831947, 45098308, 45366227, 45639548, 46113403, 46385551, 46663630, 46945586, 47422087, 47703577, 47980061, 48246269, 48518826, 48992418, 49274390, 49551154, 49817630, 50090354, 50563658, 50845456, 51121816, 51387468, 51658955, 52150147, 52428429, 52693611, 52960554, 53232159, 53723111, 54001380, 54266386, 54532821, 54800514, 55073258, 55547026, 55829024, 56105789, 56372333, 56645108, 57119773, 57401869, 57679172, 57949550, 58441866, 58720150, 58985384, 59252419, 59524089, 60015953, 60294593, 60560445, 60828372, 61101284, 61575807, 61857859, 62134701, 62401209, 62673992, 63148418, 63430450, 63707235, 63973736, 64246486, 64720712, 65002800, 65279623, 65546181, 65818943, 66292911, 66574976, 66851730]
  m=[1, 1, 1, 2, 1, 1, 1, 1, 2, 1, 1, 1, 1, 1, 1, 2, 1, 1, 1, 1, 1, 1, 2, 1, 1, 1, 1, 1, 2, 1, 1, 1, 1, 2, 1, 2, 1, 1, 1, 1, 1, 2, 1, 1, 1, 1, 2, 1, 1, 1, 1, 2, 1, 1, 1, 1, 2, 1, 1, 1, 1, 1, 2, 1, 1, 1, 1, 2, 1, 1, 1, 1, 2, 1, 1, 1, 1, 1, 2, 1, 1, 1, 1, 2, 1, 1, 1, 1, 1, 1, 1, 1, 1, 1, 2, 1, 1, 2, 1, 1, 2, 2, 1, 1, 1, 1, 1, 1, 1, 2, 2, 1, 1, 1, 1, 1, 1, 1, 1, 1, 1, 1, 2, 2, 1, 1, 1, 1, 1, 1, 1, 1, 2, 1, 1, 1, 2, 2, 1, 1, 2, 1, 1, 1, 1, 1, 1, 1, 1, 2, 1, 1, 2, 1, 1, 1, 1, 2, 1, 1, 1, 1, 2, 1, 1, 1, 2, 1, 1, 1, 1, 2, 1, 1, 1, 1, 1, 1, 2, 1, 1, 1, 1, 2, 1, 1, 2, 1, 1, 1, 1, 2, 1, 1, 1, 1, 1, 2, 1, 1, 1, 1, 2, 1, 1, 1, 1, 2, 1, 1, 1, 1, 2, 1]
w=11825259792049246208/6296488643826207716621 [cg] doubles=43 n=213
  xk(2^-20 units)=[8352, 514733, 792562, 1057819, 1325655, 1599004, 2069701, 2343283, 2611343, 2877904, 3143760, 3408388, 3686439, 4176770, 4448201, 4715088, 4980083, 5258246, 5749873, 6020238, 6299099, 6806404, 7084289, 7349624, 7617640, 7891135, 8362634, 8636469, 8904984, 9172262, 9439201, 9706426, 9974983, 10248780, 10721026, 10994580, 11261625, 11540279, 12048767, 12327727, 12598198, 13089975, 13368143, 13633120, 13900003, 14171442, 14662362, 14940199, 15203547, 15481234, 15972737, 16243031, 16521838, 17029659, 17307961, 17574257, 17846709, 18317605, 18599124, 18874722, 19138648, 19404132, 19670523, 19938447, 20211952, 20682238, 20955668, 21223690, 21489181, 21767196, 22274802, 22553405, 22820365, 23093748, 23564650, 23838062, 24106165, 24372652, 24637255, 24913242, 25194947, 25665767, 25938267, 26205755, 26472059, 26736945, 27015116, 27506180, 27777621, 28044386, 28309176, 28587008, 29078335, 29359314, 29640313, 30132186, 30410152, 30675111, 30941727, 31209847, 31483323, 31954950, 32228498, 32496674, 32763412, 33028527, 33306694, 33800639, 34082524, 34365229, 34839900, 35112944, 35380912, 35647777, 35914296, 36181067, 36448919, 36721777, 37194189, 37476027, 37752304, 38017824, 38289078, 38778786, 39056295, 39319934, 39583436, 39860424, 40366995, 40650235, 41143597, 41421921, 41687523, 41955434, 42228404, 42704031, 42986408, 43264298, 43535776, 44010436, 44292236, 44568564, 44833967, 45102104, 45375747, 45846665, 46120197, 46388235, 46654815, 46920722, 47185396, 47463430, 47953637, 48225109, 48492005, 48757142, 49035449, 49526931, 49798545, 50065586, 50330755, 50609014, 51099842, 51371214, 51636946, 51914939, 52423567, 52703107, 52974768, 53451439, 53733871, 54015591, 54509443, 54787517, 55052612, 55319283, 55587427, 55860939, 56332547, 56606036, 56874106, 57140605, 57406427, 57670950, 57948893, 58439648, 58709811, 58988518, 59495562, 59773370, 60038816, 60309987, 60799197, 61076954, 61341179, 61606391, 61871991, 62138364, 62406383, 62679924, 63150306, 63423708, 63691659, 63957097, 64235021, 64742570, 65021155, 65288118, 65561589, 66032879, 66306198, 66574085, 66839374]
  m=[2, 2, 1, 1, 1, 1, 1, 1, 1, 1, 1, 1, 2, 1, 1, 1, 1, 2, 1, 1, 2, 2, 1, 1, 1, 1, 1, 1, 1, 1, 1, 1, 1, 1, 1, 1, 1, 2, 2, 1, 1, 2, 1, 1, 1, 1, 2, 1, 1, 2, 1, 1, 2, 2, 1, 1, 1, 1, 2, 1, 1, 1, 1, 1, 1, 1, 1, 1, 1, 2, 2, 1, 1, 1, 1, 1, 1, 1, 1, 2, 1, 1, 1, 1, 1, 1, 2, 1, 1, 1, 1, 2, 1, 2, 1, 2, 1, 1, 1, 1, 1, 1, 1, 1, 1, 1, 2, 1, 2, 1, 1, 1, 1, 1, 1, 1, 1, 1, 1, 2, 1, 1, 1, 2, 1, 1, 1, 2, 2, 1, 2, 1, 1, 1, 1, 1, 2, 1, 1, 1, 2, 1, 1, 1, 1, 1, 1, 1, 1, 1, 1, 2, 1, 1, 1, 1, 2, 1, 1, 1, 1, 2, 1, 1, 1, 2, 2, 1, 1, 1, 2, 1, 2, 1, 1, 1, 1, 1, 1, 1, 1, 1, 1, 1, 2, 1, 1, 2, 2, 1, 1, 1, 2, 1, 1, 1, 1, 1, 1, 1, 1, 1, 1, 1, 2, 2, 1, 1, 1, 1, 1, 1, 1]
w=36738301598491557888/6296488643826207716621 [cg] doubles=44 n=212
  xk(2^-20 units)=[24814, 497609, 771116, 1038254, 1316945, 1825758, 2104465, 2371576, 2645153, 3117161, 3390647, 3658709, 3925221, 4190933, 4455385, 4733154, 5225073, 5508317, 6015670, 6293243, 6557842, 6824252, 7092269, 7365793, 7837388, 8110790, 8378774, 8645180, 8910846, 9175247, 9452991, 9945135, 10228472, 10736627, 11014646, 11280166, 11548212, 11821684, 12294270, 12567864, 12836015, 13102740, 13367838, 13646027, 14137276, 14407488, 14686281, 15193281, 15471202, 15736607, 16004585, 16278000, 16749806, 17023305, 17291355, 17557859, 17823653, 18088179, 18366103, 18856390, 19126581, 19405326, 19912342, 20190253, 20455660, 20723645, 20997099, 21467885, 21741335, 22009253, 22275643, 22541190, 22806392, 23070512, 23348223, 23837663, 24107617, 24386164, 24892417, 25169813, 25434298, 25700670, 25968551, 26241884, 26712506, 26985883, 27253846, 27520297, 27784984, 28062705, 28570826, 28850686, 29122990, 29595876, 29869240, 30137163, 30403622, 30669263, 30933693, 31211406, 31703016, 31986215, 32493533, 32771181, 33035801, 33302207, 33570170, 33843658, 34315027, 34588494, 34856546, 35121949, 35398271, 35680176, 36152692, 36425319, 36692863, 36959099, 37223873, 37501899, 37993343, 38263637, 38542432, 39049295, 39326936, 39591846, 39859095, 40131518, 40602526, 40884213, 41160097, 41424581, 41690961, 41959001, 42232441, 42703840, 42977354, 43245487, 43512127, 43777151, 44055193, 44548305, 44831673, 45339814, 45617841, 45883357, 46151394, 46424896, 46897455, 47170978, 47439065, 47705718, 47970673, 48248662, 48741161, 49024331, 49531122, 49808360, 50072360, 50337739, 50604010, 50871918, 51145347, 51616105, 51889677, 52157704, 52424171, 52689864, 52954276, 53231994, 53723699, 54006864, 54514204, 54791775, 55056321, 55322682, 55590661, 55864073, 56336210, 56609704, 56877832, 57144424, 57409404, 57687484, 58180295, 58463670, 58971884, 59249937, 59515467, 59783515, 60057063, 60529291, 60802820, 61070863, 61337308, 61603111, 61867644, 62145546, 62636471, 62906778, 63185671, 63693601, 63972052, 64238663, 64511440, 64987211, 65269818, 65551748, 66046962, 66325593, 66591630, 66860060]
  m=[1, 1, 1, 1, 2, 2, 1, 1, 1, 1, 1, 1, 1, 1, 1, 2, 1, 2, 2, 1, 1, 1, 1, 1, 1, 1, 1, 1, 1, 1, 2, 1, 2, 2, 1, 1, 1, 1, 1, 1, 1, 1, 1, 2, 1, 1, 2, 2, 1, 1, 1, 1, 1, 1, 1, 1, 1, 1, 2, 1, 1, 2, 2, 1, 1, 1, 1, 1, 1, 1, 1, 1, 1, 1, 2, 1, 1, 2, 2, 1, 1, 1, 1, 1, 1, 1, 1, 1, 1, 2, 2, 1, 1, 1, 1, 1, 1, 1, 1, 2, 1, 2, 2, 1, 1, 1, 1, 1, 1, 1, 1, 1, 2, 1, 1, 1, 1, 1, 1, 2, 1, 1, 2, 2, 1, 1, 1, 1, 1, 2, 1, 1, 1, 1, 1, 1, 1, 1, 1, 1, 2, 1, 2, 2, 1, 1, 1, 1, 1, 1, 1, 1, 1, 2, 1, 2, 2, 1, 1, 1, 1, 1, 1, 1, 1, 1, 1, 1, 1, 2, 1, 2, 2, 1, 1, 1, 1, 1, 1, 1, 1, 1, 1, 2, 1, 2, 2, 1, 1, 1, 1, 1, 1, 1, 1, 1, 1, 2, 1, 1, 2, 2, 1, 1, 1, 1, 2, 1, 2, 1, 1, 1]
w=12847747126087147520/6296488643826207716621 [cg] doubles=46 n=210
  xk(2^-20 units)=[5962, 279449, 752539, 1026069, 1294199, 1560821, 1825787, 2103816, 2597049, 2880442, 3388686, 3666746, 3932320, 4200379, 4473969, 4947723, 5221393, 5489708, 5755646, 6034159, 6528513, 6812021, 7320606, 7598684, 7864208, 8132289, 8405805, 8879230, 9152807, 9419840, 9696900, 9979020, 10453452, 10726182, 10993753, 11260004, 11524774, 11802637, 12295193, 12578467, 13086284, 13363897, 13628543, 13894983, 14162957, 14436437, 14908066, 15181447, 15449473, 15714948, 15992900, 16500421, 16778981, 17045939, 17319427, 17791364, 18064810, 18332913, 18599426, 18865174, 19129591, 19407354, 19899453, 20182785, 20691125, 20969169, 21234776, 21502870, 21776297, 22248945, 22522347, 22789257, 23067820, 23575251, 23853242, 24118711, 24386695, 24660131, 25131315, 25404922, 25673065, 25939681, 26205594, 26470253, 26748216, 27238591, 27508749, 27787521, 28294588, 28572454, 28837865, 29105875, 29379334, 29851739, 30125263, 30393371, 30659978, 30924950, 31202969, 31695961, 31979297, 32487776, 32765832, 33031391, 33299526, 33573030, 34044362, 34317831, 34585758, 34852061, 35117567, 35381516, 35657203, 35938801, 36409057, 36681565, 36948991, 37215224, 37480057, 37758017, 38251847, 38535321, 39044505, 39323564, 39594186, 40087493, 40366052, 40631831, 40899788, 41172666, 41647311, 41929372, 42206706, 42477156, 42969464, 43247852, 43513158, 43780047, 44048334, 44321999, 44793885, 45067474, 45335693, 45602547, 45867745, 46145951, 46640072, 46921888, 47204518, 47679847, 47952734, 48220504, 48487042, 48752076, 49030250, 49522094, 49792506, 50071372, 50579306, 50857709, 51124313, 51397117, 51873380, 52155748, 52433704, 52705308, 53181486, 53463381, 53740147, 54006638, 54279370, 54753755, 55035838, 55312682, 55579376, 55852258, 56328142, 56610543, 56888554, 57160198, 57636825, 57918917, 58195961, 58463003, 58736598, 59209150, 59482710, 59750837, 60017356, 60283221, 60547837, 60825769, 61316866, 61587219, 61866108, 62374269, 62652914, 62919973, 63193447, 63667134, 63940580, 64208696, 64475281, 64740244, 65018260, 65511488, 65794835, 66303217, 66581255, 66846771]
  m=[1, 1, 1, 1, 1, 1, 1, 2, 1, 2, 2, 1, 1, 1, 1, 1, 1, 1, 1, 2, 1, 2, 2, 1, 1, 1, 1, 1, 1, 1, 2, 1, 1, 1, 1, 1, 1, 2, 1, 2, 2, 1, 1, 1, 1, 1, 1, 1, 1, 1, 2, 2, 1, 1, 1, 1, 1, 1, 1, 1, 1, 2, 1, 2, 2, 1, 1, 1, 1, 1, 1, 1, 2, 2, 1, 1, 1, 1, 1, 1, 1, 1, 1, 1, 2, 1, 1, 2, 2, 1, 1, 1, 1, 1, 1, 1, 1, 1, 2, 1, 2, 2, 1, 1, 1, 1, 1, 1, 1, 1, 1, 1, 2, 1, 1, 1, 1, 1, 1, 2, 1, 2, 2, 1, 1, 2, 1, 1, 1, 1, 1, 2, 1, 1, 2, 1, 1, 1, 1, 1, 1, 1, 1, 1, 1, 2, 1, 2, 1, 1, 1, 1, 1, 1, 2, 1, 1, 2, 2, 1, 1, 1, 1, 2, 1, 1, 1, 2, 1, 1, 1, 1, 2, 1, 1, 1, 1, 2, 1, 1, 1, 2, 1, 1, 1, 1, 1, 1, 1, 1, 1, 2, 1, 1, 2, 2, 1, 1, 1, 1, 1, 1, 1, 1, 2, 1, 2, 2, 1, 1]
w=77388685565893771264/18889465931478623149863 [cg] doubles=41 n=215
  xk(2^-20 units)=[67103506, 277676, 768794, 1046309, 1310269, 1575289, 1840736, 2107045, 2374948, 2648436, 3118677, 3392221, 3660368, 3927098, 4193226, 4459262, 4725710, 4993409, 5266116, 5737593, 6019455, 6295743, 6561321, 6832680, 7322686, 7600597, 7864959, 8130481, 8396517, 8663934, 8936553, 9408558, 9690404, 9966720, 10232228, 10503561, 10993652, 11271682, 11536307, 11802071, 12068557, 12336613, 12610068, 13080548, 13354078, 13622114, 13888542, 14152993, 14428850, 14710444, 15181624, 15453992, 15720283, 15998448, 16505004, 16782841, 17048371, 17319529, 17809375, 18087273, 18351624, 18617077, 18883131, 19150547, 19423062, 19893495, 20175217, 20451177, 20715712, 20982200, 21250227, 21523737, 21993259, 22266675, 22534675, 22801018, 23066572, 23330568, 23606226, 23887765, 24357592, 24629897, 24896171, 25174387, 25681282, 25959235, 26224628, 26492523, 26765924, 27236883, 27510394, 27778455, 28044996, 28310846, 28575369, 28853288, 29343645, 29613783, 29892527, 30399408, 30677281, 30942655, 31210636, 31484088, 31955340, 32228835, 32496838, 32763324, 33029139, 33293734, 33571765, 34062095, 34333478, 34600321, 34865312, 35143441, 35635100, 35905444, 36184187, 36691501, 36969448, 37235106, 37506547, 37998570, 38277267, 38543610, 38815527, 39308452, 39587201, 39853348, 40121757, 40395409, 40869099, 41142568, 41409602, 41688264, 42196717, 42475657, 42746166, 43238668, 43517124, 43782827, 44050684, 44323545, 44797090, 45078883, 45355175, 45620746, 45892171, 46383011, 46661331, 46926538, 47193339, 47461546, 47735105, 48207248, 48480791, 48748988, 49015784, 49280888, 49559104, 50051206, 50321565, 50600430, 51108302, 51387159, 51657408, 52148729, 52426700, 52691278, 52957121, 53223622, 53491622, 53765105, 54236179, 54509560, 54777513, 55042931, 55320868, 55827749, 56105969, 56372192, 56644509, 57114144, 57395669, 57671368, 57935400, 58201004, 58467367, 58735352, 59008834, 59478114, 59751637, 60019646, 60286038, 60551553, 60815537, 61091205, 61372747, 61843240, 62115730, 62382192, 62660601, 63169485, 63449076, 63720714, 64196526, 64478339, 64755331, 65025362, 65515884, 65793335, 66057001, 66320376, 66597246]
  m=[2, 1, 2, 1, 1, 1, 1, 1, 1, 1, 1, 1, 1, 1, 1, 1, 1, 1, 1, 1, 2, 1, 1, 1, 2, 1, 1, 1, 1, 1, 1, 1, 2, 1, 1, 1, 2, 1, 1, 1, 1, 1, 1, 1, 1, 1, 1, 1, 2, 1, 1, 1, 1, 2, 2, 1, 1, 1, 2, 1, 1, 1, 1, 1, 1, 1, 2, 1, 1, 1, 1, 1, 1, 1, 1, 1, 1, 1, 2, 1, 1, 1, 1, 2, 2, 1, 1, 1, 1, 1, 1, 1, 1, 1, 1, 2, 1, 1, 2, 2, 1, 1, 1, 1, 1, 1, 1, 1, 1, 1, 2, 1, 1, 1, 1, 2, 1, 1, 2, 2, 1, 1, 1, 2, 1, 1, 1, 2, 1, 1, 1, 1, 1, 1, 1, 2, 2, 1, 1, 2, 1, 1, 1, 1, 1, 2, 1, 1, 1, 2, 1, 1, 1, 1, 1, 1, 1, 1, 1, 1, 2, 1, 1, 2, 2, 1, 1, 2, 1, 1, 1, 1, 1, 1, 1, 1, 1, 1, 2, 2, 1, 1, 1, 1, 2, 1, 1, 1, 1, 1, 1, 1, 1, 1, 1, 1, 1, 2, 1, 1, 1, 1, 2, 2, 1, 1, 1, 2, 1, 1, 2, 1, 1, 1, 2]
w=11918716712474396672/18889465931478623149863 [cg] doubles=46 n=210
  xk(2^-20 units)=[14018, 287484, 760279, 1033780, 1301873, 1568517, 1833486, 2111466, 2604590, 2887918, 3396182, 3674211, 3939755, 4207804, 4481276, 4954221, 5227731, 5495846, 5762448, 6027397, 6305414, 6798082, 7081318, 7588862, 7866475, 8131129, 8397503, 8665483, 8938964, 9410554, 9684035, 9952125, 10217561, 10493934, 10775792, 11248410, 11521009, 11788545, 12054720, 12319452, 12597329, 13089930, 13373191, 13880753, 14158414, 14423107, 14689548, 14957529, 15230983, 15702591, 15975991, 16244017, 16509460, 16787389, 17294977, 17573517, 17840474, 18113913, 18585864, 18859319, 19127394, 19393921, 19659697, 19924161, 20201930, 20693926, 20977228, 21485596, 21763658, 22029225, 22297301, 22570771, 23043425, 23316848, 23583829, 23862385, 24369813, 24647773, 24913278, 25181253, 25454708, 25926823, 26200447, 26468667, 26735411, 27000510, 27278644, 27772332, 28055882, 28565188, 28843956, 29111183, 29384746, 29858772, 30132291, 30400470, 30667063, 30932102, 31210145, 31702735, 31985994, 32493558, 32771184, 33035819, 33302293, 33570373, 33843812, 34315803, 34589345, 34857487, 35124248, 35389441, 35667671, 36160040, 36430392, 36707667, 36989565, 37465676, 37737328, 38016910, 38526229, 38805208, 39075602, 39566845, 39844715, 40109148, 40374720, 40640879, 40908435, 41181163, 41654907, 41936976, 42214221, 42484529, 42975825, 43253833, 43518522, 43784390, 44050972, 44319077, 44592672, 45063831, 45337438, 45605699, 45872487, 46137595, 46415752, 46909690, 47191513, 47474191, 47949579, 48222442, 48490207, 48756724, 49021766, 49299927, 49791915, 50062299, 50341187, 50849035, 51127458, 51394083, 51666882, 52143202, 52425541, 52703569, 52975308, 53453028, 53735272, 54013232, 54284778, 54760713, 55042665, 55319470, 55586010, 55858835, 56333519, 56615548, 56892880, 57163309, 57655862, 57934184, 58199435, 58466250, 58734504, 59008073, 59480620, 59754201, 60022396, 60289145, 60554235, 60832292, 61325433, 61608851, 62117116, 62395141, 62660660, 62928729, 63202222, 63675225, 63948755, 64216871, 64483526, 64748508, 65026517, 65519523, 65802874, 66311254, 66589284, 66854826]
  m=[1, 1, 1, 1, 1, 1, 1, 2, 1, 2, 2, 1, 1, 1, 1, 1, 1, 1, 1, 1, 2, 1, 2, 2, 1, 1, 1, 1, 1, 1, 1, 1, 1, 2, 1, 1, 1, 1, 1, 1, 2, 1, 2, 2, 1, 1, 1, 1, 1, 1, 1, 1, 1, 2, 2, 1, 1, 1, 1, 1, 1, 1, 1, 1, 2, 1, 2, 2, 1, 1, 1, 1, 1, 1, 1, 2, 2, 1, 1, 1, 1, 1, 1, 1, 1, 1, 2, 1, 2, 2, 1, 1, 1, 1, 1, 1, 1, 1, 2, 1, 2, 2, 1, 1, 1, 1, 1, 1, 1, 1, 1, 1, 2, 1, 1, 2, 1, 1, 1, 2, 2, 1, 1, 2, 1, 1, 1, 1, 1, 1, 1, 2, 1, 1, 2, 1, 1, 1, 1, 1, 1, 1, 1, 1, 1, 1, 2, 1, 2, 1, 1, 1, 1, 1, 1, 2, 1, 1, 2, 2, 1, 1, 1, 1, 2, 1, 1, 1, 2, 1, 1, 1, 2, 1, 1, 1, 1, 2, 1, 1, 2, 1, 1, 1, 1, 1, 1, 1, 1, 1, 1, 2, 1, 2, 2, 1, 1, 1, 1, 1, 1, 1, 1, 1, 2, 1, 2, 2, 1, 1]
w=33642900031929806848/18889465931478623149863 [cg] doubles=21 n=235
  xk(2^-20 units)=[95588, 382299, 662790, 947270, 1234178, 1522785, 1811928, 2100225, 2386656, 2670712, 2950964, 3237643, 3524353, 3804783, 4089138, 4375914, 4664454, 4953652, 5242095, 5528731, 5812952, 6093312, 6380018, 6666747, 6947158, 7231483, 7518219, 7806748, 8095985, 8384515, 8671253, 8955583, 9235997, 9522730, 9809437, 10089798, 10374019, 10660655, 10949100, 11238302, 11526850, 11813635, 12097999, 12378436, 12665151, 12951834, 13232091, 13516152, 13802589, 14090892, 14380044, 14668664, 14955585, 15240078, 15520580, 15807298, 16093847, 16373775, 16657291, 16943024, 17230637, 17519364, 17808081, 18095671, 18381372, 18664864, 18944765, 19231296, 19517997, 19798481, 20082944, 20369822, 20658389, 20947471, 21235685, 21522042, 21806027, 22086220, 22372857, 22659544, 22939928, 23224225, 23510924, 23799380, 24088493, 24376864, 24663435, 24947617, 25227922, 25514593, 25801264, 26081573, 26365747, 26652321, 26940694, 27229807, 27518260, 27804964, 28089258, 28369643, 28656333, 28942982, 29223194, 29507200, 29793578, 30081813, 30370902, 30659469, 30946346, 31230812, 31511294, 31797997, 32084533, 32364441, 32647929, 32933626, 33221213, 33509922, 33798638, 34086243, 34371965, 34655467, 34935391, 35221932, 35508637, 35789122, 36073592, 36360475, 36649057, 36938169, 37226435, 37512849, 37796890, 38077124, 38363789, 38650495, 38930904, 39215228, 39501964, 39790459, 40079620, 40368044, 40654667, 40938891, 41219234, 41505930, 41792626, 42072968, 42357189, 42643807, 42932228, 43221389, 43509888, 43796632, 44080963, 44361377, 44648085, 44934750, 45214983, 45499024, 45785439, 46073710, 46362830, 46651418, 46938306, 47222780, 47503268, 47789975, 48076518, 48356446, 48639953, 48925681, 49213292, 49502013, 49790726, 50078317, 50364017, 50647507, 50927417, 51213955, 51500660, 51781146, 52065617, 52352500, 52641073, 52930167, 53218406, 53504787, 53788796, 54069011, 54355662, 54642355, 54922747, 55207048, 55493760, 55782219, 56071334, 56359704, 56646275, 56930444, 57210750, 57497419, 57784091, 58064395, 58348577, 58635146, 58923513, 59212617, 59501062, 59787748, 60072033, 60352407, 60639090, 60925722, 61205912, 61489892, 61776244, 62064449, 62353520, 62642077, 62928945, 63213401, 63493879, 63780574, 64067101, 64346994, 64630476, 64916166, 65203745, 65492450, 65781165, 66068765, 66354486, 66637990, 66917909]
  m=[2, 1, 1, 1, 1, 1, 1, 1, 1, 1, 1, 2, 1, 1, 1, 1, 1, 1, 1, 1, 1, 1, 2, 1, 1, 1, 1, 1, 1, 1, 1, 1, 1, 2, 1, 1, 1, 1, 1, 1, 1, 1, 1, 1, 2, 1, 1, 1, 1, 1, 1, 1, 1, 1, 1, 2, 1, 1, 1, 1, 1, 1, 1, 1, 1, 1, 1, 2, 1, 1, 1, 1, 1, 1, 1, 1, 1, 1, 2, 1, 1, 1, 1, 1, 1, 1, 1, 1, 1, 2, 1, 1, 1, 1, 1, 1, 1, 1, 1, 1, 2, 1, 1, 1, 1, 1, 1, 1, 1, 1, 1, 2, 1, 1, 1, 1, 1, 1, 1, 1, 1, 1, 1, 2, 1, 1, 1, 1, 1, 1, 1, 1, 1, 1, 2, 1, 1, 1, 1, 1, 1, 1, 1, 1, 1, 2, 1, 1, 1, 1, 1, 1, 1, 1, 1, 1, 2, 1, 1, 1, 1, 1, 1, 1, 1, 1, 1, 2, 1, 1, 1, 1, 1, 1, 1, 1, 1, 1, 1, 2, 1, 1, 1, 1, 1, 1, 1, 1, 1, 1, 2, 1, 1, 1, 1, 1, 1, 1, 1, 1, 1, 2, 1, 1, 1, 1, 1, 1, 1, 1, 1, 1, 2, 1, 1, 1, 1, 1, 1, 1, 1, 1, 1, 2, 1, 1, 1, 1, 1, 1, 1, 1, 1, 1, 1]
w=144998008115009486848/18889465931478623149863 [cg] doubles=46 n=210
  xk(2^-20 units)=[14139, 287601, 760523, 1034020, 1302110, 1568767, 1833714, 2111670, 2604880, 2888214, 3396646, 3674675, 3940221, 4208314, 4481766, 4954761, 5228265, 5496349, 5763020, 6027984, 6305963, 6799136, 7082470, 7590893, 7868920, 8134475, 8402565, 8676032, 9149106, 9422616, 9690691, 9957359, 10222352, 10500357, 10993601, 11276945, 11785405, 12063432, 12328995, 12597062, 12870605, 13342951, 13616474, 13884505, 14149989, 14426363, 14708199, 15181015, 15453606, 15721137, 15987391, 16252117, 16530007, 17022690, 17305941, 17813584, 18091149, 18355820, 18622225, 18890200, 19163662, 19635168, 19908545, 20176571, 20442001, 20719945, 21227556, 21506084, 21773013, 22046448, 22518316, 22791783, 23059825, 23326293, 23592039, 23856473, 24134183, 24626328, 24909641, 25418068, 25696102, 25961642, 26229736, 26503192, 26975966, 27249443, 27516536, 27795208, 28303810, 28582509, 28849602, 29123123, 29595403, 29868819, 30136872, 30403365, 30669065, 30933559, 31211310, 31703278, 31986487, 32493908, 32771529, 33036140, 33302590, 33570586, 33844008, 34315700, 34589170, 34857258, 35122717, 35399058, 35680928, 36153794, 36426497, 36694217, 36959755, 37238016, 37732723, 38016207, 38525902, 38804902, 39075305, 39566671, 39844563, 40109046, 40374655, 40640848, 40908447, 41181167, 41654722, 41936803, 42214037, 42484294, 42975734, 43253749, 43518458, 43784326, 44050916, 44319044, 44592592, 45063779, 45337349, 45605619, 45872413, 46137588, 46415732, 46909719, 47191500, 47474143, 47949497, 48222358, 48490126, 48756663, 49021695, 49299853, 49791817, 50062197, 50341084, 50849011, 51127404, 51394017, 51666784, 52143164, 52425489, 52703519, 52975252, 53452946, 53735203, 54013143, 54284678, 54760627, 55042550, 55319342, 55585908, 55858686, 56333402, 56615428, 56892741, 57163132, 57655669, 57934003, 58199296, 58466110, 58734370, 59007938, 59480493, 59754082, 60022310, 60289076, 60554157, 60832218, 61325326, 61608703, 62117067, 62395083, 62660641, 62928734, 63202211, 63675229, 63948713, 64216829, 64483505, 64748486, 65026473, 65519566, 65802884, 66311326, 66589356, 66854901]
  m=[1, 1, 1, 1, 1, 1, 1, 2, 1, 2, 2, 1, 1, 1, 1, 1, 1, 1, 1, 1, 2, 1, 2, 2, 1, 1, 1, 1, 1, 1, 1, 1, 1, 2, 1, 2, 2, 1, 1, 1, 1, 1, 1, 1, 1, 2, 1, 1, 1, 1, 1, 1, 2, 1, 2, 2, 1, 1, 1, 1, 1, 1, 1, 1, 1, 2, 2, 1, 1, 1, 1, 1, 1, 1, 1, 1, 2, 1, 2, 2, 1, 1, 1, 1, 1, 1, 1, 2, 2, 1, 1, 1, 1, 1, 1, 1, 1, 1, 2, 1, 2, 2, 1, 1, 1, 1, 1, 1, 1, 1, 1, 2, 1, 1, 1, 1, 1, 2, 1, 2, 2, 1, 1, 2, 1, 1, 1, 1, 1, 1, 1, 2, 1, 1, 2, 1, 1, 1, 1, 1, 1, 1, 1, 1, 1, 1, 2, 1, 2, 1, 1, 1, 1, 1, 1, 2, 1, 1, 2, 2, 1, 1, 1, 1, 2, 1, 1, 1, 2, 1, 1, 1, 2, 1, 1, 1, 1, 2, 1, 1, 2, 1, 1, 1, 1, 1, 1, 1, 1, 1, 1, 2, 1, 2, 2, 1, 1, 1, 1, 1, 1, 1, 1, 1, 2, 1, 2, 2, 1, 1]
w=6734134588538761216/6296488643826207716621 [cg] doubles=41 n=215
  xk(2^-20 units)=[1343, 278680, 769946, 1053031, 1560479, 1838046, 2102638, 2369031, 2636986, 2910428, 3381098, 3654610, 3922832, 4189583, 4455659, 4721703, 4988182, 5255847, 5528522, 6000230, 6282047, 6558376, 6823903, 7095201, 7584744, 7862577, 8126812, 8392015, 8657559, 8923933, 9191954, 9465468, 9935070, 10208567, 10476510, 10742867, 11008414, 11272399, 11548047, 11829578, 12299051, 12571384, 12837690, 13115940, 13623092, 13901021, 14166475, 14434416, 14707764, 15178256, 15451738, 15719748, 15986194, 16250729, 16526578, 16808039, 17280285, 17551491, 17830737, 18337937, 18615355, 18879753, 19145844, 19413316, 19685941, 20158980, 20441022, 20718248, 20988577, 21481124, 21759380, 22024620, 22291380, 22559526, 22833045, 23304128, 23577640, 23845753, 24112260, 24378057, 24642585, 24920454, 25410726, 25680728, 25959249, 26465242, 26742485, 27006674, 27272596, 27539926, 27812413, 28284291, 28566047, 28842318, 29107892, 29379330, 29870326, 30148620, 30413824, 30680541, 30948757, 31222335, 31693936, 31967569, 32235852, 32502723, 32767993, 33046366, 33537529, 33808991, 34075916, 34341006, 34619199, 35111474, 35382008, 35661022, 36170355, 36449957, 36721544, 37196131, 37477779, 37754075, 38019728, 38291284, 38783736, 39062399, 39328502, 39596853, 39870407, 40344092, 40617615, 40884720, 41163418, 41671640, 41950553, 42220988, 42712660, 42990876, 43256039, 43522797, 43790966, 44064477, 44536593, 44810071, 45078158, 45343595, 45619931, 45901795, 46373172, 46645716, 46913148, 47179245, 47444813, 47710163, 47975808, 48242393, 48513614, 49002686, 49280324, 49544340, 49808318, 50085868, 50577156, 50847365, 51126106, 51633850, 51912600, 52182817, 52674053, 52951926, 53216475, 53482245, 53748703, 54016710, 54290123, 54761119, 55034474, 55302380, 55567823, 55845672, 56352701, 56630912, 56897108, 57169405, 57638966, 57920460, 58196125, 58460125, 58725683, 58992066, 59259994, 59533432, 60002729, 60276225, 60544278, 60810687, 61076286, 61341514, 61605695, 61883521, 62372023, 62643029, 62909391, 63173797, 63451220, 63958765, 64238174, 64509584, 64984630, 65266420, 65543464, 65813588, 66304944, 66582521, 66846415]
  m=[1, 2, 1, 2, 2, 1, 1, 1, 1, 1, 1, 1, 1, 1, 1, 1, 1, 1, 1, 1, 2, 1, 1, 1, 2, 1, 1, 1, 1, 1, 1, 1, 1, 1, 1, 1, 1, 1, 2, 1, 1, 1, 1, 2, 2, 1, 1, 1, 1, 1, 1, 1, 1, 1, 2, 1, 1, 1, 2, 2, 1, 1, 1, 1, 1, 1, 2, 1, 1, 2, 1, 1, 1, 1, 1, 1, 1, 1, 1, 1, 1, 2, 1, 1, 2, 2, 1, 1, 1, 1, 1, 1, 2, 1, 1, 1, 2, 1, 1, 1, 1, 1, 1, 1, 1, 1, 1, 2, 1, 1, 1, 1, 2, 1, 1, 2, 2, 1, 1, 1, 2, 1, 1, 1, 2, 1, 1, 1, 1, 1, 1, 1, 2, 2, 1, 1, 2, 1, 1, 1, 1, 1, 1, 1, 1, 1, 2, 1, 1, 1, 1, 1, 1, 1, 1, 1, 1, 2, 1, 1, 1, 2, 1, 1, 2, 2, 1, 1, 2, 1, 1, 1, 1, 1, 1, 1, 1, 1, 1, 2, 2, 1, 1, 1, 1, 2, 1, 1, 1, 1, 1, 1, 1, 1, 1, 1, 1, 1, 1, 2, 1, 1, 1, 1, 2, 2, 1, 1, 1, 2, 1, 1, 2, 1, 1]
w=54458682880768000000/18889465931478623149863 [cg] doubles=42 n=214
  xk(2^-20 units)=[2303, 269234, 540750, 1031086, 1309079, 1573682, 1839505, 2106184, 2377568, 2868124, 3146280, 3411221, 3677581, 3945159, 4217770, 4688748, 4970379, 5246198, 5510527, 5776622, 6044102, 6316663, 6789456, 7071482, 7348283, 7614816, 7887570, 8362331, 8644330, 8921193, 9187757, 9460600, 9936647, 10219282, 10501169, 10996011, 11274415, 11540133, 11808014, 12080840, 12555038, 12837068, 13113838, 13380357, 13653063, 14127735, 14409686, 14686457, 14952964, 15225653, 15698941, 15980723, 16257056, 16522693, 16794148, 17285074, 17563304, 17828359, 18094856, 18362572, 18635294, 19108629, 19390639, 19667492, 19934097, 20206824, 20681171, 20963129, 21239880, 21506421, 21779053, 22251685, 22533430, 22809606, 23074710, 23342316, 23615016, 24088702, 24370704, 24647467, 24913958, 25186553, 25658397, 25940099, 26216015, 26480619, 26747106, 27015169, 27288674, 27759730, 28033290, 28301513, 28568279, 28833500, 29111751, 29604298, 29874523, 30151595, 30433203, 30909826, 31194005, 31702873, 31980376, 32244593, 32510089, 32776215, 33043760, 33316568, 33792151, 34076977, 34586446, 34864143, 35128594, 35394347, 35660893, 35928977, 36202403, 36672641, 36946099, 37214143, 37480667, 37745507, 38023250, 38531340, 38811217, 39083480, 39556482, 39829743, 40097703, 40364213, 40630004, 40894626, 41172618, 41662628, 41933814, 42199287, 42477071, 42984037, 43262788, 43533035, 44024094, 44301964, 44566495, 44832194, 45098550, 45366460, 45639771, 46113600, 46385715, 46663778, 46945745, 47422225, 47703690, 47980177, 48246401, 48518943, 48992495, 49274443, 49551206, 49817675, 50090397, 50563729, 50845483, 51121839, 51387510, 51658980, 52150096, 52428377, 52693550, 52960496, 53232060, 53723103, 54001357, 54266371, 54532782, 54800408, 55073053, 55545438, 55827241, 56103405, 56368502, 56636082, 56908781, 57382625, 57664719, 57941991, 58212385, 58704729, 58982991, 59248239, 59515243, 59786871, 60278616, 60557250, 60823077, 61090964, 61363854, 61838220, 62120280, 62397064, 62663572, 62936282, 63410637, 63692642, 63969361, 64235785, 64508444, 64981646, 65263429, 65539750, 65805385, 66076840, 66567788, 66846033]
  m=[1, 1, 1, 2, 1, 1, 1, 1, 1, 2, 1, 1, 1, 1, 1, 1, 2, 1, 1, 1, 1, 1, 1, 2, 1, 1, 1, 1, 2, 1, 1, 1, 1, 2, 1, 2, 1, 1, 1, 1, 1, 2, 1, 1, 1, 1, 2, 1, 1, 1, 1, 2, 1, 1, 1, 2, 1, 1, 1, 1, 1, 1, 2, 1, 1, 1, 1, 2, 1, 1, 1, 1, 2, 1, 1, 1, 1, 1, 2, 1, 1, 1, 1, 2, 1, 1, 1, 1, 1, 1, 1, 1, 1, 1, 2, 1, 1, 2, 1, 1, 2, 2, 1, 1, 1, 1, 1, 1, 1, 2, 2, 1, 1, 1, 1, 1, 1, 1, 1, 1, 1, 1, 2, 2, 1, 1, 1, 1, 1, 1, 1, 1, 2, 1, 1, 1, 2, 2, 1, 1, 2, 1, 1, 1, 1, 1, 1, 1, 1, 2, 1, 1, 2, 1, 1, 1, 1, 2, 1, 1, 1, 1, 2, 1, 1, 1, 2, 1, 1, 1, 1, 2, 1, 1, 1, 1, 1, 1, 2, 1, 1, 1, 1, 1, 2, 1, 1, 2, 1, 1, 1, 1, 2, 1, 1, 1, 1, 1, 2, 1, 1, 1, 1, 2, 1, 1, 1, 1, 2, 1, 1, 1, 2, 1]
w=124810931651242737664/18889465931478623149863 [cg] doubles=45 n=211
  xk(2^-20 units)=[14862, 288284, 761554, 1035101, 1302147, 1579191, 1861316, 2335485, 2608211, 2875785, 3142008, 3406799, 3684672, 4177258, 4460441, 4968171, 5245707, 5510226, 5776619, 6044502, 6317907, 6790172, 7063681, 7331790, 7598413, 7863388, 8141462, 8634305, 8917604, 9425852, 9703875, 9969417, 10237428, 10510910, 10982846, 11256304, 11524324, 11790750, 12056435, 12320800, 12598497, 13090053, 13373146, 13879932, 14157225, 14421309, 14686780, 14953144, 15221097, 15494456, 15965418, 16238780, 16506784, 16772257, 17050207, 17557662, 17836180, 18103167, 18376574, 18848441, 19121853, 19389878, 19656347, 19922085, 20186547, 20464285, 20956444, 21239695, 21747951, 22025986, 22291523, 22559603, 22833071, 23305638, 23579055, 23845993, 24124507, 24632039, 24909940, 25175383, 25443362, 25716710, 26188880, 26462390, 26730593, 26997304, 27262337, 27540407, 28033487, 28316833, 28825024, 29103101, 29368665, 29636737, 29910290, 30384040, 30657667, 30925973, 31191901, 31470351, 31964726, 32248193, 32756887, 33034964, 33300530, 33568602, 33842108, 34314388, 34587973, 34856100, 35121579, 35397975, 35679826, 36152132, 36424635, 36692126, 36958386, 37223110, 37501038, 37995028, 38278436, 38787823, 39066794, 39337190, 39828744, 40106664, 40371166, 40636788, 40902977, 41170557, 41443220, 41916702, 42198787, 42476071, 42746410, 43238666, 43516998, 43782324, 44049181, 44317411, 44590999, 45062591, 45336197, 45604485, 45871328, 46136484, 46414641, 46908768, 47190583, 47473186, 47948520, 48221329, 48489017, 48755542, 49020542, 49298687, 49790606, 50060942, 50339783, 50847469, 51125773, 51392201, 51664705, 52137892, 52419568, 52695701, 52960772, 53228269, 53500808, 53973296, 54255103, 54531448, 54797189, 55068778, 55560759, 55839356, 56105122, 56372915, 56645669, 57118588, 57400499, 57676903, 57942479, 58210669, 58484207, 58955502, 59228973, 59497055, 59763575, 60029277, 60293732, 60571464, 61063458, 61346674, 61854092, 62131631, 62396165, 62662481, 62930442, 63203865, 63676110, 63949605, 64217727, 64484322, 64749286, 65027299, 65520407, 65803762, 66312090, 66590128, 66855670]
  m=[1, 1, 1, 1, 1, 2, 1, 1, 1, 1, 1, 1, 2, 1, 2, 2, 1, 1, 1, 1, 1, 1, 1, 1, 1, 1, 2, 1, 2, 2, 1, 1, 1, 1, 1, 1, 1, 1, 1, 1, 2, 1, 2, 2, 1, 1, 1, 1, 1, 1, 1, 1, 1, 1, 2, 2, 1, 1, 1, 1, 1, 1, 1, 1, 1, 2, 1, 2, 2, 1, 1, 1, 1, 1, 1, 1, 2, 2, 1, 1, 1, 1, 1, 1, 1, 1, 1, 2, 1, 2, 2, 1, 1, 1, 1, 1, 1, 1, 1, 2, 1, 2, 2, 1, 1, 1, 1, 1, 1, 1, 1, 2, 1, 1, 1, 1, 1, 1, 2, 1, 2, 2, 1, 1, 2, 1, 1, 1, 1, 1, 1, 1, 2, 1, 1, 2, 1, 1, 1, 1, 1, 1, 1, 1, 1, 1, 2, 1, 2, 1, 1, 1, 1, 1, 1, 2, 1, 1, 2, 2, 1, 1, 1, 1, 2, 1, 1, 1, 1, 1, 2, 1, 1, 1, 2, 1, 1, 1, 1, 1, 2, 1, 1, 1, 1, 1, 1, 1, 1, 1, 1, 2, 1, 2, 2, 1, 1, 1, 1, 1, 1, 1, 1, 1, 1, 2, 1, 2, 2, 1, 1]
w=44618876929172291584/6296488643826207716621 [cg] doubles=44 n=212
  xk(2^-20 units)=[5536, 272063, 544738, 1019079, 1301062, 1578272, 1848549, 2340245, 2618306, 2883016, 3148884, 3415488, 3683581, 3957036, 4427814, 4701295, 4969336, 5235847, 5500571, 5778187, 6285686, 6565020, 6836245, 7307208, 7588620, 7864193, 8128219, 8393785, 8660189, 8928208, 9201636, 9671918, 9945452, 10213627, 10480403, 10745504, 11023604, 11517740, 11799351, 12081535, 12559444, 12843776, 13352589, 13630153, 13894467, 14160101, 14426551, 14694573, 14968060, 15438343, 15711880, 15979911, 16246273, 16511799, 16776932, 17041007, 17318609, 17810515, 18091970, 18373986, 18850968, 19132774, 19410465, 19681944, 20158013, 20439998, 20716974, 20983896, 21257397, 21730426, 22003921, 22271973, 22537550, 22815640, 23323808, 23607063, 24098594, 24376151, 24640158, 24905261, 25170772, 25437103, 25705111, 25978646, 26449267, 26722774, 26990738, 27257129, 27522693, 27787925, 28052186, 28330037, 28819859, 29091225, 29357030, 29635229, 30145399, 30429758, 30909026, 31191169, 31472768, 31966357, 32244301, 32509119, 32775409, 33042985, 33315622, 33789496, 34071535, 34348813, 34619208, 35111832, 35390032, 35655147, 35921992, 36193357, 36683285, 36961014, 37225113, 37489265, 37767038, 38257325, 38528636, 38794207, 39070550, 39352404, 39824731, 40097622, 40365552, 40632491, 40899241, 41166393, 41434903, 41708715, 42180049, 42453693, 42721937, 42988694, 43253901, 43532080, 44026179, 44308001, 44590635, 45065353, 45338153, 45605829, 45871067, 46147329, 46429127, 46902256, 47174936, 47442732, 47708492, 47986977, 48480297, 48750955, 49030016, 49539602, 49823064, 50316869, 50594953, 50859950, 51126590, 51394696, 51668215, 52141241, 52414716, 52681612, 52958375, 53239890, 53716024, 53998004, 54279431, 54772315, 55050283, 55315172, 55581594, 55849245, 56121974, 56595810, 56877923, 57155294, 57425743, 57918466, 58196757, 58462004, 58728877, 58997093, 59270651, 59742498, 60016016, 60284231, 60549765, 60826162, 61108011, 61581528, 61854245, 62120729, 62397482, 62679540, 63153314, 63426132, 63693915, 63959424, 64237591, 64747757, 65032255, 65512670, 65795289, 66077816, 66556202, 66837728]
  m=[1, 1, 1, 1, 2, 1, 1, 2, 1, 1, 1, 1, 1, 1, 1, 1, 1, 1, 1, 2, 2, 1, 1, 1, 2, 1, 1, 1, 1, 1, 1, 1, 1, 1, 1, 1, 2, 1, 2, 1, 1, 2, 2, 1, 1, 1, 1, 1, 1, 1, 1, 1, 1, 1, 1, 1, 2, 1, 2, 1, 1, 2, 1, 1, 1, 2, 1, 1, 1, 1, 1, 1, 1, 2, 2, 1, 2, 1, 1, 1, 1, 1, 1, 1, 1, 1, 1, 1, 1, 1, 1, 2, 1, 1, 1, 2, 2, 1, 1, 2, 1, 2, 1, 1, 1, 1, 1, 1, 2, 1, 1, 2, 1, 1, 1, 1, 2, 1, 1, 1, 2, 1, 1, 1, 2, 1, 1, 1, 1, 1, 1, 1, 1, 1, 1, 1, 1, 1, 1, 2, 1, 2, 1, 1, 1, 1, 1, 2, 1, 1, 1, 1, 1, 2, 1, 1, 2, 2, 1, 2, 1, 1, 1, 1, 1, 1, 1, 1, 2, 1, 1, 2, 1, 2, 1, 1, 1, 1, 1, 1, 2, 1, 1, 2, 1, 1, 1, 1, 1, 1, 1, 1, 1, 2, 1, 1, 1, 1, 2, 1, 1, 1, 1, 1, 2, 2, 1, 1, 2, 1, 1, 2]
w=22003160767252660224/6296488643826207716621 [cg] doubles=44 n=212
  xk(2^-20 units)=[10018, 280085, 771133, 1049362, 1314561, 1581371, 1849605, 2123114, 2595254, 2868602, 3135521, 3414071, 3921500, 4199474, 4464975, 4733030, 5006528, 5477384, 5750889, 6018933, 6285498, 6551435, 6816150, 7094211, 7584741, 7856161, 8122986, 8388008, 8666131, 9157694, 9428031, 9706819, 10214162, 10492103, 10757544, 11025623, 11299121, 11769575, 12043125, 12311256, 12577920, 12843957, 13109719, 13375693, 13642352, 13910429, 14183892, 14654622, 14928069, 15196091, 15461491, 15739383, 16246601, 16525297, 16795458, 17286459, 17564097, 17827367, 18104987, 18596503, 18866678, 19145370, 19652198, 19929819, 20194758, 20462071, 20734496, 21206810, 21488622, 21764909, 22030355, 22298499, 22571950, 23043712, 23317233, 23585380, 23852157, 24117343, 24395667, 24886899, 25158311, 25423942, 25700255, 25982027, 26454383, 26726967, 26994374, 27260338, 27524684, 27802130, 28309320, 28592550, 29085355, 29363375, 29628424, 29895097, 30163275, 30436802, 30908863, 31182429, 31450587, 31717273, 31982389, 32260615, 32754614, 33036471, 33319191, 33793843, 34066850, 34334837, 34601745, 34868300, 35135103, 35403053, 35675930, 36149738, 36431820, 36709003, 36979204, 37470088, 37747545, 38011184, 38274648, 38551570, 39058334, 39341544, 39834957, 40113265, 40378855, 40646749, 40919699, 41395533, 41677898, 41955753, 42227223, 42701920, 42983680, 43260000, 43525416, 43793521, 44067124, 44538190, 44811673, 45079744, 45346335, 45612240, 45876891, 46154935, 46645315, 46916777, 47183682, 47448824, 47727128, 48218416, 48489988, 48756993, 49022111, 49300311, 49792524, 50062861, 50340113, 50622175, 51097338, 51370174, 51638089, 51903870, 52182407, 52674259, 52945725, 53211565, 53489620, 53998251, 54277795, 54549442, 55026431, 55308845, 55590542, 56084733, 56362850, 56628004, 56894703, 57162853, 57436384, 57908666, 58182210, 58450383, 58716039, 58994120, 59502406, 59781907, 60053515, 60528992, 60810972, 61087975, 61354997, 61628502, 62101890, 62375200, 62642178, 62920703, 63428164, 63706074, 63971524, 64239516, 64512957, 64984331, 65257731, 65525663, 65791992, 66056526, 66333969, 66840284]
  m=[1, 1, 2, 1, 1, 1, 1, 1, 1, 1, 1, 2, 2, 1, 1, 1, 1, 1, 1, 1, 1, 1, 1, 2, 1, 1, 1, 1, 2, 1, 1, 2, 2, 1, 1, 1, 1, 1, 1, 1, 1, 1, 1, 1, 1, 1, 1, 1, 1, 1, 1, 2, 2, 1, 1, 2, 1, 1, 2, 1, 1, 2, 2, 1, 1, 1, 1, 1, 2, 1, 1, 1, 1, 1, 1, 1, 1, 1, 2, 1, 1, 1, 2, 1, 1, 1, 1, 1, 1, 2, 2, 1, 2, 1, 1, 1, 1, 1, 1, 1, 1, 1, 1, 2, 1, 2, 1, 1, 1, 1, 1, 1, 1, 1, 1, 1, 2, 1, 1, 2, 1, 1, 1, 2, 2, 1, 2, 1, 1, 1, 1, 1, 2, 1, 1, 1, 2, 1, 1, 1, 1, 1, 1, 1, 1, 1, 1, 2, 1, 1, 1, 1, 2, 1, 1, 1, 1, 2, 1, 1, 2, 1, 1, 1, 1, 1, 2, 1, 1, 1, 2, 2, 1, 1, 1, 2, 1, 2, 1, 1, 1, 1, 1, 1, 1, 1, 1, 2, 2, 1, 1, 1, 2, 1, 1, 1, 1, 1, 1, 2, 2, 1, 1, 1, 1, 1, 1, 1, 1, 1, 2, 2]
w=8504217664164401152/18889465931478623149863 [cg] doubles=18 n=238
  xk(2^-20 units)=[67046450, 208540, 478339, 747180, 1015288, 1282819, 1549905, 1816623, 2083051, 2349251, 2615274, 2880228, 3158376, 3664713, 3942918, 4207981, 4474200, 4740672, 5007493, 5274742, 5542567, 5810999, 6080236, 6350420, 6621679, 6894201, 7168030, 7443175, 7719432, 7996446, 8273666, 8550462, 8826353, 9101042, 9374423, 9646513, 9917425, 10187328, 10456346, 10724651, 10992402, 11259635, 11526514, 11793064, 12059415, 12324637, 12602966, 13109766, 13388135, 13653381, 13919797, 14186413, 14453321, 14720600, 14988325, 15256551, 15525396, 15795016, 16065507, 16337037, 16609731, 16883694, 17158985, 17435540, 17713178, 17991587, 18270356, 18549153, 18827631, 19105693, 19383308, 19660606, 19937695, 20214795, 20492041, 20769502, 21047246, 21325153, 21603041, 21880646, 22157701, 22433998, 22709398, 22983846, 23257365, 23530032, 23801966, 24073338, 24344256, 24614920, 24885496, 25156174, 25427135, 25698552, 25970669, 26243636, 26517680, 26792902, 27069312, 27346761, 27624856, 27903063, 28180740, 28457348, 28732583, 29006338, 29278652, 29549640, 29819471, 30088324, 30356346, 30623693, 30890491, 31156800, 31422731, 31688388, 31952850, 32230516, 32735353, 33012544, 33276133, 33540603, 33804051, 34081089, 34584994, 34861925, 35125346, 35388812, 35665867, 36170390, 36447931, 36712173, 36977591, 37243241, 37509213, 37775607, 38042517, 38310057, 38578443, 38847901, 39118652, 39391005, 39665288, 39941722, 40220444, 40501276, 40783604, 41066501, 41349023, 41630654, 41911266, 42191158, 42470702, 42750567, 43031161, 43312819, 43595544, 43878862, 44161830, 44443369, 44722752, 44999744, 45274413, 45547056, 45817984, 46087523, 46355906, 46623409, 46890255, 47156545, 47422417, 47687961, 47953248, 48217391, 48494811, 48998988, 49275780, 49538041, 49814735, 50318506, 50595528, 50859200, 51124059, 51388374, 51666432, 52157222, 52428981, 52695094, 52973407, 53479706, 53757350, 54021661, 54286985, 54552435, 54818128, 55084109, 55350457, 55617231, 55884565, 56152622, 56421573, 56691593, 56962924, 57235842, 57510564, 57787272, 58065935, 58346302, 58627814, 58909720, 59191311, 59472214, 59752340, 60031964, 60311433, 60591211, 60871670, 61153192, 61436004, 61719958, 62004535, 62288951, 62572393, 62854307, 63134444, 63411390, 63695870, 63980335, 64257178, 64537059, 64818449, 65100852, 65383451, 65665298, 65945561, 66223793, 66499898, 66774025]
  m=[1, 1, 1, 1, 1, 1, 1, 1, 1, 1, 1, 1, 2, 2, 1, 1, 1, 1, 1, 1, 1, 1, 1, 1, 1, 1, 1, 1, 1, 1, 1, 1, 1, 1, 1, 1, 1, 1, 1, 1, 1, 1, 1, 1, 1, 1, 2, 2, 1, 1, 1, 1, 1, 1, 1, 1, 1, 1, 1, 1, 1, 1, 1, 1, 1, 1, 1, 1, 1, 1, 1, 1, 1, 1, 1, 1, 1, 1, 1, 1, 1, 1, 1, 1, 1, 1, 1, 1, 1, 1, 1, 1, 1, 1, 1, 1, 1, 1, 1, 1, 1, 1, 1, 1, 1, 1, 1, 1, 1, 1, 1, 1, 1, 1, 1, 1, 1, 2, 2, 1, 1, 1, 1, 2, 2, 1, 1, 1, 2, 2, 1, 1, 1, 1, 1, 1, 1, 1, 1, 1, 1, 1, 1, 1, 1, 1, 1, 1, 1, 1, 1, 1, 1, 1, 1, 1, 1, 1, 1, 1, 1, 1, 1, 1, 1, 1, 1, 1, 1, 1, 1, 1, 1, 1, 2, 2, 1, 1, 2, 2, 1, 1, 1, 1, 2, 1, 1, 1, 2, 2, 1, 1, 1, 1, 1, 1, 1, 1, 1, 1, 1, 1, 1, 1, 1, 1, 1, 1, 1, 1, 1, 1, 1, 1, 1, 1, 1, 1, 1, 1, 1, 1, 1, 1, 1, 1, 2, 1, 1, 1, 1, 1, 1, 1, 1, 1, 1, 1]
w=13711438364164374528/6296488643826207716621 [cg] doubles=37 n=219
  xk(2^-20 units)=[5093, 271528, 544128, 1015763, 1297349, 1573104, 1837391, 2103465, 2370901, 2643421, 3114799, 3396568, 3672764, 3937874, 4205422, 4478022, 4950012, 5231771, 5507927, 5773001, 6040536, 6313107, 6785100, 7066861, 7343020, 7608117, 7875647, 8148218, 8620197, 8901980, 9178153, 9443242, 9710757, 9983329, 10455392, 10737159, 11013325, 11278423, 11545922, 11818485, 12290570, 12572356, 12848519, 13113593, 13381100, 13653651, 14125770, 14407556, 14683709, 14948763, 15216243, 15488798, 15960848, 16242644, 16518775, 16783833, 17051328, 17323881, 17795955, 18077727, 18353862, 18618915, 18886359, 19158865, 19630893, 19912668, 20188823, 20453902, 20721390, 20993943, 21466198, 21748031, 22024398, 22290097, 22561604, 23053181, 23331750, 23597511, 23865343, 24138102, 24610541, 24892327, 25168519, 25433662, 25701201, 25973771, 26445457, 26727205, 27003379, 27268496, 27536020, 27808613, 28280504, 28562285, 28838476, 29103577, 29371085, 29643668, 30115578, 30397338, 30673506, 30938594, 31206103, 31478680, 31950605, 32232363, 32508539, 32773631, 33041145, 33313707, 33785686, 34067447, 34343615, 34608694, 34876187, 35148738, 35620776, 35902542, 36178703, 36443767, 36711257, 36983818, 37455756, 37737524, 38013706, 38278791, 38546280, 38818849, 39290816, 39572573, 39848714, 40113757, 40381227, 40653741, 41125901, 41407632, 41683745, 41948752, 42216167, 42488614, 42958774, 43240297, 43515831, 43779578, 44044759, 44310613, 44577886, 44850334, 45321480, 45603264, 45879433, 46144524, 46412036, 46684606, 47156424, 47438187, 47714363, 47979471, 48247007, 48519649, 48992965, 49274970, 49551744, 49818227, 50090856, 50563555, 50845294, 51121475, 51386584, 51654085, 51926620, 52398509, 52680278, 52956471, 53221606, 53489143, 53761697, 54233677, 54515444, 54791618, 55056731, 55324264, 55596859, 56068874, 56350661, 56626811, 56891890, 57159416, 57432000, 57903981, 58185757, 58461916, 58726993, 58994515, 59267106, 59739108, 60020889, 60297044, 60562127, 60829637, 61102182, 61574355, 61856122, 62132295, 62397381, 62664855, 62937402, 63409411, 63691228, 63967470, 64232648, 64500269, 64773013, 65247802, 65530195, 65808177, 66079775, 66555363, 66837229]
  m=[1, 1, 1, 1, 2, 1, 1, 1, 1, 1, 1, 2, 1, 1, 1, 1, 1, 2, 1, 1, 1, 1, 1, 2, 1, 1, 1, 1, 1, 2, 1, 1, 1, 1, 1, 2, 1, 1, 1, 1, 1, 2, 1, 1, 1, 1, 1, 2, 1, 1, 1, 1, 1, 2, 1, 1, 1, 1, 1, 2, 1, 1, 1, 1, 1, 2, 1, 1, 1, 1, 1, 2, 1, 1, 1, 2, 1, 1, 1, 1, 1, 2, 1, 1, 1, 1, 1, 2, 1, 1, 1, 1, 1, 2, 1, 1, 1, 1, 1, 2, 1, 1, 1, 1, 1, 2, 1, 1, 1, 1, 1, 2, 1, 1, 1, 1, 1, 2, 1, 1, 1, 1, 1, 2, 1, 1, 1, 1, 1, 2, 1, 1, 1, 1, 1, 2, 1, 1, 1, 1, 1, 2, 1, 1, 1, 1, 1, 1, 1, 2, 1, 1, 1, 1, 1, 2, 1, 1, 1, 1, 1, 2, 1, 1, 1, 1, 2, 1, 1, 1, 1, 1, 2, 1, 1, 1, 1, 1, 2, 1, 1, 1, 1, 1, 2, 1, 1, 1, 1, 1, 2, 1, 1, 1, 1, 1, 2, 1, 1, 1, 1, 1, 2, 1, 1, 1, 1, 1, 2, 1, 1, 1, 1, 1, 2, 1, 1, 1, 2]
w=70388192024106074112/6296488643826207716621 [cg] doubles=43 n=213
  xk(2^-20 units)=[7111, 273590, 546264, 1020328, 1302339, 1579534, 1849808, 2341566, 2619608, 2884269, 3150154, 3416734, 3684852, 3958298, 4428942, 4702412, 4970444, 5236952, 5501687, 5779309, 6286899, 6566205, 6837444, 7308298, 7589698, 7865259, 8129251, 8394806, 8661225, 8929224, 9202685, 9672825, 9946374, 10214515, 10481257, 10746388, 11024541, 11518908, 11800615, 12083058, 12558656, 12830151, 13109518, 13616866, 13894173, 14158253, 14423725, 14690004, 14957875, 15231257, 15701888, 15975291, 16243252, 16509655, 16775280, 17039582, 17317142, 17825842, 18110154, 18587913, 18869781, 19147523, 19418950, 19895676, 20177650, 20454635, 20721668, 20995192, 21467392, 21740794, 22008755, 22275133, 22539827, 22817435, 23325569, 23608941, 24102700, 24381080, 24647075, 24918667, 25409707, 25687768, 25952529, 26218381, 26484907, 26752960, 27026385, 27496876, 27770393, 28038388, 28304748, 28570291, 28835488, 29099678, 29377456, 29866706, 30137855, 30403322, 30681099, 31188252, 31466938, 31737099, 32228235, 32505893, 32769267, 33047025, 33538964, 33809224, 34086470, 34368543, 34842287, 35115223, 35383282, 35650240, 35917001, 36184198, 36452653, 36726422, 37198401, 37472102, 37740565, 38006641, 38285224, 38780193, 39062077, 39344766, 39819389, 40092103, 40359712, 40625996, 40891685, 41156252, 41434271, 41923927, 42195131, 42461605, 42727269, 42991737, 43269580, 43761831, 44032254, 44311169, 44820222, 45103530, 45595652, 45873152, 46137094, 46401993, 46667236, 46933218, 47200636, 47473207, 47946246, 48228268, 48505520, 48775877, 49268319, 49546612, 49811872, 50078610, 50346797, 50620345, 51091254, 51364736, 51632695, 51898980, 52163311, 52438877, 52719906, 53193574, 53475470, 53756916, 54250293, 54528563, 54794155, 55061934, 55334712, 55808108, 56089863, 56366117, 56631575, 56902840, 57392643, 57670493, 57934740, 58199967, 58465552, 58731938, 58999957, 59273439, 59745331, 60018905, 60285946, 60563013, 60845144, 61320149, 61592957, 61859502, 62136303, 62418335, 62891325, 63164038, 63431574, 63697834, 63962551, 64240351, 64749839, 65034233, 65514337, 65796920, 66079445, 66557799, 66839331]
  m=[1, 1, 1, 1, 2, 1, 1, 2, 1, 1, 1, 1, 1, 1, 1, 1, 1, 1, 1, 2, 2, 1, 1, 1, 2, 1, 1, 1, 1, 1, 1, 1, 1, 1, 1, 1, 2, 1, 2, 1, 1, 1, 2, 2, 1, 1, 1, 1, 1, 1, 1, 1, 1, 1, 1, 1, 2, 2, 1, 1, 2, 1, 1, 1, 2, 1, 1, 1, 1, 1, 1, 1, 1, 2, 2, 1, 2, 1, 1, 1, 2, 1, 1, 1, 1, 1, 1, 1, 1, 1, 1, 1, 1, 1, 2, 1, 1, 1, 2, 2, 1, 1, 2, 1, 1, 2, 1, 1, 2, 1, 1, 1, 1, 1, 1, 1, 1, 1, 1, 1, 1, 1, 2, 1, 2, 1, 1, 1, 1, 1, 1, 1, 2, 1, 1, 1, 1, 1, 2, 1, 1, 2, 2, 1, 2, 1, 1, 1, 1, 1, 1, 1, 1, 2, 1, 1, 2, 1, 1, 1, 1, 1, 1, 1, 1, 1, 1, 2, 1, 1, 2, 1, 2, 1, 1, 1, 1, 1, 2, 1, 1, 1, 2, 1, 1, 1, 1, 1, 1, 1, 1, 1, 1, 2, 1, 1, 1, 1, 2, 1, 1, 1, 1, 1, 1, 2, 2, 1, 1, 2, 1, 1, 2]
w=40145252452071194624/6296488643826207716621 [cg] doubles=44 n=212
  xk(2^-20 units)=[9645, 276636, 549973, 1022131, 1295499, 1562469, 1841046, 2348799, 2626769, 2892251, 3160275, 3433713, 3904475, 4178040, 4446134, 4712766, 4978672, 5243374, 5521488, 6011784, 6283201, 6550079, 6815128, 7093245, 7584587, 7854810, 8133474, 8639986, 8917439, 9181946, 9448283, 9716184, 9989559, 10460080, 10733659, 11002039, 11268987, 11535355, 11801742, 12068684, 12336963, 12610575, 13081310, 13354822, 13622887, 13888360, 14166292, 14673835, 14952586, 15222813, 15714267, 15992369, 16257388, 16524268, 16795693, 17286849, 17564672, 17828075, 18105780, 18597190, 18867454, 19146259, 19654124, 19932438, 20198909, 20471560, 20946075, 21228191, 21505260, 21772340, 22045929, 22518763, 22792376, 23060523, 23327282, 23592510, 23870806, 24363078, 24633510, 24910872, 25193038, 25666666, 25939567, 26207486, 26474269, 26740752, 27007518, 27275452, 27548356, 28021983, 28304050, 28581250, 28851432, 29342461, 29619918, 29883517, 30146907, 30423777, 30930340, 31213451, 31706005, 31984016, 32249006, 32515652, 32783853, 33057388, 33529403, 33802900, 34071102, 34337874, 34603061, 34881352, 35372492, 35643881, 35909497, 36185800, 36467571, 36939964, 37212531, 37479929, 37745908, 38010228, 38287696, 38795164, 39078347, 39570950, 39848819, 40113599, 40379889, 40647594, 40920435, 41395762, 41678103, 41956012, 42227466, 42702080, 42983841, 43260165, 43525606, 43793750, 44067314, 44538413, 44811911, 45079971, 45346584, 45612476, 45877128, 46155181, 46645624, 46917114, 47184029, 47449186, 47727516, 48218710, 48490259, 48757253, 49022399, 49300622, 49792821, 50063155, 50340424, 50622508, 51097629, 51370459, 51638388, 51904181, 52182716, 52674609, 52946102, 53211950, 53490019, 53998589, 54278122, 54549812, 55026723, 55309165, 55590870, 56085049, 56363189, 56628315, 56895043, 57163183, 57436682, 57908805, 58182378, 58450550, 58716218, 58994310, 59502473, 59781911, 60053390, 60527108, 60808790, 61085079, 61350503, 61618521, 61891875, 62365279, 62637533, 62917341, 63425582, 63703319, 63968137, 64234707, 64502794, 64776260, 65247090, 65520517, 65788529, 66054081, 66332084, 66839942]
  m=[1, 1, 1, 1, 1, 1, 2, 2, 1, 1, 1, 1, 1, 1, 1, 1, 1, 1, 2, 1, 1, 1, 1, 2, 1, 1, 2, 2, 1, 1, 1, 1, 1, 1, 1, 1, 1, 1, 1, 1, 1, 1, 1, 1, 1, 1, 2, 2, 1, 1, 2, 1, 1, 1, 1, 2, 1, 1, 2, 1, 1, 2, 2, 1, 1, 1, 1, 2, 1, 1, 1, 1, 1, 1, 1, 1, 2, 1, 1, 2, 1, 1, 1, 1, 1, 1, 1, 1, 1, 1, 2, 1, 1, 2, 1, 1, 1, 2, 2, 1, 2, 1, 1, 1, 1, 1, 1, 1, 1, 1, 1, 2, 1, 1, 1, 2, 1, 1, 1, 1, 1, 1, 2, 2, 1, 2, 1, 1, 1, 1, 1, 1, 2, 1, 1, 1, 2, 1, 1, 1, 1, 1, 1, 1, 1, 1, 1, 2, 1, 1, 1, 1, 2, 1, 1, 1, 1, 2, 1, 1, 2, 1, 1, 1, 1, 1, 2, 1, 1, 1, 2, 2, 1, 1, 1, 2, 1, 2, 1, 1, 1, 1, 1, 1, 1, 1, 1, 2, 2, 1, 1, 1, 2, 1, 1, 1, 1, 1, 1, 2, 2, 1, 1, 1, 1, 1, 1, 1, 1, 1, 2, 2]
w=299636518334485823488/18889465931478623149863 [cg] doubles=34 n=222
  xk(2^-20 units)=[67092360, 247040, 510414, 787291, 1293802, 1576835, 2067804, 2345246, 2609116, 2873906, 3138964, 3404483, 3670878, 3938906, 4212367, 4681799, 4955249, 5223258, 5489648, 5755102, 6020047, 6283746, 6559215, 6840760, 7309595, 7582039, 7849478, 8115622, 8381182, 8645739, 8923670, 9414261, 9685536, 9951136, 10229054, 10737155, 11020345, 11513152, 11790587, 12054542, 12318515, 12596085, 13085367, 13356346, 13621702, 13899398, 14405761, 14683555, 14948922, 15216883, 15490341, 15961627, 16235165, 16503233, 16769726, 17035550, 17300110, 17577919, 18070989, 18354320, 18863704, 19142736, 19413320, 19906304, 20184514, 20449684, 20716654, 20988136, 21481787, 21769777, 22262856, 22534063, 22800551, 23065078, 23342502, 23849042, 24127761, 24397932, 24888979, 25166927, 25431583, 25697469, 25964061, 26232212, 26505810, 26978930, 27252592, 27519619, 27796541, 28078351, 28556070, 28840538, 29350080, 29628123, 29893279, 30160071, 30428429, 30702138, 31173893, 31447607, 31715983, 31982830, 32247799, 32524061, 32806012, 33277429, 33550123, 33817739, 34082882, 34359040, 34640434, 35114472, 35395968, 35672379, 35938213, 36209917, 36700350, 36978657, 37243413, 37508912, 37774315, 38039783, 38305371, 38571170, 38837184, 39103609, 39370486, 39637932, 39906204, 40175495, 40446037, 40718086, 40991963, 41267864, 41545882, 41825863, 42107324, 42389459, 42671460, 42952822, 43233377, 43513246, 43792655, 44072048, 44351813, 44632221, 44913355, 45195049, 45476865, 45758192, 46038472, 46317363, 46594728, 46870658, 47145359, 47419062, 47692056, 47964701, 48237212, 48509927, 48783121, 49057116, 49332185, 49608551, 49886438, 50165799, 50446453, 50727993, 51009865, 51291544, 51572642, 51853083, 52133060, 52412821, 52692764, 52973271, 53254456, 53536330, 53818494, 54100247, 54380814, 54659593, 54936315, 55210981, 55483772, 55754960, 56024761, 56293455, 56561280, 56828433, 57095186, 57361606, 57627818, 57893975, 58160134, 58426377, 58692888, 58960004, 59228304, 59501535, 59972566, 60254717, 60530924, 60795544, 61061555, 61328256, 61596361, 61869555, 62344939, 62627764, 62909582, 63402765, 63680214, 63943179, 64220289, 64726633, 65004900, 65271459, 65544266, 66021199, 66305979, 66815152]
  m=[1, 1, 1, 2, 2, 1, 2, 1, 1, 1, 1, 1, 1, 1, 1, 1, 1, 1, 1, 1, 1, 1, 2, 1, 1, 1, 1, 1, 1, 1, 2, 1, 1, 1, 2, 2, 1, 2, 1, 1, 1, 2, 1, 1, 1, 2, 2, 1, 1, 1, 1, 1, 1, 1, 1, 1, 1, 2, 1, 2, 2, 1, 1, 2, 1, 1, 1, 1, 2, 2, 1, 1, 1, 1, 2, 2, 1, 1, 2, 1, 1, 1, 1, 1, 1, 1, 1, 1, 2, 1, 1, 2, 2, 1, 1, 1, 1, 1, 1, 1, 1, 1, 1, 2, 1, 1, 1, 1, 1, 2, 1, 1, 2, 1, 1, 1, 2, 1, 1, 1, 1, 1, 1, 1, 1, 1, 1, 1, 1, 1, 1, 1, 1, 1, 1, 1, 1, 1, 1, 1, 1, 1, 1, 1, 1, 1, 1, 1, 1, 1, 1, 1, 1, 1, 1, 1, 1, 1, 1, 1, 1, 1, 1, 1, 1, 1, 1, 1, 1, 1, 1, 1, 1, 1, 1, 1, 1, 1, 1, 1, 1, 1, 1, 1, 1, 1, 1, 1, 1, 1, 1, 1, 1, 1, 1, 1, 1, 1, 1, 1, 1, 2, 1, 1, 1, 1, 1, 1, 1, 2, 1, 2, 1, 1, 2, 2, 1, 1, 1, 1, 2, 2]
w=138134073191411810304/6296488643826207716621 [cg] doubles=41 n=215
  xk(2^-20 units)=[67107273, 263036, 528802, 795264, 1063267, 1336754, 1806921, 2080353, 2348234, 2614511, 2879868, 3143846, 3421052, 3927664, 4210686, 4701561, 4978955, 5242800, 5507659, 5772873, 6038740, 6306102, 6578662, 7051567, 7333591, 7610790, 7880989, 8371666, 8649428, 8913530, 9178530, 9443831, 9709818, 9977201, 10249775, 10722819, 11004928, 11282251, 11552706, 12045970, 12324467, 12590218, 12858102, 13130934, 13604718, 13886843, 14164147, 14434567, 14927201, 15205508, 15470733, 15737540, 16005737, 16279315, 16749754, 17023228, 17291251, 17557690, 17823238, 18087244, 18362896, 18644419, 19113942, 19386282, 19652577, 19930796, 20437888, 20715871, 20981309, 21249302, 21522695, 21992660, 22266127, 22534089, 22800497, 23066131, 23330142, 23605788, 23887313, 24357193, 24629649, 24896087, 25174421, 25682583, 25961205, 26228272, 26501733, 26973931, 27247257, 27515223, 27781589, 28047277, 28311704, 28589434, 29081709, 29364986, 29873110, 30151099, 30416637, 30684788, 30958265, 31430548, 31704093, 31972224, 32238997, 32504198, 32782488, 33273853, 33545361, 33812257, 34077349, 34355502, 34847438, 35117814, 35396659, 35904648, 36182965, 36449453, 36722056, 37195320, 37477051, 37753331, 38018913, 38290285, 38781629, 39059908, 39325063, 39591745, 39859916, 40133385, 40606427, 40879947, 41146976, 41425614, 41933786, 42212635, 42483012, 42974766, 43252820, 43517658, 43783938, 44051387, 44323968, 44795064, 45076728, 45352649, 45617208, 45883595, 46151571, 46424970, 46895139, 47168587, 47436556, 47702966, 47968560, 48233792, 48498140, 48776056, 49266225, 49537754, 49803911, 50082544, 50574751, 50846238, 51111953, 51389789, 51896731, 52175360, 52445452, 52936172, 53214015, 53478585, 53744389, 54010891, 54278927, 54552348, 55022945, 55296347, 55564252, 55830643, 56095279, 56372876, 56880382, 57159634, 57430880, 57901562, 58182945, 58458556, 58722535, 58988083, 59254479, 59522443, 59795886, 60264778, 60538235, 60806226, 61072568, 61338092, 61602128, 61877777, 62159335, 62628813, 62901141, 63168279, 63433168, 63710792, 64217662, 64495881, 64762301, 65034854, 65508386, 65790377, 66067565, 66337753, 66829341]
  m=[1, 1, 1, 1, 1, 1, 1, 1, 1, 1, 1, 1, 2, 2, 1, 2, 1, 1, 1, 1, 1, 1, 1, 1, 2, 1, 1, 2, 1, 1, 1, 1, 1, 1, 1, 1, 2, 1, 1, 2, 1, 1, 1, 1, 1, 2, 1, 1, 2, 1, 1, 1, 1, 1, 1, 1, 1, 1, 1, 1, 2, 1, 1, 1, 1, 2, 2, 1, 1, 1, 1, 1, 1, 1, 1, 1, 1, 2, 1, 1, 1, 1, 2, 2, 1, 1, 1, 1, 1, 1, 1, 1, 1, 2, 1, 2, 2, 1, 1, 1, 1, 1, 1, 1, 1, 1, 2, 1, 1, 1, 1, 2, 1, 1, 2, 2, 1, 1, 1, 1, 2, 1, 1, 1, 2, 1, 1, 1, 1, 1, 1, 1, 1, 2, 2, 1, 1, 2, 1, 1, 1, 1, 1, 1, 2, 1, 1, 1, 1, 1, 1, 1, 1, 1, 1, 1, 1, 2, 1, 1, 1, 2, 1, 1, 1, 2, 2, 1, 1, 2, 1, 1, 1, 1, 1, 1, 1, 1, 1, 1, 1, 2, 2, 1, 1, 1, 2, 1, 1, 1, 1, 1, 1, 1, 1, 1, 1, 1, 1, 2, 1, 1, 1, 1, 1, 2, 2, 1, 1, 1, 1, 2, 1, 1, 2]
w=102400505550180663296/18889465931478623149863 [cg] doubles=42 n=214
  xk(2^-20 units)=[67100379, 268380, 535015, 807933, 1284103, 1566781, 1848667, 2343480, 2621902, 2887618, 3155479, 3428350, 3902497, 4184546, 4461340, 4727897, 5000663, 5475456, 5757449, 6034216, 6300709, 6573426, 7046754, 7328599, 7604972, 7870665, 8142276, 8634168, 8912765, 9178591, 9446533, 9719485, 10193739, 10475829, 10752655, 11019220, 11292030, 11766596, 12048603, 12325375, 12591950, 12864833, 13341039, 13623441, 13901405, 14172946, 14649065, 14931013, 15208324, 15478706, 15970726, 16248853, 16513775, 16780169, 17047730, 17320382, 17792861, 18074614, 18350807, 18615901, 18883373, 19155947, 19627035, 19908662, 20184478, 20448752, 20714803, 20982255, 21254765, 21726183, 22007989, 22284133, 22549254, 22816830, 23089540, 23563384, 23845368, 24122080, 24388491, 24661087, 25132697, 25414399, 25690352, 25954932, 26221430, 26489502, 26763039, 27233680, 27507210, 27775302, 28041805, 28307625, 28572281, 28850283, 29342092, 29612243, 29889283, 30170877, 30647761, 30932048, 31441532, 31719377, 31984262, 32250808, 32518730, 32792018, 33265158, 33537428, 33817284, 34325589, 34603366, 34868170, 35134747, 35402857, 35676362, 36146612, 36420114, 36688164, 36954730, 37219532, 37497320, 38005467, 38285320, 38557649, 39030211, 39303541, 39571422, 39837782, 40103334, 40368533, 40632754, 40910554, 41400006, 41671161, 41936566, 42214346, 42721408, 43000135, 43270357, 43761358, 44039252, 44303705, 44569478, 44835963, 45103957, 45377383, 45848642, 46122051, 46390056, 46655284, 46931361, 47212636, 47687227, 47968885, 48246430, 48517568, 48991338, 49272978, 49549156, 49814257, 50081810, 50354494, 50828125, 51110218, 51387523, 51657901, 52150227, 52428418, 52693435, 52959934, 53227584, 53500327, 53973850, 54255883, 54532722, 54799329, 55072076, 55545504, 55827410, 56103776, 56369221, 56637321, 56910822, 57383297, 57656785, 57923639, 58200403, 58481897, 58956818, 59238224, 59514701, 59780941, 60053530, 60527419, 60809432, 61086250, 61352835, 61625634, 62100110, 62382156, 62658971, 62925517, 63198304, 63672729, 63954760, 64231587, 64498117, 64770884, 65245372, 65527377, 65804180, 66070696, 66343475, 66818328]
  m=[2, 1, 1, 1, 1, 2, 1, 2, 1, 1, 1, 1, 1, 2, 1, 1, 1, 1, 2, 1, 1, 1, 1, 2, 1, 1, 1, 2, 1, 1, 1, 1, 1, 2, 1, 1, 1, 1, 2, 1, 1, 1, 1, 2, 1, 1, 1, 2, 1, 1, 2, 1, 1, 1, 1, 1, 1, 2, 1, 1, 1, 1, 1, 2, 1, 1, 1, 1, 1, 1, 2, 1, 1, 1, 1, 1, 2, 1, 1, 1, 1, 2, 1, 1, 1, 1, 1, 1, 1, 1, 1, 1, 1, 2, 1, 1, 2, 1, 1, 2, 2, 1, 1, 1, 1, 1, 1, 1, 2, 2, 1, 1, 1, 1, 1, 1, 1, 1, 1, 1, 2, 2, 1, 1, 1, 1, 1, 1, 1, 1, 1, 2, 1, 1, 1, 2, 2, 1, 1, 2, 1, 1, 1, 1, 1, 1, 1, 1, 1, 1, 2, 1, 1, 2, 1, 1, 1, 2, 1, 1, 1, 1, 1, 2, 1, 1, 2, 1, 1, 1, 1, 1, 1, 2, 1, 1, 1, 1, 2, 1, 1, 1, 1, 1, 1, 1, 2, 1, 1, 2, 1, 1, 1, 1, 2, 1, 1, 1, 1, 2, 1, 1, 1, 1, 2, 1, 1, 1, 1, 2, 1, 1, 1, 1]
w=25319483960017698816/6296488643826207716621 [cg] doubles=45 n=211
  xk(2^-20 units)=[14806, 288216, 761506, 1035067, 1302121, 1579179, 1861285, 2335464, 2608186, 2875743, 3141957, 3406753, 3684613, 4177238, 4460463, 4968179, 5245686, 5510224, 5776585, 6044473, 6317878, 6790098, 7063589, 7331692, 7598304, 7863280, 8141314, 8634171, 8917461, 9425770, 9703793, 9969340, 10237374, 10510859, 10982822, 11256283, 11524324, 11790753, 12056421, 12320809, 12598514, 13090103, 13373207, 13879972, 14157247, 14421315, 14686778, 14953127, 15221045, 15494415, 15965327, 16238684, 16506691, 16772153, 17050085, 17557522, 17836088, 18103078, 18376497, 18848439, 19121834, 19389867, 19656363, 19922092, 20186564, 20464305, 20956446, 21239713, 21747989, 22026025, 22291583, 22559714, 22833177, 23305717, 23579159, 23846082, 24124596, 24632129, 24910050, 25175501, 25443497, 25716816, 26189042, 26462608, 26730839, 26997540, 27262598, 27540685, 28034013, 28317427, 28825676, 29103734, 29369268, 29637302, 29910823, 30384620, 30658138, 30925035, 31201891, 31483548, 31961521, 32245896, 32755902, 33034173, 33299980, 33568225, 33841764, 34314370, 34587941, 34856093, 35121603, 35397991, 35679877, 36152976, 36425671, 36693408, 36958995, 37237285, 37732174, 38015688, 38525352, 38804301, 39074678, 39566036, 39843961, 40108473, 40374150, 40640332, 40907899, 41180574, 41654028, 41936169, 42213479, 42483850, 42976158, 43254509, 43519831, 43786691, 44054921, 44328561, 44800239, 45073835, 45342094, 45608946, 45874133, 46152301, 46646407, 46928208, 47210817, 47686093, 47958888, 48226550, 48493064, 48758062, 49036178, 49528076, 49798389, 50077225, 50584861, 50863198, 51129618, 51402125, 51875221, 52156887, 52433034, 52698084, 52965598, 53238222, 53710625, 53992387, 54268698, 54534340, 54805781, 55296931, 55575094, 55840052, 56106402, 56373924, 56646518, 57118696, 57400579, 57677035, 57942585, 58210723, 58484211, 58955504, 59228966, 59497055, 59763558, 60029251, 60293678, 60571422, 61063397, 61346591, 61853968, 62131502, 62396018, 62662352, 62930320, 63203726, 63675947, 63949455, 64217572, 64484190, 64749134, 65027147, 65520306, 65803643, 66312054, 66590067, 66855622]
  m=[1, 1, 1, 1, 1, 2, 1, 1, 1, 1, 1, 1, 2, 1, 2, 2, 1, 1, 1, 1, 1, 1, 1, 1, 1, 1, 2, 1, 2, 2, 1, 1, 1, 1, 1, 1, 1, 1, 1, 1, 2, 1, 2, 2, 1, 1, 1, 1, 1, 1, 1, 1, 1, 1, 2, 2, 1, 1, 1, 1, 1, 1, 1, 1, 1, 2, 1, 2, 2, 1, 1, 1, 1, 1, 1, 1, 2, 2, 1, 1, 1, 1, 1, 1, 1, 1, 1, 2, 1, 2, 2, 1, 1, 1, 1, 1, 1, 1, 2, 1, 1, 2, 2, 1, 1, 1, 1, 1, 1, 1, 1, 2, 1, 1, 1, 1, 1, 2, 1, 2, 2, 1, 1, 2, 1, 1, 1, 1, 1, 1, 1, 2, 1, 1, 2, 1, 1, 1, 1, 1, 1, 1, 1, 1, 1, 2, 1, 2, 1, 1, 1, 1, 1, 1, 2, 1, 1, 2, 2, 1, 1, 1, 1, 2, 1, 1, 1, 1, 1, 2, 1, 1, 1, 2, 1, 1, 1, 1, 1, 1, 2, 1, 1, 1, 1, 1, 1, 1, 1, 1, 1, 2, 1, 2, 2, 1, 1, 1, 1, 1, 1, 1, 1, 1, 1, 2, 1, 2, 2, 1, 1]
w=21496761493775581184/6296488643826207716621 [cg] doubles=43 n=213
  xk(2^-20 units)=[67102420, 270835, 552829, 1026382, 1298921, 1565352, 1843635, 2350559, 2628460, 2893834, 3161752, 3435118, 3905933, 4179444, 4447463, 4714013, 4979854, 5244416, 5522300, 6012424, 6282291, 6560751, 7065821, 7342723, 7606198, 7870919, 8136212, 8402385, 8670195, 8943605, 9413837, 9687320, 9955327, 10220795, 10498721, 11006398, 11284954, 11551891, 11825264, 12296774, 12570264, 12838387, 13105045, 13370050, 13647973, 14157620, 14441944, 14920022, 15202192, 15483758, 15977813, 16255880, 16520998, 16787712, 17055840, 17329332, 17801306, 18074906, 18343173, 18609001, 18887330, 19397485, 19681851, 20159168, 20440807, 20717989, 20988366, 21481992, 21760726, 22026916, 22295361, 22568995, 23040737, 23314253, 23582362, 23848917, 24113547, 24389499, 24671137, 25142099, 25414419, 25680698, 25958914, 26465897, 26743813, 27009338, 27277378, 27550892, 28022365, 28295843, 28563985, 28830733, 29096008, 29374266, 29866879, 30137047, 30414078, 30695662, 31172595, 31456920, 31966265, 32244089, 32508951, 32775438, 33043431, 33316731, 33789743, 34061956, 34341779, 34850143, 35127906, 35392759, 35659264, 35927277, 36200780, 36671390, 36944853, 37212866, 37478408, 37756393, 38263921, 38542486, 38809488, 39082899, 39554462, 39827920, 40095949, 40362419, 40628180, 40892788, 41170671, 41662041, 41932312, 42211076, 42718982, 42997772, 43267999, 43758654, 44036385, 44300574, 44565759, 44831295, 45097689, 45365677, 45639156, 46108754, 46382165, 46650087, 46916370, 47181715, 47446548, 47710097, 47985520, 48266963, 48736199, 49008537, 49275902, 49540978, 49818758, 50326738, 50606091, 50877438, 51350287, 51631714, 51907466, 52171815, 52438291, 52709488, 53199075, 53477108, 53741670, 54007511, 54274090, 54542146, 54815651, 55286841, 55560187, 55828106, 56093424, 56371284, 56877551, 57155335, 57420631, 57688466, 57961786, 58433203, 58706749, 58974868, 59240321, 59516679, 59798461, 60271369, 60543941, 60810386, 61088699, 61596369, 61875219, 62145460, 62636468, 62914401, 63178978, 63444791, 63711283, 63979350, 64252975, 64724031, 64997524, 65265583, 65532003, 65797789, 66062395, 66340380, 66832144]
  m=[1, 2, 1, 1, 1, 1, 2, 2, 1, 1, 1, 1, 1, 1, 1, 1, 1, 1, 2, 1, 1, 2, 2, 1, 1, 1, 1, 1, 1, 1, 1, 1, 1, 1, 2, 2, 1, 1, 1, 1, 1, 1, 1, 1, 2, 2, 1, 1, 2, 1, 2, 1, 1, 1, 1, 1, 1, 1, 1, 1, 2, 2, 1, 1, 2, 1, 1, 2, 1, 1, 1, 1, 1, 1, 1, 1, 1, 2, 1, 1, 1, 1, 2, 2, 1, 1, 1, 1, 1, 1, 1, 1, 1, 2, 1, 1, 2, 1, 1, 2, 2, 1, 1, 1, 1, 1, 1, 1, 2, 2, 1, 1, 1, 1, 1, 1, 1, 1, 1, 2, 2, 1, 1, 1, 1, 1, 1, 1, 1, 1, 2, 1, 1, 2, 2, 1, 1, 2, 1, 1, 1, 1, 1, 1, 1, 1, 1, 1, 1, 1, 1, 1, 2, 1, 1, 1, 1, 1, 2, 2, 1, 1, 1, 2, 1, 1, 1, 1, 2, 1, 1, 1, 1, 1, 1, 1, 1, 1, 1, 2, 2, 1, 1, 1, 1, 1, 1, 1, 1, 2, 1, 1, 1, 1, 2, 2, 1, 1, 2, 1, 1, 1, 1, 1, 1, 1, 1, 1, 1, 1, 1, 2, 1]
w=21806528172846260224/6296488643826207716621 [cg] doubles=43 n=213
  xk(2^-20 units)=[67096004, 266625, 774865, 1052798, 1318475, 1589740, 2079776, 2357791, 2622469, 2888391, 3155054, 3423193, 3696722, 4167800, 4441229, 4709248, 4974732, 5252703, 5760489, 6039072, 6306050, 6579480, 7050453, 7323882, 7591905, 7858329, 8123926, 8387932, 8663586, 8945105, 9415647, 9688096, 9954532, 10232859, 10740681, 11019018, 11285562, 11558204, 12032587, 12314639, 12591982, 12862432, 13356208, 13634861, 13901103, 14172775, 14663668, 14941764, 15206517, 15472465, 15739132, 16007281, 16280823, 16752661, 17026215, 17294382, 17560042, 17838169, 18346661, 18626294, 18898041, 19374809, 19657061, 19935029, 20206738, 20684719, 20967003, 21244919, 21516364, 21990800, 22272455, 22548635, 22813764, 23081376, 23354133, 23827888, 24109938, 24386769, 24653346, 24926148, 25400821, 25682877, 25959707, 26226369, 26499255, 26975270, 27257676, 27535655, 27807295, 28283543, 28565502, 28842332, 29108920, 29381754, 29857615, 30139981, 30417973, 30689642, 31165958, 31447826, 31724585, 31991093, 32263727, 32736537, 33018305, 33294515, 33559677, 33827321, 34100050, 34574041, 34856136, 35133441, 35403747, 35895290, 36173279, 36437840, 36703537, 36969793, 37237435, 37510217, 37985029, 38267484, 38545520, 38817176, 39293222, 39575157, 39851953, 40118454, 40391135, 40865258, 41147272, 41424079, 41690657, 41963498, 42438191, 42720220, 42997070, 43263639, 43536412, 44011093, 44293229, 44570581, 44841094, 45334386, 45612916, 45878720, 46146562, 46419303, 46892291, 47174139, 47450416, 47715613, 47983291, 48256124, 48731429, 49013830, 49291791, 49563306, 50038361, 50320070, 50596399, 50862055, 51133471, 51624409, 51902607, 52167628, 52434095, 52701813, 52974546, 53448055, 53730126, 54006972, 54273553, 54546319, 55020907, 55302871, 55579594, 55846009, 56118639, 56590565, 56872244, 57148194, 57412765, 57679199, 57947161, 58220534, 58692387, 58965855, 59232947, 59511507, 60018866, 60296761, 60562334, 60833519, 61323064, 61601120, 61865778, 62131614, 62398231, 62666450, 62940039, 63411550, 63685174, 63953434, 64220196, 64485435, 64763794, 65255021, 65526378, 65791912, 66068166, 66349784, 66824439]
  m=[1, 2, 2, 1, 1, 1, 2, 1, 1, 1, 1, 1, 1, 1, 1, 1, 1, 2, 2, 1, 1, 1, 1, 1, 1, 1, 1, 1, 2, 1, 1, 1, 1, 2, 2, 1, 1, 1, 1, 2, 1, 1, 2, 1, 1, 1, 2, 1, 1, 1, 1, 1, 1, 1, 1, 1, 1, 2, 2, 1, 1, 1, 2, 1, 1, 1, 2, 1, 1, 1, 2, 1, 1, 1, 1, 1, 2, 1, 1, 1, 1, 2, 1, 1, 1, 1, 2, 1, 1, 1, 2, 1, 1, 1, 1, 2, 1, 1, 1, 2, 1, 1, 1, 1, 2, 1, 1, 1, 1, 1, 2, 1, 1, 2, 1, 1, 1, 1, 1, 1, 1, 2, 1, 1, 1, 2, 1, 1, 1, 1, 2, 1, 1, 1, 1, 2, 1, 1, 1, 1, 2, 1, 1, 2, 1, 1, 1, 1, 1, 2, 1, 1, 1, 1, 1, 2, 1, 1, 1, 2, 1, 1, 1, 2, 1, 1, 1, 1, 1, 1, 2, 1, 1, 1, 1, 2, 1, 1, 1, 1, 2, 1, 1, 1, 1, 1, 1, 1, 1, 2, 2, 1, 1, 1, 2, 1, 1, 1, 1, 1, 1, 1, 1, 1, 1, 1, 2, 1, 1, 1, 2, 1, 1]
w=164443396994740256768/18889465931478623149863 [cg] doubles=43 n=213
  xk(2^-20 units)=[27548, 503161, 774761, 1054252, 1562549, 1840518, 2106195, 2377449, 2867492, 3145488, 3410110, 3675884, 3942382, 4210486, 4483993, 4955121, 5228684, 5496766, 5763291, 6029051, 6293587, 6571491, 7061777, 7331897, 7610615, 8117841, 8395744, 8661233, 8929258, 9202617, 9674454, 9947786, 10214703, 10493254, 11000934, 11278886, 11544369, 11812334, 12085822, 12556441, 12829881, 13097878, 13364308, 13629989, 13894343, 14171911, 14680894, 14965159, 15442989, 15725157, 16006799, 16500877, 16778989, 17044123, 17310858, 17579034, 17852557, 18323860, 18597361, 18865509, 19132120, 19397097, 19675017, 20184368, 20468611, 20945359, 21227031, 21504180, 21774529, 22267953, 22546694, 22812847, 23081298, 23354960, 23827692, 24101269, 24369457, 24636214, 24901463, 25179741, 25670673, 25941998, 26207590, 26485409, 26992329, 27271048, 27541232, 28032003, 28309904, 28574439, 28840200, 29106664, 29374724, 29648318, 30119191, 30392645, 30660681, 30927095, 31192860, 31457435, 31735357, 32227237, 32497510, 32774720, 33056767, 33530394, 33802939, 34069439, 34347682, 34854800, 35132739, 35398196, 35666142, 35939551, 36410547, 36683964, 36951956, 37218427, 37483251, 37760950, 38269132, 38548949, 38821209, 39294069, 39567367, 39835325, 40101798, 40367552, 40632173, 40910126, 41399883, 41671014, 41936460, 42214217, 42721184, 42999849, 43270009, 43760201, 44037859, 44301956, 44567021, 44832484, 45098793, 45366723, 45640128, 46110307, 46383747, 46651729, 46918094, 47183635, 47448832, 47712963, 47990736, 48479207, 48750263, 49016648, 49281164, 49558640, 50066114, 50345408, 50616635, 51087651, 51368978, 51644500, 51908362, 52173810, 52440147, 52708166, 52981631, 53451361, 53724753, 53992593, 54258845, 54523402, 54800887, 55307712, 55586165, 55853027, 56126424, 56596916, 56870352, 57138328, 57404685, 57670228, 57934263, 58209919, 58491513, 58961788, 59234437, 59502122, 59767662, 60046056, 60541334, 60824939, 61335478, 61618941, 62111882, 62389748, 62654267, 62920077, 63186610, 63454719, 63728285, 64199283, 64472774, 64740905, 65007377, 65273152, 65537779, 65815759, 66307180, 66577382, 66854529]
  m=[1, 1, 1, 2, 2, 1, 1, 1, 2, 1, 1, 1, 1, 1, 1, 1, 1, 1, 1, 1, 1, 2, 1, 1, 2, 2, 1, 1, 1, 1, 1, 1, 1, 2, 2, 1, 1, 1, 1, 1, 1, 1, 1, 1, 1, 2, 2, 1, 1, 2, 1, 2, 1, 1, 1, 1, 1, 1, 1, 1, 1, 1, 2, 2, 1, 1, 2, 1, 1, 2, 1, 1, 1, 1, 1, 1, 1, 1, 1, 2, 1, 1, 1, 2, 2, 1, 1, 2, 1, 1, 1, 1, 1, 1, 1, 1, 1, 1, 1, 1, 2, 1, 1, 2, 1, 1, 1, 1, 2, 2, 1, 1, 1, 1, 1, 1, 1, 1, 1, 2, 2, 1, 1, 1, 1, 1, 1, 1, 1, 2, 1, 1, 1, 2, 2, 1, 1, 2, 1, 1, 1, 1, 1, 1, 1, 1, 1, 1, 1, 1, 1, 1, 2, 1, 1, 1, 1, 2, 2, 1, 1, 1, 2, 1, 1, 1, 1, 1, 1, 1, 1, 1, 1, 1, 2, 2, 1, 1, 1, 1, 1, 1, 1, 1, 1, 2, 1, 1, 1, 1, 1, 2, 1, 2, 2, 1, 2, 1, 1, 1, 1, 1, 1, 1, 1, 1, 1, 1, 1, 2, 1, 1, 2]
w=4989740878373394432/6296488643826207716621 [cg] doubles=17 n=239
  xk(2^-20 units)=[226779, 495098, 762908, 1030291, 1297297, 1564011, 1830454, 2096643, 2362655, 2628503, 2893313, 3171360, 3677400, 3955508, 4220405, 4486424, 4752622, 5019060, 5285788, 5552870, 5820283, 6088151, 6356523, 6625462, 6895091, 7165429, 7436592, 7708599, 7981455, 8255067, 8529275, 8803869, 9078594, 9353156, 9627340, 9900986, 10174020, 10446393, 10718206, 10989507, 11260418, 11531079, 11801656, 12072266, 12343131, 12614360, 12886172, 13158733, 13432173, 13706620, 13982112, 14258551, 14535647, 14813013, 15090158, 15366612, 15642016, 15916213, 16189180, 16460963, 16731663, 17001445, 17270415, 17538727, 17806503, 18073824, 18340787, 18607469, 18873941, 19139310, 19417770, 19924937, 20203473, 20468980, 20735686, 21002698, 21270128, 21538092, 21806743, 22076216, 22346736, 22618469, 22891642, 23166421, 23442896, 23721018, 24000499, 24280857, 24561494, 24841863, 25121622, 25400749, 25679416, 25957868, 26236453, 26515529, 26795263, 27075659, 27356539, 27637302, 27917288, 28195886, 28472723, 28747723, 29020970, 29292643, 29562965, 29832142, 30100398, 30367904, 30634764, 30901157, 31167114, 31432791, 31697239, 31974937, 32479635, 32756866, 33020417, 33284832, 33549178, 33812568, 34089561, 34593343, 34870254, 35133647, 35397068, 35674101, 36178541, 36456087, 36720327, 36985733, 37251415, 37517447, 37783896, 38050934, 38318625, 38587253, 38856988, 39128108, 39400894, 39675683, 39952648, 40231846, 40512993, 40795361, 41077990, 41360051, 41641164, 41921323, 42200854, 42480172, 42759881, 43040342, 43321806, 43604210, 43886969, 44169179, 44449872, 44728442, 45004719, 45278814, 45550994, 45821577, 46090847, 46359045, 46626403, 46893161, 47159379, 47425198, 47690701, 47955932, 48220039, 48497424, 49001510, 49278290, 49540505, 49817203, 50320944, 50597937, 50861576, 51126411, 51390693, 51668709, 52159456, 52431186, 52697275, 52975571, 53481833, 53759440, 54023690, 54288948, 54554334, 54819947, 55085830, 55352086, 55618756, 55885963, 56153881, 56422625, 56692357, 56963261, 57235539, 57509317, 57784656, 58061391, 58339176, 58617425, 58895457, 59172640, 59448617, 59723232, 59996568, 60268731, 60539942, 60810372, 61080240, 61349758, 61619076, 61888372, 62157801, 62427529, 62697680, 62968403, 63239825, 63512048, 63785137, 64059113, 64333854, 64609185, 64884791, 65160297, 65435338, 65709620, 65982962, 66255322, 66526674, 66797106, 67066739]
  m=[1, 1, 1, 1, 1, 1, 1, 1, 1, 1, 1, 2, 2, 1, 1, 1, 1, 1, 1, 1, 1, 1, 1, 1, 1, 1, 1, 1, 1, 1, 1, 1, 1, 1, 1, 1, 1, 1, 1, 1, 1, 1, 1, 1, 1, 1, 1, 1, 1, 1, 1, 1, 1, 1, 1, 1, 1, 1, 1, 1, 1, 1, 1, 1, 1, 1, 1, 1, 1, 1, 2, 2, 1, 1, 1, 1, 1, 1, 1, 1, 1, 1, 1, 1, 1, 1, 1, 1, 1, 1, 1, 1, 1, 1, 1, 1, 1, 1, 1, 1, 1, 1, 1, 1, 1, 1, 1, 1, 1, 1, 1, 1, 1, 1, 1, 2, 2, 1, 1, 1, 1, 1, 2, 2, 1, 1, 1, 2, 2, 1, 1, 1, 1, 1, 1, 1, 1, 1, 1, 1, 1, 1, 1, 1, 1, 1, 1, 1, 1, 1, 1, 1, 1, 1, 1, 1, 1, 1, 1, 1, 1, 1, 1, 1, 1, 1, 1, 1, 1, 1, 1, 1, 1, 2, 2, 1, 1, 2, 2, 1, 1, 1, 1, 2, 1, 1, 1, 2, 2, 1, 1, 1, 1, 1, 1, 1, 1, 1, 1, 1, 1, 1, 1, 1, 1, 1, 1, 1, 1, 1, 1, 1, 1, 1, 1, 1, 1, 1, 1, 1, 1, 1, 1, 1, 1, 1, 1, 1, 1, 1, 1, 1, 1, 1, 1, 1, 1, 1, 1]
w=14883662703708012544/6296488643826207716621 [cg] doubles=46 n=210
  xk(2^-20 units)=[8321, 276379, 549862, 1023691, 1297343, 1565654, 1831611, 2110045, 2604313, 2887786, 3396407, 3674488, 3940045, 4208129, 4481620, 4954706, 5228249, 5496383, 5763046, 6028060, 6306031, 6799327, 7082689, 7591104, 7869092, 8134628, 8402729, 8676179, 9149320, 9422823, 9690881, 9957539, 10222518, 10500541, 10993798, 11277158, 11785566, 12063581, 12329121, 12597177, 12870678, 13342998, 13616489, 13884528, 14149960, 14426329, 14708147, 15180935, 15453544, 15721086, 15987323, 16252062, 16529943, 17022610, 17305905, 17813577, 18091137, 18355813, 18622220, 18890204, 19163690, 19635134, 19908543, 20176555, 20442014, 20719955, 21227535, 21506067, 21773008, 22046416, 22518276, 22791726, 23059798, 23326258, 23591989, 23856439, 24134154, 24626229, 24909516, 25417856, 25695896, 25961434, 26229517, 26502975, 26975584, 27248988, 27515883, 27794428, 28301866, 28579810, 28845272, 29113256, 29386659, 29858708, 30132268, 30400456, 30667138, 30932223, 31210298, 31703025, 31986288, 32493823, 32771421, 33036029, 33302438, 33570429, 33843845, 34315620, 34589114, 34857241, 35122694, 35399034, 35680900, 36153746, 36426457, 36694168, 36959709, 37237993, 37732696, 38016201, 38525855, 38804833, 39075223, 39566415, 39844340, 40108825, 40374455, 40640637, 40908241, 41180965, 41654439, 41936536, 42213751, 42483939, 42975365, 43253387, 43518102, 43783964, 44050539, 44318710, 44592217, 45063299, 45336875, 45605087, 45871882, 46137053, 46415197, 46909149, 47190916, 47473551, 47948364, 48221185, 48488847, 48755113, 49020779, 49285277, 49563180, 50054233, 50324510, 50603337, 51111312, 51389671, 51656301, 51929100, 52405323, 52687703, 52965749, 53237391, 53715106, 53997390, 54275326, 54546892, 55022851, 55304739, 55581508, 55848074, 56120827, 56595495, 56877544, 57154866, 57425285, 57917822, 58196163, 58461420, 58728238, 58996478, 59270055, 59742610, 60016177, 60284396, 60551123, 60816191, 61094224, 61587344, 61870677, 62379038, 62657079, 62922660, 63190709, 63464154, 63937281, 64210802, 64478982, 64745624, 65010600, 65288617, 65781779, 66065155, 66573570, 66851616]
  m=[1, 1, 1, 1, 1, 1, 1, 2, 1, 2, 2, 1, 1, 1, 1, 1, 1, 1, 1, 1, 2, 1, 2, 2, 1, 1, 1, 1, 1, 1, 1, 1, 1, 2, 1, 2, 2, 1, 1, 1, 1, 1, 1, 1, 1, 2, 1, 1, 1, 1, 1, 1, 2, 1, 2, 2, 1, 1, 1, 1, 1, 1, 1, 1, 1, 2, 2, 1, 1, 1, 1, 1, 1, 1, 1, 1, 2, 1, 2, 2, 1, 1, 1, 1, 1, 1, 1, 2, 2, 1, 1, 1, 1, 1, 1, 1, 1, 1, 2, 1, 2, 2, 1, 1, 1, 1, 1, 1, 1, 1, 1, 2, 1, 1, 1, 1, 1, 2, 1, 2, 2, 1, 1, 2, 1, 1, 1, 1, 1, 1, 1, 2, 1, 1, 2, 1, 1, 1, 1, 1, 1, 1, 1, 1, 1, 1, 2, 1, 2, 1, 1, 1, 1, 1, 1, 1, 2, 1, 1, 2, 2, 1, 1, 1, 1, 2, 1, 1, 1, 2, 1, 1, 1, 2, 1, 1, 1, 1, 2, 1, 1, 2, 1, 1, 1, 1, 1, 1, 1, 1, 1, 1, 2, 1, 2, 2, 1, 1, 1, 1, 1, 1, 1, 1, 1, 2, 1, 2, 2, 1]
w=5380290359202136064/6296488643826207716621 [cg] doubles=41 n=215
  xk(2^-20 units)=[67103214, 277370, 768541, 1046030, 1309997, 1575018, 1840482, 2106781, 2374725, 2648187, 3118428, 3391951, 3660103, 3926834, 4192945, 4458986, 4725424, 4993129, 5265799, 5737338, 6019181, 6295469, 6561054, 6832385, 7322413, 7600312, 7864677, 8130190, 8396240, 8663636, 8936221, 9408241, 9690101, 9966401, 10231929, 10503212, 10993312, 11271338, 11535971, 11801747, 12068227, 12336307, 12609776, 13080267, 13353755, 13621769, 13888192, 14152655, 14428524, 14710122, 15181226, 15453589, 15719905, 15998047, 16504672, 16782489, 17048020, 17319169, 17808956, 18086859, 18351263, 18616691, 18882748, 19150165, 19422672, 19893117, 20174824, 20450783, 20715353, 20981817, 21249870, 21523328, 21992861, 22266283, 22534277, 22800645, 23066211, 23330212, 23605897, 23887391, 24357098, 24629418, 24895675, 25173876, 25680833, 25958749, 26224154, 26492073, 26765409, 27236165, 27509656, 27777706, 28044235, 28310100, 28574638, 28852526, 29342698, 29612650, 29891234, 30397289, 30674683, 30939160, 31205448, 31473359, 31746775, 32217536, 32490940, 32758953, 33025469, 33291284, 33555896, 33833921, 34324244, 34595604, 34862388, 35127448, 35405554, 35897286, 36167605, 36446357, 36953688, 37231565, 37497234, 37768625, 38260591, 38539279, 38805629, 39077471, 39570445, 39849197, 40115366, 40383793, 40657385, 41131133, 41404624, 41671724, 41950428, 42458816, 42737728, 43008227, 43500788, 43779294, 44045051, 44313023, 44585838, 45060583, 45342689, 45619961, 45890307, 46382507, 46660809, 46926021, 47192818, 47461036, 47734616, 48206740, 48480309, 48748473, 49015310, 49280476, 49558693, 50050841, 50321168, 50600005, 51107957, 51386776, 51657000, 52148328, 52426279, 52690872, 52956712, 53223216, 53491232, 53764682, 54235733, 54509108, 54777083, 55042524, 55320426, 55827434, 56105617, 56371865, 56644142, 57113806, 57395364, 57671025, 57935069, 58200663, 58467032, 58734996, 59008437, 59477697, 59751228, 60019235, 60285645, 60551161, 60815137, 61090815, 61372342, 61842788, 62115276, 62381724, 62660117, 63169102, 63448674, 63720295, 64196126, 64477927, 64754928, 65024965, 65515580, 65792988, 66056657, 66320040, 66596890]
  m=[2, 1, 2, 1, 1, 1, 1, 1, 1, 1, 1, 1, 1, 1, 1, 1, 1, 1, 1, 1, 2, 1, 1, 1, 2, 1, 1, 1, 1, 1, 1, 1, 2, 1, 1, 1, 2, 1, 1, 1, 1, 1, 1, 1, 1, 1, 1, 1, 2, 1, 1, 1, 1, 2, 2, 1, 1, 1, 2, 1, 1, 1, 1, 1, 1, 1, 2, 1, 1, 1, 1, 1, 1, 1, 1, 1, 1, 1, 2, 1, 1, 1, 1, 2, 2, 1, 1, 1, 1, 1, 1, 1, 1, 1, 1, 2, 1, 1, 2, 2, 1, 1, 1, 1, 1, 1, 1, 1, 1, 1, 1, 2, 1, 1, 1, 1, 2, 1, 1, 2, 2, 1, 1, 1, 2, 1, 1, 1, 2, 1, 1, 1, 1, 1, 1, 1, 2, 2, 1, 1, 2, 1, 1, 1, 1, 1, 2, 1, 1, 2, 1, 1, 1, 1, 1, 1, 1, 1, 1, 1, 2, 1, 1, 2, 2, 1, 1, 2, 1, 1, 1, 1, 1, 1, 1, 1, 1, 1, 2, 2, 1, 1, 1, 1, 2, 1, 1, 1, 1, 1, 1, 1, 1, 1, 1, 1, 1, 2, 1, 1, 1, 1, 2, 2, 1, 1, 1, 2, 1, 1, 2, 1, 1, 1, 2]
w=100288716484032905216/18889465931478623149863 [cg] doubles=41 n=215
  xk(2^-20 units)=[67092057, 260744, 524660, 788480, 1065813, 1557063, 1840153, 2347501, 2625105, 2889720, 3156101, 3424096, 3697581, 4168096, 4441630, 4709875, 4976664, 5242845, 5508940, 5775528, 6043314, 6316089, 6788875, 7070991, 7348306, 7618604, 8110136, 8388157, 8652821, 8918697, 9185208, 9453278, 9726776, 10196771, 10470276, 10738304, 11004732, 11270277, 11534246, 11809907, 12091433, 12561398, 12833835, 13100213, 13378543, 13886655, 14165260, 14432312, 14705753, 15178350, 15451758, 15719881, 15986442, 16251428, 16529453, 17022200, 17305442, 17812731, 18090208, 18354580, 18620636, 18888089, 19160780, 19634337, 19916366, 20193631, 20463953, 20956290, 21234541, 21499727, 21766443, 22034631, 22308135, 22779488, 23053015, 23321103, 23587615, 23853407, 24117874, 24395750, 24886229, 25156292, 25434961, 25941621, 26219223, 26484202, 26751605, 27024144, 27496540, 27778270, 28054498, 28319976, 28591255, 29081518, 29359462, 29623956, 29889708, 30156189, 30424166, 30697617, 31168440, 31441922, 31709952, 31976429, 32242228, 32506844, 32784840, 33274685, 33545912, 33812491, 34078173, 34342642, 34620527, 35112286, 35382711, 35661647, 36170921, 36450540, 36722289, 37199497, 37481696, 37759541, 38030927, 38505852, 38787567, 39063858, 39329282, 39597287, 39870701, 40342234, 40615700, 40883756, 41149212, 41427082, 41934216, 42212924, 42483074, 42973576, 43251489, 43516036, 43781781, 44048285, 44316348, 44589867, 45061036, 45334520, 45602597, 45868011, 46144352, 46426223, 46898282, 47170864, 47438410, 47704767, 47970657, 48236597, 48503409, 48774807, 49264419, 49542100, 49806133, 50070186, 50347749, 50838826, 51109059, 51387791, 51895690, 52174370, 52444511, 52934809, 53212471, 53476598, 53741679, 54007162, 54273510, 54541426, 54814840, 55285002, 55558322, 55826167, 56092376, 56356813, 56634194, 57140422, 57418471, 57684553, 57956786, 58426434, 58707948, 58983574, 59247521, 59513012, 59779350, 60047213, 60320632, 60789980, 61063441, 61331423, 61597787, 61863391, 62128599, 62392779, 62670592, 63159107, 63430116, 63696446, 63960830, 64238281, 64745837, 65025236, 65296675, 65771687, 66053477, 66330508, 66600627]
  m=[2, 1, 1, 1, 2, 1, 2, 2, 1, 1, 1, 1, 1, 1, 1, 1, 1, 1, 1, 1, 1, 1, 1, 2, 1, 1, 2, 1, 1, 1, 1, 1, 1, 1, 1, 1, 1, 1, 1, 2, 1, 1, 1, 1, 2, 2, 1, 1, 1, 1, 1, 1, 1, 1, 2, 1, 2, 2, 1, 1, 1, 1, 1, 1, 2, 1, 1, 2, 1, 1, 1, 1, 1, 1, 1, 1, 1, 1, 1, 2, 1, 1, 2, 2, 1, 1, 1, 1, 1, 2, 1, 1, 1, 2, 1, 1, 1, 1, 1, 1, 1, 1, 1, 1, 1, 1, 2, 1, 1, 1, 1, 1, 2, 1, 1, 2, 2, 1, 1, 1, 2, 1, 1, 1, 2, 1, 1, 1, 1, 1, 1, 1, 1, 2, 2, 1, 1, 2, 1, 1, 1, 1, 1, 1, 1, 1, 1, 1, 2, 1, 1, 1, 1, 1, 1, 1, 1, 1, 2, 1, 1, 1, 2, 1, 1, 2, 2, 1, 1, 2, 1, 1, 1, 1, 1, 1, 1, 1, 1, 1, 1, 1, 2, 2, 1, 1, 1, 1, 2, 1, 1, 1, 1, 1, 1, 1, 1, 1, 1, 1, 1, 1, 2, 1, 1, 1, 1, 2, 2, 1, 1, 1, 2, 1, 1]
w=2488873871490000896/6296488643826207716621 [cg] doubles=47 n=209
  xk(2^-20 units)=[236136, 518456, 796466, 1068134, 1544449, 1826453, 2103355, 2370062, 2643021, 3119503, 3401926, 3679959, 3951634, 4428137, 4710148, 4987061, 5253765, 5526713, 6003095, 6285534, 6563583, 6835266, 7311892, 7593889, 7870779, 8137494, 8410471, 8886772, 9169239, 9447282, 9718948, 10195587, 10477573, 10754454, 11021165, 11294137, 11770540, 12053028, 12331141, 12602929, 13081073, 13363401, 13641413, 13913070, 14389377, 14671376, 14948275, 15214984, 15487931, 15964423, 16246841, 16524877, 16796560, 17273052, 17555064, 17831974, 18098680, 18371634, 18848013, 19130456, 19408498, 19680163, 20156771, 20438769, 20715662, 20982365, 21255337, 21731640, 22014097, 22292146, 22563824, 23040456, 23322439, 23599325, 23866040, 24139010, 24615426, 24897912, 25176032, 25447831, 25925978, 26208312, 26486328, 26757986, 27234304, 27516300, 27793201, 28059928, 28332870, 28809403, 29091823, 29369861, 29641543, 30118053, 30400073, 30676986, 30943699, 31216660, 31693017, 31975458, 32253509, 32525179, 33001787, 33283787, 33560677, 33827378, 34100340, 34576676, 34859110, 35137156, 35408848, 35885453, 36167462, 36444357, 36711074, 36984046, 37460348, 37742806, 38020855, 38292528, 38769170, 39051150, 39328030, 39594746, 39867703, 40344143, 40626620, 40904735, 41176532, 41654643, 41936978, 42214988, 42486662, 42962978, 43244979, 43521878, 43788559, 44061493, 44537842, 44820266, 45098288, 45369961, 45846529, 46128505, 46405371, 46672001, 46944840, 47419965, 47702134, 47979549, 48250136, 48743739, 49022408, 49288380, 49556484, 49829580, 50305855, 50588365, 50866430, 51138132, 51614816, 51896794, 52173665, 52440360, 52713302, 53189618, 53472108, 53750215, 54021992, 54500127, 54782451, 55060462, 55332132, 55808414, 56090410, 56367317, 56634027, 56906971, 57383492, 57665920, 57943951, 58215627, 58692085, 58974095, 59251012, 59517718, 59790679, 60267055, 60549492, 60827541, 61099225, 61575850, 61857842, 62134731, 62401439, 62674418, 63150725, 63433187, 63711228, 63982890, 64459523, 64741497, 65018381, 65285092, 65558057, 66034474, 66316954, 66595066, 66866846]
  m=[1, 2, 1, 1, 1, 2, 1, 1, 1, 1, 2, 1, 1, 1, 2, 1, 1, 1, 1, 2, 1, 1, 1, 2, 1, 1, 1, 1, 2, 1, 1, 1, 2, 1, 1, 1, 1, 2, 1, 1, 1, 2, 1, 1, 1, 2, 1, 1, 1, 1, 2, 1, 1, 1, 2, 1, 1, 1, 1, 2, 1, 1, 1, 2, 1, 1, 1, 1, 2, 1, 1, 1, 2, 1, 1, 1, 1, 2, 1, 1, 1, 2, 1, 1, 1, 2, 1, 1, 1, 1, 2, 1, 1, 1, 2, 1, 1, 1, 1, 2, 1, 1, 1, 2, 1, 1, 1, 1, 2, 1, 1, 1, 2, 1, 1, 1, 1, 2, 1, 1, 1, 2, 1, 1, 1, 1, 2, 1, 1, 1, 2, 1, 1, 1, 2, 1, 1, 1, 1, 2, 1, 1, 1, 2, 1, 1, 1, 1, 2, 1, 1, 2, 1, 1, 1, 1, 1, 2, 1, 1, 1, 2, 1, 1, 1, 1, 2, 1, 1, 1, 2, 1, 1, 1, 2, 1, 1, 1, 1, 2, 1, 1, 1, 2, 1, 1, 1, 1, 2, 1, 1, 1, 2, 1, 1, 1, 1, 2, 1, 1, 1, 2, 1, 1, 1, 1, 2, 1, 1]
w=13669051520273428480/18889465931478623149863 [cg] doubles=43 n=213
  xk(2^-20 units)=[245821, 517400, 796911, 1305238, 1583225, 1848912, 2120205, 2610263, 2888237, 3152866, 3418663, 3685106, 3953196, 4226679, 4697737, 4971344, 5239457, 5505965, 5771760, 6036283, 6314202, 6804454, 7074514, 7353222, 7860322, 8138217, 8403682, 8671722, 8945063, 9416905, 9690166, 9956986, 10235396, 10742227, 11019744, 11284267, 11550536, 11818487, 12091887, 12562532, 12836054, 13104163, 13370832, 13635770, 13913690, 14423232, 14707530, 15185419, 15467566, 15749179, 16243159, 16521273, 16786433, 17053171, 17321363, 17594896, 18065807, 18339236, 18607266, 18873678, 19139316, 19403654, 19681178, 20190025, 20474210, 20950917, 21232565, 21509656, 21780046, 22273450, 22552139, 22818290, 23086686, 23360288, 23832980, 24106599, 24374798, 24641575, 24906809, 25185095, 25676067, 25947417, 26212995, 26490806, 26997780, 27276507, 27546647, 28037557, 28315478, 28579995, 28845814, 29112295, 29380430, 29653962, 30125198, 30398767, 30666926, 30933651, 31198878, 31477102, 31969867, 32240220, 32517466, 32799507, 33272990, 33545589, 33812103, 34090412, 34597605, 34875535, 35141023, 35409003, 35682351, 36153409, 36426792, 36694769, 36961249, 37226062, 37503797, 38011949, 38291789, 38564027, 39036856, 39310148, 39578100, 39844576, 40110335, 40374937, 40652899, 41142660, 41413778, 41679256, 41957015, 42463929, 42742601, 43012711, 43502828, 43780517, 44044587, 44309688, 44575138, 44841459, 45109431, 45382861, 45852665, 46126077, 46393923, 46660198, 46925576, 47190500, 47455211, 47719034, 47996641, 48484868, 48755817, 49022256, 49286768, 49564270, 50071674, 50350936, 50622170, 51093048, 51374388, 51649890, 51913756, 52179177, 52445530, 52713540, 52987000, 53456694, 53730045, 53997869, 54264136, 54528654, 54806145, 55312858, 55591279, 55858116, 56131493, 56602400, 56875854, 57143964, 57410478, 57676340, 57941006, 58218979, 58708268, 58979447, 59245974, 59511547, 59775928, 60053727, 60547578, 60831112, 61341479, 61624968, 62118067, 62395873, 62660375, 62926126, 63192648, 63460732, 63734229, 64205588, 64479236, 64747424, 65014155, 65279362, 65557655, 66049834, 66320116, 66597276, 66879164]
  m=[1, 1, 2, 2, 1, 1, 1, 2, 1, 1, 1, 1, 1, 1, 1, 1, 1, 1, 1, 1, 2, 1, 1, 2, 2, 1, 1, 1, 1, 1, 1, 1, 2, 2, 1, 1, 1, 1, 1, 1, 1, 1, 1, 1, 2, 2, 1, 1, 2, 1, 2, 1, 1, 1, 1, 1, 1, 1, 1, 1, 1, 1, 2, 2, 1, 1, 2, 1, 1, 2, 1, 1, 1, 1, 1, 1, 1, 1, 1, 2, 1, 1, 1, 2, 2, 1, 1, 2, 1, 1, 1, 1, 1, 1, 1, 1, 1, 1, 1, 2, 1, 1, 2, 1, 1, 1, 1, 2, 2, 1, 1, 1, 1, 1, 1, 1, 1, 1, 2, 2, 1, 1, 1, 1, 1, 1, 1, 1, 2, 1, 1, 1, 2, 2, 1, 1, 2, 1, 1, 1, 1, 1, 1, 1, 1, 1, 1, 1, 1, 1, 1, 1, 2, 1, 1, 1, 1, 2, 2, 1, 1, 1, 2, 1, 1, 1, 1, 1, 1, 1, 1, 1, 1, 1, 2, 2, 1, 1, 1, 1, 1, 1, 1, 1, 1, 2, 1, 1, 1, 1, 1, 2, 1, 2, 2, 1, 2, 1, 1, 1, 1, 1, 1, 1, 1, 1, 1, 1, 2, 1, 1, 2, 1]
w=101268553246263083008/18889465931478623149863 [cg] doubles=42 n=214
  xk(2^-20 units)=[26344, 498800, 771010, 1050718, 1558166, 1835211, 2098752, 2362397, 2639776, 3128927, 3398827, 3677347, 4183822, 4461264, 4725803, 4992167, 5260067, 5533497, 6003606, 6277218, 6545588, 6812492, 7078912, 7345285, 7612141, 7880451, 8154059, 8625544, 8899128, 9166223, 9444864, 9953384, 10232255, 10502555, 10993719, 11271383, 11534744, 11812471, 12302907, 12574173, 12840664, 13105016, 13380714, 13662143, 14134965, 14406364, 14685769, 15194005, 15472005, 15737546, 16005633, 16279084, 16750788, 17024255, 17292238, 17558664, 17824383, 18088862, 18366635, 18858766, 19142017, 19650079, 19928116, 20193678, 20461757, 20735217, 21207710, 21481244, 21749369, 22016008, 22281021, 22559075, 23051871, 23333318, 23615307, 24091365, 24372924, 24649720, 24916557, 25190012, 25662067, 25935444, 26203410, 26469821, 26735538, 26999944, 27277655, 27769316, 28052418, 28558993, 28836271, 29100287, 29365658, 29631924, 29899894, 30173322, 30644059, 30917550, 31185567, 31451984, 31717716, 31982288, 32260202, 32751367, 33021438, 33298396, 33579854, 34055370, 34337298, 34618719, 35111226, 35388970, 35653414, 35919094, 36185497, 36453480, 36726917, 37197028, 37470452, 37738361, 38004631, 38268844, 38544376, 38825354, 39297482, 39578755, 39855548, 40125418, 40615482, 40893260, 41157550, 41422778, 41688367, 41954799, 42222826, 42496300, 42966531, 43240072, 43508202, 43774824, 44039766, 44317714, 44827258, 45111642, 45590607, 45874970, 46384069, 46661659, 46925966, 47191646, 47458078, 47726050, 47999489, 48469422, 48742856, 49010752, 49276938, 49542333, 49806204, 50083287, 50588814, 50867295, 51137189, 51627178, 51905058, 52169606, 52435439, 52701994, 52970103, 53243619, 53714578, 53988102, 54256327, 54523124, 54788361, 55066704, 55557868, 55829365, 56096291, 56361449, 56639730, 57130618, 57402133, 57669087, 57934263, 58212488, 58704958, 58975293, 59252534, 59534553, 60007730, 60280224, 60547647, 60813643, 61078025, 61355416, 61862653, 62141954, 62413203, 62885359, 63166852, 63442738, 63707298, 63973777, 64241863, 64515407, 64985243, 65258846, 65527130, 65794045, 66060433, 66326759, 66593576, 66861791]
  m=[1, 1, 1, 2, 2, 1, 1, 1, 2, 1, 1, 2, 2, 1, 1, 1, 1, 1, 1, 1, 1, 1, 1, 1, 1, 1, 1, 1, 1, 1, 2, 2, 1, 1, 2, 1, 1, 2, 1, 1, 1, 1, 2, 1, 1, 1, 2, 2, 1, 1, 1, 1, 1, 1, 1, 1, 1, 1, 2, 1, 2, 2, 1, 1, 1, 1, 1, 1, 1, 1, 1, 2, 1, 2, 1, 1, 2, 1, 1, 1, 1, 1, 1, 1, 1, 1, 2, 1, 2, 2, 1, 1, 1, 1, 1, 1, 1, 1, 1, 1, 1, 1, 2, 1, 1, 2, 1, 1, 2, 1, 2, 1, 1, 1, 1, 1, 1, 1, 1, 1, 1, 1, 2, 1, 1, 2, 1, 1, 2, 1, 1, 1, 1, 1, 1, 1, 1, 1, 1, 1, 1, 2, 2, 1, 1, 2, 2, 1, 1, 1, 1, 1, 1, 1, 1, 1, 1, 1, 1, 2, 2, 1, 1, 2, 1, 1, 1, 1, 1, 1, 1, 1, 1, 1, 1, 2, 1, 1, 1, 1, 2, 1, 1, 1, 1, 2, 1, 1, 2, 1, 1, 1, 1, 1, 1, 2, 2, 1, 1, 1, 2, 1, 1, 1, 1, 1, 1, 1, 1, 1, 1, 1, 1, 1]
w=61432364367215976448/18889465931478623149863 [cg] doubles=37 n=219
  xk(2^-20 units)=[4748, 271196, 543806, 1015572, 1297176, 1572985, 1837292, 2103316, 2370707, 2643241, 3114592, 3396408, 3672624, 3937727, 4205287, 4477915, 4949845, 5231629, 5507784, 5772861, 6040419, 6313014, 6785023, 7066811, 7342953, 7608019, 7875570, 8148173, 8620031, 8901842, 9178007, 9443074, 9710611, 9983214, 10455176, 10736960, 11013106, 11278173, 11545670, 11818224, 12290399, 12572179, 12848317, 13113345, 13380803, 13653321, 14124336, 14405985, 14681762, 14946028, 15212034, 15479399, 15751914, 16223480, 16505237, 16781401, 17046474, 17313956, 17586497, 18058819, 18340554, 18616701, 18881772, 19149236, 19421753, 19893925, 20175721, 20451949, 20717106, 20984709, 21257469, 21732495, 22014917, 22292928, 22564533, 23040087, 23321986, 23598729, 23865206, 24137862, 24610415, 24892169, 25168325, 25433405, 25700965, 25973605, 26445608, 26727385, 27003557, 27268650, 27536175, 27808781, 28280808, 28562582, 28838767, 29103852, 29371374, 29643992, 30116086, 30397863, 30674018, 30939079, 31206607, 31479229, 31951275, 32233066, 32509234, 32774296, 33041829, 33314447, 33786451, 34068248, 34344417, 34609471, 34876995, 35149602, 35621606, 35903405, 36179577, 36444626, 36712148, 36984762, 37456686, 37738496, 38014670, 38279717, 38547226, 38819829, 39291720, 39573530, 39849700, 40114737, 40382244, 40654836, 41126805, 41408602, 41684757, 41949818, 42217341, 42489906, 42961684, 43243493, 43519660, 43784727, 44052292, 44324974, 44797964, 45080003, 45356744, 45623169, 45895810, 46368259, 46650036, 46926233, 47191275, 47458737, 47731318, 48202931, 48484725, 48760940, 49026046, 49293527, 49566111, 50037898, 50319680, 50595886, 50860966, 51128458, 51401086, 51872876, 52154689, 52430899, 52695964, 52963453, 53236070, 53707885, 53989692, 54265905, 54530962, 54798438, 55071057, 55542926, 55824722, 56100930, 56366008, 56633490, 56906096, 57377994, 57659795, 57936012, 58201084, 58468561, 58741168, 59213037, 59494845, 59771064, 60036136, 60303618, 60576227, 61048115, 61329918, 61606140, 61871229, 62138746, 62411359, 62883310, 63165114, 63441314, 63706405, 63973925, 64246522, 64718234, 65000041, 65276258, 65541356, 65808915, 66081613, 66554815, 66836831]
  m=[1, 1, 1, 1, 2, 1, 1, 1, 1, 1, 1, 2, 1, 1, 1, 1, 1, 2, 1, 1, 1, 1, 1, 2, 1, 1, 1, 1, 1, 2, 1, 1, 1, 1, 1, 2, 1, 1, 1, 1, 1, 2, 1, 1, 1, 1, 1, 2, 1, 1, 1, 1, 1, 1, 2, 1, 1, 1, 1, 1, 2, 1, 1, 1, 1, 1, 2, 1, 1, 1, 1, 1, 2, 1, 1, 1, 2, 1, 1, 1, 1, 2, 1, 1, 1, 1, 1, 2, 1, 1, 1, 1, 1, 2, 1, 1, 1, 1, 1, 2, 1, 1, 1, 1, 1, 2, 1, 1, 1, 1, 1, 2, 1, 1, 1, 1, 1, 2, 1, 1, 1, 1, 1, 2, 1, 1, 1, 1, 1, 2, 1, 1, 1, 1, 1, 2, 1, 1, 1, 1, 1, 2, 1, 1, 1, 1, 1, 2, 1, 1, 1, 1, 2, 1, 1, 1, 1, 1, 2, 1, 1, 1, 1, 1, 2, 1, 1, 1, 1, 1, 2, 1, 1, 1, 1, 1, 2, 1, 1, 1, 1, 1, 2, 1, 1, 1, 1, 1, 2, 1, 1, 1, 1, 1, 2, 1, 1, 1, 1, 1, 2, 1, 1, 1, 1, 1, 2, 1, 1, 1, 1, 1, 2, 1, 1, 1, 1, 1, 2]
w=21606916161954156544/18889465931478623149863 [cg] doubles=44 n=212
  xk(2^-20 units)=[67099905, 269613, 777396, 1055387, 1320849, 1588871, 1862304, 2333094, 2606605, 2874719, 3141351, 3407259, 3671989, 3950070, 4440603, 4712032, 4978912, 5243991, 5522150, 6014185, 6284691, 6563679, 7072070, 7350758, 7617835, 7891319, 8363930, 8637411, 8905629, 9172356, 9437560, 9715818, 10208246, 10478571, 10755835, 11037911, 11511296, 11783926, 12051426, 12317479, 12581911, 12859381, 13366527, 13649673, 14141459, 14419213, 14683644, 14949378, 15215911, 15483960, 15757450, 16228076, 16501740, 16770050, 17036940, 17303287, 17569650, 17836510, 18104847, 18378497, 18850347, 19123872, 19390959, 19669618, 20178158, 20457104, 20727564, 21219408, 21497522, 21762569, 22029446, 22300879, 22792125, 23069924, 23333388, 23611134, 24101735, 24373048, 24638768, 24916844, 25425684, 25705519, 25977813, 26452785, 26726053, 26993030, 27271597, 27779561, 28057907, 28324370, 28596847, 29068062, 29349667, 29625574, 29890118, 30156685, 30424789, 30698336, 31169267, 31442824, 31711003, 31977761, 32242960, 32521253, 33013611, 33283984, 33561256, 33843383, 34316555, 34589191, 34856793, 35123083, 35388698, 35654133, 35919863, 36186501, 36457701, 36947533, 37225317, 37488787, 37766528, 38257445, 38528696, 38794313, 39072253, 39580620, 39863965, 40357863, 40636132, 40901673, 41169348, 41442063, 41915370, 42197184, 42473492, 42739059, 43010341, 43500352, 43778353, 44042995, 44308807, 44575367, 44843439, 45117012, 45587830, 45861403, 46129519, 46396065, 46661910, 46926589, 47204631, 47694816, 47966281, 48233197, 48498307, 48776575, 49267724, 49539213, 49806152, 50071306, 50349523, 50841660, 51111996, 51389267, 51671303, 52145624, 52418375, 52686043, 52952376, 53217274, 53495404, 53987006, 54257411, 54536282, 55044579, 55323125, 55590084, 55863461, 56337448, 56610893, 56877970, 57156580, 57664750, 57943593, 58213847, 58704024, 58981747, 59245886, 59510985, 59776409, 60042601, 60310167, 60582925, 61057157, 61339800, 61621595, 62115855, 62394044, 62659234, 62925955, 63194100, 63467594, 63939388, 64212953, 64480172, 64758898, 65267930, 65546657, 65813819, 66087314, 66559509, 66832894]
  m=[1, 2, 2, 1, 1, 1, 1, 1, 1, 1, 1, 1, 1, 2, 1, 1, 1, 1, 2, 1, 1, 2, 2, 1, 1, 1, 1, 1, 1, 1, 1, 2, 1, 1, 2, 1, 1, 1, 1, 1, 1, 2, 2, 1, 2, 1, 1, 1, 1, 1, 1, 1, 1, 1, 1, 1, 1, 1, 1, 1, 1, 1, 1, 2, 2, 1, 1, 2, 1, 1, 1, 1, 2, 1, 1, 2, 1, 1, 1, 2, 2, 1, 1, 1, 1, 1, 2, 2, 1, 1, 1, 1, 2, 1, 1, 1, 1, 1, 1, 1, 1, 1, 1, 2, 1, 1, 2, 1, 1, 1, 1, 1, 1, 1, 1, 1, 1, 2, 1, 1, 2, 1, 1, 1, 2, 2, 1, 2, 1, 1, 1, 1, 1, 2, 1, 1, 1, 2, 1, 1, 1, 1, 1, 1, 1, 1, 1, 1, 1, 1, 2, 1, 1, 1, 1, 2, 1, 1, 1, 1, 2, 1, 1, 2, 1, 1, 1, 1, 1, 1, 2, 1, 1, 2, 2, 1, 1, 1, 1, 1, 1, 2, 2, 1, 1, 2, 1, 1, 1, 1, 1, 1, 1, 1, 2, 1, 2, 1, 1, 1, 1, 1, 1, 1, 1, 2, 2, 1, 1, 1, 1, 1]
w=26820387410716438528/18889465931478623149863 [cg] doubles=45 n=211
  xk(2^-20 units)=[257927, 731213, 1004763, 1271791, 1548856, 1830976, 2305220, 2577950, 2845525, 3111749, 3376533, 3654411, 4147026, 4430232, 4937941, 5215487, 5480018, 5746387, 6014275, 6287668, 6759836, 7033369, 7301499, 7568108, 7833077, 8111132, 8603719, 8886930, 9394385, 9671930, 9936528, 10202866, 10470827, 10744262, 11216149, 11489677, 11757813, 12024446, 12289421, 12567421, 13059754, 13342894, 13849749, 14127049, 14391113, 14656581, 14922928, 15190885, 15464272, 15935330, 16208706, 16476709, 16742155, 17020097, 17527563, 17806083, 18073081, 18346468, 18818430, 19091841, 19359888, 19626370, 19892105, 20156586, 20434335, 20926470, 21209728, 21718001, 21996042, 22261578, 22529656, 22803138, 23275724, 23549146, 23816084, 24094611, 24602138, 24880040, 25145496, 25413477, 25686825, 26158964, 26432485, 26700691, 26967421, 27232461, 27510548, 28003637, 28286974, 28795127, 29073194, 29338760, 29606827, 29880371, 30354210, 30627820, 30896094, 31162028, 31440490, 31934681, 32218157, 32726860, 33004931, 33270494, 33538609, 33812131, 34283722, 34557235, 34825234, 35091680, 35356271, 35632166, 35913842, 36385467, 36658124, 36925845, 37191338, 37469649, 37964505, 38248010, 38757557, 39036546, 39306944, 39798410, 40076311, 40340826, 40606467, 40872666, 41140241, 41412945, 41886405, 42168513, 42445808, 42716158, 43208417, 43486742, 43752079, 44018927, 44287155, 44560762, 45032328, 45305914, 45574198, 45841021, 46106175, 46384310, 46878434, 47160250, 47442865, 47918203, 48190992, 48458656, 48725164, 48990167, 49268294, 49760229, 50030576, 50309425, 50817082, 51095377, 51361816, 51634333, 52107394, 52389086, 52665173, 52930222, 53197748, 53470303, 53942662, 54224422, 54500706, 54766334, 55037751, 55528897, 55807099, 56072065, 56338402, 56605919, 56878504, 57350741, 57632647, 57909105, 58174626, 58442755, 58716300, 59187648, 59461173, 59729198, 59995648, 60261360, 60525753, 60803480, 61295864, 61579135, 62087375, 62365389, 62630882, 62898906, 63172392, 63645436, 63918978, 64187115, 64453713, 64718703, 64996705, 65489965, 65773340, 66281736, 66559763, 66825281, 67093358]
  m=[1, 1, 1, 1, 2, 1, 1, 1, 1, 1, 1, 2, 1, 2, 2, 1, 1, 1, 1, 1, 1, 1, 1, 1, 1, 2, 1, 2, 2, 1, 1, 1, 1, 1, 1, 1, 1, 1, 1, 2, 1, 2, 2, 1, 1, 1, 1, 1, 1, 1, 1, 1, 1, 2, 2, 1, 1, 1, 1, 1, 1, 1, 1, 1, 2, 1, 2, 2, 1, 1, 1, 1, 1, 1, 1, 2, 2, 1, 1, 1, 1, 1, 1, 1, 1, 1, 2, 1, 2, 2, 1, 1, 1, 1, 1, 1, 1, 1, 2, 1, 2, 2, 1, 1, 1, 1, 1, 1, 1, 1, 1, 2, 1, 1, 1, 1, 1, 2, 1, 2, 2, 1, 1, 2, 1, 1, 1, 1, 1, 1, 1, 2, 1, 1, 2, 1, 1, 1, 1, 1, 1, 1, 1, 1, 1, 2, 1, 2, 1, 1, 1, 1, 1, 1, 2, 1, 1, 2, 2, 1, 1, 1, 1, 2, 1, 1, 1, 1, 1, 2, 1, 1, 1, 2, 1, 1, 1, 1, 1, 1, 2, 1, 1, 1, 1, 1, 1, 1, 1, 1, 1, 2, 1, 2, 2, 1, 1, 1, 1, 1, 1, 1, 1, 1, 2, 1, 2, 2, 1, 1, 1]
w=1134657262113284096/994182417446243323677 [cg] doubles=43 n=213
  xk(2^-20 units)=[27648, 503198, 774794, 1054278, 1562512, 1840489, 2106150, 2377426, 2867439, 3145423, 3410036, 3675793, 3942299, 4210367, 4483869, 4954948, 5228523, 5496570, 5763078, 6028829, 6293356, 6571249, 7061466, 7331585, 7610285, 8117497, 8395410, 8660881, 8928908, 9202264, 9674059, 9947379, 10214293, 10492815, 11000498, 11278486, 11543969, 11811983, 12085473, 12556110, 12829553, 13097571, 13364001, 13629671, 13894045, 14171619, 14680584, 14964868, 15442727, 15724900, 16006517, 16500623, 16778749, 17043875, 17310646, 17578806, 17852336, 18323650, 18597166, 18865303, 19131938, 19396913, 19674837, 20184200, 20468441, 20945232, 21226914, 21504049, 21774403, 22267837, 22546584, 22812765, 23081202, 23354861, 23827656, 24101255, 24369463, 24636236, 24901501, 25179790, 25670810, 25942168, 26207766, 26485592, 26992580, 27271284, 27541436, 28032305, 28310227, 28574792, 28840618, 29107108, 29375241, 29648790, 30120074, 30393625, 30661816, 30928536, 31193767, 31472020, 31964808, 32235165, 32512426, 32794454, 33267940, 33540523, 33807011, 34085349, 34592534, 34870451, 35135964, 35403932, 35677277, 36148298, 36421684, 36689661, 36956170, 37220967, 37498707, 38006864, 38286703, 38558934, 39031748, 39305061, 39573036, 39839500, 40105283, 40369868, 40647864, 41137612, 41408765, 41674247, 41952035, 42458967, 42737600, 43007711, 43497787, 43775455, 44039510, 44304594, 44570020, 44836331, 45104306, 45377737, 45847458, 46120882, 46388732, 46654986, 46920350, 47185244, 47449981, 47713776, 47991374, 48479562, 48750532, 49016959, 49281454, 49558935, 50066353, 50345616, 50616843, 51087725, 51369061, 51644561, 51908430, 52173835, 52440188, 52708178, 52981654, 53451330, 53724666, 53992497, 54258741, 54523274, 54800750, 55307407, 55585844, 55852675, 56126036, 56596978, 56870451, 57138526, 57405066, 57670909, 57935567, 58213567, 58702839, 58974002, 59240528, 59506105, 59770461, 60048258, 60542158, 60825617, 61335975, 61619441, 62112437, 62390263, 62654754, 62920522, 63186982, 63455058, 63728593, 64199460, 64472996, 64741095, 65007556, 65273317, 65537942, 65815906, 66307266, 66577463, 66854613]
  m=[1, 1, 1, 2, 2, 1, 1, 1, 2, 1, 1, 1, 1, 1, 1, 1, 1, 1, 1, 1, 1, 2, 1, 1, 2, 2, 1, 1, 1, 1, 1, 1, 1, 2, 2, 1, 1, 1, 1, 1, 1, 1, 1, 1, 1, 2, 2, 1, 1, 2, 1, 2, 1, 1, 1, 1, 1, 1, 1, 1, 1, 1, 2, 2, 1, 1, 2, 1, 1, 2, 1, 1, 1, 1, 1, 1, 1, 1, 1, 2, 1, 1, 1, 2, 2, 1, 1, 2, 1, 1, 1, 1, 1, 1, 1, 1, 1, 1, 1, 2, 1, 1, 2, 1, 1, 1, 1, 2, 2, 1, 1, 1, 1, 1, 1, 1, 1, 1, 2, 2, 1, 1, 1, 1, 1, 1, 1, 1, 2, 1, 1, 1, 2, 2, 1, 1, 2, 1, 1, 1, 1, 1, 1, 1, 1, 1, 1, 1, 1, 1, 1, 1, 2, 1, 1, 1, 1, 2, 2, 1, 1, 1, 2, 1, 1, 1, 1, 1, 1, 1, 1, 1, 1, 1, 2, 2, 1, 1, 1, 1, 1, 1, 1, 1, 1, 2, 1, 1, 1, 1, 1, 2, 1, 2, 2, 1, 2, 1, 1, 1, 1, 1, 1, 1, 1, 1, 1, 1, 1, 2, 1, 1, 2]
w=27839410724622860288/6296488643826207716621 [cg] doubles=42 n=214
  xk(2^-20 units)=[244557, 515663, 782197, 1047739, 1312119, 1589902, 2083766, 2367248, 2877428, 3160887, 3653993, 3931823, 4196384, 4462171, 4728705, 4996816, 5270378, 5740417, 6014139, 6282475, 6549399, 6815723, 7082070, 7348970, 7617298, 7890847, 8361784, 8635302, 8903439, 9170077, 9435104, 9713087, 10205988, 10489073, 10995815, 11272780, 11535525, 11812852, 12304240, 12574369, 12853090, 13361081, 13639818, 13910024, 14401182, 14679028, 14943509, 15209288, 15475785, 15743834, 16017302, 16488722, 16762305, 17030426, 17297157, 17562306, 17840493, 18332471, 18602530, 18879476, 19160936, 19637069, 19919060, 20200620, 20695096, 20973527, 21239640, 21511327, 22002687, 22280990, 22546214, 22813097, 23084584, 23575888, 23854105, 24119068, 24385411, 24652972, 24925566, 25396004, 25677703, 25953645, 26218232, 26484673, 26752686, 27026160, 27496164, 27769639, 28037602, 28303940, 28569422, 28834586, 29098687, 29376409, 29866578, 30136703, 30415332, 30922181, 31200009, 31465505, 31736736, 32226652, 32504587, 32769156, 33034890, 33301364, 33569430, 33842839, 34314138, 34587574, 34855538, 35121924, 35386545, 35664150, 36171941, 36455258, 36948573, 37226781, 37492278, 37759963, 38032772, 38507291, 38789263, 39065972, 39332526, 39605179, 40079362, 40361392, 40638610, 40908979, 41401369, 41679571, 41944642, 42211421, 42482708, 42971882, 43249791, 43514125, 43779451, 44045088, 44311538, 44579516, 44853006, 45322405, 45595845, 45863826, 46130208, 46395655, 46659620, 46935252, 47216847, 47685942, 47958367, 48225651, 48491590, 48756855, 49021888, 49285995, 49563740, 50054155, 50324453, 50603300, 51112297, 51391863, 51663469, 52139547, 52421440, 52698566, 52968715, 53459817, 53737735, 54002305, 54268125, 54534603, 54802655, 55076076, 55547448, 55820792, 56087641, 56366023, 56872592, 57150058, 57414567, 57680835, 57948685, 58222099, 58692530, 58965891, 59233782, 59500018, 59765430, 60029409, 60306639, 60813868, 61097128, 61590602, 61868954, 62134936, 62406470, 62897393, 63175418, 63440117, 63705898, 63972419, 64240422, 64513863, 64984054, 65257565, 65525599, 65791967, 66057478, 66322696, 66586919, 66864722]
  m=[1, 1, 1, 1, 1, 2, 1, 2, 2, 1, 2, 1, 1, 1, 1, 1, 1, 1, 1, 1, 1, 1, 1, 1, 1, 1, 1, 1, 1, 1, 1, 2, 1, 2, 2, 1, 1, 2, 1, 1, 2, 2, 1, 1, 2, 1, 1, 1, 1, 1, 1, 1, 1, 1, 1, 1, 2, 1, 1, 2, 1, 1, 2, 1, 2, 1, 1, 1, 2, 1, 1, 1, 1, 2, 1, 1, 1, 1, 1, 1, 2, 1, 1, 1, 1, 1, 1, 1, 1, 1, 1, 1, 1, 2, 1, 1, 2, 2, 1, 1, 1, 2, 1, 1, 1, 1, 1, 1, 1, 1, 1, 1, 1, 2, 2, 1, 2, 1, 1, 1, 1, 1, 2, 1, 1, 1, 1, 2, 1, 1, 2, 1, 1, 1, 1, 2, 1, 1, 1, 1, 1, 1, 1, 1, 1, 1, 1, 1, 1, 2, 1, 1, 1, 1, 1, 1, 1, 1, 2, 1, 1, 2, 2, 1, 1, 1, 2, 1, 1, 2, 1, 1, 1, 1, 1, 1, 1, 1, 1, 2, 2, 1, 1, 1, 1, 1, 1, 1, 1, 1, 1, 1, 2, 2, 1, 2, 1, 1, 1, 2, 1, 1, 1, 1, 1, 1, 1, 1, 1, 1, 1, 1, 1, 2]
w=240205669208731549696/18889465931478623149863 [cg] doubles=43 n=213
  xk(2^-20 units)=[251879, 529802, 795379, 1066635, 1556842, 1834856, 2099475, 2365263, 2631719, 2899746, 3173148, 3643397, 3916837, 4184842, 4451201, 4716725, 4981883, 5246029, 5523707, 6013150, 6283048, 6561523, 7066956, 7344052, 7607935, 7873286, 8139485, 8407369, 8680673, 9150713, 9424067, 9691978, 9958286, 10222797, 10500276, 11007014, 11285440, 11552298, 11825620, 12297032, 12570463, 12838572, 13105193, 13370139, 13648019, 14157584, 14441924, 14919852, 15202078, 15483679, 15977686, 16255823, 16520961, 16787675, 17055834, 17329323, 17800593, 18074120, 18342268, 18608892, 18873826, 19151710, 19661120, 19945397, 20422151, 20703767, 20980868, 21251063, 21743695, 22021985, 22287211, 22553975, 22822143, 23095663, 23566624, 23840218, 24108344, 24374902, 24639506, 24915438, 25197088, 25668020, 25940485, 26206943, 26485297, 26993431, 27272136, 27539296, 27812828, 28285215, 28558652, 28826777, 29093469, 29358690, 29636997, 30129735, 30399967, 30677051, 30958662, 31435443, 31719687, 32229081, 32506935, 32771852, 33038388, 33306395, 33579716, 34052890, 34325160, 34605004, 35113359, 35391123, 35655975, 35922504, 36190561, 36464070, 36934665, 37208122, 37476157, 37741720, 38019713, 38527261, 38805821, 39072781, 39346179, 39818308, 40091854, 40360001, 40626759, 40891955, 41170241, 41661245, 41932534, 42198065, 42475878, 42982758, 43261443, 43531620, 44021870, 44299603, 44563763, 44828935, 45094474, 45360846, 45628887, 45902342, 46372357, 46645751, 46913669, 47179943, 47445393, 47709397, 47986701, 48493290, 48772507, 49043726, 49515625, 49797111, 50072971, 50337546, 50604017, 50872050, 51145491, 51615796, 51889208, 52157179, 52422672, 52700655, 53208247, 53486815, 53753821, 54027214, 54498486, 54771933, 55040013, 55306548, 55572404, 55837020, 56115046, 56604748, 56875901, 57142330, 57406824, 57684271, 58191836, 58475003, 58967029, 59244708, 59509023, 59774613, 60040983, 60308938, 60582462, 61053415, 61326925, 61594969, 61861365, 62127100, 62391660, 62669601, 63160951, 63431196, 63708435, 63990498, 64463817, 64736404, 65003830, 65269827, 65535210, 65799401, 66077064, 66569426, 66852653]
  m=[2, 1, 1, 1, 2, 1, 1, 1, 1, 1, 1, 1, 1, 1, 1, 1, 1, 1, 2, 1, 1, 2, 2, 1, 1, 1, 1, 1, 1, 1, 1, 1, 1, 1, 2, 2, 1, 1, 1, 1, 1, 1, 1, 1, 2, 2, 1, 1, 2, 1, 2, 1, 1, 1, 1, 1, 1, 1, 1, 1, 1, 2, 2, 1, 1, 2, 1, 1, 2, 1, 1, 1, 1, 1, 1, 1, 1, 1, 1, 2, 1, 1, 1, 1, 2, 2, 1, 1, 1, 1, 1, 1, 1, 1, 2, 1, 1, 2, 1, 1, 2, 2, 1, 1, 1, 1, 1, 1, 1, 2, 2, 1, 1, 1, 1, 1, 1, 1, 1, 1, 2, 2, 1, 1, 1, 1, 1, 1, 1, 1, 2, 1, 1, 1, 2, 2, 1, 1, 2, 1, 1, 1, 1, 1, 1, 1, 1, 1, 1, 1, 1, 1, 2, 2, 1, 1, 1, 2, 1, 1, 1, 1, 1, 1, 1, 1, 1, 2, 2, 1, 1, 1, 1, 1, 1, 1, 1, 1, 2, 1, 1, 1, 1, 2, 2, 1, 2, 1, 1, 1, 1, 1, 1, 1, 1, 1, 1, 1, 1, 2, 1, 1, 2, 1, 1, 1, 1, 1, 1, 1, 2, 1, 2]
w=27783760764216528896/18889465931478623149863 [cg] doubles=43 n=213
  xk(2^-20 units)=[3341, 511753, 789746, 1055382, 1326638, 1815939, 2093754, 2358059, 2623355, 2889018, 3155501, 3423572, 3697012, 4168237, 4441615, 4708544, 4987104, 5494885, 5772866, 6038355, 6306366, 6579837, 7050087, 7323582, 7591617, 7858049, 8123658, 8387645, 8663296, 8944817, 9415231, 9687677, 9954068, 10232369, 10740204, 11018580, 11285141, 11557801, 12032193, 12314213, 12591589, 12862113, 13355865, 13634502, 13900714, 14172350, 14663220, 14941349, 15206100, 15472063, 15738731, 16006854, 16280433, 16752299, 17025841, 17294030, 17559703, 17837846, 18346368, 18625979, 18897656, 19374389, 19656661, 19934658, 20206377, 20684533, 20966789, 21244671, 21516151, 21990617, 22272306, 22548486, 22813651, 23081345, 23354190, 23829582, 24111987, 24389996, 24661630, 25137940, 25419895, 25696737, 25963367, 26236220, 26712306, 26994694, 27272681, 27544289, 28020738, 28302687, 28579498, 28846110, 29118941, 29594784, 29877172, 30155178, 30426789, 30903138, 31185043, 31461776, 31728230, 32000858, 32473749, 32755512, 33031742, 33296943, 33564632, 33837383, 34311464, 34593578, 34870871, 35141255, 35633496, 35911724, 36176826, 36443316, 36711109, 36984009, 37459189, 37741588, 38019577, 38291242, 38767374, 39049288, 39326095, 39592654, 39865393, 40339598, 40621596, 40898341, 41164836, 41437591, 41912049, 42194020, 42470851, 42737441, 43010199, 43484707, 43766768, 44044007, 44314281, 44805739, 45083482, 45347676, 45612809, 45878314, 46144850, 46416130, 46906305, 47184564, 47449646, 47716152, 47983861, 48256698, 48731977, 49014318, 49292284, 49563848, 50038880, 50320586, 50596911, 50862493, 51133867, 51624774, 51903046, 52168112, 52434616, 52702412, 52975296, 53450506, 53732937, 54010956, 54282607, 54758801, 55040697, 55317379, 55583750, 55856285, 56327966, 56609666, 56885597, 57150223, 57416727, 57684744, 57958203, 58429219, 58702618, 58970563, 59235967, 59513781, 60020031, 60297792, 60563195, 60834265, 61323682, 61601669, 61866276, 62132139, 62398799, 62666981, 62940504, 63411737, 63685336, 63953558, 64220353, 64485580, 64763882, 65256234, 65526524, 65803701, 66085602, 66561116, 66832702]
  m=[2, 2, 1, 1, 1, 2, 1, 1, 1, 1, 1, 1, 1, 1, 1, 1, 2, 2, 1, 1, 1, 1, 1, 1, 1, 1, 1, 1, 2, 1, 1, 1, 1, 2, 2, 1, 1, 1, 1, 2, 1, 1, 2, 1, 1, 1, 2, 1, 1, 1, 1, 1, 1, 1, 1, 1, 1, 2, 2, 1, 1, 1, 2, 1, 1, 1, 2, 1, 1, 1, 2, 1, 1, 1, 1, 1, 2, 1, 1, 1, 2, 1, 1, 1, 1, 2, 1, 1, 1, 2, 1, 1, 1, 1, 2, 1, 1, 1, 2, 1, 1, 1, 1, 2, 1, 1, 1, 1, 1, 2, 1, 1, 2, 1, 1, 1, 1, 1, 1, 2, 1, 1, 1, 2, 1, 1, 1, 1, 2, 1, 1, 1, 1, 2, 1, 1, 1, 1, 2, 1, 1, 2, 1, 1, 1, 1, 1, 1, 2, 1, 1, 1, 1, 1, 1, 2, 1, 1, 1, 2, 1, 1, 1, 2, 1, 1, 1, 1, 1, 1, 2, 1, 1, 1, 2, 1, 1, 1, 1, 2, 1, 1, 1, 1, 1, 1, 1, 1, 1, 2, 2, 1, 1, 1, 2, 1, 1, 1, 1, 1, 1, 1, 1, 1, 1, 1, 2, 1, 1, 2, 1, 1, 1]
w=59582301671412604928/18889465931478623149863 [cg] doubles=44 n=212
  xk(2^-20 units)=[250977, 528962, 794472, 1062472, 1335874, 1806399, 2079943, 2347963, 2614393, 2880017, 3145296, 3409554, 3687423, 4177216, 4448547, 4715378, 4980403, 5258544, 5750182, 6020472, 6299215, 6806374, 7084277, 7349700, 7617714, 7891085, 8363001, 8636533, 8904701, 9171448, 9436645, 9714865, 10207228, 10477548, 10754841, 11036896, 11510439, 11783086, 12050583, 12316668, 12581097, 12858587, 13365672, 13648781, 14140640, 14418401, 14682829, 14948586, 15215145, 15483207, 15756742, 16227254, 16500895, 16769246, 17036135, 17302495, 17568892, 17835801, 18104166, 18377762, 18849527, 19123084, 19390183, 19668861, 20177465, 20456402, 20726834, 21218620, 21496718, 21761741, 22028628, 22300032, 22791339, 23069154, 23332646, 23610427, 24100985, 24372291, 24638030, 24916088, 25424938, 25704778, 25977043, 26452165, 26725463, 26992403, 27270945, 27778948, 28057305, 28323799, 28596327, 29068804, 29350596, 29626948, 29892448, 30160651, 30434226, 30906107, 31179648, 31447784, 31714520, 31979728, 32257970, 32750464, 33020830, 33298138, 33580243, 34053428, 34326102, 34593688, 34859955, 35125623, 35391065, 35656772, 35923362, 36194576, 36684523, 36962323, 37225809, 37503589, 37994543, 38265767, 38531394, 38809376, 39317783, 39601064, 40095033, 40373292, 40638859, 40906578, 41179327, 41652552, 41934339, 42210689, 42476286, 42747684, 43238731, 43517035, 43782260, 44049051, 44317314, 44590924, 45062377, 45335876, 45603987, 45870579, 46136445, 46401094, 46679177, 47169373, 47440828, 47707766, 47972948, 48251235, 48742412, 49013988, 49280947, 49546102, 49824294, 50316482, 50586824, 50864055, 51146091, 51621240, 51893917, 52160388, 52437064, 52718913, 53194507, 53466154, 53745772, 54255147, 54533846, 54800961, 55074429, 55548471, 55821921, 56089031, 56367626, 56875971, 57154799, 57425063, 57915304, 58192974, 58457058, 58722163, 58987574, 59253742, 59521329, 59794161, 60268276, 60550894, 60832650, 61326728, 61604916, 61870120, 62136922, 62405075, 62678615, 63149618, 63423058, 63691107, 63956613, 64234574, 64742365, 65020948, 65288004, 65561398, 66033266, 66306574, 66573507, 66852046]
  m=[2, 1, 1, 1, 1, 1, 1, 1, 1, 1, 1, 1, 2, 1, 1, 1, 1, 2, 1, 1, 2, 2, 1, 1, 1, 1, 1, 1, 1, 1, 1, 2, 1, 1, 2, 1, 1, 1, 1, 1, 1, 2, 2, 1, 2, 1, 1, 1, 1, 1, 1, 1, 1, 1, 1, 1, 1, 1, 1, 1, 1, 1, 1, 2, 2, 1, 1, 2, 1, 1, 1, 1, 2, 1, 1, 2, 1, 1, 1, 2, 2, 1, 1, 1, 1, 1, 2, 2, 1, 1, 1, 1, 2, 1, 1, 1, 1, 1, 1, 1, 1, 1, 2, 1, 1, 2, 1, 1, 1, 1, 1, 1, 1, 1, 1, 1, 2, 1, 1, 2, 1, 1, 1, 2, 2, 1, 2, 1, 1, 1, 1, 1, 2, 1, 1, 1, 2, 1, 1, 1, 1, 1, 1, 1, 1, 1, 1, 1, 2, 1, 1, 1, 1, 2, 1, 1, 1, 1, 2, 1, 1, 2, 1, 1, 1, 1, 2, 1, 1, 1, 2, 2, 1, 1, 1, 1, 1, 1, 2, 2, 1, 1, 2, 1, 1, 1, 1, 1, 1, 1, 1, 2, 1, 2, 1, 1, 1, 1, 1, 1, 1, 1, 1, 2, 2, 1, 1, 1, 1, 1, 1, 2]
w=73208424005636661248/18889465931478623149863 [cg] doubles=45 n=211
  xk(2^-20 units)=[25126, 497769, 771202, 1038137, 1316642, 1824210, 2102146, 2367610, 2635607, 2908990, 3380866, 3654436, 3922631, 4189336, 4454376, 4732414, 5224989, 5508234, 6015740, 6293286, 6557928, 6824258, 7092211, 7365631, 7837168, 8110667, 8378702, 8645129, 8910789, 9175161, 9452853, 9944527, 10227700, 10735050, 11012626, 11277192, 11543573, 11811554, 12085013, 12555613, 12829005, 13096943, 13363329, 13628848, 13894055, 14158171, 14435855, 14925452, 15195350, 15473905, 15980116, 16257539, 16521997, 16788289, 17056162, 17329505, 17801119, 18074690, 18342863, 18609607, 18874730, 19152975, 19644177, 19914452, 20193205, 20700142, 20978038, 21243384, 21511344, 21784730, 22256909, 22530457, 22798617, 23065328, 23330441, 23608594, 24099743, 24369780, 24648341, 25153859, 25430985, 25694909, 25960326, 26226572, 26494471, 26767867, 27238657, 27512123, 27780137, 28045646, 28323645, 28831067, 29109617, 29376578, 29649918, 30122427, 30395848, 30663953, 30930595, 31195660, 31473694, 31967049, 32250372, 32758395, 33036227, 33301295, 33568743, 33841366, 34314294, 34596148, 34872439, 35137842, 35405935, 35679355, 36151580, 36425061, 36693192, 36959887, 37224872, 37502915, 37995979, 38279325, 38787666, 39065708, 39331286, 39599335, 39872807, 40345822, 40619290, 40887454, 41154106, 41419118, 41697157, 42190793, 42474246, 42983725, 43262498, 43529682, 43803293, 44277212, 44550772, 44818931, 45085657, 45350788, 45628990, 46120285, 46390523, 46669292, 47176480, 47454373, 47719826, 47987839, 48261238, 48732624, 49006038, 49274015, 49540421, 49804963, 50080911, 50362613, 50833978, 51106555, 51374031, 51640322, 51905211, 52183261, 52675048, 52945428, 53224330, 53732556, 54011156, 54278194, 54551611, 55024967, 55298454, 55566598, 55833205, 56098185, 56376199, 56869202, 57152559, 57660863, 57938896, 58204410, 58472473, 58745989, 59218184, 59491606, 59759584, 60026017, 60291687, 60556035, 60833801, 61325938, 61609205, 62117369, 62395411, 62661004, 62929089, 63202672, 63676298, 63949922, 64218204, 64484118, 64762591, 65256759, 65540227, 66048863, 66326932, 66592501, 66860519]
  m=[1, 1, 1, 1, 2, 2, 1, 1, 1, 1, 1, 1, 1, 1, 1, 2, 1, 2, 2, 1, 1, 1, 1, 1, 1, 1, 1, 1, 1, 1, 2, 1, 2, 2, 1, 1, 1, 1, 1, 1, 1, 1, 1, 1, 1, 1, 2, 1, 1, 2, 2, 1, 1, 1, 1, 1, 1, 1, 1, 1, 1, 2, 1, 1, 2, 2, 1, 1, 1, 1, 1, 1, 1, 1, 1, 2, 1, 1, 2, 2, 1, 1, 1, 1, 1, 1, 1, 1, 1, 1, 2, 2, 1, 1, 1, 1, 1, 1, 1, 1, 2, 1, 2, 2, 1, 1, 1, 1, 1, 2, 1, 1, 1, 1, 1, 1, 1, 1, 1, 2, 1, 2, 2, 1, 1, 1, 1, 1, 1, 1, 1, 1, 2, 1, 2, 2, 1, 1, 1, 1, 1, 1, 1, 1, 2, 1, 1, 2, 2, 1, 1, 1, 1, 1, 1, 1, 1, 1, 2, 1, 1, 1, 1, 1, 1, 2, 1, 1, 2, 2, 1, 1, 1, 1, 1, 1, 1, 1, 2, 1, 2, 2, 1, 1, 1, 1, 1, 1, 1, 1, 1, 1, 2, 1, 2, 2, 1, 1, 1, 1, 1, 1, 1, 1, 2, 1, 2, 2, 1, 1, 1]
w=103252372075608326144/18889465931478623149863 [cg] doubles=43 n=213
  xk(2^-20 units)=[4322, 512629, 790577, 1056204, 1327415, 1816724, 2094551, 2358819, 2624126, 2889784, 3156237, 3424284, 3697734, 4168948, 4442332, 4709288, 4987881, 5495652, 5773629, 6039135, 6307158, 6580623, 7050872, 7324354, 7592373, 7858811, 8124373, 8388380, 8664019, 8945540, 9415979, 9688398, 9954784, 10233081, 10740894, 11019259, 11285831, 11558449, 12032868, 12314873, 12592259, 12862769, 13356485, 13635142, 13901365, 14173021, 14663904, 14942021, 15206760, 15472710, 15739378, 16007495, 16281052, 16752910, 17026449, 17294632, 17560304, 17838432, 18346951, 18626561, 18898233, 19374980, 19657244, 19935240, 20206940, 20685103, 20967360, 21245244, 21516735, 21991202, 22272897, 22549085, 22814259, 23081954, 23354794, 23830191, 24112594, 24390611, 24662261, 25138580, 25420529, 25697364, 25964035, 26236891, 26712973, 26995381, 27273360, 27544983, 28021393, 28303345, 28580156, 28846761, 29119592, 29595423, 29877801, 30155804, 30427412, 30903777, 31185679, 31462417, 31728884, 32001500, 32474392, 32756149, 33032395, 33297594, 33565279, 33838036, 34312166, 34594265, 34871554, 35141924, 35634205, 35912444, 36177540, 36444046, 36711824, 36984732, 37459878, 37742285, 38020310, 38291985, 38768134, 39050074, 39326898, 39593435, 39866195, 40340382, 40622365, 40899120, 41165629, 41438415, 41912960, 42194957, 42471761, 42738353, 43011077, 43485655, 43767742, 44044995, 44315328, 44807254, 45085209, 45349792, 45615610, 45882300, 46153708, 46644216, 46922477, 47187585, 47454103, 47721901, 47994773, 48470138, 48752505, 49030449, 49302001, 49777024, 50058720, 50335034, 50600645, 50872027, 51362949, 51641164, 51906241, 52172723, 52440506, 52713349, 53188525, 53470951, 53748986, 54020622, 54496745, 54778644, 55055335, 55321712, 55594264, 56065824, 56347519, 56623483, 56888071, 57154594, 57422605, 57696047, 58167003, 58440394, 58708389, 58973764, 59251584, 59757809, 60035572, 60300991, 60572078, 61061437, 61339444, 61604113, 61869945, 62136542, 62404755, 62678311, 63149612, 63423184, 63691409, 63958208, 64223453, 64501758, 64993014, 65264409, 65529933, 65806159, 66087759, 66562154, 66833710]
  m=[2, 2, 1, 1, 1, 2, 1, 1, 1, 1, 1, 1, 1, 1, 1, 1, 2, 2, 1, 1, 1, 1, 1, 1, 1, 1, 1, 1, 2, 1, 1, 1, 1, 2, 2, 1, 1, 1, 1, 2, 1, 1, 2, 1, 1, 1, 2, 1, 1, 1, 1, 1, 1, 1, 1, 1, 1, 2, 2, 1, 1, 1, 2, 1, 1, 1, 2, 1, 1, 1, 2, 1, 1, 1, 1, 1, 2, 1, 1, 1, 2, 1, 1, 1, 1, 2, 1, 1, 1, 2, 1, 1, 1, 1, 2, 1, 1, 1, 2, 1, 1, 1, 1, 2, 1, 1, 1, 1, 1, 2, 1, 1, 2, 1, 1, 1, 1, 1, 1, 2, 1, 1, 1, 2, 1, 1, 1, 1, 2, 1, 1, 1, 1, 2, 1, 1, 1, 1, 2, 1, 1, 2, 1, 1, 1, 1, 1, 2, 1, 1, 1, 1, 1, 1, 2, 1, 1, 1, 2, 1, 1, 1, 2, 1, 1, 1, 1, 1, 1, 2, 1, 1, 1, 2, 1, 1, 1, 1, 2, 1, 1, 1, 1, 1, 1, 1, 1, 1, 2, 2, 1, 1, 1, 2, 1, 1, 1, 1, 1, 1, 1, 1, 1, 1, 1, 2, 1, 1, 1, 2, 1, 1, 1]
w=4569879734612115968/18889465931478623149863 [cg] doubles=43 n=213
  xk(2^-20 units)=[6551, 273031, 545738, 1019953, 1301992, 1579177, 1849432, 2341202, 2619182, 2883832, 3149705, 3416267, 3684355, 3957792, 4428405, 4701894, 4969926, 5236405, 5501116, 5778731, 6286270, 6565578, 6836829, 7307692, 7589096, 7864698, 8128675, 8394265, 8660661, 8928669, 9202126, 9672330, 9945874, 10214084, 10480863, 10746024, 11024185, 11518650, 11800389, 12082850, 12558524, 12830020, 13109448, 13617433, 13895054, 14159801, 14426304, 14694305, 14967719, 15438295, 15711734, 15979632, 16245962, 16511385, 16776391, 17040299, 17317669, 17825935, 18110178, 18587908, 18869786, 19147521, 19418937, 19895478, 20177415, 20454379, 20721335, 20994854, 21467690, 21741170, 22009247, 22274831, 22552910, 23061059, 23344349, 23836447, 24114161, 24378558, 24644231, 24910689, 25178687, 25452194, 25923107, 26196566, 26464512, 26730815, 26996276, 27261410, 27525570, 27803335, 28292663, 28563784, 28829244, 29107048, 29613973, 29892615, 30162727, 30652865, 30930504, 31194502, 31459485, 31724713, 31990648, 32258017, 32530537, 33003566, 33285623, 33562893, 33833278, 34325723, 34603929, 34868965, 35135676, 35406961, 35896632, 36174362, 36438502, 36702677, 36980368, 37471768, 37742040, 38019304, 38301431, 38774924, 39047854, 39315898, 39582887, 39849710, 40116932, 40385432, 40659201, 41130311, 41403939, 41672206, 41939012, 42204240, 42482439, 42976435, 43258224, 43540908, 44015132, 44287840, 44555434, 44821639, 45086070, 45361940, 45643580, 46114636, 46387180, 46654679, 46921036, 47185976, 47464112, 47956745, 48227245, 48506222, 49015472, 49298936, 49792735, 50070854, 50335955, 50602646, 50870804, 51144329, 51616347, 51889735, 52157713, 52422926, 52698979, 52980237, 53455177, 53737110, 54018623, 54512210, 54790476, 55056043, 55323866, 55596694, 56070156, 56351981, 56628219, 56893773, 57165082, 57655518, 57933569, 58198209, 58464073, 58730595, 58998655, 59272137, 59744518, 60018118, 60285197, 60562240, 60844364, 61319373, 61592207, 61858806, 62135637, 62417634, 62890694, 63163392, 63430964, 63697251, 63961963, 64239753, 64749299, 65033700, 65513829, 65796406, 66078923, 66557246, 66838777]
  m=[1, 1, 1, 1, 2, 1, 1, 2, 1, 1, 1, 1, 1, 1, 1, 1, 1, 1, 1, 2, 2, 1, 1, 1, 2, 1, 1, 1, 1, 1, 1, 1, 1, 1, 1, 1, 2, 1, 2, 1, 1, 1, 2, 2, 1, 1, 1, 1, 1, 1, 1, 1, 1, 1, 1, 1, 2, 2, 1, 1, 2, 1, 1, 1, 2, 1, 1, 1, 1, 1, 1, 1, 2, 2, 1, 2, 1, 1, 1, 1, 1, 1, 1, 1, 1, 1, 1, 1, 1, 2, 1, 1, 1, 2, 2, 1, 1, 2, 1, 1, 1, 1, 1, 1, 1, 1, 2, 1, 1, 2, 1, 1, 1, 1, 2, 1, 1, 1, 2, 1, 1, 2, 1, 1, 1, 1, 1, 1, 1, 1, 1, 1, 1, 1, 1, 1, 2, 1, 2, 1, 1, 1, 1, 1, 1, 2, 1, 1, 1, 1, 1, 1, 2, 1, 1, 2, 2, 1, 2, 1, 1, 1, 1, 1, 1, 1, 1, 1, 2, 1, 1, 2, 1, 2, 1, 1, 1, 1, 1, 2, 1, 1, 1, 2, 1, 1, 1, 1, 1, 1, 1, 1, 1, 2, 1, 1, 1, 1, 2, 1, 1, 1, 1, 1, 1, 2, 2, 1, 1, 2, 1, 1, 2]
w=1580503309019976704/6296488643826207716621 [cg] doubles=42 n=214
  xk(2^-20 units)=[67096605, 255486, 521120, 799579, 1293210, 1563824, 1842901, 2352040, 2635335, 3127840, 3405551, 3669879, 3935394, 4201583, 4469122, 4741883, 5216399, 5498938, 5780616, 6273187, 6550797, 6814909, 7080067, 7345548, 7611823, 7879759, 8153171, 8623056, 8896574, 9164626, 9431091, 9696659, 9961827, 10226083, 10503836, 10992477, 11263540, 11528958, 11806753, 12313866, 12592165, 12858630, 13131272, 13606319, 13888824, 14170599, 14664634, 14942769, 15207872, 15474593, 15742751, 16016268, 16488155, 16761713, 17029911, 17296709, 17561889, 17840102, 18331703, 18601994, 18880733, 19387811, 19665724, 19931384, 20202810, 20694815, 20973482, 21239763, 21511489, 22003292, 22281500, 22546504, 22812825, 23080335, 23352956, 23823611, 24105310, 24381280, 24645844, 24912305, 25180292, 25453768, 25923721, 26197175, 26465186, 26731604, 26997118, 27262280, 27526462, 27804208, 28293285, 28564339, 28829750, 29107431, 29613465, 29891147, 30156492, 30427557, 30917052, 31194970, 31459514, 31725208, 31991684, 32259777, 32533211, 33004509, 33277995, 33545926, 33812296, 34076888, 34354487, 34862154, 35145501, 35639024, 35917290, 36182909, 36450675, 36723565, 37199507, 37481867, 37759809, 38031398, 38507232, 38789103, 39065818, 39332268, 39604922, 40079151, 40361195, 40638489, 40908866, 41401519, 41679677, 41944741, 42211557, 42482891, 42972373, 43250230, 43514500, 43779698, 44045294, 44311705, 44579698, 44853122, 45323212, 45596603, 45864561, 46130983, 46395506, 46671387, 46953069, 47424065, 47696615, 47964107, 48230425, 48495314, 48773404, 49265149, 49535469, 49814299, 50322410, 50601326, 50871820, 51364980, 51643549, 51909683, 52181216, 52671486, 52949312, 53213609, 53478850, 53744389, 54010713, 54278620, 54551890, 55024389, 55296659, 55576457, 56084588, 56362289, 56627017, 56893490, 57161471, 57434906, 57905207, 58178646, 58446611, 58712993, 58978531, 59242774, 59520238, 60028598, 60312736, 60788425, 61069705, 61345710, 61611103, 61882332, 62372455, 62650471, 62915020, 63180797, 63447271, 63715267, 63988773, 64458967, 64732464, 65000495, 65266804, 65532283, 65796251, 66071899, 66353452, 66823943]
  m=[1, 1, 1, 2, 1, 1, 2, 2, 1, 2, 1, 1, 1, 1, 1, 1, 1, 2, 1, 2, 1, 1, 1, 1, 1, 1, 1, 1, 1, 1, 1, 1, 1, 1, 2, 1, 1, 1, 2, 2, 1, 1, 1, 1, 2, 1, 2, 1, 1, 1, 1, 1, 1, 1, 1, 1, 1, 2, 1, 1, 2, 2, 1, 1, 1, 2, 1, 1, 1, 2, 1, 1, 1, 1, 1, 1, 2, 1, 1, 1, 1, 1, 1, 1, 1, 1, 1, 1, 1, 2, 1, 1, 1, 2, 2, 1, 1, 1, 2, 1, 1, 1, 1, 1, 1, 1, 1, 1, 1, 1, 2, 2, 1, 2, 1, 1, 1, 1, 1, 2, 1, 1, 1, 2, 1, 1, 1, 1, 2, 1, 1, 2, 1, 1, 1, 1, 2, 1, 1, 1, 1, 1, 1, 1, 1, 1, 1, 1, 1, 2, 1, 1, 1, 1, 1, 1, 2, 1, 1, 2, 2, 1, 1, 2, 1, 1, 1, 2, 1, 1, 1, 1, 1, 1, 1, 1, 1, 2, 2, 1, 1, 1, 1, 1, 1, 1, 1, 1, 1, 1, 2, 2, 1, 1, 2, 1, 1, 1, 2, 1, 1, 1, 1, 1, 1, 1, 1, 1, 1, 1, 1, 2, 1, 1]
w=39323521220964392960/18889465931478623149863 [cg] doubles=46 n=210
  xk(2^-20 units)=[67095846, 270200, 777673, 1055253, 1319849, 1586192, 1854161, 2127562, 2599937, 2873401, 3141507, 3408149, 3673136, 3951169, 4444295, 4727599, 5236054, 5514092, 5779703, 6047770, 6321252, 6793746, 7067209, 7335371, 7600876, 7877246, 8159114, 8632217, 8904942, 9172784, 9438540, 9717080, 10209291, 10480935, 10747890, 11012900, 11290879, 11783919, 12067136, 12575074, 12852661, 13117285, 13383633, 13651548, 13924871, 14398161, 14671646, 14938545, 15215376, 15496999, 15974406, 16258679, 16767924, 17045725, 17310567, 17577102, 17845204, 18118667, 18591212, 18864658, 19131763, 19410442, 19919118, 20197820, 20464947, 20738429, 21211213, 21484703, 21752926, 22019604, 22284669, 22562764, 23055540, 23338770, 23846422, 24124076, 24388754, 24655179, 24923200, 25196590, 25669027, 25942550, 26209715, 26488428, 26997069, 27275750, 27542838, 27816342, 28288595, 28562026, 28830116, 29096624, 29362396, 29626874, 29904659, 30396614, 30679821, 31187302, 31464889, 31729601, 31996022, 32264028, 32537460, 33009947, 33283452, 33550482, 33827457, 34109443, 34586088, 34857700, 35135677, 35418135, 35893204, 36166054, 36433774, 36700204, 36965120, 37243157, 37737056, 38020472, 38529878, 38808860, 39079265, 39570867, 39848746, 40113210, 40378857, 40645029, 40912630, 41185326, 41658598, 41940701, 42217984, 42488270, 42980641, 43258932, 43524225, 43791050, 44059279, 44332927, 44804111, 45077678, 45345777, 45612343, 45878157, 46142752, 46420609, 46914003, 47195743, 47478362, 47953669, 48226413, 48494115, 48759463, 49037409, 49545720, 49825175, 50096651, 50571567, 50853476, 51130214, 51396743, 51669586, 52146018, 52428346, 52706327, 52977927, 53454444, 53736431, 54013804, 54284307, 54777825, 55056502, 55322800, 55594522, 56086439, 56364850, 56630200, 56897053, 57165327, 57438903, 57911288, 58184735, 58451751, 58730310, 59237893, 59515875, 59781392, 60049415, 60322862, 60794746, 61068312, 61336520, 61603288, 61868398, 62146486, 62639129, 62922351, 63429797, 63707383, 63972011, 64238405, 64506385, 64779815, 65251958, 65525488, 65793640, 66060241, 66325241, 66603252]
  m=[1, 2, 2, 1, 1, 1, 1, 1, 1, 1, 1, 1, 1, 2, 1, 2, 2, 1, 1, 1, 1, 1, 1, 1, 1, 2, 1, 1, 1, 1, 1, 2, 1, 1, 1, 1, 2, 1, 2, 2, 1, 1, 1, 1, 1, 1, 1, 1, 2, 1, 1, 2, 2, 1, 1, 1, 1, 1, 1, 1, 1, 2, 2, 1, 1, 1, 1, 1, 1, 1, 1, 2, 1, 2, 2, 1, 1, 1, 1, 1, 1, 1, 1, 2, 2, 1, 1, 1, 1, 1, 1, 1, 1, 1, 2, 1, 2, 2, 1, 1, 1, 1, 1, 1, 1, 1, 2, 1, 1, 1, 2, 1, 1, 1, 1, 1, 1, 2, 1, 2, 2, 1, 1, 2, 1, 1, 1, 1, 1, 1, 1, 2, 1, 1, 2, 1, 1, 1, 1, 1, 1, 1, 1, 1, 1, 1, 2, 1, 2, 1, 1, 1, 1, 1, 2, 2, 1, 1, 1, 2, 1, 1, 1, 1, 2, 1, 1, 1, 2, 1, 1, 2, 1, 1, 1, 2, 1, 1, 1, 1, 1, 1, 1, 1, 2, 2, 1, 1, 1, 1, 1, 1, 1, 1, 1, 2, 1, 2, 2, 1, 1, 1, 1, 1, 1, 1, 1, 1, 1, 2]
w=90013827692720537600/18889465931478623149863 [cg] doubles=44 n=212
  xk(2^-20 units)=[12863, 286323, 758643, 1031958, 1298955, 1577516, 2085319, 2363295, 2628842, 2896925, 3170455, 3641185, 3914685, 4182746, 4449365, 4715284, 4980019, 5258109, 5749382, 6021021, 6287144, 6565719, 7058013, 7328272, 7607041, 8113700, 8391162, 8655700, 8922018, 9189945, 9463395, 9933388, 10206945, 10475092, 10741793, 11007775, 11273545, 11539458, 11806076, 12074163, 12347689, 12818091, 13091627, 13359637, 13625093, 13903007, 14410385, 14689169, 14959431, 15450747, 15728858, 15993923, 16260828, 16532283, 17023400, 17301182, 17564613, 17842305, 18333736, 18604032, 18882820, 19390704, 19668965, 19935364, 20207908, 20680854, 20962662, 21238959, 21504381, 21772524, 22046056, 22518155, 22791595, 23059753, 23326516, 23591690, 23869957, 24361218, 24632617, 24898229, 25174523, 25456256, 25928505, 26201086, 26468478, 26734480, 26998785, 27276189, 27783398, 28066570, 28558506, 28836168, 29100537, 29366203, 29632670, 29900737, 30174242, 30645530, 30919120, 31187290, 31454059, 31719301, 31997589, 32489957, 32760294, 33037603, 33319732, 33792717, 34065493, 34333239, 34599666, 34865629, 35131548, 35397949, 35665657, 35938396, 36411684, 36693733, 36970855, 37240976, 37731769, 38009209, 38272821, 38536215, 38813095, 39319695, 39602866, 40096205, 40374441, 40639971, 40907697, 41180461, 41653753, 41935542, 42211808, 42477382, 42748746, 43239601, 43517941, 43783176, 44049952, 44318209, 44591753, 45063591, 45337189, 45605441, 45872317, 46137584, 46415911, 46907016, 47178583, 47445590, 47710789, 47989102, 48480255, 48751818, 49018827, 49284002, 49562209, 50054482, 50324835, 50602059, 50884109, 51359244, 51632085, 51899974, 52165737, 52444255, 52936118, 53207562, 53473357, 53751369, 54259984, 54539548, 54811215, 55288329, 55570773, 55852422, 56346426, 56624505, 56889607, 57156278, 57424409, 57697905, 58170129, 58443602, 58711652, 58977095, 59255023, 59762098, 60040827, 60311136, 60802694, 61080923, 61346081, 61612823, 61880916, 62154308, 62628240, 62900631, 63180572, 63689846, 63968020, 64233703, 64501876, 64775396, 65247331, 65520833, 65787978, 66066685, 66575825, 66854574]
  m=[1, 1, 1, 1, 1, 2, 2, 1, 1, 1, 1, 1, 1, 1, 1, 1, 1, 2, 1, 1, 1, 2, 1, 1, 2, 2, 1, 1, 1, 1, 1, 1, 1, 1, 1, 1, 1, 1, 1, 1, 1, 1, 1, 1, 1, 2, 2, 1, 1, 2, 1, 1, 1, 1, 2, 1, 1, 2, 1, 1, 2, 2, 1, 1, 1, 1, 2, 1, 1, 1, 1, 1, 1, 1, 1, 1, 2, 1, 1, 1, 2, 1, 1, 1, 1, 1, 1, 2, 2, 1, 2, 1, 1, 1, 1, 1, 1, 1, 1, 1, 1, 1, 2, 1, 1, 2, 1, 1, 1, 1, 1, 1, 1, 1, 1, 1, 1, 2, 1, 1, 2, 1, 1, 1, 2, 2, 1, 2, 1, 1, 1, 1, 1, 2, 1, 1, 1, 2, 1, 1, 1, 1, 1, 1, 1, 1, 1, 1, 2, 1, 1, 1, 1, 2, 1, 1, 1, 1, 2, 1, 1, 2, 1, 1, 1, 1, 1, 2, 1, 1, 1, 2, 2, 1, 1, 1, 2, 1, 2, 1, 1, 1, 1, 1, 1, 1, 1, 1, 2, 2, 1, 1, 2, 1, 1, 1, 1, 1, 1, 1, 2, 2, 1, 1, 1, 1, 1, 1, 1, 2, 2, 1]
w=47473566045310779392/18889465931478623149863 [cg] doubles=42 n=214
  xk(2^-20 units)=[6344, 272878, 545598, 1018973, 1300827, 1577229, 1842946, 2114544, 2606589, 2885234, 3151113, 3419143, 3692163, 4168102, 4450566, 4728601, 5000307, 5478014, 5760288, 6038218, 6309740, 6784668, 7066324, 7342607, 7608223, 7879574, 8370797, 8648987, 8913975, 9180471, 9448177, 9720936, 10194521, 10476578, 10753409, 11019989, 11292713, 11767120, 12049088, 12325853, 12592372, 12865066, 13338422, 13620219, 13896564, 14162238, 14433707, 14924772, 15202984, 15467990, 15734407, 16002064, 16274786, 16748524, 17030550, 17307439, 17574071, 17846822, 18320934, 18602907, 18879706, 19146286, 19419033, 19893456, 20175443, 20452215, 20718742, 20991447, 21464072, 21745825, 22022001, 22287078, 22554673, 22827341, 23301164, 23583164, 23859909, 24126377, 24398979, 24870541, 25152217, 25428180, 25692784, 25959250, 26227318, 26500863, 26971383, 27244877, 27512873, 27779246, 28044811, 28310046, 28574294, 28852085, 29343232, 29613289, 29890321, 30171904, 30648970, 30933239, 31442620, 31720470, 31985327, 32251850, 32519789, 32793074, 33266261, 33538531, 33818354, 34326658, 34604459, 34869319, 35135894, 35403990, 35677489, 36147833, 36421361, 36689387, 36955936, 37220760, 37498532, 38006731, 38286549, 38558847, 39031338, 39304649, 39572561, 39838950, 40104496, 40369703, 40633891, 40911673, 41401177, 41672308, 41937821, 42215638, 42722721, 43001456, 43271645, 43762644, 44040481, 44304968, 44570687, 44837027, 45104948, 45378315, 45852065, 46124224, 46402312, 46684251, 47160741, 47442198, 47718694, 47984925, 48257463, 48731069, 49013027, 49289851, 49556454, 49829225, 50303959, 50585973, 50863245, 51133560, 51624978, 51902942, 52167430, 52433019, 52699209, 52966782, 53239438, 53712669, 53994678, 54271520, 54538072, 54810794, 55284128, 55565955, 55842349, 56107823, 56375930, 56649455, 57121809, 57395287, 57662143, 57938874, 58220354, 58695254, 58976657, 59253140, 59519412, 59791955, 60265872, 60547869, 60824676, 61091243, 61364062, 61838558, 62120580, 62397377, 62663909, 62936682, 63411185, 63693237, 63970054, 64236588, 64509364, 64983828, 65265860, 65542640, 65809151, 66081880, 66556366, 66838414]
  m=[1, 1, 1, 1, 2, 1, 1, 1, 2, 1, 1, 1, 1, 1, 2, 1, 1, 1, 2, 1, 1, 1, 2, 1, 1, 1, 2, 1, 1, 1, 1, 1, 1, 2, 1, 1, 1, 1, 2, 1, 1, 1, 1, 2, 1, 1, 1, 2, 1, 1, 1, 1, 1, 1, 2, 1, 1, 1, 1, 2, 1, 1, 1, 1, 2, 1, 1, 1, 1, 2, 1, 1, 1, 1, 1, 2, 1, 1, 1, 1, 2, 1, 1, 1, 1, 1, 1, 1, 1, 1, 1, 1, 1, 2, 1, 1, 2, 1, 1, 2, 2, 1, 1, 1, 1, 1, 1, 1, 2, 2, 1, 1, 1, 1, 1, 1, 1, 1, 1, 1, 2, 2, 1, 1, 1, 1, 1, 1, 1, 1, 1, 2, 1, 1, 1, 2, 2, 1, 1, 2, 1, 1, 1, 1, 1, 1, 1, 1, 2, 1, 1, 2, 1, 1, 1, 1, 2, 1, 1, 1, 1, 2, 1, 1, 2, 1, 1, 1, 1, 1, 1, 1, 2, 1, 1, 1, 1, 2, 1, 1, 1, 1, 1, 1, 1, 2, 1, 1, 2, 1, 1, 1, 1, 2, 1, 1, 1, 1, 2, 1, 1, 1, 1, 2, 1, 1, 1, 1, 2, 1, 1, 1, 1, 2]
w=1479643440923815936/994182417446243323677 [cg] doubles=44 n=212
  xk(2^-20 units)=[246287, 524436, 789621, 1056364, 1324510, 1598045, 2068658, 2342155, 2610188, 2876614, 3142244, 3407532, 3671789, 3949654, 4439509, 4710853, 4977730, 5242801, 5520941, 6013077, 6283564, 6562497, 7070844, 7349459, 7616519, 7889957, 8362550, 8636094, 8904271, 9170975, 9436178, 9714420, 10206797, 10477104, 10754357, 11036391, 11509864, 11782510, 12049988, 12316076, 12580502, 12857959, 13365077, 13648212, 14140019, 14417781, 14682188, 14947935, 15214462, 15482530, 15756014, 16226572, 16500221, 16768544, 17035436, 17301807, 17568163, 17835063, 18103450, 18377087, 18848812, 19122335, 19389416, 19668087, 20176666, 20455612, 20726068, 21217884, 21495981, 21760965, 22027814, 22299217, 22790344, 23068144, 23331622, 23609391, 24099891, 24371131, 24636732, 24914665, 25422869, 25702311, 25973832, 26449696, 26731628, 27008838, 27279186, 27771487, 28049698, 28314847, 28581745, 28853179, 29344177, 29622486, 29887757, 30154665, 30422968, 30696603, 31168281, 31441854, 31710018, 31976783, 32241987, 32520283, 33012466, 33282806, 33560128, 33842222, 34315351, 34587977, 34855577, 35121836, 35387452, 35652877, 35918571, 36185177, 36456333, 36946178, 37223976, 37487445, 37765236, 38256085, 38527326, 38792913, 39070850, 39579231, 39862567, 40356559, 40634830, 40900391, 41168100, 41440855, 41914072, 42195923, 42472240, 42737813, 43009183, 43500123, 43778430, 44043664, 44310453, 44578718, 44852306, 45323673, 45597196, 45865311, 46131894, 46397755, 46662421, 46940495, 47430593, 47702074, 47969017, 48234134, 48512409, 49003479, 49275039, 49541966, 49807100, 50085283, 50577530, 50847889, 51125171, 51407227, 51881581, 52154289, 52421912, 52688253, 52953129, 53231237, 53722895, 53993278, 54272148, 54780432, 55058995, 55325995, 55599435, 56073572, 56346975, 56614012, 56892589, 57400827, 57679663, 57950003, 58440779, 58718744, 58983393, 59249275, 59515871, 59784064, 60057625, 60528750, 60802151, 61070160, 61335674, 61613619, 62121484, 62400025, 62666940, 62940256, 63412501, 63685790, 63952758, 64231287, 64738826, 65016642, 65281877, 65549447, 65822131, 66296410, 66579040, 66860820]
  m=[2, 1, 1, 1, 1, 1, 1, 1, 1, 1, 1, 1, 1, 2, 1, 1, 1, 1, 2, 1, 1, 2, 2, 1, 1, 1, 1, 1, 1, 1, 1, 2, 1, 1, 2, 1, 1, 1, 1, 1, 1, 2, 2, 1, 2, 1, 1, 1, 1, 1, 1, 1, 1, 1, 1, 1, 1, 1, 1, 1, 1, 1, 1, 2, 2, 1, 1, 2, 1, 1, 1, 1, 2, 1, 1, 2, 1, 1, 1, 2, 2, 1, 1, 1, 2, 1, 1, 2, 1, 1, 1, 1, 2, 1, 1, 1, 1, 1, 1, 1, 1, 1, 1, 2, 1, 1, 2, 1, 1, 1, 1, 1, 1, 1, 1, 1, 1, 2, 1, 1, 2, 1, 1, 1, 2, 2, 1, 2, 1, 1, 1, 1, 1, 2, 1, 1, 1, 2, 1, 1, 1, 1, 1, 1, 1, 1, 1, 1, 1, 2, 1, 1, 1, 1, 2, 1, 1, 1, 1, 2, 1, 1, 2, 1, 1, 1, 1, 1, 1, 2, 1, 1, 2, 2, 1, 1, 1, 1, 1, 1, 2, 2, 1, 1, 2, 1, 1, 1, 1, 1, 1, 1, 1, 1, 1, 2, 2, 1, 1, 1, 1, 1, 1, 2, 2, 1, 1, 1, 1, 1, 2, 1]
w=26358098171378417664/6296488643826207716621 [cg] doubles=43 n=213
  xk(2^-20 units)=[24565, 500250, 771849, 1051336, 1559592, 1837571, 2103283, 2374609, 2865471, 3143763, 3408978, 3675706, 3943886, 4217483, 4688716, 4962189, 5230246, 5496643, 5762196, 6027336, 6291480, 6569201, 7058903, 7328966, 7607650, 8114910, 8392818, 8658303, 8926324, 9199657, 9671378, 9944688, 10211623, 10490176, 10997860, 11275823, 11541301, 11809275, 12082775, 12553377, 12826804, 13094799, 13361219, 13626911, 13891265, 14168838, 14677834, 14962096, 15439882, 15722054, 16003697, 16497791, 16775896, 17041025, 17307756, 17575935, 17849453, 18320762, 18594261, 18862403, 19129013, 19393985, 19671910, 20181242, 20465492, 20942229, 21223904, 21501057, 21771390, 22264827, 22543571, 22809724, 23078178, 23351848, 23824586, 24098173, 24366369, 24633131, 24898379, 25176669, 25667598, 25938929, 26204513, 26482331, 26989274, 27267977, 27538159, 28028909, 28306816, 28571347, 28837115, 29103575, 29371647, 29645241, 30116099, 30389558, 30657602, 30924002, 31189777, 31454358, 31732286, 32224146, 32494418, 32771621, 33053666, 33527300, 33799843, 34066343, 34344582, 34851702, 35129645, 35395106, 35663060, 35936467, 36407456, 36680865, 36948860, 37215330, 37480153, 37757844, 38266064, 38545888, 38818152, 39291027, 39564342, 39832306, 40098778, 40364538, 40629196, 40907167, 41397051, 41668197, 41933645, 42211407, 42718333, 42997039, 43267274, 43758065, 44035942, 44300483, 44566225, 44832711, 45100754, 45374238, 45844255, 46117675, 46385574, 46651823, 46917169, 47182029, 47445598, 47720993, 48002458, 48471403, 48743811, 49011179, 49276347, 49554168, 50062250, 50341597, 50612875, 51083738, 51365095, 51640635, 51904525, 52169989, 52436375, 52704406, 52977880, 53447663, 53721048, 53988884, 54255150, 54519692, 54797176, 55303924, 55582358, 55849203, 56122573, 56593545, 56867024, 57135105, 57401653, 57667521, 57932198, 58210211, 58699560, 58970703, 59237245, 59502849, 59767194, 60044997, 60538965, 60822425, 61332786, 61616226, 62109198, 62387044, 62651538, 62917302, 63183799, 63451895, 63725453, 64196413, 64469908, 64738019, 65004481, 65270241, 65534862, 65812835, 66304186, 66574396, 66851554]
  m=[1, 1, 1, 2, 2, 1, 1, 1, 2, 1, 1, 1, 1, 1, 1, 1, 1, 1, 1, 1, 1, 2, 1, 1, 2, 2, 1, 1, 1, 1, 1, 1, 1, 2, 2, 1, 1, 1, 1, 1, 1, 1, 1, 1, 1, 2, 2, 1, 1, 2, 1, 2, 1, 1, 1, 1, 1, 1, 1, 1, 1, 1, 2, 2, 1, 1, 2, 1, 1, 2, 1, 1, 1, 1, 1, 1, 1, 1, 1, 2, 1, 1, 1, 2, 2, 1, 1, 2, 1, 1, 1, 1, 1, 1, 1, 1, 1, 1, 1, 1, 2, 1, 1, 2, 1, 1, 1, 1, 2, 2, 1, 1, 1, 1, 1, 1, 1, 1, 1, 2, 2, 1, 1, 1, 1, 1, 1, 1, 1, 2, 1, 1, 1, 2, 2, 1, 1, 2, 1, 1, 1, 1, 1, 1, 1, 1, 1, 1, 1, 1, 1, 2, 1, 1, 1, 1, 1, 2, 2, 1, 1, 1, 2, 1, 1, 1, 1, 1, 1, 1, 1, 1, 1, 1, 2, 2, 1, 1, 1, 1, 1, 1, 1, 1, 1, 2, 1, 1, 1, 1, 1, 2, 1, 2, 2, 1, 2, 1, 1, 1, 1, 1, 1, 1, 1, 1, 1, 1, 1, 2, 1, 1, 2]
w=43622764755149406208/18889465931478623149863 [cg] doubles=41 n=215
  xk(2^-20 units)=[67107127, 262128, 525919, 803230, 1294519, 1577633, 2085007, 2362622, 2627255, 2893641, 3161619, 3435117, 3905712, 4179232, 4447460, 4714245, 4980410, 5246533, 5513098, 5780901, 6053636, 6526470, 6808627, 7085906, 7356225, 7847814, 8125812, 8390457, 8656266, 8922769, 9190849, 9464339, 9934231, 10207746, 10475725, 10742145, 11007664, 11271665, 11547304, 11828839, 12298510, 12570880, 12837172, 13115377, 13622487, 13900360, 14165702, 14433603, 14706942, 15178370, 15451959, 15720166, 15986962, 16252125, 16530291, 17021468, 17291532, 17570087, 18076133, 18353400, 18617604, 18883547, 19150900, 19423471, 19896863, 20178922, 20456130, 20726447, 21218779, 21496991, 21762183, 22028888, 22297025, 22570525, 23041662, 23315133, 23583229, 23849728, 24115506, 24379985, 24657810, 25148130, 25418103, 25696629, 26202545, 26479765, 26743940, 27009820, 27277083, 27549528, 28021357, 28303095, 28579375, 28844970, 29116343, 29607280, 29885560, 30150772, 30417515, 30685662, 30959217, 31430601, 31704116, 31972184, 32238771, 32504598, 32769272, 33047346, 33537837, 33809264, 34076108, 34341194, 34619396, 35111434, 35381839, 35660746, 36168879, 36447217, 36713842, 36986587, 37462034, 37744335, 38022243, 38293760, 38770448, 39052462, 39329463, 39596446, 39869930, 40342426, 40615838, 40883810, 41149265, 41427165, 41934326, 42213115, 42483383, 42974874, 43253059, 43518166, 43784895, 44053067, 44326589, 44798612, 45072104, 45340168, 45605610, 45881933, 46163809, 46635298, 46907826, 47175208, 47441289, 47706835, 47972217, 48237818, 48504414, 48775615, 49264720, 49542343, 49806370, 50070354, 50347914, 50839138, 51109323, 51388053, 51895798, 52174550, 52444766, 52935743, 53213650, 53478156, 53743908, 54010382, 54278396, 54551799, 55022453, 55295756, 55563573, 55829787, 56094249, 56371629, 56877835, 57155905, 57422004, 57694237, 58163779, 58445309, 58720977, 58984960, 59250472, 59516795, 59784675, 60058091, 60527477, 60800957, 61068987, 61335368, 61600980, 61866191, 62130372, 62408211, 62896769, 63167762, 63434096, 63698435, 63975893, 64483479, 64762841, 65034219, 65509277, 65791047, 66068070, 66338153, 66829556]
  m=[1, 1, 1, 2, 1, 2, 2, 1, 1, 1, 1, 1, 1, 1, 1, 1, 1, 1, 1, 1, 1, 1, 2, 1, 1, 2, 1, 1, 1, 1, 1, 1, 1, 1, 1, 1, 1, 1, 2, 1, 1, 1, 1, 2, 2, 1, 1, 1, 1, 1, 1, 1, 1, 1, 2, 1, 1, 2, 2, 1, 1, 1, 1, 1, 1, 2, 1, 1, 2, 1, 1, 1, 1, 1, 1, 1, 1, 1, 1, 1, 2, 1, 1, 2, 2, 1, 1, 1, 1, 1, 1, 2, 1, 1, 1, 2, 1, 1, 1, 1, 1, 1, 1, 1, 1, 1, 1, 2, 1, 1, 1, 1, 2, 1, 1, 2, 2, 1, 1, 1, 1, 2, 1, 1, 1, 2, 1, 1, 1, 1, 1, 1, 1, 2, 2, 1, 1, 2, 1, 1, 1, 1, 1, 1, 1, 1, 1, 2, 1, 1, 1, 1, 1, 1, 1, 1, 1, 1, 2, 1, 1, 1, 2, 1, 1, 2, 2, 1, 1, 2, 1, 1, 1, 1, 1, 1, 1, 1, 1, 1, 1, 2, 2, 1, 1, 1, 1, 2, 1, 1, 1, 1, 1, 1, 1, 1, 1, 1, 1, 1, 1, 2, 1, 1, 1, 1, 2, 2, 1, 1, 1, 2, 1, 1, 2]
w=70152964686291951616/18889465931478623149863 [cg] doubles=42 n=214
  xk(2^-20 units)=[244582, 515686, 782218, 1047763, 1312139, 1589921, 2083776, 2367256, 2877443, 3160903, 3654001, 3931832, 4196386, 4462172, 4728704, 4996815, 5270370, 5740418, 6014143, 6282479, 6549406, 6815731, 7082073, 7348977, 7617308, 7890859, 8361802, 8635318, 8903454, 9170096, 9435114, 9713097, 10206003, 10489084, 10995835, 11272800, 11535546, 11812875, 12304255, 12574381, 12853101, 13361086, 13639822, 13910029, 14401180, 14679030, 14943507, 15209284, 15475782, 15743836, 16017305, 16488726, 16762306, 17030429, 17297157, 17562302, 17840490, 18332469, 18602529, 18879473, 19160933, 19637067, 19919055, 20200616, 20695092, 20973520, 21239636, 21511319, 22002672, 22280975, 22546201, 22813081, 23084568, 23575867, 23854081, 24119043, 24385382, 24652941, 24925532, 25395961, 25677660, 25953602, 26218186, 26484631, 26752644, 27026115, 27496109, 27769586, 28037549, 28303882, 28569362, 28834527, 29098630, 29376347, 29866519, 30136642, 30415271, 30922121, 31199948, 31465443, 31736668, 32226594, 32504530, 32769099, 33034832, 33301303, 33569373, 33842777, 34314076, 34587521, 34855478, 35121863, 35386483, 35664085, 36171880, 36455197, 36948513, 37226717, 37492208, 37759890, 38032694, 38507197, 38789172, 39065879, 39332429, 39605078, 40079263, 40361294, 40638515, 40908883, 41401263, 41679468, 41944540, 42211319, 42482607, 42971781, 43249693, 43514031, 43779358, 44045004, 44311457, 44579441, 44852932, 45322301, 45595747, 45863732, 46130120, 46395574, 46659542, 46935173, 47216765, 47685826, 47958243, 48225520, 48491459, 48756716, 49021750, 49285848, 49563588, 50054011, 50324281, 50603118, 51112038, 51391592, 51663192, 52139398, 52421277, 52698369, 52968461, 53458989, 53736713, 54000877, 54266064, 54531552, 54797880, 55065741, 55339002, 55811539, 56083792, 56363575, 56871710, 57149391, 57414114, 57680552, 57948504, 58221973, 58692388, 58965758, 59233654, 59499901, 59765341, 60029359, 60306606, 60813909, 61097167, 61590605, 61868964, 62134942, 62406482, 62897414, 63175443, 63440143, 63705928, 63972457, 64240466, 64513909, 64984062, 65257576, 65525611, 65791985, 66057505, 66322730, 66586954, 66864761]
  m=[1, 1, 1, 1, 1, 2, 1, 2, 2, 1, 2, 1, 1, 1, 1, 1, 1, 1, 1, 1, 1, 1, 1, 1, 1, 1, 1, 1, 1, 1, 1, 2, 1, 2, 2, 1, 1, 2, 1, 1, 2, 2, 1, 1, 2, 1, 1, 1, 1, 1, 1, 1, 1, 1, 1, 1, 2, 1, 1, 2, 1, 1, 2, 1, 2, 1, 1, 1, 2, 1, 1, 1, 1, 2, 1, 1, 1, 1, 1, 1, 2, 1, 1, 1, 1, 1, 1, 1, 1, 1, 1, 1, 1, 2, 1, 1, 2, 2, 1, 1, 1, 2, 1, 1, 1, 1, 1, 1, 1, 1, 1, 1, 1, 2, 2, 1, 2, 1, 1, 1, 1, 1, 2, 1, 1, 1, 1, 2, 1, 1, 2, 1, 1, 1, 1, 2, 1, 1, 1, 1, 1, 1, 1, 1, 1, 1, 1, 1, 1, 2, 1, 1, 1, 1, 1, 1, 1, 1, 2, 1, 1, 2, 2, 1, 1, 1, 2, 1, 1, 2, 1, 1, 1, 1, 1, 1, 1, 1, 1, 2, 2, 1, 1, 1, 1, 1, 1, 1, 1, 1, 1, 1, 2, 2, 1, 2, 1, 1, 1, 2, 1, 1, 1, 1, 1, 1, 1, 1, 1, 1, 1, 1, 1, 2]
w=14125969048315076608/6296488643826207716621 [cg] doubles=43 n=213
  xk(2^-20 units)=[251530, 529510, 795148, 1066398, 1556425, 1834408, 2099029, 2364829, 2631327, 2899429, 3172954, 3643625, 3917132, 4185206, 4451707, 4717515, 4982085, 5260022, 5750062, 6019989, 6298494, 6803862, 7080965, 7344870, 7610261, 7876508, 8144399, 8417774, 8887974, 9161277, 9429190, 9695469, 9960000, 10237448, 10744199, 11022629, 11289486, 11562829, 12034264, 12307799, 12575954, 12842620, 13107620, 13385545, 13895216, 14179535, 14657468, 14939617, 15221206, 15715305, 15993408, 16258537, 16525233, 16793392, 17066946, 17538644, 17812264, 18080580, 18346404, 18624702, 19134987, 19419332, 19896576, 20178171, 20455296, 20725521, 21217946, 21496264, 21761560, 22028377, 22296592, 22570150, 23040964, 23314466, 23582571, 23849154, 24113759, 24389693, 24671302, 25142113, 25414435, 25680711, 25958881, 26465861, 26743801, 27009331, 27277448, 27550909, 28021992, 28295418, 28563404, 28829904, 29095766, 29360414, 29638418, 30130118, 30400212, 30677247, 30958798, 31435855, 31720106, 32229512, 32507345, 32772192, 33038720, 33306720, 33580070, 34052968, 34325263, 34605093, 35113545, 35391291, 35656105, 35922660, 36190667, 36464126, 36934806, 37208245, 37476317, 37741842, 38019836, 38527512, 38806069, 39073033, 39346447, 39818473, 40091999, 40360162, 40626933, 40892161, 41170445, 41662764, 41933057, 42211903, 42719766, 42998505, 43268693, 43759355, 44037080, 44301254, 44566462, 44831954, 45098336, 45366282, 45639692, 46109333, 46382705, 46650648, 46916902, 47182189, 47447023, 47710518, 47985900, 48267329, 48736395, 49008777, 49276080, 49541033, 49818688, 50325581, 50604217, 50874281, 51364355, 51642272, 51906824, 52172679, 52439241, 52707361, 52980877, 53451811, 53725215, 53993170, 54258625, 54536584, 55044119, 55322690, 55589687, 55863035, 56334342, 56607747, 56875751, 57142181, 57406691, 57682593, 57964203, 58435970, 58708443, 58974861, 59253131, 59760776, 60039616, 60309911, 60800886, 61078823, 61343371, 61609107, 61875534, 62143634, 62417190, 62888460, 63161968, 63430039, 63696508, 63962285, 64226853, 64504804, 64996181, 65266391, 65543563, 65825482, 66301169, 66572782, 66852257]
  m=[2, 1, 1, 1, 2, 1, 1, 1, 1, 1, 1, 1, 1, 1, 1, 1, 1, 2, 1, 1, 2, 2, 1, 1, 1, 1, 1, 1, 1, 1, 1, 1, 1, 2, 2, 1, 1, 1, 1, 1, 1, 1, 1, 2, 2, 1, 1, 2, 1, 2, 1, 1, 1, 1, 1, 1, 1, 1, 1, 2, 2, 1, 1, 2, 1, 1, 2, 1, 1, 1, 1, 1, 1, 1, 1, 1, 1, 2, 1, 1, 1, 1, 2, 2, 1, 1, 1, 1, 1, 1, 1, 1, 1, 1, 2, 1, 1, 2, 1, 1, 2, 2, 1, 1, 1, 1, 1, 1, 1, 2, 2, 1, 1, 1, 1, 1, 1, 1, 1, 1, 2, 2, 1, 1, 1, 1, 1, 1, 1, 1, 2, 1, 1, 2, 2, 1, 1, 2, 1, 1, 1, 1, 1, 1, 1, 1, 1, 1, 1, 1, 1, 1, 2, 1, 1, 1, 1, 1, 2, 2, 1, 1, 2, 1, 1, 1, 1, 1, 1, 1, 1, 1, 1, 2, 2, 1, 1, 1, 1, 1, 1, 1, 1, 2, 1, 1, 1, 1, 2, 2, 1, 1, 2, 1, 1, 1, 1, 1, 1, 1, 1, 1, 1, 1, 1, 2, 1, 1, 2, 1, 1, 1, 2]
w=23704795334243033088/6296488643826207716621 [cg] doubles=41 n=215
  xk(2^-20 units)=[67108211, 276188, 782576, 1065726, 1558319, 1836346, 2101305, 2367910, 2636018, 2909581, 3380857, 3654390, 3922581, 4189308, 4455396, 4721451, 4987915, 5255614, 5528321, 5999841, 6281705, 6558015, 6823611, 7094995, 7585264, 7863152, 8127487, 8392920, 8658979, 8926353, 9198978, 9672167, 9954135, 10230850, 10497222, 10769735, 11240219, 11521729, 11797189, 12060913, 12326021, 12591904, 12859262, 13131875, 13604817, 13886859, 14164049, 14434216, 14924965, 15202734, 15466965, 15732129, 15997655, 16263993, 16531960, 16805347, 17276028, 17549458, 17817446, 18082896, 18360828, 18868170, 19146685, 19413612, 19686968, 20158382, 20431893, 20700000, 20966554, 21232366, 21496941, 21774827, 22265083, 22535175, 22813898, 23321003, 23598875, 23864356, 24132381, 24405826, 24877614, 25151130, 25419278, 25686027, 25951291, 26229629, 26721623, 26993355, 27259626, 27538232, 28030639, 28301063, 28579867, 29087394, 29365328, 29631058, 29902548, 30394291, 30672961, 30939203, 31210868, 31702143, 31980182, 32244863, 32510728, 32777272, 33045327, 33318800, 33789147, 34062708, 34330719, 34597194, 34861750, 35137626, 35419128, 35890908, 36162142, 36441468, 36948824, 37226370, 37490980, 37757368, 38025320, 38298740, 38769345, 39042796, 39310816, 39577283, 39843050, 40107649, 40385580, 40875464, 41146621, 41412019, 41689749, 42196565, 42475252, 42745469, 43236476, 43514302, 43778625, 44044053, 44310025, 44577357, 44849876, 45321524, 45603348, 45879732, 46145180, 46413273, 46686707, 47157942, 47431463, 47699630, 47966446, 48232635, 48498793, 48765718, 49037156, 49526686, 49804364, 50068402, 50332442, 50609992, 51101312, 51371566, 51650292, 52158162, 52436902, 52707160, 53198252, 53476098, 53740631, 54006340, 54272792, 54540821, 54814255, 55285165, 55558486, 55826302, 56092590, 56357054, 56634477, 57140759, 57419272, 57689205, 58178735, 58456395, 58720574, 58985780, 59251313, 59517686, 59785650, 60059090, 60529320, 60802751, 61070764, 61337168, 61601634, 61877527, 62159156, 62630646, 62903166, 63169646, 63448010, 63956816, 64236400, 64508032, 64983966, 65265808, 65542836, 65812903, 66303781, 66581215, 66844831]
  m=[1, 2, 2, 1, 2, 1, 1, 1, 1, 1, 1, 1, 1, 1, 1, 1, 1, 1, 1, 1, 2, 1, 1, 1, 2, 1, 1, 1, 1, 1, 1, 1, 2, 1, 1, 1, 1, 2, 1, 1, 1, 1, 1, 1, 1, 2, 1, 1, 2, 1, 1, 1, 1, 1, 1, 1, 1, 1, 1, 1, 2, 2, 1, 1, 1, 1, 1, 1, 1, 1, 1, 2, 1, 1, 2, 2, 1, 1, 1, 1, 1, 1, 1, 1, 1, 2, 1, 1, 1, 2, 1, 1, 2, 2, 1, 1, 1, 2, 1, 1, 1, 2, 1, 1, 1, 1, 1, 1, 1, 1, 1, 1, 1, 2, 1, 1, 1, 2, 2, 1, 1, 1, 1, 1, 1, 1, 1, 1, 1, 1, 2, 1, 1, 1, 2, 2, 1, 1, 2, 1, 1, 1, 1, 1, 1, 1, 2, 1, 1, 1, 1, 1, 1, 1, 1, 1, 1, 1, 1, 2, 1, 1, 1, 2, 1, 1, 2, 2, 1, 1, 2, 1, 1, 1, 1, 1, 1, 1, 1, 1, 1, 1, 2, 2, 1, 1, 2, 1, 1, 1, 1, 1, 1, 1, 1, 1, 1, 1, 1, 2, 1, 1, 1, 1, 2, 2, 1, 1, 1, 2, 1, 1, 2, 1, 1]
w=133625954158009729024/18889465931478623149863 [cg] doubles=44 n=212
  xk(2^-20 units)=[250796, 528778, 794288, 1062280, 1335639, 1806342, 2079818, 2347863, 2614318, 2879948, 3145245, 3409533, 3687445, 4177271, 4448572, 4715411, 4980442, 5258602, 5750654, 6021102, 6300012, 6808273, 7086921, 7354012, 7627497, 8100481, 8373981, 8642125, 8908868, 9174069, 9452366, 9943528, 10214901, 10480530, 10756851, 11038642, 11510885, 11783411, 12050740, 12316695, 12581027, 12858476, 13365919, 13649158, 14142171, 14420096, 14684972, 14951680, 15223058, 15713265, 15991361, 16256046, 16521979, 16788533, 17056586, 17330127, 17800575, 18074288, 18342676, 18609600, 18875987, 19142393, 19409266, 19677578, 19951168, 20423076, 20696607, 20963700, 21242355, 21750909, 22029797, 22300135, 22791701, 23069386, 23332761, 23610511, 24101443, 24372858, 24638670, 24916752, 25425633, 25705480, 25977808, 26452778, 26726104, 26993049, 27271635, 27779778, 28058104, 28324555, 28597086, 29069414, 29351226, 29627616, 29893110, 30161336, 30434946, 30906961, 31180497, 31448647, 31715388, 31980607, 32258885, 32751291, 33021629, 33298950, 33581061, 34054680, 34327465, 34595203, 34861688, 35127713, 35393740, 35660589, 35931985, 36422363, 36700212, 36963743, 37241542, 37732326, 38003577, 38269192, 38547161, 39055660, 39339005, 39832880, 40111138, 40376685, 40644423, 40917183, 41390497, 41672250, 41948536, 42214153, 42485556, 42976495, 43254790, 43519968, 43786751, 44054991, 44328548, 44800520, 45074087, 45342330, 45609150, 45874407, 46152739, 46643744, 46915287, 47182276, 47447431, 47725765, 48216800, 48488334, 48755315, 49020484, 49298687, 49790998, 50061339, 50338556, 50620607, 51094668, 51367361, 51634886, 51899889, 52175926, 52457478, 52931154, 53202578, 53481975, 53990249, 54268208, 54533640, 54801559, 55074826, 55549114, 55821521, 56101416, 56610333, 56888412, 57154135, 57425378, 57914759, 58192520, 58456659, 58721799, 58987251, 59253411, 59520996, 59793785, 60267909, 60550569, 60832344, 61326433, 61604624, 61869786, 62136589, 62404742, 62678323, 63149381, 63422806, 63690823, 63956318, 64234259, 64742078, 65020696, 65287731, 65561109, 66033074, 66306409, 66573337, 66851895]
  m=[2, 1, 1, 1, 1, 1, 1, 1, 1, 1, 1, 1, 2, 1, 1, 1, 1, 2, 1, 1, 2, 2, 1, 1, 1, 1, 1, 1, 1, 1, 2, 1, 1, 1, 2, 1, 1, 1, 1, 1, 1, 2, 2, 1, 2, 1, 1, 1, 1, 2, 1, 1, 1, 1, 1, 1, 1, 1, 1, 1, 1, 1, 1, 1, 1, 1, 1, 1, 2, 2, 1, 1, 2, 1, 1, 2, 1, 1, 1, 2, 2, 1, 1, 1, 1, 1, 2, 2, 1, 1, 1, 1, 2, 1, 1, 1, 1, 1, 1, 1, 1, 1, 2, 1, 1, 2, 1, 1, 1, 1, 1, 1, 1, 1, 1, 2, 1, 1, 2, 1, 1, 1, 2, 2, 1, 2, 1, 1, 1, 1, 1, 2, 1, 1, 1, 2, 1, 1, 1, 1, 1, 1, 1, 1, 1, 1, 2, 1, 1, 1, 1, 2, 1, 1, 1, 1, 2, 1, 1, 2, 1, 1, 1, 1, 1, 2, 1, 1, 1, 2, 2, 1, 1, 1, 1, 1, 1, 2, 2, 1, 1, 1, 2, 1, 1, 1, 1, 1, 1, 1, 1, 2, 1, 2, 1, 1, 1, 1, 1, 1, 1, 1, 1, 2, 2, 1, 1, 1, 1, 1, 1, 2]
w=26725959602188025856/6296488643826207716621 [cg] doubles=44 n=212
  xk(2^-20 units)=[67098776, 267875, 533369, 801333, 1074782, 1545702, 1819176, 2087251, 2353844, 2619749, 2884445, 3162497, 3653017, 3924415, 4191259, 4456253, 4734396, 5226093, 5496426, 5775242, 6282422, 6560352, 6825761, 7093754, 7367100, 7838958, 8112366, 8380378, 8645782, 8922062, 9203756, 9678735, 9950196, 10228186, 10510524, 10985042, 11257647, 11525029, 11790953, 12055161, 12332445, 12838656, 13117283, 13387454, 13879049, 14157143, 14422159, 14689021, 14960424, 15450659, 15728774, 15993509, 16259373, 16525961, 16794098, 17067629, 17538057, 17811739, 18080067, 18346994, 18613393, 18879796, 19146727, 19415055, 19688728, 20159620, 20433072, 20701034, 20966504, 21244408, 21751716, 22030448, 22300572, 22791806, 23069483, 23332850, 23610609, 24101550, 24372902, 24638667, 24916732, 25425547, 25705412, 25977750, 26452718, 26726023, 26992948, 27271492, 27779648, 28057948, 28324424, 28596910, 29069268, 29351072, 29627458, 29892961, 30161155, 30434739, 30906671, 31180244, 31448405, 31715121, 31980350, 32258635, 32750994, 33021372, 33298689, 33580803, 34054339, 34327148, 34594937, 34861466, 35127463, 35393487, 35660366, 35931791, 36422067, 36699882, 36963378, 37241141, 37732075, 38003317, 38268949, 38546912, 39055264, 39338509, 39831456, 40109360, 40374156, 40640492, 40908105, 41180762, 41654570, 41936628, 42213960, 42484326, 42976701, 43254982, 43520126, 43786927, 44055141, 44328674, 44800610, 45074175, 45342446, 45609343, 45874612, 46152916, 46644287, 46915868, 47182822, 47448035, 47726342, 48217377, 48488942, 48755923, 49021030, 49299105, 49793258, 50075070, 50357638, 50833120, 51105858, 51373438, 51638527, 51914627, 52196202, 52670617, 52942142, 53221704, 53730543, 54008976, 54275586, 54548262, 55023303, 55305373, 55582784, 55853312, 56346855, 56625526, 56891782, 57163381, 57654165, 57932145, 58196707, 58462416, 58728794, 58996454, 59269301, 59743690, 60026309, 60308081, 60801372, 61079249, 61343818, 61609623, 61876170, 62144204, 62417675, 62888487, 63161945, 63429991, 63695480, 63973455, 64481230, 64759828, 65026822, 65300098, 65772119, 66045443, 66312449, 66591059]
  m=[2, 1, 1, 1, 1, 1, 1, 1, 1, 1, 1, 2, 1, 1, 1, 1, 2, 1, 1, 2, 2, 1, 1, 1, 1, 1, 1, 1, 1, 2, 1, 1, 1, 2, 1, 1, 1, 1, 1, 1, 2, 2, 1, 1, 2, 1, 1, 1, 1, 2, 1, 1, 1, 1, 1, 1, 1, 1, 1, 1, 1, 1, 1, 1, 1, 1, 1, 1, 1, 2, 2, 1, 1, 2, 1, 1, 2, 1, 1, 1, 2, 2, 1, 1, 1, 1, 1, 2, 2, 1, 1, 1, 1, 2, 1, 1, 1, 1, 1, 1, 1, 1, 1, 2, 1, 1, 2, 1, 1, 1, 1, 1, 1, 1, 1, 1, 2, 1, 1, 2, 1, 1, 1, 2, 2, 1, 2, 1, 1, 1, 1, 1, 1, 2, 1, 1, 2, 1, 1, 1, 1, 1, 1, 1, 1, 1, 1, 2, 1, 1, 1, 1, 2, 1, 1, 1, 1, 2, 1, 2, 1, 1, 1, 1, 1, 2, 1, 1, 1, 2, 2, 1, 1, 1, 1, 2, 1, 1, 2, 1, 1, 1, 2, 1, 1, 1, 1, 1, 1, 1, 2, 1, 2, 1, 1, 1, 1, 1, 1, 1, 1, 1, 1, 2, 2, 1, 1, 1, 1, 1, 1, 2]
w=165120590948945035264/18889465931478623149863 [cg] doubles=44 n=212
  xk(2^-20 units)=[251175, 529154, 794625, 1062614, 1335946, 1806604, 2080104, 2348146, 2614581, 2880189, 3145459, 3409716, 3687562, 4177504, 4448814, 4715630, 4980671, 5258817, 5750574, 6020885, 6299662, 6806899, 7084797, 7350225, 7618221, 7891648, 8363461, 8636924, 8905011, 9170438, 9446737, 9728470, 10203433, 10474940, 10752885, 11035223, 11509952, 11782636, 12050107, 12316177, 12580623, 12858105, 13365637, 13648870, 14141897, 14419844, 14684731, 14951485, 15222877, 15713067, 15991154, 16255837, 16521769, 16788320, 17056382, 17329922, 17800300, 18074037, 18342429, 18609364, 18875760, 19142150, 19409004, 19677328, 19950907, 20422829, 20696354, 20963422, 21242075, 21750604, 22029487, 22299815, 22791397, 23069081, 23332431, 23610197, 24101089, 24372489, 24638289, 24916358, 25425263, 25705115, 25977433, 26452367, 26725659, 26992607, 27271166, 27779300, 28057625, 28324086, 28596581, 29068892, 29350707, 29627077, 29892568, 30160791, 30434382, 30906292, 31179826, 31447979, 31714693, 31979911, 32258167, 32750537, 33020892, 33298183, 33580287, 34053875, 34326682, 34594451, 34860953, 35126960, 35392989, 35659869, 35931256, 36421517, 36699363, 36962875, 37240663, 37731551, 38002793, 38268428, 38546380, 39054655, 39337938, 39830943, 40108835, 40373629, 40639946, 40907573, 41180240, 41653997, 41936070, 42213411, 42483798, 42976129, 43254401, 43519576, 43786349, 44054575, 44328107, 44800087, 45073662, 45341895, 45608783, 45874055, 46152385, 46643689, 46915240, 47182186, 47447387, 47725727, 48216701, 48488270, 48755221, 49020324, 49298408, 49792473, 50074281, 50356835, 50832265, 51104970, 51372565, 51637657, 51913739, 52195300, 52669606, 52941111, 53220664, 53729510, 54007957, 54274601, 54547195, 55022090, 55304092, 55581455, 55852008, 56345512, 56624182, 56890400, 57161948, 57652119, 57929942, 58194143, 58459263, 58724738, 58990903, 59258466, 59531193, 60005380, 60287987, 60569723, 61063012, 61340872, 61605435, 61871241, 62137776, 62405810, 62679319, 63150013, 63423467, 63691494, 63956994, 64234973, 64742707, 65021283, 65288253, 65561577, 66033517, 66306826, 66573789, 66852347]
  m=[2, 1, 1, 1, 1, 1, 1, 1, 1, 1, 1, 1, 2, 1, 1, 1, 1, 2, 1, 1, 2, 2, 1, 1, 1, 1, 1, 1, 1, 1, 2, 1, 1, 1, 2, 1, 1, 1, 1, 1, 1, 2, 2, 1, 2, 1, 1, 1, 1, 2, 1, 1, 1, 1, 1, 1, 1, 1, 1, 1, 1, 1, 1, 1, 1, 1, 1, 1, 2, 2, 1, 1, 2, 1, 1, 2, 1, 1, 1, 2, 2, 1, 1, 1, 1, 1, 2, 2, 1, 1, 1, 1, 2, 1, 1, 1, 1, 1, 1, 1, 1, 1, 2, 1, 1, 2, 1, 1, 1, 1, 1, 1, 1, 1, 1, 2, 1, 1, 2, 1, 1, 1, 2, 2, 1, 2, 1, 1, 1, 1, 1, 1, 2, 1, 1, 2, 1, 1, 1, 1, 1, 1, 1, 1, 1, 1, 2, 1, 1, 1, 1, 2, 1, 1, 1, 1, 2, 1, 2, 1, 1, 1, 1, 1, 2, 1, 1, 1, 2, 2, 1, 1, 1, 1, 2, 1, 1, 2, 1, 1, 1, 2, 1, 1, 1, 1, 1, 1, 1, 1, 2, 1, 2, 1, 1, 1, 1, 1, 1, 1, 1, 1, 1, 2, 2, 1, 1, 1, 1, 1, 1, 2]
w=123786247409135632384/18889465931478623149863 [cg] doubles=41 n=215
  xk(2^-20 units)=[7125, 288789, 759247, 1031833, 1299445, 1565931, 1831929, 2098042, 2364784, 2632967, 2906459, 3377160, 3650549, 3918533, 4183919, 4461786, 4969060, 5247743, 5517784, 6006986, 6284491, 6548303, 6813012, 7077937, 7343334, 7609638, 7877509, 8150928, 8621183, 8894540, 9162413, 9428647, 9693089, 9970498, 10476612, 10755187, 11025310, 11516334, 11794290, 12059095, 12325325, 12592769, 12865280, 13336302, 13617921, 13893850, 14158379, 14424792, 14692714, 14966107, 15436575, 15709939, 15977869, 16244267, 16508893, 16786439, 17293954, 17573297, 17844595, 18317272, 18598873, 18874934, 19140007, 19407575, 19680260, 20154046, 20436056, 20713228, 20983399, 21474044, 21751761, 22015899, 22280901, 22546187, 22812195, 23079625, 23352230, 23824924, 24107042, 24384391, 24654736, 25147099, 25425380, 25690559, 25957301, 26225454, 26499033, 26969613, 27243083, 27511092, 27777504, 28043057, 28308216, 28572345, 28850026, 29339615, 29609626, 29888248, 30395013, 30672703, 30937809, 31205272, 31477874, 31951427, 32233404, 32510606, 32780788, 33272226, 33550235, 33814861, 34080699, 34347237, 34615280, 34888679, 35360096, 35633453, 35900448, 36178968, 36686521, 36964523, 37230004, 37498018, 37771450, 38242368, 38515855, 38783941, 39050510, 39316412, 39581046, 39859071, 40349373, 40620662, 40886201, 41162443, 41444184, 41917017, 42189559, 42456103, 42734442, 43242509, 43521091, 43788140, 44061546, 44533556, 44807008, 45075009, 45341445, 45607186, 45871718, 46149614, 46640420, 46910591, 47189264, 47696113, 47973921, 48239482, 48510681, 49000764, 49278683, 49543165, 49808892, 50075289, 50343306, 50616785, 51087821, 51361336, 51629369, 51895840, 52161542, 52426011, 52703872, 53194391, 53464512, 53743168, 54250342, 54528109, 54793535, 55064602, 55553591, 55830979, 56094631, 56358121, 56635069, 57142340, 57422037, 57694190, 58167413, 58440775, 58708863, 58975530, 59241613, 59507615, 59774047, 60041712, 60314479, 60787636, 61069791, 61346842, 61613871, 61887400, 62361044, 62634477, 62901458, 63180025, 63688307, 63967131, 64237443, 64728757, 65006444, 65269804, 65547559, 66037816, 66309105, 66575666, 66840137]
  m=[2, 1, 1, 1, 1, 1, 1, 1, 1, 1, 1, 1, 1, 1, 1, 2, 2, 1, 1, 2, 1, 1, 1, 1, 1, 1, 1, 1, 1, 1, 1, 1, 1, 2, 2, 1, 1, 2, 1, 1, 1, 1, 1, 1, 2, 1, 1, 1, 1, 1, 1, 1, 1, 1, 1, 2, 2, 1, 1, 1, 2, 1, 1, 1, 1, 1, 2, 1, 1, 2, 1, 1, 1, 1, 1, 1, 1, 1, 2, 1, 1, 2, 1, 1, 1, 1, 1, 1, 1, 1, 1, 1, 1, 1, 2, 1, 1, 2, 2, 1, 1, 1, 1, 1, 2, 1, 1, 2, 1, 1, 1, 1, 1, 1, 1, 1, 1, 2, 2, 1, 1, 1, 1, 1, 1, 1, 1, 1, 1, 2, 1, 1, 1, 2, 1, 1, 1, 1, 2, 2, 1, 1, 1, 1, 1, 1, 1, 1, 1, 2, 1, 1, 2, 2, 1, 1, 1, 2, 1, 1, 1, 1, 1, 1, 1, 1, 1, 1, 1, 1, 2, 1, 1, 2, 2, 1, 1, 1, 2, 1, 1, 1, 2, 2, 1, 1, 1, 1, 1, 1, 1, 1, 1, 1, 1, 1, 2, 1, 1, 1, 1, 1, 1, 2, 2, 1, 1, 2, 1, 1, 2, 1, 1, 1, 1]
w=200215082704937156608/18889465931478623149863 [cg] doubles=41 n=215
  xk(2^-20 units)=[10471, 292136, 762625, 1035210, 1302817, 1569304, 1835293, 2101408, 2368142, 2636311, 2909785, 3380622, 3654021, 3922030, 4187425, 4465290, 4972509, 5251198, 5521266, 6010759, 6288416, 6552505, 6817637, 7083196, 7349570, 7617577, 7890962, 8361216, 8634577, 8902394, 9168547, 9433790, 9697605, 9974692, 10480167, 10758678, 11028751, 11519761, 11797714, 12062524, 12328758, 12596192, 12868677, 13339558, 13621164, 13897100, 14161640, 14428061, 14695980, 14969382, 15439878, 15713237, 15981161, 16247560, 16512185, 16789728, 17297244, 17576591, 17847895, 18320593, 18602189, 18878246, 19143313, 19410881, 19683562, 20157371, 20439383, 20716556, 20986723, 21477385, 21755103, 22019245, 22284251, 22549536, 22815545, 23082976, 23355585, 23828291, 24110416, 24387766, 24658114, 25150480, 25428756, 25693936, 25960677, 26228829, 26502405, 26973018, 27246482, 27514491, 27780906, 28046464, 28311625, 28575758, 28853445, 29343050, 29613057, 29891677, 30398433, 30676117, 30941219, 31208679, 31481279, 31954840, 32236811, 32514011, 32784192, 33275625, 33553631, 33818255, 34084093, 34350633, 34618672, 34892074, 35363488, 35636845, 35903844, 36182368, 36689921, 36967920, 37233399, 37501416, 37774845, 38245768, 38519254, 38787343, 39053913, 39319815, 39584447, 39862473, 40352772, 40624059, 40889600, 41165839, 41447584, 41920418, 42192960, 42459504, 42737848, 43245920, 43524501, 43791550, 44064955, 44536966, 44810417, 45078416, 45344855, 45610597, 45875130, 46153028, 46643814, 46913986, 47192655, 47699505, 47977315, 48242879, 48514081, 49004144, 49282067, 49546547, 49812273, 50078671, 50346688, 50620165, 51091200, 51364713, 51632747, 51899211, 52164915, 52429385, 52707247, 53197784, 53467904, 53746564, 54253742, 54531500, 54796931, 55067999, 55556999, 55834385, 56098037, 56361530, 56638483, 57145740, 57425439, 57697590, 58170797, 58444167, 58712253, 58978920, 59245002, 59511003, 59777430, 60045096, 60317865, 60791007, 61073161, 61350216, 61617247, 61890778, 62364412, 62637843, 62904828, 63183395, 63691679, 63970498, 64240810, 64732129, 65009817, 65273179, 65550930, 66041160, 66312445, 66579004, 66843479]
  m=[2, 1, 1, 1, 1, 1, 1, 1, 1, 1, 1, 1, 1, 1, 1, 2, 2, 1, 1, 2, 1, 1, 1, 1, 1, 1, 1, 1, 1, 1, 1, 1, 1, 2, 2, 1, 1, 2, 1, 1, 1, 1, 1, 1, 2, 1, 1, 1, 1, 1, 1, 1, 1, 1, 1, 2, 2, 1, 1, 1, 2, 1, 1, 1, 1, 1, 2, 1, 1, 2, 1, 1, 1, 1, 1, 1, 1, 1, 2, 1, 1, 2, 1, 1, 1, 1, 1, 1, 1, 1, 1, 1, 1, 1, 2, 1, 1, 2, 2, 1, 1, 1, 1, 1, 2, 1, 1, 2, 1, 1, 1, 1, 1, 1, 1, 1, 1, 2, 2, 1, 1, 1, 1, 1, 1, 1, 1, 1, 1, 2, 1, 1, 1, 2, 1, 1, 1, 1, 2, 2, 1, 1, 1, 1, 1, 1, 1, 1, 1, 2, 1, 1, 2, 2, 1, 1, 1, 2, 1, 1, 1, 1, 1, 1, 1, 1, 1, 1, 1, 1, 2, 1, 1, 2, 2, 1, 1, 1, 2, 1, 1, 1, 2, 2, 1, 1, 1, 1, 1, 1, 1, 1, 1, 1, 1, 1, 2, 1, 1, 1, 1, 1, 1, 2, 2, 1, 1, 2, 1, 1, 2, 1, 1, 1, 1]
w=188211885936890544128/18889465931478623149863 [cg] doubles=43 n=213
  xk(2^-20 units)=[27630, 503314, 774904, 1054389, 1562634, 1840622, 2106334, 2377655, 2868515, 3146802, 3412012, 3678736, 3946911, 4220505, 4691731, 4965208, 5233260, 5499654, 5765208, 6030351, 6294491, 6572207, 7061917, 7331989, 7610675, 8117920, 8395827, 8661314, 8929335, 9202669, 9674383, 9947697, 10214627, 10493179, 11000854, 11278816, 11544295, 11812266, 12085760, 12556355, 12829783, 13097769, 13364188, 13629872, 13894227, 14171796, 14680783, 14965042, 15442835, 15725006, 16006644, 16500726, 16778836, 17043966, 17310693, 17578869, 17852385, 18323693, 18597188, 18865324, 19131934, 19396909, 19674828, 20184165, 20468412, 20945167, 21226839, 21503990, 21774329, 22267769, 22546511, 22812661, 23081113, 23354782, 23827506, 24101087, 24369276, 24636037, 24901291, 25179574, 25670506, 25941829, 26207416, 26485231, 26992146, 27270863, 27541048, 28031817, 28309721, 28574256, 28840019, 29106482, 29374544, 29648136, 30119007, 30392460, 30660500, 30926909, 31192679, 31457260, 31735184, 32227034, 32497310, 32774515, 33056562, 33530189, 33802735, 34069232, 34347474, 34854587, 35132520, 35397975, 35665919, 35939322, 36410315, 36683728, 36951718, 37218185, 37483001, 37760690, 38268880, 38548695, 38820955, 39293823, 39567125, 39835083, 40101549, 40367301, 40631925, 40909877, 41399623, 41670764, 41936208, 42213965, 42720929, 42999589, 43269754, 43759945, 44037603, 44301700, 44566774, 44832239, 45098546, 45366472, 45639881, 46110059, 46383496, 46651475, 46917838, 47183373, 47448569, 47712699, 47990478, 48478949, 48749999, 49016381, 49280893, 49558367, 50065845, 50345140, 50616373, 51087376, 51368694, 51644206, 51908064, 52173495, 52439830, 52707841, 52981301, 53451039, 53724414, 53992239, 54258489, 54523025, 54800491, 55307189, 55585612, 55852446, 56125811, 56596781, 56870255, 57138333, 57404872, 57670733, 57935405, 58213408, 58702729, 58973872, 59240410, 59506016, 59770356, 60048161, 60542112, 60825572, 61335933, 61619364, 62112318, 62390165, 62654656, 62920428, 63186918, 63455008, 63728566, 64199507, 64472993, 64741110, 65007567, 65273330, 65537947, 65815923, 66307259, 66577475, 66854619]
  m=[1, 1, 1, 2, 2, 1, 1, 1, 2, 1, 1, 1, 1, 1, 1, 1, 1, 1, 1, 1, 1, 2, 1, 1, 2, 2, 1, 1, 1, 1, 1, 1, 1, 2, 2, 1, 1, 1, 1, 1, 1, 1, 1, 1, 1, 2, 2, 1, 1, 2, 1, 2, 1, 1, 1, 1, 1, 1, 1, 1, 1, 1, 2, 2, 1, 1, 2, 1, 1, 2, 1, 1, 1, 1, 1, 1, 1, 1, 1, 2, 1, 1, 1, 2, 2, 1, 1, 2, 1, 1, 1, 1, 1, 1, 1, 1, 1, 1, 1, 1, 2, 1, 1, 2, 1, 1, 1, 1, 2, 2, 1, 1, 1, 1, 1, 1, 1, 1, 1, 2, 2, 1, 1, 1, 1, 1, 1, 1, 1, 2, 1, 1, 1, 2, 2, 1, 1, 2, 1, 1, 1, 1, 1, 1, 1, 1, 1, 1, 1, 1, 1, 1, 2, 1, 1, 1, 1, 2, 2, 1, 1, 1, 2, 1, 1, 1, 1, 1, 1, 1, 1, 1, 1, 1, 2, 2, 1, 1, 1, 1, 1, 1, 1, 1, 1, 2, 1, 1, 1, 1, 1, 2, 1, 2, 2, 1, 2, 1, 1, 1, 1, 1, 1, 1, 1, 1, 1, 1, 1, 2, 1, 1, 2]
w=77053604033023557632/18889465931478623149863 [cg] doubles=44 n=212
  xk(2^-20 units)=[67103167, 277648, 770616, 1048670, 1313746, 1580462, 1848665, 2122160, 2594626, 2867952, 3134906, 3413456, 3920841, 4198797, 4464275, 4732262, 5005792, 5476749, 5750263, 6018313, 6284827, 6550740, 6815434, 7093486, 7583882, 7855293, 8122153, 8387177, 8665300, 9156662, 9426902, 9705578, 10212027, 10489519, 10754016, 11020361, 11288310, 11561715, 12032200, 12305860, 12574224, 12841190, 13107580, 13373982, 13640911, 13909220, 14182847, 14653725, 14927199, 15195227, 15460619, 15738502, 16245825, 16524502, 16794621, 17285692, 17563374, 17826733, 18104459, 18595140, 18866353, 19131880, 19409699, 19916412, 20194556, 20460874, 20733262, 21204848, 21486381, 21762276, 22026804, 22293276, 22561288, 22834760, 23305593, 23579136, 23847223, 24112676, 24389024, 24670794, 25145735, 25417231, 25695133, 25977481, 26452908, 26725691, 26993360, 27258651, 27536557, 28044676, 28327976, 28820873, 29098953, 29364014, 29630734, 29898940, 30172488, 30644600, 30918153, 31186368, 31453163, 31718314, 31996563, 32488939, 32759308, 33036663, 33318801, 33791943, 34064654, 34332385, 34598850, 34864844, 35130784, 35397171, 35664878, 35937611, 36410925, 36692990, 36970131, 37240284, 37731121, 38008517, 38272115, 38535542, 38812433, 39319076, 39602219, 40095588, 40373827, 40639319, 40907069, 41179807, 41653126, 41934883, 42211154, 42476747, 42748165, 43239094, 43517381, 43782597, 44049388, 44317634, 44591158, 45063047, 45336608, 45604883, 45871733, 46136924, 46415236, 46906479, 47178050, 47445034, 47710250, 47988541, 48479671, 48751231, 49018177, 49283265, 49561334, 50055325, 50337105, 50619699, 51096169, 51369044, 51636971, 51902783, 52181302, 52672882, 52944284, 53209921, 53487862, 53994937, 54273197, 54539711, 54812362, 55287881, 55570421, 55852216, 56346395, 56624561, 56889712, 57156429, 57424587, 57698134, 58170062, 58443627, 58711825, 58977471, 59255548, 59763833, 60043263, 60314750, 60788449, 61070180, 61346457, 61611833, 61879842, 62153218, 62627042, 62899304, 63179099, 63687241, 63964869, 64229586, 64496050, 64764027, 65037456, 65509473, 65782998, 66051077, 66316692, 66594769]
  m=[2, 1, 2, 1, 1, 1, 1, 1, 1, 1, 1, 2, 2, 1, 1, 1, 1, 1, 1, 1, 1, 1, 1, 2, 1, 1, 1, 1, 2, 1, 1, 2, 2, 1, 1, 1, 1, 1, 1, 1, 1, 1, 1, 1, 1, 1, 1, 1, 1, 1, 1, 2, 2, 1, 1, 2, 1, 1, 2, 1, 1, 1, 2, 2, 1, 1, 1, 1, 2, 1, 1, 1, 1, 1, 1, 1, 1, 1, 2, 1, 1, 1, 2, 1, 1, 1, 1, 1, 2, 2, 1, 2, 1, 1, 1, 1, 1, 1, 1, 1, 1, 1, 2, 1, 1, 2, 1, 1, 1, 1, 1, 1, 1, 1, 1, 1, 1, 2, 1, 1, 2, 1, 1, 1, 2, 2, 1, 2, 1, 1, 1, 1, 1, 2, 1, 1, 1, 2, 1, 1, 1, 1, 1, 1, 1, 1, 1, 1, 2, 1, 1, 1, 1, 2, 1, 1, 1, 1, 2, 1, 2, 1, 1, 1, 1, 1, 2, 1, 1, 1, 2, 2, 1, 1, 1, 1, 2, 1, 2, 1, 1, 1, 1, 1, 1, 1, 1, 1, 2, 2, 1, 1, 1, 2, 1, 1, 1, 1, 1, 1, 2, 2, 1, 1, 1, 1, 1, 1, 1, 1, 1, 2]
w=5298954332921694208/6296488643826207716621 [cg] doubles=41 n=215
  xk(2^-20 units)=[13350, 519693, 802738, 1294459, 1572169, 1836518, 2102122, 2368562, 2636597, 2910056, 3380660, 3654218, 3922407, 4189118, 4455264, 4721302, 4987768, 5255470, 5528191, 5999662, 6281480, 6557789, 6823400, 7094758, 7584828, 7862722, 8127110, 8392585, 8658607, 8926004, 9198570, 9670738, 9952553, 10228846, 10494404, 10765718, 11255559, 11533488, 11797931, 12063453, 12329594, 12597126, 12869779, 13343128, 13625213, 13902489, 14172730, 14664098, 14942107, 15206778, 15472635, 15739163, 16007221, 16280800, 16750626, 17024148, 17292199, 17558615, 17824142, 18088118, 18363754, 18645307, 19114928, 19387230, 19653475, 19931684, 20438780, 20716715, 20982161, 21250159, 21523592, 21993481, 22266917, 22534885, 22801284, 23066868, 23330874, 23606539, 23888029, 24357717, 24630026, 24896292, 25174462, 25681511, 25959398, 26224796, 26492731, 26766077, 27237043, 27510566, 27778648, 28045201, 28311035, 28575646, 28853548, 29343916, 29614007, 29892697, 30399786, 30677673, 30943139, 31211232, 31484675, 31956374, 32229954, 32498117, 32764911, 33030180, 33308526, 33800509, 34072223, 34338495, 34617090, 35109603, 35380021, 35658830, 36166399, 36444337, 36710113, 36981569, 37473300, 37752009, 38018288, 38290006, 38782164, 39060504, 39325767, 39592532, 39860692, 40134182, 40606961, 40880446, 41147539, 41426176, 41934565, 42213530, 42484102, 42976630, 43255092, 43520734, 43788465, 44061117, 44533215, 44814910, 45090801, 45355338, 45621778, 45889768, 46163283, 46633167, 46906668, 47174770, 47441282, 47707163, 47972751, 48238512, 48505179, 48776386, 49265161, 49542818, 49806861, 50070871, 50348456, 50839885, 51110071, 51388824, 51896561, 52175287, 52445524, 52936693, 53214554, 53479102, 53744871, 54011382, 54279421, 54552855, 55023680, 55297062, 55564976, 55830392, 56108274, 56615401, 56893600, 57159829, 57432117, 57901959, 58183460, 58459132, 58723160, 58988694, 59255075, 59523024, 59796466, 60266251, 60539749, 60807816, 61074242, 61338771, 61614711, 61896310, 62367929, 62640409, 62906909, 63185298, 63694088, 63973651, 64245292, 64721286, 65003089, 65280122, 65550144, 66040884, 66318321, 66581958, 66845337]
  m=[2, 2, 1, 2, 1, 1, 1, 1, 1, 1, 1, 1, 1, 1, 1, 1, 1, 1, 1, 1, 2, 1, 1, 1, 2, 1, 1, 1, 1, 1, 1, 1, 2, 1, 1, 1, 2, 1, 1, 1, 1, 1, 1, 1, 2, 1, 1, 2, 1, 1, 1, 1, 1, 1, 1, 1, 1, 1, 1, 1, 2, 1, 1, 1, 1, 2, 2, 1, 1, 1, 1, 1, 1, 1, 1, 1, 1, 2, 1, 1, 1, 1, 2, 2, 1, 1, 1, 1, 1, 1, 1, 1, 1, 1, 2, 1, 1, 2, 2, 1, 1, 1, 1, 1, 1, 1, 1, 1, 2, 1, 1, 1, 2, 1, 1, 2, 2, 1, 1, 1, 2, 1, 1, 1, 2, 1, 1, 1, 1, 1, 1, 1, 1, 2, 2, 1, 1, 2, 1, 1, 1, 1, 1, 2, 1, 1, 1, 1, 1, 1, 1, 1, 1, 1, 1, 1, 1, 1, 2, 1, 1, 1, 2, 1, 1, 2, 2, 1, 1, 2, 1, 1, 1, 1, 1, 1, 1, 1, 1, 1, 2, 2, 1, 1, 1, 1, 2, 1, 1, 1, 1, 1, 1, 1, 1, 1, 1, 1, 2, 1, 1, 1, 1, 2, 2, 1, 1, 1, 2, 1, 1, 2, 1, 1, 1]
w=20146750011331829760/6296488643826207716621 [cg] doubles=44 n=212
  xk(2^-20 units)=[247562, 526150, 793212, 1066565, 1538532, 1811854, 2078809, 2357334, 2865186, 3143184, 3408712, 3676777, 3950220, 4420963, 4694517, 4962642, 5229245, 5495203, 5759971, 6038081, 6529323, 6800995, 7067158, 7345730, 7837882, 8108181, 8386952, 8893766, 9171259, 9435802, 9702143, 9970056, 10243432, 10713938, 10987565, 11255915, 11522880, 11789273, 12055696, 12322630, 12590991, 12864678, 13335259, 13608770, 13876835, 14142303, 14420279, 14927997, 15206818, 15477171, 15969554, 16248097, 16514269, 16785943, 17277760, 17555587, 17819024, 18096726, 18588192, 18858482, 19137247, 19644980, 19923292, 20189710, 20462268, 20935367, 21217152, 21493451, 21758882, 22027008, 22300541, 22772641, 23046129, 23314267, 23581000, 23846171, 24124429, 24615648, 24887007, 25152616, 25428929, 25710708, 26183131, 26455685, 26723088, 26989087, 27253395, 27530824, 28038106, 28321308, 28814087, 29092072, 29357102, 29623752, 29891915, 30165482, 30637539, 30911092, 31179281, 31445966, 31711129, 31989390, 32481619, 32752014, 33029319, 33311403, 33784962, 34057736, 34325494, 34592022, 34858036, 35124071, 35390897, 35662251, 36152530, 36430404, 36693943, 36971775, 37462567, 37733801, 37999418, 38277348, 38785862, 39069203, 39563174, 39841455, 40107024, 40374749, 40647476, 41120823, 41402645, 41678974, 41944589, 42216018, 42707085, 42985363, 43250564, 43517296, 43785548, 44059155, 44530658, 44804180, 45072284, 45338824, 45604692, 45869358, 46147424, 46637625, 46909102, 47175979, 47441146, 47719454, 48210670, 48482232, 48749196, 49014325, 49292551, 49784662, 50054979, 50332252, 50614331, 51089399, 51362172, 51630020, 51895735, 52174222, 52665738, 52937077, 53202688, 53480568, 53987795, 54266067, 54532587, 54805323, 55280628, 55563188, 55844966, 56339241, 56617410, 56882547, 57149288, 57417382, 57690906, 58162722, 58436227, 58704435, 58970143, 59248198, 59756467, 60035860, 60307166, 60779416, 61060958, 61336852, 61601368, 61867820, 62135784, 62409141, 62881824, 63154071, 63433888, 63942175, 64219931, 64484786, 64751375, 65019432, 65292872, 65763561, 66036978, 66305035, 66570598, 66848607]
  m=[2, 1, 1, 1, 1, 1, 1, 2, 2, 1, 1, 1, 1, 1, 1, 1, 1, 1, 1, 2, 1, 1, 1, 2, 1, 1, 2, 2, 1, 1, 1, 1, 1, 1, 1, 1, 1, 1, 1, 1, 1, 1, 1, 1, 1, 1, 2, 2, 1, 1, 2, 1, 1, 1, 2, 1, 1, 2, 1, 1, 2, 2, 1, 1, 1, 1, 2, 1, 1, 1, 1, 1, 1, 1, 1, 1, 2, 1, 1, 1, 2, 1, 1, 1, 1, 1, 1, 2, 2, 1, 2, 1, 1, 1, 1, 1, 1, 1, 1, 1, 1, 2, 1, 1, 2, 1, 1, 1, 1, 1, 1, 1, 1, 1, 2, 1, 1, 2, 1, 1, 1, 2, 2, 1, 2, 1, 1, 1, 1, 1, 2, 1, 1, 1, 2, 1, 1, 1, 1, 1, 1, 1, 1, 1, 1, 1, 2, 1, 1, 1, 1, 2, 1, 1, 1, 1, 2, 1, 1, 2, 1, 1, 1, 1, 1, 2, 1, 1, 1, 2, 2, 1, 1, 1, 1, 2, 1, 2, 1, 1, 1, 1, 1, 1, 1, 1, 1, 2, 2, 1, 1, 1, 2, 1, 1, 1, 1, 1, 1, 1, 2, 2, 1, 1, 1, 1, 1, 1, 1, 1, 1, 2]
w=13556640424185774080/18889465931478623149863 [cg] doubles=43 n=213
  xk(2^-20 units)=[67103014, 272243, 544005, 1021772, 1304100, 1582095, 1853699, 2329659, 2611561, 2888363, 3154912, 3427633, 3902230, 4184216, 4460997, 4727543, 5000265, 5473872, 5755669, 6032030, 6297702, 6569198, 7060293, 7338560, 7603636, 7870123, 8137844, 8410633, 8884401, 9166496, 9443395, 9710126, 9983032, 10459208, 10741589, 11019577, 11291168, 11767306, 12049231, 12326009, 12592607, 12865477, 13341803, 13624182, 13902219, 14173866, 14650194, 14932200, 15209477, 15479829, 15972298, 16250585, 16515795, 16782561, 17050764, 17324312, 17797372, 18070793, 18337852, 18616445, 19123921, 19401873, 19667573, 19938960, 20430401, 20708957, 20974731, 21242571, 21515404, 21989276, 22271074, 22547425, 22813136, 23084590, 23575706, 23854024, 24119260, 24386033, 24654215, 24927715, 25400654, 25674224, 25941223, 26218052, 26499614, 26975451, 27257453, 27538967, 28032066, 28310131, 28575217, 28841898, 29110077, 29383683, 29855326, 30128882, 30396986, 30663531, 30929416, 31194069, 31472069, 31962033, 32233191, 32498695, 32776529, 33283445, 33561685, 33828125, 34100652, 34574633, 34856513, 35133238, 35399715, 35672385, 36145950, 36427712, 36704021, 36969668, 37241094, 37732005, 38010221, 38275275, 38541750, 38809430, 39082147, 39555732, 39837753, 40114594, 40381184, 40653939, 41128256, 41410257, 41686980, 41953435, 42226049, 42697847, 42979457, 43255250, 43519562, 43785666, 44053078, 44325653, 44798568, 45080585, 45357408, 45624000, 45896708, 46370171, 46651956, 46928305, 47193956, 47465357, 47956341, 48234573, 48499628, 48766096, 49033797, 49306562, 49780352, 50062451, 50339408, 50606258, 50879339, 51357281, 51640368, 51923189, 52403168, 52685194, 52963052, 53234535, 53710335, 53992235, 54268980, 54535475, 54808199, 55282452, 55564478, 55841277, 56107774, 56380564, 56854099, 57135909, 57412227, 57677781, 57949122, 58438975, 58716840, 58981051, 59246189, 59511598, 59777641, 60045095, 60317727, 60790969, 61073047, 61349912, 61616578, 61889483, 62365429, 62647803, 62925784, 63197370, 63673276, 63955196, 64231992, 64498524, 64771252, 65245773, 65527803, 65804670, 66071327, 66344239, 66820610]
  m=[2, 1, 1, 1, 2, 1, 1, 1, 2, 1, 1, 1, 1, 2, 1, 1, 1, 1, 2, 1, 1, 1, 2, 1, 1, 1, 1, 1, 1, 2, 1, 1, 1, 1, 2, 1, 1, 1, 2, 1, 1, 1, 1, 2, 1, 1, 1, 2, 1, 1, 2, 1, 1, 1, 1, 1, 1, 1, 1, 2, 2, 1, 1, 1, 2, 1, 1, 1, 1, 1, 2, 1, 1, 1, 2, 1, 1, 1, 1, 1, 1, 1, 1, 2, 1, 1, 2, 1, 2, 1, 1, 1, 1, 1, 1, 1, 1, 1, 1, 1, 2, 1, 1, 1, 2, 2, 1, 1, 1, 1, 2, 1, 1, 1, 1, 2, 1, 1, 1, 2, 1, 1, 1, 1, 1, 1, 2, 1, 1, 1, 1, 2, 1, 1, 1, 1, 2, 1, 1, 1, 1, 1, 1, 2, 1, 1, 1, 1, 2, 1, 1, 1, 2, 1, 1, 1, 1, 1, 1, 2, 1, 1, 1, 1, 2, 1, 1, 2, 1, 1, 1, 2, 1, 1, 1, 1, 2, 1, 1, 1, 1, 2, 1, 1, 1, 2, 1, 1, 1, 1, 1, 1, 1, 1, 2, 1, 1, 1, 1, 2, 1, 1, 1, 2, 1, 1, 1, 1, 2, 1, 1, 1, 1]
w=29362097962087809024/6296488643826207716621 [cg] doubles=44 n=212
  xk(2^-20 units)=[67102872, 277328, 770377, 1048434, 1313493, 1580216, 1848381, 2121870, 2594361, 2867695, 3134678, 3413237, 3920624, 4198609, 4464084, 4732116, 5005645, 5476616, 5750113, 6018181, 6284722, 6550645, 6815346, 7093428, 7583726, 7855172, 8122004, 8387029, 8665148, 9156536, 9426790, 9705476, 10211922, 10489418, 10753909, 11020260, 11288181, 11561581, 12032074, 12305733, 12574078, 12841044, 13107387, 13373786, 13640697, 13908928, 14182519, 14653504, 14926948, 15195010, 15460401, 15738317, 16245711, 16524413, 16794583, 17285458, 17563157, 17826473, 18104161, 18596172, 18866445, 19145249, 19653035, 19931303, 20197723, 20470286, 20943408, 21225197, 21501553, 21767050, 22035200, 22308738, 22780405, 23053834, 23321870, 23587299, 23863588, 24145311, 24620491, 24892019, 25169981, 25452347, 25927295, 26199986, 26467522, 26733618, 26998083, 27275550, 27782950, 28066154, 28558867, 28836900, 29101941, 29368631, 29636857, 29910409, 30382406, 30655978, 30924173, 31190950, 31456134, 31734413, 32226764, 32497135, 32774470, 33056624, 33529687, 33802432, 34070163, 34336616, 34602599, 34868535, 35134947, 35402608, 35675298, 36148712, 36430785, 36707930, 36978088, 37468970, 37746361, 38009924, 38273323, 38550241, 39056806, 39339994, 39833353, 40111586, 40377092, 40644801, 40917565, 41390889, 41672659, 41948911, 42214508, 42485900, 42976795, 43255095, 43520259, 43787056, 44055308, 44328817, 44800694, 45074240, 45342487, 45609360, 45874589, 46152901, 46643985, 46915503, 47182495, 47447647, 47725932, 48217119, 48488674, 48755664, 49020825, 49299004, 49791233, 50061600, 50338854, 50620912, 51096095, 51368926, 51636763, 51902509, 52181010, 52672508, 52943878, 53209497, 53487390, 53994593, 54272861, 54539378, 54812093, 55287520, 55570068, 55851882, 56346104, 56624259, 56889409, 57156139, 57424288, 57697848, 58169787, 58443317, 58711491, 58977116, 59255188, 59763469, 60042922, 60314401, 60788137, 61069876, 61346140, 61611512, 61879518, 62152912, 62626745, 62898969, 63178742, 63686869, 63964533, 64229250, 64495729, 64763719, 65037209, 65509215, 65782733, 66050824, 66316439, 66594512]
  m=[2, 1, 2, 1, 1, 1, 1, 1, 1, 1, 1, 2, 2, 1, 1, 1, 1, 1, 1, 1, 1, 1, 1, 2, 1, 1, 1, 1, 2, 1, 1, 2, 2, 1, 1, 1, 1, 1, 1, 1, 1, 1, 1, 1, 1, 1, 1, 1, 1, 1, 1, 2, 2, 1, 1, 2, 1, 1, 2, 1, 1, 2, 2, 1, 1, 1, 1, 2, 1, 1, 1, 1, 1, 1, 1, 1, 2, 1, 1, 1, 2, 1, 1, 1, 1, 1, 1, 2, 2, 1, 2, 1, 1, 1, 1, 1, 1, 1, 1, 1, 1, 2, 1, 1, 2, 1, 1, 1, 1, 1, 1, 1, 1, 1, 1, 1, 2, 1, 1, 2, 1, 1, 1, 2, 2, 1, 2, 1, 1, 1, 1, 1, 2, 1, 1, 1, 2, 1, 1, 1, 1, 1, 1, 1, 1, 1, 1, 2, 1, 1, 1, 1, 2, 1, 1, 1, 1, 2, 1, 1, 2, 1, 1, 1, 1, 1, 2, 1, 1, 1, 2, 2, 1, 1, 1, 1, 2, 1, 2, 1, 1, 1, 1, 1, 1, 1, 1, 1, 2, 2, 1, 1, 1, 2, 1, 1, 1, 1, 1, 1, 2, 2, 1, 1, 1, 1, 1, 1, 1, 1, 1, 2]
w=93065940160401489920/18889465931478623149863 [cg] doubles=44 n=212
  xk(2^-20 units)=[8074, 278204, 768665, 1046597, 1311205, 1577028, 1843549, 2111529, 2384897, 2858111, 3130475, 3410445, 3919396, 4197569, 4463254, 4731489, 5005066, 5476102, 5749610, 6017612, 6284189, 6550115, 6814848, 7092923, 7583494, 7854913, 8121763, 8386784, 8664924, 9156448, 9426753, 9705525, 10212890, 10490851, 10756299, 11024396, 11297901, 11768300, 12041859, 12309986, 12576667, 12842699, 13108434, 13374417, 13641062, 13909118, 14182574, 14653336, 14926790, 15194788, 15460205, 15738112, 16245371, 16524091, 16794283, 17285121, 17562778, 17826079, 18103709, 18595683, 18865982, 19144776, 19652542, 19930815, 20197239, 20469762, 20942767, 21224601, 21500904, 21766354, 22034520, 22308092, 22779956, 23053406, 23321541, 23588269, 23853450, 24131712, 24623081, 24894502, 25160118, 25436440, 25718205, 26190590, 26463149, 26730586, 26996560, 27260892, 27538308, 28045692, 28328877, 28821676, 29099674, 29364663, 29631369, 29899541, 30173112, 30645256, 30918771, 31186994, 31453690, 31718838, 31997100, 32489548, 32760032, 33037420, 33319585, 33793127, 34066034, 34333989, 34600849, 34867329, 35134085, 35402017, 35674893, 36148811, 36430889, 36708086, 36978267, 37469145, 37746592, 38010232, 38273711, 38550672, 39057399, 39340573, 39833989, 40112287, 40377887, 40645778, 40918729, 41394500, 41676854, 41954735, 42226215, 42700909, 42982672, 43258995, 43524411, 43792544, 44066172, 44537273, 44810767, 45078799, 45345390, 45611309, 45875953, 46154001, 46644448, 46915913, 47182843, 47448021, 47726349, 48217607, 48489176, 48756178, 49021307, 49299526, 49791726, 50062057, 50339303, 50621371, 51096516, 51369325, 51637245, 51903010, 52181548, 52673381, 52944869, 53210687, 53488743, 53997404, 54276933, 54548577, 55025498, 55307918, 55589619, 56083809, 56361927, 56627081, 56893749, 57161906, 57435409, 57907546, 58181091, 58449287, 58714926, 58993005, 59501261, 59780681, 60052152, 60525878, 60807561, 61083835, 61349203, 61617188, 61890527, 62364162, 62636467, 62916277, 63424452, 63702119, 63966836, 64233279, 64501249, 64774609, 65246093, 65519564, 65787612, 66053110, 66331033, 66838243]
  m=[1, 1, 2, 1, 1, 1, 1, 1, 1, 1, 1, 2, 2, 1, 1, 1, 1, 1, 1, 1, 1, 1, 1, 2, 1, 1, 1, 1, 2, 1, 1, 2, 2, 1, 1, 1, 1, 1, 1, 1, 1, 1, 1, 1, 1, 1, 1, 1, 1, 1, 1, 2, 2, 1, 1, 2, 1, 1, 2, 1, 1, 2, 2, 1, 1, 1, 1, 2, 1, 1, 1, 1, 1, 1, 1, 1, 1, 2, 1, 1, 1, 2, 1, 1, 1, 1, 1, 1, 2, 2, 1, 2, 1, 1, 1, 1, 1, 1, 1, 1, 1, 1, 2, 1, 1, 2, 1, 1, 1, 1, 1, 1, 1, 1, 1, 1, 2, 1, 1, 2, 1, 1, 1, 2, 2, 1, 2, 1, 1, 1, 1, 1, 2, 1, 1, 1, 2, 1, 1, 1, 1, 1, 1, 1, 1, 1, 1, 2, 1, 1, 1, 1, 2, 1, 1, 1, 1, 2, 1, 1, 2, 1, 1, 1, 1, 1, 2, 1, 1, 1, 2, 2, 1, 1, 1, 2, 1, 2, 1, 1, 1, 1, 1, 1, 1, 1, 1, 2, 2, 1, 1, 1, 2, 1, 1, 1, 1, 1, 1, 2, 2, 1, 1, 1, 1, 1, 1, 1, 1, 1, 2, 2]
w=29736854058689134592/6296488643826207716621 [cg] doubles=44 n=212
  xk(2^-20 units)=[67106823, 277845, 550176, 1023106, 1296271, 1564016, 1829276, 2107070, 2613569, 2891377, 3156667, 3424574, 3697948, 4168735, 4442279, 4710404, 4977004, 5242889, 5507559, 5785623, 6275888, 6547305, 6814163, 7079192, 7357318, 7848596, 8118836, 8397520, 8904061, 9181542, 9446003, 9712308, 9980215, 10253615, 10724175, 10997791, 11266147, 11533078, 11799461, 12065883, 12332810, 12601125, 12874821, 13345471, 13618996, 13887049, 14152546, 14430563, 14938168, 15216973, 15487288, 15979720, 16258282, 16524458, 16796187, 17288010, 17565818, 17829260, 18106925, 18598508, 18868732, 19147526, 19655296, 19933632, 20200100, 20472659, 20945760, 21227524, 21503820, 21769207, 22037349, 22310896, 22782979, 23056490, 23324594, 23591364, 23856560, 24134838, 24626038, 24897395, 25163011, 25439302, 25721106, 26193512, 26466071, 26733487, 26999432, 27263749, 27541174, 28048475, 28331694, 28824487, 29102488, 29367516, 29634185, 29902361, 30175930, 30648025, 30921597, 31189804, 31456491, 31721696, 32000006, 32492434, 32762847, 33040246, 33322395, 33795786, 34068688, 34336649, 34603511, 34869990, 35136692, 35404646, 35677494, 36151359, 36433437, 36710611, 36980811, 37471662, 37749111, 38012743, 38276184, 38553139, 39059819, 39342969, 39836375, 40114670, 40380308, 40648170, 40921049, 41396888, 41679239, 41957136, 42228676, 42703392, 42985116, 43261454, 43526882, 43795021, 44068603, 44540426, 44813988, 45082206, 45349068, 45614403, 45892768, 46384097, 46655630, 46922592, 47187778, 47466116, 47957246, 48228790, 48495787, 48760949, 49039152, 49531478, 49801843, 50079089, 50361152, 50836177, 51109016, 51376897, 51642665, 51921172, 52413100, 52684625, 52950488, 53228537, 53737169, 54016712, 54288369, 54765286, 55047754, 55329447, 55823616, 56101749, 56366882, 56633614, 56901672, 57175162, 57647031, 57920556, 58188728, 58454406, 58732467, 59240688, 59520138, 59791531, 60263776, 60545300, 60821202, 61085741, 61352226, 61620192, 61893582, 62366252, 62638490, 62918339, 63426542, 63704313, 63969195, 64235807, 64503905, 64777369, 65247867, 65521272, 65789282, 66055824, 66320627, 66598374]
  m=[2, 1, 1, 1, 1, 1, 1, 2, 2, 1, 1, 1, 1, 1, 1, 1, 1, 1, 1, 2, 1, 1, 1, 1, 2, 1, 1, 2, 2, 1, 1, 1, 1, 1, 1, 1, 1, 1, 1, 1, 1, 1, 1, 1, 1, 1, 1, 2, 2, 1, 1, 2, 1, 1, 1, 2, 1, 1, 2, 1, 1, 2, 2, 1, 1, 1, 1, 2, 1, 1, 1, 1, 1, 1, 1, 1, 1, 2, 1, 1, 1, 2, 1, 1, 1, 1, 1, 1, 2, 2, 1, 2, 1, 1, 1, 1, 1, 1, 1, 1, 1, 1, 2, 1, 1, 2, 1, 1, 1, 1, 1, 1, 1, 1, 1, 1, 2, 1, 1, 2, 1, 1, 1, 2, 2, 1, 2, 1, 1, 1, 1, 1, 2, 1, 1, 1, 2, 1, 1, 1, 1, 1, 1, 1, 1, 1, 2, 1, 1, 1, 1, 2, 1, 1, 1, 1, 2, 1, 1, 2, 1, 1, 1, 1, 1, 2, 1, 1, 1, 2, 2, 1, 1, 1, 2, 1, 2, 1, 1, 1, 1, 1, 1, 1, 1, 1, 2, 2, 1, 1, 1, 2, 1, 1, 1, 1, 1, 1, 1, 2, 2, 1, 1, 1, 1, 1, 1, 1, 1, 1, 1, 2]
w=58577755337936699392/18889465931478623149863 [cg] doubles=44 n=212
  xk(2^-20 units)=[67105507, 276517, 548844, 1021665, 1294873, 1562719, 1828144, 2106035, 2613789, 2892366, 3159347, 3432814, 3904203, 4177655, 4445759, 4712313, 4978205, 5242930, 5521000, 6011366, 6282799, 6549674, 6814710, 7092825, 7584101, 7854312, 8133002, 8639520, 8916997, 9181499, 9447807, 9715717, 9989087, 10459601, 10733245, 11001591, 11268524, 11534900, 11801325, 12068276, 12336593, 12610298, 13080917, 13354384, 13622456, 13887893, 14165875, 14673549, 14952377, 15222721, 15715143, 15993677, 16259846, 16531496, 17023271, 17301131, 17564605, 17842322, 18333793, 18604039, 18882782, 19390541, 19668866, 19935335, 20207900, 20680968, 20962765, 21239069, 21504494, 21772601, 22046135, 22518243, 22791755, 23059893, 23326623, 23591823, 23870098, 24361287, 24632683, 24898299, 25174612, 25456368, 25928814, 26201369, 26468795, 26734760, 26999070, 27276484, 27783820, 28067021, 28559738, 28837733, 29102749, 29369421, 29637605, 29911155, 30383141, 30656687, 30924873, 31191583, 31456741, 31735021, 32227427, 32497837, 32775155, 33057309, 33530340, 33803085, 34070838, 34337353, 34603345, 34869255, 35135655, 35403362, 35676066, 36149483, 36431529, 36708699, 36978866, 37469809, 37747232, 38010852, 38274306, 38551224, 39057796, 39340989, 39834464, 40112769, 40378423, 40646308, 40919171, 41395041, 41677405, 41955307, 42226852, 42701575, 42983343, 43259657, 43525138, 43793298, 44066876, 44538694, 44812228, 45080448, 45347337, 45612654, 45891018, 46382401, 46653935, 46920904, 47186129, 47464464, 47955631, 48227182, 48494192, 48759366, 49037591, 49529982, 49800328, 50077585, 50359661, 50834730, 51107533, 51375456, 51641214, 51919758, 52411648, 52683165, 52949015, 53227071, 53735686, 54015230, 54286907, 54763838, 55046317, 55327998, 55822190, 56100329, 56365471, 56632191, 56900300, 57173798, 57645721, 57919253, 58187427, 58453129, 58731219, 59239412, 59518864, 59790234, 60262522, 60544046, 60819917, 61084471, 61350934, 61618904, 61892249, 62364922, 62637177, 62917036, 63425256, 63703009, 63967869, 64234479, 64502527, 64776041, 65246438, 65519829, 65787897, 66054429, 66319267, 66597033]
  m=[2, 1, 1, 1, 1, 1, 1, 2, 2, 1, 1, 1, 1, 1, 1, 1, 1, 1, 2, 1, 1, 1, 1, 2, 1, 1, 2, 2, 1, 1, 1, 1, 1, 1, 1, 1, 1, 1, 1, 1, 1, 1, 1, 1, 1, 1, 2, 2, 1, 1, 2, 1, 1, 1, 2, 1, 1, 2, 1, 1, 2, 2, 1, 1, 1, 1, 2, 1, 1, 1, 1, 1, 1, 1, 1, 1, 2, 1, 1, 1, 2, 1, 1, 1, 1, 1, 1, 2, 2, 1, 2, 1, 1, 1, 1, 1, 1, 1, 1, 1, 1, 2, 1, 1, 2, 1, 1, 1, 1, 1, 1, 1, 1, 1, 1, 1, 2, 1, 1, 2, 1, 1, 1, 2, 2, 1, 2, 1, 1, 1, 1, 1, 2, 1, 1, 1, 2, 1, 1, 1, 1, 1, 1, 1, 1, 1, 2, 1, 1, 1, 1, 2, 1, 1, 1, 1, 2, 1, 1, 2, 1, 1, 1, 1, 1, 2, 1, 1, 1, 2, 2, 1, 1, 1, 2, 1, 2, 1, 1, 1, 1, 1, 1, 1, 1, 1, 2, 2, 1, 1, 1, 2, 1, 1, 1, 1, 1, 1, 1, 2, 2, 1, 1, 1, 1, 1, 1, 1, 1, 1, 1, 2]
w=13127074255540731904/6296488643826207716621 [cg] doubles=43 n=213
  xk(2^-20 units)=[25959, 497697, 771105, 1038065, 1316627, 1824302, 2102267, 2367741, 2635727, 2909104, 3379573, 3653061, 3921061, 4187523, 4453136, 4718401, 4982679, 5260536, 5750118, 6021448, 6288260, 6553330, 6831474, 7322817, 7593031, 7871714, 8378009, 8655427, 8919868, 9186191, 9454091, 9727469, 10197852, 10471501, 10739840, 11006776, 11273136, 11539468, 11806350, 12074611, 12348226, 12819027, 13092437, 13360487, 13625924, 13903833, 14411087, 14689865, 14960096, 15451305, 15729423, 15994426, 16261259, 16532641, 17023138, 17300777, 17564811, 17828781, 18106309, 18597127, 18867320, 19146094, 19653854, 19932115, 20198522, 20471080, 20943831, 21225619, 21501894, 21767319, 22035427, 22308937, 22780818, 23054305, 23322411, 23589147, 23854278, 24132516, 24623759, 24895175, 25160782, 25437103, 25718849, 26191098, 26463645, 26731033, 26997047, 27261332, 27538746, 28045981, 28329207, 28821994, 29099949, 29364895, 29631549, 29899670, 30173192, 30645358, 30918897, 31187042, 31453668, 31718723, 31996891, 32488648, 32758811, 33035808, 33317218, 33791635, 34073033, 34349940, 34619979, 35110902, 35388836, 35653366, 35919059, 36185507, 36453590, 36727062, 37198399, 37471883, 37739875, 38006283, 38270886, 38548527, 39056160, 39339455, 39832710, 40110953, 40376471, 40644216, 40917056, 41390429, 41672234, 41948540, 42214150, 42485557, 42976435, 43254770, 43519965, 43786773, 44055013, 44328552, 44800503, 45074089, 45342312, 45609164, 45874394, 46152740, 46643852, 46915395, 47182370, 47447561, 47725913, 48216983, 48488552, 48755551, 49020745, 49298953, 49791059, 50061428, 50338652, 50620742, 51095711, 51368577, 51636480, 51902225, 52180771, 52672399, 52943916, 53209658, 53487687, 53995997, 54275478, 54547037, 55022845, 55304745, 55581889, 55852108, 56343302, 56621270, 56885876, 57151719, 57418211, 57686298, 57959749, 58431211, 58704633, 58971462, 59249891, 59756403, 60033931, 60298491, 60564837, 60832749, 61106211, 61576736, 61850150, 62118082, 62383438, 62661295, 63167785, 63445642, 63710975, 63978860, 64252216, 64723108, 64996589, 65264600, 65530141, 65808148, 66315934, 66594492, 66861447]
  m=[1, 1, 1, 1, 2, 2, 1, 1, 1, 1, 1, 1, 1, 1, 1, 1, 1, 2, 1, 1, 1, 1, 2, 1, 1, 2, 2, 1, 1, 1, 1, 1, 1, 1, 1, 1, 1, 1, 1, 1, 1, 1, 1, 1, 1, 2, 2, 1, 1, 2, 1, 1, 1, 1, 2, 1, 1, 1, 2, 1, 1, 2, 2, 1, 1, 1, 1, 2, 1, 1, 1, 1, 1, 1, 1, 1, 1, 2, 1, 1, 1, 2, 1, 1, 1, 1, 1, 1, 2, 2, 1, 2, 1, 1, 1, 1, 1, 1, 1, 1, 1, 1, 2, 1, 1, 2, 1, 1, 2, 1, 1, 2, 1, 1, 1, 1, 1, 1, 1, 1, 1, 1, 1, 2, 2, 1, 2, 1, 1, 1, 1, 1, 2, 1, 1, 1, 2, 1, 1, 1, 1, 1, 1, 1, 1, 1, 1, 2, 1, 1, 1, 1, 2, 1, 1, 1, 1, 2, 1, 1, 2, 1, 1, 1, 1, 1, 2, 1, 1, 1, 2, 2, 1, 1, 1, 2, 1, 1, 2, 1, 1, 1, 1, 1, 1, 1, 1, 1, 2, 2, 1, 1, 1, 1, 1, 1, 1, 1, 1, 2, 2, 1, 1, 1, 1, 1, 1, 1, 1, 2, 2, 1, 1]
w=16061343091875948544/18889465931478623149863 [cg] doubles=41 n=215
  xk(2^-20 units)=[67099154, 269065, 539148, 1029640, 1307054, 1569830, 1846872, 2353806, 2633002, 2904203, 3375124, 3656383, 3931717, 4195223, 4460067, 4725476, 4991814, 5259829, 5533311, 6002442, 6276083, 6544415, 6811339, 7077780, 7344177, 7611094, 7879414, 8153016, 8623106, 8896589, 9164544, 9430884, 9695373, 9972801, 10479170, 10757827, 11027982, 11518955, 11797000, 12061825, 12328152, 12595654, 12868216, 13339346, 13621010, 13896966, 14161518, 14427962, 14695969, 14969423, 15439870, 15713348, 15981333, 16247770, 16512445, 16790049, 17297617, 17576965, 17848245, 18321039, 18602649, 18878757, 19143888, 19411486, 19684200, 20157890, 20439955, 20717211, 20987540, 21478921, 21756914, 22021591, 22287481, 22554019, 22822102, 23095594, 23567039, 23840511, 24107333, 24384107, 24665641, 25140857, 25422373, 25699107, 25965859, 26239300, 26710502, 26984019, 27252073, 27518503, 27784105, 28049343, 28313543, 28591296, 29081722, 29352049, 29630945, 30140107, 30419704, 30691337, 31167645, 31449543, 31726672, 31996819, 32487309, 32765102, 33029343, 33294617, 33560218, 33826623, 34094640, 34368092, 34839296, 35112762, 35379704, 35658280, 36165771, 36443717, 36709209, 36977229, 37250685, 37721825, 37995458, 38263719, 38530579, 38795854, 39074196, 39565511, 39836929, 40102532, 40378859, 40660591, 41133218, 41405800, 41672314, 41950729, 42458801, 42737408, 43004429, 43277862, 43749702, 44023144, 44291170, 44557607, 44823365, 45087897, 45365776, 45856169, 46126243, 46404899, 46911078, 47188392, 47452736, 47719125, 47990213, 48479559, 48757547, 49022066, 49287825, 49554276, 49822320, 50095842, 50566699, 50840158, 51108158, 51374522, 51640270, 51904775, 52182611, 52673053, 52943170, 53221805, 53728772, 54006591, 54272058, 54543183, 55032464, 55310003, 55573758, 55838384, 56102173, 56379745, 56870420, 57140501, 57417662, 57699696, 58173381, 58446003, 58713559, 58978617, 59254759, 59536461, 60008297, 60280796, 60548270, 60813326, 61089533, 61371357, 61843559, 62116378, 62384181, 62650854, 62917257, 63183969, 63451803, 63724724, 64198748, 64480938, 64757958, 65024957, 65298427, 65771958, 66045471, 66312497, 66591086]
  m=[2, 1, 1, 2, 1, 1, 2, 2, 1, 1, 1, 2, 1, 1, 1, 1, 1, 1, 1, 1, 1, 1, 1, 1, 1, 1, 1, 1, 1, 1, 1, 1, 1, 2, 2, 1, 1, 2, 1, 1, 1, 1, 1, 1, 2, 1, 1, 1, 1, 1, 1, 1, 1, 1, 1, 2, 2, 1, 1, 1, 2, 1, 1, 1, 1, 1, 2, 1, 1, 2, 1, 1, 1, 1, 1, 1, 1, 1, 1, 2, 1, 1, 2, 1, 1, 1, 1, 1, 1, 1, 1, 1, 1, 2, 1, 1, 2, 2, 1, 1, 1, 2, 1, 1, 2, 1, 1, 1, 1, 1, 1, 1, 1, 1, 1, 2, 2, 1, 1, 1, 1, 1, 1, 1, 1, 1, 2, 1, 1, 1, 2, 1, 1, 1, 1, 2, 2, 1, 1, 1, 1, 1, 1, 1, 1, 1, 2, 1, 1, 2, 2, 1, 1, 1, 1, 2, 1, 1, 1, 1, 1, 1, 1, 1, 1, 1, 1, 1, 2, 1, 1, 2, 2, 1, 1, 1, 2, 1, 1, 1, 1, 2, 1, 1, 2, 1, 1, 1, 1, 1, 2, 1, 1, 1, 1, 1, 2, 1, 1, 1, 1, 1, 1, 1, 1, 1, 1, 2, 1, 1, 1, 1, 1, 1, 2]
w=28938112066156462080/6296488643826207716621 [cg] doubles=43 n=213
  xk(2^-20 units)=[67098035, 267076, 532690, 803924, 1294153, 1572129, 1836813, 2102588, 2369095, 2637121, 2910581, 3380674, 3654115, 3922116, 4188473, 4454012, 4719208, 4983355, 5261063, 5750427, 6020283, 6298774, 6804108, 7081212, 7345089, 7610446, 7876668, 8144532, 8417924, 8887870, 9161234, 9429070, 9695380, 9959881, 10237348, 10744099, 11022546, 11289358, 11562675, 12033875, 12307274, 12575218, 12841652, 13106342, 13383951, 13891899, 14171315, 14442831, 14918476, 15200897, 15482597, 15976117, 16254024, 16518605, 16784420, 17050897, 17318887, 17592302, 18063301, 18336844, 18605039, 18871696, 19136621, 19414474, 19923933, 20208198, 20684886, 20966539, 21243596, 21513788, 22006389, 22284738, 22549940, 22816697, 23084875, 23358416, 23829468, 24103042, 24371191, 24637756, 24902369, 25178311, 25459999, 25930797, 26203282, 26469744, 26748117, 27256323, 27535043, 27802232, 28075789, 28548029, 28821567, 29089719, 29356498, 29621776, 29900165, 30392776, 30662998, 30940095, 31221726, 31698903, 31983252, 32493476, 32771779, 33037545, 33305714, 33579148, 34052685, 34325020, 34604845, 35113124, 35390891, 35655763, 35922338, 36190354, 36463821, 36934588, 37208046, 37476098, 37741691, 38019682, 38527260, 38805856, 39072851, 39346243, 39818417, 40091961, 40360144, 40626897, 40892129, 41170459, 41661319, 41932647, 42198184, 42476048, 42982864, 43261545, 43531720, 44021913, 44299631, 44563773, 44828926, 45094462, 45360822, 45628841, 45902376, 46372267, 46645635, 46913517, 47179762, 47445172, 47709214, 47986463, 48493037, 48772288, 49043533, 49515338, 49796871, 50072745, 50337333, 50603813, 50871866, 51145367, 51615632, 51888985, 52156972, 52422447, 52700422, 53207963, 53486545, 53753554, 54027000, 54498234, 54771635, 55039680, 55306202, 55572066, 55836704, 56114705, 56604387, 56875566, 57142005, 57406439, 57683928, 58191431, 58474665, 58966823, 59244488, 59508816, 59774464, 60040861, 60308869, 60582312, 61053736, 61327305, 61595468, 61862168, 62127348, 62405590, 62897685, 63168025, 63445292, 63727417, 64200761, 64473313, 64740761, 65006822, 65272209, 65536440, 65814072, 66306608, 66589886]
  m=[2, 1, 1, 1, 2, 1, 1, 1, 1, 1, 1, 1, 1, 1, 1, 1, 1, 1, 2, 1, 1, 2, 2, 1, 1, 1, 1, 1, 1, 1, 1, 1, 1, 1, 2, 2, 1, 1, 1, 1, 1, 1, 1, 1, 2, 2, 1, 1, 1, 2, 1, 2, 1, 1, 1, 1, 1, 1, 1, 1, 1, 1, 1, 2, 2, 1, 1, 2, 1, 1, 2, 1, 1, 1, 1, 1, 1, 1, 1, 1, 1, 2, 1, 1, 1, 1, 2, 2, 1, 1, 1, 1, 1, 1, 1, 1, 2, 1, 1, 2, 1, 1, 2, 2, 1, 1, 1, 1, 1, 1, 2, 2, 1, 1, 1, 1, 1, 1, 1, 1, 1, 2, 2, 1, 1, 1, 1, 1, 1, 1, 1, 2, 1, 1, 1, 2, 2, 1, 1, 2, 1, 1, 1, 1, 1, 1, 1, 1, 1, 1, 1, 1, 1, 2, 2, 1, 1, 1, 2, 1, 1, 1, 1, 1, 1, 1, 1, 1, 2, 2, 1, 1, 1, 1, 1, 1, 1, 1, 1, 2, 1, 1, 1, 1, 2, 2, 1, 2, 1, 1, 1, 1, 1, 1, 1, 1, 1, 1, 1, 2, 1, 1, 2, 1, 1, 1, 1, 1, 1, 1, 2, 1, 2]
w=5973904413068312576/994182417446243323677 [cg] doubles=42 n=214
  xk(2^-20 units)=[67095689, 254559, 520201, 798692, 1292291, 1562884, 1841974, 2351057, 2634423, 3126935, 3404652, 3668962, 3934482, 4200673, 4468226, 4740977, 5215446, 5498014, 5779689, 6272201, 6549843, 6813946, 7079104, 7344592, 7610888, 7878827, 8152274, 8622150, 8895679, 9163750, 9430231, 9695789, 9960988, 10225235, 10502999, 10991663, 11262774, 11528210, 11806049, 12313161, 12591459, 12857922, 13130564, 13605659, 13888268, 14170165, 14665193, 14943766, 15209782, 15478166, 15751861, 16223752, 16497275, 16765299, 17031815, 17297651, 17562241, 17840175, 18330903, 18601109, 18879813, 19386832, 19664758, 19930435, 20201898, 20693786, 20972473, 21238725, 21510438, 22002253, 22280457, 22545466, 22811781, 23079299, 23351949, 23822401, 24104146, 24380104, 24644632, 24911086, 25179076, 25452585, 25922546, 26196019, 26464023, 26730397, 26995850, 27261006, 27525116, 27802848, 28292962, 28563080, 28841764, 29348554, 29626397, 29891915, 30163128, 30652971, 30930944, 31195519, 31461248, 31727685, 31995708, 32269206, 32740422, 33013888, 33281898, 33548245, 33812836, 34090407, 34597868, 34881131, 35373642, 35651558, 35916344, 36182692, 36450333, 36723145, 37198364, 37480702, 37758681, 38030273, 38506154, 38788040, 39064739, 39331216, 39603892, 40077983, 40360036, 40637311, 40907674, 41400229, 41678419, 41943491, 42210319, 42481660, 42971073, 43248971, 43513239, 43778470, 44044075, 44310514, 44578530, 44851979, 45322014, 45595452, 45863409, 46129874, 46394409, 46670308, 46952025, 47422972, 47695525, 47963046, 48229365, 48494259, 48772373, 49264124, 49534439, 49813300, 50321402, 50600325, 50870802, 51363987, 51642559, 51908701, 52180246, 52670477, 52948305, 53212602, 53477839, 53743389, 54009721, 54277623, 54550912, 55023374, 55295631, 55575459, 56083521, 56361240, 56625972, 56892425, 57160413, 57433857, 57904123, 58177591, 58445545, 58711920, 58977477, 59241701, 59519193, 60027479, 60311671, 60787323, 61068630, 61344667, 61610045, 61881317, 62371399, 62649439, 62913989, 63179791, 63446275, 63714302, 63987833, 64458002, 64731489, 64999530, 65265850, 65531326, 65795317, 66070976, 66352556, 66823005]
  m=[1, 1, 1, 2, 1, 1, 2, 2, 1, 2, 1, 1, 1, 1, 1, 1, 1, 2, 1, 2, 1, 1, 1, 1, 1, 1, 1, 1, 1, 1, 1, 1, 1, 1, 2, 1, 1, 1, 2, 2, 1, 1, 1, 1, 2, 1, 2, 1, 1, 1, 1, 1, 1, 1, 1, 1, 1, 2, 1, 1, 2, 2, 1, 1, 1, 2, 1, 1, 1, 2, 1, 1, 1, 1, 1, 1, 2, 1, 1, 1, 1, 1, 1, 1, 1, 1, 1, 1, 1, 2, 1, 1, 2, 2, 1, 1, 1, 2, 1, 1, 1, 1, 1, 1, 1, 1, 1, 1, 1, 2, 2, 1, 2, 1, 1, 1, 1, 1, 1, 2, 1, 1, 1, 2, 1, 1, 1, 1, 2, 1, 1, 2, 1, 1, 1, 1, 2, 1, 1, 1, 1, 1, 1, 1, 1, 1, 1, 1, 1, 2, 1, 1, 1, 1, 1, 1, 2, 1, 1, 2, 2, 1, 1, 2, 1, 1, 1, 2, 1, 1, 1, 1, 1, 1, 1, 1, 1, 2, 2, 1, 1, 1, 1, 1, 1, 1, 1, 1, 1, 1, 2, 2, 1, 1, 2, 1, 1, 1, 2, 1, 1, 1, 1, 1, 1, 1, 1, 1, 1, 1, 1, 2, 1, 1]
w=12816572707385624576/18889465931478623149863 [cg] doubles=41 n=215
  xk(2^-20 units)=[67092619, 251750, 518106, 783639, 1047625, 1323252, 1604849, 2074167, 2346522, 2613717, 2878651, 3156337, 3663052, 3941273, 4207671, 4480208, 4953609, 5235598, 5512813, 5783036, 6274717, 6552672, 6817276, 7083075, 7349478, 7617478, 7890932, 8361374, 8634824, 8902721, 9169011, 9434394, 9698310, 9975521, 10482170, 10765259, 11256706, 11534307, 11798516, 12063959, 12330070, 12597571, 12870202, 13343234, 13625356, 13902595, 14172944, 14665132, 14943394, 15208595, 15475289, 15743426, 16016998, 16488372, 16761874, 17029929, 17296395, 17562076, 17826467, 18104167, 18596251, 18879523, 19387704, 19665713, 19931260, 20199361, 20472862, 20944954, 21218500, 21486679, 21753417, 22018613, 22296921, 22788252, 23059728, 23326634, 23591710, 23869832, 24361669, 24632086, 24910966, 25418934, 25697272, 25963756, 26236388, 26709423, 26991182, 27267462, 27533001, 27804395, 28295591, 28573984, 28839246, 29106034, 29374272, 29647875, 30118334, 30391858, 30659872, 30926327, 31191850, 31455872, 31731535, 32013080, 32482658, 32755019, 33021275, 33299528, 33806522, 34084476, 34349906, 34617894, 34891357, 35361104, 35634550, 35902474, 36168905, 36434491, 36698495, 36974157, 37255720, 37725304, 37997672, 38263909, 38542102, 39049187, 39327080, 39592543, 39860490, 40133859, 40605290, 40878674, 41146643, 41412093, 41690016, 42197211, 42476016, 42746251, 43237410, 43515566, 43780649, 44047366, 44315442, 44588961, 45062015, 45335596, 45602662, 45879740, 46161863, 46634649, 46907372, 47174910, 47441025, 47706599, 47972039, 48237718, 48504256, 48775495, 49264700, 49542361, 49806348, 50070376, 50348005, 50837867, 51109058, 51374479, 51652264, 52158928, 52437596, 52707758, 53198502, 53476383, 53740876, 54006608, 54273019, 54540954, 54814378, 55285733, 55559112, 55827110, 56092506, 56370399, 56877516, 57156252, 57426386, 57916378, 58194170, 58458492, 58724035, 58990169, 59257740, 59530457, 60003811, 60285889, 60563106, 60833325, 61324398, 61602313, 61866767, 62132279, 62398374, 62665929, 62938572, 63411688, 63693809, 63971069, 64241357, 64732717, 65010751, 65275415, 65541228, 65807783, 66075877, 66349416, 66819104]
  m=[1, 1, 1, 1, 1, 2, 1, 1, 1, 1, 1, 2, 2, 1, 1, 1, 1, 2, 1, 1, 2, 1, 1, 1, 1, 1, 1, 1, 1, 1, 1, 1, 1, 2, 2, 1, 2, 1, 1, 1, 1, 1, 1, 1, 2, 1, 1, 2, 1, 1, 1, 1, 1, 1, 1, 1, 1, 1, 1, 2, 1, 2, 2, 1, 1, 1, 1, 1, 1, 1, 1, 1, 2, 1, 1, 1, 1, 2, 1, 1, 2, 2, 1, 1, 1, 1, 2, 1, 1, 1, 2, 1, 1, 1, 1, 1, 1, 1, 1, 1, 1, 1, 2, 1, 1, 1, 1, 2, 2, 1, 1, 1, 1, 1, 1, 1, 1, 1, 1, 2, 1, 1, 1, 1, 2, 2, 1, 1, 1, 1, 1, 1, 1, 1, 2, 2, 1, 1, 2, 1, 1, 1, 1, 1, 1, 1, 1, 2, 1, 1, 1, 1, 1, 1, 1, 1, 1, 1, 2, 1, 1, 1, 2, 1, 1, 1, 2, 2, 1, 1, 2, 1, 1, 1, 1, 1, 1, 1, 1, 1, 1, 2, 2, 1, 1, 2, 1, 1, 1, 1, 1, 1, 1, 2, 1, 1, 2, 1, 1, 1, 1, 1, 1, 1, 2, 1, 1, 2, 1, 1, 1, 1, 1, 1, 1]
w=9119140871265157120/994182417446243323677 [cg] doubles=41 n=215
  xk(2^-20 units)=[11317, 519305, 802552, 1294854, 1572584, 1837011, 2102687, 2369141, 2637170, 2910673, 3381165, 3654814, 3923096, 4189891, 4456109, 4722227, 4988743, 5256515, 5529329, 6002107, 6284256, 6561601, 6831943, 7324072, 7602210, 7867104, 8133418, 8400956, 8673599, 9146022, 9427855, 9704177, 9969763, 10241086, 10730846, 11008810, 11273233, 11538755, 11804916, 12072450, 12345092, 12818417, 13100504, 13377783, 13648024, 14139252, 14417277, 14681904, 14947755, 15214340, 15482432, 15756012, 16226581, 16500055, 16768071, 17033539, 17311535, 17818984, 18097549, 18364428, 18637772, 19108842, 19382236, 19650294, 19916717, 20182313, 20447503, 20711650, 20989363, 21478910, 21748951, 22027622, 22534694, 22812577, 23078019, 23346046, 23619455, 24090837, 24364389, 24632559, 24899329, 25164552, 25442874, 25934221, 26205719, 26472632, 26737734, 27015944, 27506922, 27778392, 28044148, 28322199, 28830535, 29109976, 29381453, 29855482, 30137121, 30413349, 30678906, 30950356, 31441597, 31719896, 31985060, 32251784, 32519908, 32793438, 33265199, 33538842, 33807067, 34072583, 34348972, 34630792, 35102540, 35374961, 35641244, 35919443, 36426371, 36704280, 36969719, 37237686, 37511125, 37981573, 38255040, 38523000, 38789381, 39054993, 39320224, 39584438, 39862310, 40350980, 40621970, 40888241, 41152526, 41429846, 41936080, 42214744, 42484915, 42976146, 43254138, 43518888, 43785142, 44052553, 44325090, 44797320, 45079181, 45355566, 45621012, 45889072, 46162610, 46633597, 46907197, 47175396, 47442197, 47708401, 47974588, 48241505, 48512976, 49002462, 49280114, 49544119, 49808121, 50085696, 50576870, 50847139, 51125897, 51633698, 51912397, 52182498, 52672874, 52950576, 53214658, 53479752, 53745233, 54011550, 54279451, 54552869, 55023390, 55296682, 55564521, 55829804, 56107557, 56613762, 56891443, 57156681, 57427649, 57916118, 58193915, 58458145, 58723392, 58988969, 59255361, 59523326, 59796743, 60266587, 60540075, 60808077, 61074466, 61338927, 61614787, 61896363, 62367530, 62639865, 62906077, 63184209, 63690877, 63968678, 64234161, 64505329, 64995544, 65273222, 65536581, 65814308, 66305373, 66576630, 66842252]
  m=[2, 2, 1, 2, 1, 1, 1, 1, 1, 1, 1, 1, 1, 1, 1, 1, 1, 1, 1, 1, 2, 1, 1, 2, 1, 1, 1, 1, 1, 1, 2, 1, 1, 1, 2, 1, 1, 1, 1, 1, 1, 1, 2, 1, 1, 2, 1, 1, 1, 1, 1, 1, 1, 1, 1, 1, 2, 2, 1, 1, 1, 1, 1, 1, 1, 1, 1, 1, 2, 1, 1, 2, 2, 1, 1, 1, 1, 1, 1, 1, 1, 1, 2, 1, 1, 1, 1, 2, 1, 1, 1, 2, 2, 1, 1, 1, 2, 1, 1, 1, 2, 1, 1, 1, 1, 1, 1, 1, 1, 1, 2, 1, 1, 1, 1, 2, 2, 1, 1, 1, 1, 1, 1, 1, 1, 1, 1, 1, 2, 1, 1, 1, 1, 2, 2, 1, 1, 2, 1, 1, 1, 1, 1, 1, 2, 1, 1, 1, 1, 1, 1, 1, 1, 1, 1, 1, 1, 2, 1, 1, 1, 2, 1, 1, 2, 2, 1, 1, 2, 1, 1, 1, 1, 1, 1, 1, 1, 1, 1, 1, 2, 2, 1, 1, 1, 2, 1, 1, 1, 1, 1, 1, 1, 1, 1, 1, 1, 1, 2, 1, 1, 1, 1, 2, 2, 1, 1, 1, 2, 1, 1, 2, 1, 1, 1]
w=13777572928025470976/18889465931478623149863 [cg] doubles=43 n=213
  xk(2^-20 units)=[14917, 288243, 760076, 1033452, 1300405, 1578963, 2086488, 2364466, 2629944, 2897890, 3171280, 3641793, 3915262, 4183292, 4449749, 4715392, 4980671, 5244928, 5522814, 6012331, 6283697, 6550530, 6815577, 7093700, 7585075, 7855262, 8133917, 8640328, 8917779, 9182262, 9448580, 9716469, 9989883, 10460333, 10733971, 11002312, 11269248, 11535604, 11801981, 12068861, 12337117, 12610770, 13081526, 13355037, 13623110, 13888533, 14166475, 14673953, 14952712, 15222966, 15714348, 15992453, 16257459, 16524355, 16795806, 17286916, 17564715, 17828096, 18105814, 18597227, 18867525, 19146338, 19654132, 19932430, 20198813, 20471368, 20944203, 21226046, 21502332, 21767747, 22035878, 22309411, 22781369, 23054901, 23323034, 23589808, 23854992, 24133280, 24624507, 24895898, 25161510, 25437819, 25719650, 26191999, 26464565, 26731961, 26997950, 27262279, 27539745, 28046946, 28330150, 28822927, 29100956, 29365923, 29632624, 29900789, 30174339, 30646562, 30920122, 31188315, 31455057, 31720255, 31998618, 32490854, 32761305, 33038685, 33320855, 33794820, 34067899, 34336176, 34603484, 34870720, 35138950, 35412023, 35886413, 36168516, 36445702, 36715923, 37206663, 37484103, 37747773, 38011174, 38288103, 38794966, 39078198, 39571471, 39849732, 40115253, 40383011, 40655836, 41130183, 41412156, 41688850, 41955285, 42227942, 42700801, 42982652, 43258993, 43524437, 43792612, 44066157, 44537819, 44811360, 45079567, 45346400, 45611637, 45889966, 46381161, 46652758, 46919739, 47184910, 47463223, 47954370, 48225944, 48492955, 48758130, 49036372, 49528541, 49798865, 50076100, 50358192, 50833232, 51106093, 51373967, 51639755, 51918300, 52410072, 52681565, 52947376, 53225415, 53733895, 54013464, 54285123, 54762040, 55044509, 55326194, 55820168, 56098270, 56363346, 56630027, 56898087, 57171538, 57643366, 57916852, 58184893, 58450351, 58728245, 59235101, 59513820, 59784021, 60274341, 60552266, 60816684, 61082254, 61348352, 61615785, 61888280, 62357540, 62639116, 62914796, 63178782, 63444278, 63710675, 63978733, 64252235, 64721958, 64995384, 65263226, 65529497, 65794035, 66071541, 66578483, 66856933]
  m=[1, 1, 1, 1, 1, 2, 2, 1, 1, 1, 1, 1, 1, 1, 1, 1, 1, 1, 2, 1, 1, 1, 1, 2, 1, 1, 2, 2, 1, 1, 1, 1, 1, 1, 1, 1, 1, 1, 1, 1, 1, 1, 1, 1, 1, 1, 2, 2, 1, 1, 2, 1, 1, 1, 1, 2, 1, 1, 2, 1, 1, 2, 2, 1, 1, 1, 1, 2, 1, 1, 1, 1, 1, 1, 1, 1, 1, 2, 1, 1, 1, 2, 1, 1, 1, 1, 1, 1, 2, 2, 1, 2, 1, 1, 1, 1, 1, 1, 1, 1, 1, 1, 2, 1, 1, 2, 1, 1, 1, 1, 1, 1, 1, 1, 1, 2, 1, 1, 2, 1, 1, 1, 2, 2, 1, 2, 1, 1, 1, 1, 1, 2, 1, 1, 1, 1, 2, 1, 1, 1, 1, 1, 1, 1, 1, 1, 2, 1, 1, 1, 1, 2, 1, 1, 1, 1, 2, 1, 1, 2, 1, 1, 1, 1, 1, 2, 1, 1, 1, 2, 2, 1, 1, 1, 2, 1, 2, 1, 1, 1, 1, 1, 1, 1, 1, 1, 2, 2, 1, 1, 2, 1, 1, 1, 1, 1, 1, 1, 2, 1, 1, 1, 1, 1, 1, 1, 1, 1, 1, 1, 2, 2, 1]
w=18717226427536703488/18889465931478623149863 [cg] doubles=43 n=213
  xk(2^-20 units)=[238027, 509750, 787813, 1070145, 1548092, 1819784, 2097849, 2380295, 2855041, 3127790, 3395386, 3661649, 3926098, 4201997, 4483730, 4954077, 5226750, 5494486, 5760971, 6027078, 6293260, 6560037, 6828258, 7101802, 7573895, 7847448, 8114518, 8393170, 8901475, 9180320, 9450537, 9940855, 10218213, 10480951, 10757984, 11265184, 11544542, 11815958, 12291243, 12573128, 12850274, 13120514, 13612064, 13890020, 14154593, 14420381, 14686866, 14954927, 15228380, 15699234, 15972805, 16240932, 16507473, 16773334, 17037889, 17315838, 17805930, 18075930, 18354526, 18860670, 19138121, 19402588, 19668892, 19936819, 20210219, 20680987, 20954453, 21222547, 21489103, 21754865, 22019404, 22297303, 22787096, 23058225, 23323613, 23601322, 24107420, 24385127, 24650543, 24921662, 25411337, 25689326, 25953920, 26219698, 26486213, 26754396, 27027974, 27498748, 27772259, 28040351, 28306903, 28572729, 28837382, 29115386, 29606935, 29877103, 30154161, 30435755, 30913162, 31197544, 31707649, 31985941, 32251743, 32519938, 32793347, 33266771, 33539028, 33818817, 34326540, 34604010, 34868227, 35133823, 35400158, 35668098, 35941530, 36411863, 36685373, 36953430, 37218947, 37496925, 38004040, 38282222, 38548453, 38820751, 39289876, 39571293, 39846752, 40110330, 40375308, 40640732, 40907017, 41174940, 41448361, 41917774, 42191195, 42459117, 42725559, 42990120, 43267627, 43773865, 44052397, 44322332, 44811612, 45089338, 45353489, 45618728, 45884337, 46150766, 46418791, 46692301, 47162436, 47435935, 47703934, 47970366, 48235951, 48501240, 48765501, 49043326, 49534049, 49804250, 50081421, 50363392, 50839650, 51111293, 51389295, 51671565, 52149045, 52420689, 52698692, 52980968, 53458646, 53730396, 54008457, 54290898, 54766971, 55039807, 55306457, 55583278, 55865245, 56341438, 56613147, 56891164, 57173631, 57649749, 57922769, 58190801, 58456664, 58735264, 59228396, 59498902, 59776234, 60058270, 60535030, 60806634, 61084640, 61367025, 61843237, 62116119, 62382785, 62659611, 62941581, 63417653, 63689236, 63967182, 64249515, 64727287, 64998988, 65277039, 65559357, 66037256, 66308974, 66587031, 66869378]
  m=[1, 1, 2, 1, 1, 1, 2, 1, 1, 1, 1, 1, 1, 2, 1, 1, 1, 1, 1, 1, 1, 1, 1, 1, 1, 1, 1, 2, 2, 1, 1, 2, 1, 1, 2, 2, 1, 1, 1, 2, 1, 1, 2, 1, 1, 1, 1, 1, 1, 1, 1, 1, 1, 1, 1, 2, 1, 1, 2, 2, 1, 1, 1, 1, 1, 1, 1, 1, 1, 1, 1, 2, 1, 1, 1, 2, 2, 1, 1, 1, 2, 1, 1, 1, 1, 1, 1, 1, 1, 1, 1, 1, 1, 2, 1, 1, 2, 1, 1, 2, 2, 1, 1, 1, 1, 1, 1, 2, 2, 1, 1, 1, 1, 1, 1, 1, 1, 1, 1, 2, 2, 1, 1, 1, 1, 2, 1, 1, 1, 1, 1, 1, 1, 1, 1, 1, 1, 1, 2, 2, 1, 1, 2, 1, 1, 1, 1, 1, 1, 1, 1, 1, 1, 1, 1, 1, 1, 2, 1, 1, 2, 1, 1, 1, 2, 1, 1, 1, 2, 1, 1, 1, 2, 1, 1, 1, 1, 2, 1, 1, 1, 2, 1, 1, 1, 1, 1, 2, 1, 1, 2, 1, 1, 1, 2, 1, 1, 1, 1, 2, 1, 1, 1, 2, 1, 1, 1, 2, 1, 1, 1, 2, 1]
w=342179107538968704/6296488643826207716621 [cg] doubles=41 n=215
  xk(2^-20 units)=[199349, 476703, 967681, 1250739, 1757426, 2034712, 2298732, 2564149, 2830422, 3098352, 3371785, 3841785, 4115401, 4383644, 4650441, 4916672, 5182811, 5449386, 5717185, 5990054, 6462583, 6744705, 7022002, 7292308, 7783866, 8061901, 8326570, 8592399, 8858917, 9126991, 9400531, 9870283, 10143790, 10411828, 10678217, 10943807, 11207807, 11483483, 11765020, 12234374, 12506692, 12772993, 13051234, 13558375, 13836330, 14101765, 14369722, 14643098, 15113465, 15386936, 15654963, 15921437, 16185987, 16461811, 16743296, 17215486, 17486704, 17765973, 18273138, 18550594, 18814990, 19081088, 19348560, 19621191, 20094285, 20376373, 20653615, 20923965, 21416493, 21694730, 21959939, 22226691, 22494824, 22768314, 23239342, 23512843, 23780968, 24047504, 24313319, 24577826, 24855716, 25345961, 25615921, 25894455, 26400429, 26677671, 26941833, 27207726, 27475038, 27747516, 28219360, 28501130, 28777429, 29042980, 29314424, 29805342, 30083664, 30348876, 30615613, 30883865, 31157441, 31629020, 31902657, 32170927, 32437778, 32703039, 32981405, 33472651, 33744153, 34011088, 34276235, 34554437, 35046652, 35317239, 35596297, 36105782, 36385505, 36657269, 37134322, 37416557, 37694418, 37965854, 38440899, 38722648, 38998925, 39264306, 39532327, 39805747, 40278476, 40551894, 40818964, 41097646, 41605953, 41884925, 42155410, 42647154, 42925385, 43190518, 43457277, 43725423, 43998957, 44471103, 44744615, 45012737, 45278205, 45554569, 45836475, 46307778, 46580350, 46847780, 47113868, 47379429, 47644848, 47910474, 48177087, 48448353, 48937381, 49215026, 49479043, 49743014, 50020588, 50511764, 50781973, 51060701, 51568458, 51847191, 52117377, 52607827, 52885554, 53149700, 53414862, 53680375, 53946719, 54214606, 54488018, 54958617, 55232014, 55499989, 55765419, 56043311, 56550375, 56828563, 57094768, 57367092, 57836591, 58118153, 58393840, 58657841, 58923435, 59189822, 59457746, 59731198, 60200579, 60474087, 60742130, 61008561, 61274199, 61539456, 61803676, 62081550, 62570006, 62841036, 63107418, 63371808, 63649279, 64156890, 64436283, 64707732, 65182751, 65464546, 65741553, 66011664, 66502910, 66780491, 67044370]
  m=[1, 2, 1, 2, 2, 1, 1, 1, 1, 1, 1, 1, 1, 1, 1, 1, 1, 1, 1, 1, 1, 2, 1, 1, 2, 1, 1, 1, 1, 1, 1, 1, 1, 1, 1, 1, 1, 2, 1, 1, 1, 1, 2, 2, 1, 1, 1, 1, 1, 1, 1, 1, 1, 2, 1, 1, 1, 2, 2, 1, 1, 1, 1, 1, 1, 2, 1, 1, 2, 1, 1, 1, 1, 1, 1, 1, 1, 1, 1, 1, 2, 1, 1, 2, 2, 1, 1, 1, 1, 1, 1, 2, 1, 1, 1, 2, 1, 1, 1, 1, 1, 1, 1, 1, 1, 1, 2, 1, 1, 1, 1, 2, 1, 1, 2, 2, 1, 1, 1, 2, 1, 1, 1, 2, 1, 1, 1, 1, 1, 1, 1, 2, 2, 1, 1, 2, 1, 1, 1, 1, 1, 1, 1, 1, 1, 2, 1, 1, 1, 1, 1, 1, 1, 1, 1, 1, 2, 1, 1, 1, 2, 1, 1, 2, 2, 1, 1, 2, 1, 1, 1, 1, 1, 1, 1, 1, 1, 1, 1, 2, 2, 1, 1, 1, 1, 2, 1, 1, 1, 1, 1, 1, 1, 1, 1, 1, 1, 1, 1, 2, 1, 1, 1, 1, 2, 2, 1, 1, 1, 2, 1, 1, 2, 1, 1]
w=40949212396077350912/6296488643826207716621 [cg] doubles=19 n=237
  xk(2^-20 units)=[63218, 330541, 598304, 866603, 1135574, 1405290, 1675907, 1947553, 2220349, 2494397, 2769727, 3046258, 3323820, 3602123, 3880843, 4159629, 4438240, 4716603, 4994686, 5272621, 5550562, 5828705, 6107156, 6386059, 6665446, 6945215, 7225191, 7505142, 7784813, 8063969, 8342526, 8620479, 8897904, 9174955, 9451851, 9728773, 10005957, 10283566, 10561726, 10840499, 11119884, 11399706, 11679751, 11959752, 12239429, 12518665, 12797429, 13075786, 13353910, 13632015, 13910304, 14189019, 14468260, 14747974, 15027973, 15307864, 15587114, 15865257, 16141967, 16417088, 16690622, 16962687, 17233497, 17503163, 17771915, 18039909, 18307269, 18574132, 18840583, 19106662, 19372437, 19637922, 19903143, 20168075, 20432826, 20697438, 20960990, 21238117, 21742133, 22019268, 22283080, 22547222, 22825128, 23314920, 23586348, 23853001, 24117629, 24395125, 24900137, 25177146, 25439918, 25717319, 26209456, 26492788, 26999889, 27277009, 27540483, 27803804, 28080663, 28584338, 28861475, 29125119, 29389888, 29654834, 29920035, 30185546, 30451401, 30717623, 30984331, 31251643, 31519653, 31788579, 32058620, 32329983, 32602866, 32877462, 33153754, 33431570, 33710423, 33989588, 34268281, 34545912, 34822200, 35097106, 35370745, 35643340, 35915114, 36186314, 36457226, 36728051, 36999036, 37270397, 37542342, 37815046, 38088671, 38363275, 38638857, 38915251, 39192164, 39469205, 39745946, 40022017, 40297179, 40571327, 40844490, 41116751, 41388279, 41659234, 41929837, 42200292, 42470804, 42741653, 43013034, 43285214, 43558407, 43832905, 44108789, 44386134, 44664661, 44943901, 45223084, 45501423, 45778322, 46053512, 46326966, 46598805, 46869254, 47138519, 47406777, 47674233, 47941088, 48207418, 48473333, 48738901, 49004223, 49268374, 49545805, 50049990, 50326830, 50589096, 50865839, 51369589, 51646617, 51910249, 52175101, 52439367, 52717415, 53208091, 53479813, 53745860, 54024127, 54530243, 54807790, 55071920, 55337054, 55602280, 55867676, 56133341, 56399324, 56665664, 56932519, 57200004, 57468286, 57737484, 58007848, 58279581, 58552844, 58827781, 59104258, 59381994, 59660371, 59938599, 60215911, 60491819, 60766112, 61038874, 61310189, 61580292, 61849391, 62117672, 62385328, 62652496, 62919265, 63185724, 63451969, 63717985, 63983818, 64249497, 64515091, 64779654, 65057581, 65563343, 65841420, 66106298, 66372340, 66638615, 66905177]
  m=[1, 1, 1, 1, 1, 1, 1, 1, 1, 1, 1, 1, 1, 1, 1, 1, 1, 1, 1, 1, 1, 1, 1, 1, 1, 1, 1, 1, 1, 1, 1, 1, 1, 1, 1, 1, 1, 1, 1, 1, 1, 1, 1, 1, 1, 1, 1, 1, 1, 1, 1, 1, 1, 1, 1, 1, 1, 1, 1, 1, 1, 1, 1, 1, 1, 1, 1, 1, 1, 1, 1, 1, 1, 1, 1, 1, 1, 2, 2, 1, 1, 1, 2, 1, 1, 1, 1, 2, 2, 1, 1, 2, 1, 2, 2, 1, 1, 1, 2, 2, 1, 1, 1, 1, 1, 1, 1, 1, 1, 1, 1, 1, 1, 1, 1, 1, 1, 1, 1, 1, 1, 1, 1, 1, 1, 1, 1, 1, 1, 1, 1, 1, 1, 1, 1, 1, 1, 1, 1, 1, 1, 1, 1, 1, 1, 1, 1, 1, 1, 1, 1, 1, 1, 1, 1, 1, 1, 1, 1, 1, 1, 1, 1, 1, 1, 1, 1, 1, 1, 1, 1, 1, 1, 1, 1, 1, 2, 2, 1, 1, 2, 2, 1, 1, 1, 1, 2, 1, 1, 1, 2, 2, 1, 1, 1, 1, 1, 1, 1, 1, 1, 1, 1, 1, 1, 1, 1, 1, 1, 1, 1, 1, 1, 1, 1, 1, 1, 1, 1, 1, 1, 1, 1, 1, 1, 1, 1, 1, 1, 1, 2, 2, 1, 1, 1, 1, 1]
w=120657677119484002304/18889465931478623149863 [cg] doubles=19 n=237
  xk(2^-20 units)=[63166, 330478, 598225, 866512, 1135466, 1405168, 1675767, 1947396, 2220174, 2494207, 2769529, 3046065, 3323647, 3601992, 3880771, 4159630, 4438325, 4716776, 4994948, 5272971, 5550994, 5829212, 6107724, 6386672, 6666083, 6945854, 7225802, 7505697, 7785289, 8064352, 8342816, 8620685, 8898040, 9175034, 9451878, 9728750, 10005884, 10283446, 10561564, 10840303, 11119661, 11399460, 11679487, 11959476, 12239153, 12518404, 12797197, 13075591, 13353759, 13631912, 13910257, 14189038, 14468349, 14748127, 15028168, 15308062, 15587275, 15865351, 16141978, 16417015, 16690473, 16962470, 17233224, 17502841, 17771554, 18039516, 18306853, 18573698, 18840138, 19106208, 19371981, 19637461, 19902682, 20167611, 20432361, 20696971, 20960522, 21237652, 21741670, 22018812, 22282625, 22546770, 22824682, 23314479, 23585912, 23852570, 24117202, 24394708, 24899731, 25176754, 25439532, 25716934, 26209099, 26492431, 26999549, 27276665, 27540151, 27803476, 28080341, 28584029, 28861182, 29124836, 29389620, 29654586, 29919804, 30185334, 30451208, 30717450, 30984181, 31251526, 31519573, 31788552, 32058651, 32330082, 32603035, 32877692, 33154027, 33431854, 33710680, 33989778, 34268380, 34545911, 34822101, 35096920, 35370482, 35643012, 35914733, 36185893, 36456775, 36727581, 36998554, 37269907, 37541846, 37814547, 38088170, 38362776, 38638365, 38914774, 39191707, 39468775, 39745545, 40021648, 40296841, 40571019, 40844212, 41116503, 41388060, 41659048, 41929682, 42200170, 42470710, 42741586, 43012992, 43285197, 43558420, 43832957, 44108889, 44386289, 44664867, 44944144, 45223345, 45501683, 45778570, 46053739, 46327168, 46598981, 46869407, 47138652, 47406895, 47674339, 47941185, 48207507, 48473411, 48738972, 49004283, 49268427, 49545857, 50050033, 50326876, 50589144, 50865887, 51369651, 51646685, 51910317, 52175170, 52439439, 52717489, 53208183, 53479913, 53745964, 54024244, 54530375, 54807940, 55072073, 55337222, 55602458, 55867867, 56133546, 56399547, 56665907, 56932782, 57200291, 57468599, 57737825, 58008220, 58279988, 58553292, 58828274, 59104796, 59382567, 59660958, 59939174, 60216450, 60492309, 60766547, 61039255, 61310522, 61580578, 61849638, 62117880, 62385506, 62652646, 62919395, 63185838, 63452071, 63718079, 63983904, 64249576, 64515159, 64779713, 65057627, 65563359, 65841427, 66106291, 66372321, 66638586, 66905136]
  m=[1, 1, 1, 1, 1, 1, 1, 1, 1, 1, 1, 1, 1, 1, 1, 1, 1, 1, 1, 1, 1, 1, 1, 1, 1, 1, 1, 1, 1, 1, 1, 1, 1, 1, 1, 1, 1, 1, 1, 1, 1, 1, 1, 1, 1, 1, 1, 1, 1, 1, 1, 1, 1, 1, 1, 1, 1, 1, 1, 1, 1, 1, 1, 1, 1, 1, 1, 1, 1, 1, 1, 1, 1, 1, 1, 1, 1, 2, 2, 1, 1, 1, 2, 1, 1, 1, 1, 2, 2, 1, 1, 2, 1, 2, 2, 1, 1, 1, 2, 2, 1, 1, 1, 1, 1, 1, 1, 1, 1, 1, 1, 1, 1, 1, 1, 1, 1, 1, 1, 1, 1, 1, 1, 1, 1, 1, 1, 1, 1, 1, 1, 1, 1, 1, 1, 1, 1, 1, 1, 1, 1, 1, 1, 1, 1, 1, 1, 1, 1, 1, 1, 1, 1, 1, 1, 1, 1, 1, 1, 1, 1, 1, 1, 1, 1, 1, 1, 1, 1, 1, 1, 1, 1, 1, 1, 1, 2, 2, 1, 1, 2, 2, 1, 1, 1, 1, 2, 1, 1, 1, 2, 2, 1, 1, 1, 1, 1, 1, 1, 1, 1, 1, 1, 1, 1, 1, 1, 1, 1, 1, 1, 1, 1, 1, 1, 1, 1, 1, 1, 1, 1, 1, 1, 1, 1, 1, 1, 1, 1, 1, 2, 2, 1, 1, 1, 1, 1]
w=3475818054770507776/6296488643826207716621 [cg] doubles=43 n=213
  xk(2^-20 units)=[240966, 512568, 792101, 1300347, 1578324, 1843920, 2115150, 2604354, 2882207, 3146451, 3411625, 3677182, 3943574, 4211574, 4485060, 4955743, 5229293, 5497399, 5763882, 6029681, 6294247, 6572181, 7062363, 7332550, 7611248, 8118508, 8396426, 8661859, 8929790, 9203096, 9676564, 9948930, 10228821, 10738034, 11016196, 11281906, 11550070, 11823564, 12294806, 12568318, 12836462, 13103134, 13368133, 13646076, 14155726, 14440103, 14918099, 15200255, 15481913, 15975877, 16254053, 16519208, 16785987, 17054170, 17327736, 17799058, 18072614, 18340762, 18607403, 18872338, 19150262, 19659591, 19943924, 20420855, 20702494, 20979580, 21249842, 21742372, 22020640, 22285823, 22552565, 22820713, 23094242, 23565922, 23839527, 24107658, 24373149, 24649475, 24931247, 25403489, 25675924, 25942231, 26220457, 26727254, 27005058, 27270509, 27541686, 28030672, 28308466, 28572637, 28837765, 29103291, 29369705, 29637752, 29911289, 30381782, 30655317, 30923338, 31189796, 31455522, 31720153, 31998139, 32489638, 32759913, 33037127, 33319122, 33792803, 34065239, 34331529, 34609705, 35115724, 35393094, 35657529, 35923774, 36191649, 36465013, 36935590, 37208927, 37476806, 37743100, 38007599, 38285067, 38791456, 39069886, 39336667, 39609936, 40082017, 40355521, 40623692, 40890417, 41155578, 41433826, 41924520, 42195769, 42461288, 42739142, 43246007, 43524650, 43794793, 44285024, 44562722, 44826819, 45091934, 45357361, 45623653, 45891611, 46165099, 46635604, 46909079, 47177123, 47443566, 47709265, 47973776, 48251705, 48741088, 49012235, 49277637, 49555316, 50061355, 50339071, 50604444, 50875533, 51365022, 51642979, 51907549, 52173410, 52439958, 52708054, 52981602, 53452255, 53725657, 53993632, 54259068, 54536988, 55044388, 55322949, 55589888, 55863244, 56334468, 56607981, 56876047, 57142609, 57408519, 57673187, 57951222, 58440624, 58711822, 58978369, 59243990, 59508361, 59786176, 60280064, 60563642, 61073917, 61357361, 61850359, 62128170, 62392684, 62658399, 62924926, 63192990, 63466549, 63937324, 64210856, 64478968, 64745420, 65011231, 65275855, 65553840, 66045167, 66315334, 66592451, 66874356]
  m=[1, 1, 2, 2, 1, 1, 1, 2, 1, 1, 1, 1, 1, 1, 1, 1, 1, 1, 1, 1, 1, 2, 1, 1, 2, 2, 1, 1, 1, 1, 1, 1, 2, 2, 1, 1, 1, 1, 1, 1, 1, 1, 1, 2, 2, 1, 1, 2, 1, 2, 1, 1, 1, 1, 1, 1, 1, 1, 1, 1, 2, 2, 1, 1, 2, 1, 1, 2, 1, 1, 1, 1, 1, 1, 1, 1, 1, 2, 1, 1, 1, 1, 2, 2, 1, 1, 1, 2, 1, 1, 1, 1, 1, 1, 1, 1, 1, 1, 1, 1, 1, 2, 1, 1, 2, 1, 1, 1, 1, 2, 2, 1, 1, 1, 1, 1, 1, 1, 1, 1, 1, 2, 2, 1, 1, 1, 1, 1, 1, 1, 1, 2, 1, 1, 1, 2, 2, 1, 1, 2, 1, 1, 1, 1, 1, 1, 1, 1, 1, 1, 1, 1, 1, 2, 1, 1, 1, 2, 2, 1, 1, 1, 2, 1, 1, 1, 1, 1, 1, 1, 1, 1, 1, 2, 2, 1, 1, 1, 1, 1, 1, 1, 1, 1, 2, 1, 1, 1, 1, 1, 2, 1, 2, 2, 1, 2, 1, 1, 1, 1, 1, 1, 1, 1, 1, 1, 1, 1, 2, 1, 1, 2, 1]
w=43468467588871954432/18889465931478623149863 [cg] doubles=41 n=215
  xk(2^-20 units)=[67092370, 251558, 517916, 783469, 1047441, 1323118, 1604710, 2074024, 2346366, 2613590, 2878492, 3156144, 3662784, 3940974, 4207259, 4479716, 4951991, 5233724, 5509976, 5775489, 6046824, 6537127, 6815134, 7079727, 7345476, 7611914, 7879937, 8153360, 8624160, 8897587, 9165547, 9431820, 9697191, 9961135, 10238418, 10745091, 11028239, 11520398, 11798285, 12063069, 12329386, 12597075, 12869819, 13343266, 13625356, 13902611, 14172922, 14665256, 14943564, 15208818, 15475592, 15743825, 16017417, 16487560, 16761088, 17029080, 17295531, 17561091, 17825092, 18100771, 18382310, 18851834, 19124181, 19390436, 19668686, 20175731, 20453643, 20719109, 20987081, 21260521, 21730302, 22003687, 22271640, 22538027, 22803598, 23067617, 23343265, 23624810, 24094462, 24366744, 24632999, 24911209, 25418114, 25696025, 25961417, 26229365, 26502743, 26973807, 27247303, 27515309, 27781738, 28047469, 28311871, 28589617, 29081696, 29364959, 29873000, 30151061, 30416587, 30684709, 30958217, 31430476, 31704039, 31972212, 32238985, 32504196, 32782521, 33273821, 33545318, 33812238, 34077327, 34355498, 34847356, 35117760, 35396620, 35904588, 36182931, 36449426, 36722043, 37195264, 37477038, 37753312, 38018890, 38290302, 38781568, 39059880, 39325063, 39591777, 39859960, 40133495, 40606590, 40880102, 41147209, 41425908, 41934005, 42212945, 42483339, 42975014, 43253233, 43518322, 43785062, 44053149, 44326659, 44799731, 45073314, 45340387, 45617484, 45899636, 46372419, 46645149, 46912685, 47178803, 47444322, 47709757, 47975451, 48241991, 48513271, 49002522, 49280178, 49544201, 49808211, 50085842, 50575770, 50846950, 51112394, 51390159, 51896919, 52175541, 52445656, 52936351, 53214218, 53478725, 53744509, 54010974, 54278936, 54552406, 55023110, 55296496, 55564396, 55830772, 56095394, 56372947, 56880396, 57159717, 57430981, 57902535, 58183944, 58459675, 58723925, 58990003, 59257474, 59530080, 60003086, 60285141, 60562371, 60832614, 61323753, 61601719, 61866225, 62131785, 62397960, 62665470, 62938172, 63411145, 63693255, 63970587, 64240908, 64732344, 65010401, 65275050, 65540881, 65807409, 66075498, 66349018, 66818854]
  m=[1, 1, 1, 1, 1, 2, 1, 1, 1, 1, 1, 2, 2, 1, 1, 1, 1, 2, 1, 1, 1, 2, 1, 1, 1, 1, 1, 1, 1, 1, 1, 1, 1, 1, 2, 2, 1, 2, 1, 1, 1, 1, 1, 1, 2, 1, 1, 2, 1, 1, 1, 1, 1, 1, 1, 1, 1, 1, 1, 2, 1, 1, 1, 1, 2, 2, 1, 1, 1, 1, 1, 1, 1, 1, 1, 1, 2, 1, 1, 1, 1, 2, 2, 1, 1, 1, 1, 1, 1, 1, 1, 1, 1, 2, 1, 2, 2, 1, 1, 1, 1, 1, 1, 1, 1, 1, 2, 1, 1, 1, 1, 2, 1, 1, 2, 2, 1, 1, 1, 1, 2, 1, 1, 1, 2, 1, 1, 1, 1, 1, 1, 1, 1, 2, 2, 1, 1, 2, 1, 1, 1, 1, 1, 1, 1, 1, 2, 1, 1, 1, 1, 1, 1, 1, 1, 1, 1, 2, 1, 1, 1, 2, 1, 1, 1, 2, 2, 1, 1, 2, 1, 1, 1, 1, 1, 1, 1, 1, 1, 1, 1, 2, 2, 1, 1, 1, 2, 1, 1, 1, 1, 1, 1, 2, 1, 1, 2, 1, 1, 1, 1, 1, 1, 1, 2, 1, 1, 2, 1, 1, 1, 1, 1, 1, 1]
w=168742735865380470784/18889465931478623149863 [cg] doubles=42 n=214
  xk(2^-20 units)=[67103771, 273005, 544728, 1022597, 1304996, 1583053, 1854747, 2332216, 2614505, 2892459, 3164090, 3640426, 3922384, 4199174, 4465733, 4738488, 5213156, 5495283, 5772624, 6043038, 6535335, 6813531, 7078552, 7344956, 7612595, 7885272, 8357633, 8639437, 8915671, 9180877, 9448543, 9721239, 10194972, 10477018, 10753843, 11020459, 11293391, 11769480, 12051894, 12329957, 12601703, 13079416, 13361778, 13639779, 13911409, 14387494, 14669512, 14946826, 15217228, 15709644, 15987967, 16253181, 16519966, 16788151, 17061668, 17534456, 17807928, 18074948, 18353508, 18860899, 19138840, 19404453, 19675714, 20166061, 20444244, 20709214, 20975618, 21243275, 21516028, 21988837, 22270641, 22546985, 22812609, 23084088, 23575280, 23853622, 24118845, 24385634, 24653805, 24927387, 25399587, 25673077, 25939966, 26216754, 26498229, 26973226, 27254678, 27531577, 27801513, 28291555, 28569360, 28833641, 29098920, 29364520, 29630983, 29899014, 30172527, 30642784, 30916354, 31184470, 31451016, 31715627, 31991581, 32273256, 32744496, 33017033, 33283448, 33561760, 34069427, 34347800, 34614286, 34886869, 35360894, 35642829, 35919549, 36186000, 36458657, 36932381, 37214161, 37490487, 37756072, 38027475, 38518362, 38796590, 39061573, 39328042, 39595706, 39868421, 40341835, 40623890, 40900755, 41167359, 41440160, 41914345, 42196373, 42473112, 42739540, 43012206, 43483920, 43765549, 44041327, 44305650, 44571739, 44839140, 45111717, 45584479, 45866481, 46143266, 46409794, 46682506, 47155760, 47437530, 47713831, 47979369, 48250712, 48741283, 49019275, 49283869, 49549639, 49816281, 50087624, 50577513, 50855517, 51120046, 51385737, 51651947, 51919612, 52192430, 52667154, 52949615, 53227687, 53499433, 53976771, 54259084, 54537022, 54808569, 55283999, 55565889, 55842606, 56109026, 56381680, 56855219, 57137015, 57413324, 57678890, 57950219, 58439991, 58717838, 58982028, 59247102, 59512448, 59778467, 60045906, 60318546, 60791600, 61073688, 61350528, 61617139, 61890013, 62366010, 62648418, 62926380, 63197998, 63673853, 63955839, 64232635, 64499181, 64771954, 65246465, 65528533, 65805407, 66072069, 66345010, 66821307]
  m=[2, 1, 1, 1, 2, 1, 1, 1, 2, 1, 1, 1, 2, 1, 1, 1, 1, 2, 1, 1, 2, 1, 1, 1, 1, 1, 1, 2, 1, 1, 1, 1, 1, 2, 1, 1, 1, 1, 2, 1, 1, 1, 2, 1, 1, 1, 2, 1, 1, 2, 1, 1, 1, 1, 1, 1, 1, 1, 2, 2, 1, 1, 1, 2, 1, 1, 1, 1, 1, 1, 2, 1, 1, 1, 2, 1, 1, 1, 1, 1, 1, 1, 1, 2, 1, 1, 2, 1, 1, 2, 1, 1, 1, 1, 1, 1, 1, 1, 1, 1, 1, 1, 2, 1, 1, 1, 1, 2, 2, 1, 1, 1, 1, 2, 1, 1, 1, 1, 2, 1, 1, 1, 2, 1, 1, 1, 1, 1, 1, 2, 1, 1, 1, 1, 2, 1, 1, 1, 1, 2, 1, 1, 1, 1, 1, 1, 2, 1, 1, 1, 1, 2, 1, 1, 1, 2, 1, 1, 1, 1, 1, 2, 1, 1, 1, 1, 1, 1, 1, 2, 1, 1, 1, 2, 1, 1, 1, 2, 1, 1, 1, 1, 2, 1, 1, 1, 2, 1, 1, 1, 1, 1, 1, 1, 1, 2, 1, 1, 1, 1, 2, 1, 1, 1, 2, 1, 1, 1, 1, 2, 1, 1, 1, 1]
w=102182842065125638144/18889465931478623149863 [cg] doubles=43 n=213
  xk(2^-20 units)=[6991, 273576, 546399, 1020900, 1303001, 1579864, 1846505, 2119473, 2595421, 2877861, 3155856, 3427486, 3903598, 4185579, 4462394, 4728891, 5001647, 5476039, 5758106, 6034983, 6301570, 6574407, 7049098, 7331179, 7608022, 7874604, 8147442, 8621835, 8903934, 9180807, 9447515, 9720492, 10196671, 10479107, 10757090, 11028699, 11504782, 11786713, 12063551, 12330182, 12603032, 13079374, 13361800, 13639861, 13911513, 14387834, 14669855, 14947185, 15217630, 15710151, 15988479, 16253753, 16520607, 16788844, 17062469, 17534831, 17808360, 18076547, 18342210, 18620299, 19128795, 19408322, 19679857, 20154537, 20436439, 20713140, 20979603, 21252328, 21726251, 22008013, 22284299, 22549765, 22821035, 23310716, 23588581, 23852844, 24118121, 24383724, 24650108, 24918073, 25191538, 25663180, 25936699, 26203579, 26480379, 26761884, 27236686, 27518160, 27795117, 28065178, 28556578, 28834823, 29100032, 29366828, 29635092, 29908719, 30380816, 30654400, 30922584, 31189392, 31454596, 31732840, 32223466, 32494681, 32760143, 33037910, 33543936, 33821639, 34087043, 34358180, 34847600, 35125365, 35389516, 35654564, 35919883, 36185882, 36453307, 36725953, 37198887, 37480969, 37757794, 38024413, 38297330, 38773270, 39055682, 39333622, 39605237, 40080865, 40362829, 40639653, 40906166, 41178917, 41653146, 41935210, 42212077, 42478650, 42751446, 43225907, 43507947, 43784774, 44051311, 44324121, 44798767, 45080837, 45357648, 45624202, 45897019, 46371810, 46653982, 46931353, 47201841, 47694999, 47973588, 48239470, 48507396, 48780294, 49254699, 49536786, 49813597, 50080153, 50352954, 50827591, 51109628, 51386454, 51653019, 51925763, 52400415, 52682536, 52959876, 53230295, 53722662, 54000860, 54265914, 54532401, 54800096, 55072906, 55546636, 55828743, 56105656, 56372388, 56645354, 57121516, 57403962, 57682028, 57953701, 58431175, 58713453, 58991402, 59262976, 59738098, 60019788, 60296081, 60561690, 60833086, 61323421, 61601445, 61865958, 62131649, 62397915, 62665466, 62938164, 63411563, 63693664, 63970537, 64237084, 64509856, 64984282, 65266344, 65543176, 65809730, 66082567, 66556960, 66839038]
  m=[1, 1, 1, 1, 2, 1, 1, 1, 1, 2, 1, 1, 1, 2, 1, 1, 1, 1, 2, 1, 1, 1, 1, 2, 1, 1, 1, 1, 2, 1, 1, 1, 1, 2, 1, 1, 1, 2, 1, 1, 1, 1, 2, 1, 1, 1, 2, 1, 1, 2, 1, 1, 1, 1, 1, 1, 1, 1, 1, 2, 2, 1, 1, 1, 2, 1, 1, 1, 1, 2, 1, 1, 1, 2, 1, 1, 1, 1, 1, 1, 1, 1, 1, 1, 2, 1, 1, 2, 1, 1, 2, 1, 1, 1, 1, 1, 1, 1, 1, 1, 1, 2, 1, 1, 1, 2, 2, 1, 1, 1, 2, 1, 1, 1, 1, 1, 1, 1, 1, 2, 1, 1, 1, 1, 2, 1, 1, 1, 2, 1, 1, 1, 1, 2, 1, 1, 1, 1, 2, 1, 1, 1, 1, 2, 1, 1, 1, 1, 2, 1, 1, 2, 1, 1, 1, 1, 1, 2, 1, 1, 1, 1, 2, 1, 1, 1, 1, 2, 1, 1, 2, 1, 1, 1, 1, 1, 1, 2, 1, 1, 1, 1, 2, 1, 1, 1, 2, 1, 1, 1, 2, 1, 1, 1, 2, 1, 1, 1, 1, 1, 1, 1, 2, 1, 1, 1, 1, 2, 1, 1, 1, 1, 2]
w=93239083062696263680/18889465931478623149863 [cg] doubles=44 n=212
  xk(2^-20 units)=[44809, 552588, 830572, 1096086, 1364083, 1637520, 2108026, 2381517, 2649546, 2915978, 3181638, 3446932, 3711223, 3989156, 4478853, 4750202, 5017032, 5282099, 5560240, 6052354, 6322835, 6601804, 7110139, 7388768, 7655829, 7929345, 8401869, 8675373, 8943558, 9210253, 9475449, 9753714, 10245928, 10516231, 10793452, 11075543, 11548945, 11821556, 12089075, 12355142, 12619528, 12896989, 13404020, 13687182, 14178966, 14456753, 14721191, 14986924, 15253454, 15521509, 15795041, 16265480, 16539208, 16807543, 17074439, 17340829, 17607191, 17874102, 18142436, 18416100, 18887810, 19161373, 19428461, 19707135, 20215755, 20494687, 20765108, 21256851, 21535000, 21800018, 22066895, 22338364, 22829640, 23107464, 23370922, 23648731, 24139256, 24410601, 24676320, 24954404, 25463190, 25743070, 26015369, 26490488, 26763764, 27030690, 27309250, 27817195, 28095560, 28362036, 28634564, 29107026, 29388861, 29665239, 29930723, 30198943, 30472554, 30944428, 31218007, 31486174, 31752906, 32018157, 32296454, 32788799, 33059167, 33336467, 33618601, 34092072, 34364888, 34632615, 34899107, 35165118, 35431195, 35698092, 35969518, 36459640, 36737446, 37000931, 37278702, 37769466, 38040712, 38306352, 38584266, 39092475, 39375747, 39868204, 40145912, 40410258, 40675918, 40942620, 41214088, 41705835, 41984498, 42250712, 42522321, 43012470, 43290368, 43554601, 43819896, 44085480, 44351837, 44619855, 44893367, 45363680, 45637240, 45905324, 46171854, 46437747, 46702359, 46980419, 47470446, 47741938, 48008863, 48273995, 48552271, 49043463, 49315057, 49582054, 49847178, 50125397, 50617473, 50887824, 51165068, 51447147, 51922258, 52194949, 52461421, 52738120, 53019968, 53495454, 53767156, 54046779, 54556199, 54834935, 55102082, 55375587, 55849676, 56123141, 56390223, 56668868, 57177139, 57455985, 57726239, 58216422, 58494138, 58758241, 59023357, 59288782, 59554961, 59822582, 60095412, 60569503, 60852146, 61133940, 61628007, 61906219, 62171448, 62438257, 62706444, 62980015, 63451042, 63724483, 63992546, 64258092, 64536087, 65043858, 65322463, 65589507, 65862902, 66334748, 66608140, 66875093]
  m=[2, 2, 1, 1, 1, 1, 1, 1, 1, 1, 1, 1, 1, 2, 1, 1, 1, 1, 2, 1, 1, 2, 2, 1, 1, 1, 1, 1, 1, 1, 1, 2, 1, 1, 2, 1, 1, 1, 1, 1, 1, 2, 2, 1, 2, 1, 1, 1, 1, 1, 1, 1, 1, 1, 1, 1, 1, 1, 1, 1, 1, 1, 1, 2, 2, 1, 1, 2, 1, 1, 1, 1, 2, 1, 1, 2, 1, 1, 1, 2, 2, 1, 1, 1, 1, 1, 2, 2, 1, 1, 1, 1, 2, 1, 1, 1, 1, 1, 1, 1, 1, 1, 2, 1, 1, 2, 1, 1, 1, 1, 1, 1, 1, 1, 1, 2, 1, 1, 2, 1, 1, 1, 2, 2, 1, 2, 1, 1, 1, 1, 1, 2, 1, 1, 1, 2, 1, 1, 1, 1, 1, 1, 1, 1, 1, 1, 1, 1, 1, 2, 1, 1, 1, 1, 2, 1, 1, 1, 1, 2, 1, 1, 2, 1, 1, 1, 1, 2, 1, 1, 1, 2, 2, 1, 1, 1, 1, 1, 1, 2, 2, 1, 1, 2, 1, 1, 1, 1, 1, 1, 1, 1, 2, 1, 2, 1, 1, 1, 1, 1, 1, 1, 1, 1, 2, 2, 1, 1, 1, 1, 1, 1]
w=306067130957165232128/18889465931478623149863 [cg] doubles=43 n=213
  xk(2^-20 units)=[27544, 503240, 774890, 1052889, 1335235, 1812910, 2084674, 2362772, 2645222, 3119835, 3392652, 3660277, 3926510, 4190925, 4466796, 4748565, 5219010, 5491695, 5759413, 6025901, 6292029, 6558224, 6824982, 7093249, 7366781, 7838949, 8112520, 8379626, 8658279, 9166628, 9445471, 9715694, 10206006, 10483405, 10746183, 11023257, 11530503, 11809868, 12081334, 12556580, 12838476, 13115631, 13385954, 13878302, 14156584, 14421770, 14688512, 14956668, 15230253, 15701764, 15975299, 16243396, 16509968, 16775812, 17040378, 17318294, 17808693, 18078799, 18357546, 18864541, 19142430, 19407852, 19675895, 19949359, 20420370, 20693808, 20961764, 21228149, 21493691, 21758862, 22023030, 22300794, 22789902, 23060999, 23326328, 23604032, 24110192, 24387906, 24653313, 24924414, 25413974, 25691919, 25956471, 26222240, 26488799, 26756949, 27030508, 27501279, 27774779, 28042841, 28309319, 28575091, 28839740, 29117737, 29609304, 29879422, 30156462, 30438062, 30914999, 31199299, 31708680, 31986594, 32251556, 32518164, 32786264, 33059719, 33531307, 33804756, 34071763, 34350406, 34858185, 35136223, 35401728, 35669767, 35943169, 36413701, 36687220, 36955257, 37221767, 37486553, 37764207, 38271624, 38550905, 38822096, 39293047, 39574453, 39850022, 40113978, 40379466, 40645857, 40913829, 41187218, 41656952, 41930364, 42198272, 42464628, 42729163, 43006645, 43513033, 43791602, 44061570, 44550835, 44828585, 45092758, 45358039, 45623677, 45890124, 46158188, 46431763, 46901935, 47175425, 47443439, 47709894, 47975457, 48240749, 48505037, 48782882, 49273603, 49543824, 49821006, 50102987, 50579205, 50850792, 51128795, 51411112, 51888775, 52160461, 52438502, 52720871, 53198231, 53470006, 53748049, 54030428, 54508434, 54780218, 55058293, 55340742, 55816170, 56089004, 56356653, 56621865, 56898099, 57179789, 57654510, 57926057, 58204006, 58486337, 58964039, 59235809, 59513855, 59796327, 60272669, 60545561, 60812197, 61088990, 61370920, 61846970, 62118568, 62396537, 62678896, 63156805, 63428507, 63706605, 63989065, 64465264, 64738221, 65004908, 65281782, 65563859, 66038500, 66311199, 66577694, 66854465]
  m=[1, 1, 1, 2, 1, 1, 1, 2, 1, 1, 1, 1, 1, 1, 2, 1, 1, 1, 1, 1, 1, 1, 1, 1, 1, 1, 1, 1, 2, 2, 1, 1, 2, 1, 1, 2, 2, 1, 1, 1, 2, 1, 1, 2, 1, 1, 1, 1, 1, 1, 1, 1, 1, 1, 1, 2, 1, 1, 2, 2, 1, 1, 1, 1, 1, 1, 1, 1, 1, 1, 1, 2, 1, 1, 1, 2, 2, 1, 1, 1, 2, 1, 1, 1, 1, 1, 1, 1, 1, 1, 1, 1, 1, 2, 1, 1, 2, 1, 1, 2, 2, 1, 1, 1, 1, 1, 1, 1, 1, 2, 2, 1, 1, 1, 1, 1, 1, 1, 1, 1, 2, 2, 1, 1, 1, 2, 1, 1, 1, 1, 1, 1, 1, 1, 1, 1, 1, 2, 2, 1, 1, 2, 1, 1, 1, 1, 1, 1, 1, 1, 1, 1, 1, 1, 1, 1, 2, 1, 1, 2, 1, 1, 1, 2, 1, 1, 1, 2, 1, 1, 1, 2, 1, 1, 1, 2, 1, 1, 1, 1, 1, 2, 1, 1, 1, 2, 1, 1, 1, 2, 1, 1, 1, 1, 2, 1, 1, 1, 2, 1, 1, 1, 2, 1, 1, 1, 1, 2, 1, 1, 1, 1, 2]
w=90741450544526508032/18889465931478623149863 [cg] doubles=41 n=215
  xk(2^-20 units)=[67107031, 261550, 538408, 1044543, 1327589, 1819254, 2096965, 2361335, 2627012, 2893471, 3161473, 3434986, 3905328, 4178913, 4447114, 4713863, 4980027, 5246134, 5512667, 5780432, 6053210, 6525987, 6808094, 7085380, 7355661, 7846574, 8124335, 8388442, 8653451, 8918753, 9184787, 9452231, 9724860, 10197649, 10479791, 10757097, 11027470, 11519823, 11798133, 12063279, 12329988, 12598151, 12871717, 13342726, 13616219, 13884274, 14150759, 14415265, 14691163, 14972792, 15443952, 15716389, 15982709, 16260895, 16767739, 17045650, 17311227, 17582485, 18072765, 18350923, 18615892, 18882334, 19150087, 19423035, 19898202, 20180591, 20458564, 20730050, 21204576, 21486351, 21762696, 22028102, 22296192, 22569742, 23040868, 23314393, 23582469, 23849034, 24114891, 24379519, 24657599, 25148307, 25419739, 25686610, 25951649, 26229807, 26721463, 26991787, 27270586, 27777902, 28055789, 28321128, 28589068, 28862411, 29335215, 29608750, 29875767, 30152774, 30434745, 30911239, 31182830, 31462397, 31971374, 32250331, 32520864, 33013245, 33291570, 33556788, 33823590, 34091831, 34365449, 34836906, 35110445, 35378537, 35645084, 35910927, 36175529, 36453489, 36944125, 37214074, 37490901, 37772233, 38245580, 38526753, 38802804, 39067985, 39335891, 39609284, 40080731, 40354103, 40622058, 40887501, 41165450, 41672444, 41951218, 42221487, 42712780, 42990977, 43256067, 43522798, 43790923, 44064468, 44536458, 44809965, 45078098, 45343516, 45619841, 45901757, 46373646, 46646301, 46913871, 47180247, 47446159, 47712162, 47978974, 48250382, 48739993, 49017632, 49281658, 49545635, 49823211, 50314253, 50584507, 50863213, 51371076, 51649774, 51919889, 52410229, 52687948, 52952097, 53217273, 53482817, 53749138, 54017010, 54290435, 54760870, 55034253, 55302155, 55567567, 55845467, 56352570, 56630760, 56897002, 57169294, 57638088, 57919546, 58195013, 58458677, 58723660, 58989099, 59255352, 59523269, 59796699, 60265575, 60539048, 60807000, 61073389, 61338958, 61602881, 61878514, 62160034, 62629821, 62902184, 63168474, 63446688, 63954379, 64232718, 64499254, 64771847, 65245819, 65527723, 65804786, 66074861, 66565964, 66843402]
  m=[1, 1, 2, 2, 1, 2, 1, 1, 1, 1, 1, 1, 1, 1, 1, 1, 1, 1, 1, 1, 1, 1, 2, 1, 1, 2, 1, 1, 1, 1, 1, 1, 1, 1, 2, 1, 1, 2, 1, 1, 1, 1, 1, 1, 1, 1, 1, 1, 2, 1, 1, 1, 1, 2, 2, 1, 1, 1, 2, 1, 1, 1, 1, 1, 1, 2, 1, 1, 1, 2, 1, 1, 1, 1, 1, 1, 1, 1, 1, 1, 2, 1, 1, 1, 1, 2, 1, 1, 2, 2, 1, 1, 1, 1, 1, 1, 1, 2, 1, 1, 1, 2, 2, 1, 1, 2, 1, 1, 1, 1, 1, 1, 1, 1, 1, 1, 1, 2, 1, 1, 2, 1, 1, 2, 1, 1, 1, 1, 1, 1, 1, 1, 2, 2, 1, 1, 2, 1, 1, 1, 1, 1, 1, 1, 1, 1, 2, 1, 1, 1, 1, 1, 1, 1, 1, 1, 2, 1, 1, 1, 2, 1, 1, 2, 2, 1, 1, 2, 1, 1, 1, 1, 1, 1, 1, 1, 1, 1, 1, 2, 2, 1, 1, 1, 1, 2, 1, 1, 1, 1, 1, 1, 1, 1, 1, 1, 1, 1, 1, 2, 1, 1, 1, 1, 2, 2, 1, 1, 1, 1, 2, 1, 1, 2, 1]
w=60035251077508628480/6296488643826207716621 [cg] doubles=41 n=215
  xk(2^-20 units)=[67092447, 251591, 517929, 783480, 1047460, 1323101, 1604676, 2073998, 2346334, 2613536, 2878451, 3156117, 3662889, 3941102, 4207503, 4479996, 4953411, 5235418, 5512620, 5782829, 6274471, 6552449, 6817039, 7082851, 7349264, 7617264, 7890738, 8361084, 8634549, 8902455, 9168771, 9434181, 9698111, 9975338, 10481955, 10765032, 11256398, 11534029, 11798278, 12063785, 12329908, 12597424, 12870096, 13342970, 13625097, 13902337, 14172652, 14664993, 14943303, 15208588, 15475358, 15743559, 16017170, 16487230, 16760727, 17028748, 17295196, 17560760, 17824772, 18100434, 18381993, 18851436, 19123788, 19390057, 19668279, 20175388, 20453322, 20718800, 20986782, 21260206, 21730063, 22003499, 22271446, 22537846, 22803451, 23067463, 23343129, 23624686, 24094423, 24366702, 24632960, 24911163, 25418117, 25696027, 25961428, 26229417, 26502828, 26973974, 27247425, 27515401, 27781842, 28047577, 28311975, 28589728, 29081856, 29365101, 29873202, 30151226, 30416773, 30684874, 30958424, 31430698, 31704220, 31972392, 32239140, 32504349, 32782671, 33274008, 33545461, 33812354, 34077454, 34355583, 34847496, 35117888, 35396769, 35904666, 36183008, 36449486, 36722054, 37195352, 37477095, 37753357, 38018932, 38290352, 38781470, 39059793, 39324966, 39591715, 39859885, 40133437, 40605439, 40878874, 41146892, 41412344, 41690206, 42197202, 42475976, 42746213, 43237529, 43515712, 43780830, 44047527, 44315627, 44589153, 45062094, 45335672, 45602722, 45879797, 46161921, 46634804, 46907494, 47175019, 47441113, 47706660, 47972071, 48237750, 48504280, 48775518, 49264774, 49542430, 49806403, 50070435, 50348056, 50837962, 51109134, 51374530, 51652304, 52158960, 52437619, 52707788, 53198545, 53476423, 53740905, 54006625, 54272995, 54540946, 54814351, 55285755, 55559118, 55827115, 56092511, 56370396, 56877491, 57156215, 57426335, 57916292, 58194080, 58458425, 58723952, 58990093, 59257657, 59530348, 60003653, 60285728, 60562928, 60833152, 61324182, 61602113, 61866574, 62132087, 62398213, 62665752, 62938401, 63411503, 63693621, 63970895, 64241199, 64732547, 65010591, 65275248, 65541063, 65807607, 66075681, 66349206, 66818906]
  m=[1, 1, 1, 1, 1, 2, 1, 1, 1, 1, 1, 2, 2, 1, 1, 1, 1, 2, 1, 1, 2, 1, 1, 1, 1, 1, 1, 1, 1, 1, 1, 1, 1, 2, 2, 1, 2, 1, 1, 1, 1, 1, 1, 1, 2, 1, 1, 2, 1, 1, 1, 1, 1, 1, 1, 1, 1, 1, 1, 2, 1, 1, 1, 1, 2, 2, 1, 1, 1, 1, 1, 1, 1, 1, 1, 1, 2, 1, 1, 1, 1, 2, 2, 1, 1, 1, 1, 1, 1, 1, 1, 1, 1, 2, 1, 2, 2, 1, 1, 1, 1, 1, 1, 1, 1, 1, 2, 1, 1, 1, 1, 2, 1, 1, 2, 2, 1, 1, 1, 1, 2, 1, 1, 1, 2, 1, 1, 1, 1, 1, 1, 1, 1, 1, 2, 2, 1, 1, 2, 1, 1, 1, 1, 1, 1, 1, 1, 2, 1, 1, 1, 1, 1, 1, 1, 1, 1, 1, 2, 1, 1, 1, 2, 1, 1, 1, 2, 2, 1, 1, 2, 1, 1, 1, 1, 1, 1, 1, 1, 1, 1, 2, 2, 1, 1, 2, 1, 1, 1, 1, 1, 1, 1, 2, 1, 1, 2, 1, 1, 1, 1, 1, 1, 1, 2, 1, 1, 2, 1, 1, 1, 1, 1, 1, 1]
w=45311893743197929472/6296488643826207716621 [cg] doubles=45 n=211
  xk(2^-20 units)=[67095077, 254306, 520927, 785884, 1063896, 1557068, 1840447, 2348496, 2626309, 2891404, 3158798, 3431292, 3902799, 4184456, 4460325, 4724846, 4991230, 5259161, 5532626, 6003989, 6277583, 6545757, 6812406, 7077412, 7355445, 7848015, 8131270, 8638499, 8916131, 9180727, 9447100, 9715149, 9988563, 10459157, 10732494, 11000433, 11266711, 11532030, 11796928, 12061588, 12325258, 12602598, 13093270, 13376441, 13883842, 14161447, 14426112, 14692559, 14960509, 15233940, 15705020, 15978384, 16246372, 16511817, 16789750, 17297195, 17575749, 17842701, 18116136, 18587795, 18861276, 19129318, 19395792, 19661556, 19926015, 20203778, 20695819, 20979135, 21487355, 21765426, 22030976, 22299052, 22572518, 23045061, 23318498, 23585433, 23863975, 24371414, 24649391, 24914859, 25182842, 25456251, 25928319, 26201881, 26470088, 26736838, 27001884, 27279976, 27772998, 28056391, 28564560, 28842636, 29108254, 29376337, 29649895, 30123769, 30397398, 30665687, 30931674, 31210158, 31704328, 31987826, 32496441, 32774556, 33040122, 33308271, 33581816, 34053335, 34326876, 34594882, 34861359, 35125964, 35401894, 35683593, 36155187, 36427856, 36695586, 36961072, 37239403, 37734261, 38017813, 38527332, 38806342, 39076764, 39568083, 39845991, 40110490, 40376107, 40642299, 40909883, 41182618, 41656163, 41938265, 42215501, 42485764, 42977109, 43255112, 43519813, 43785699, 44052274, 44320382, 44593930, 45065052, 45338645, 45606957, 45873749, 46138858, 46417070, 46911002, 47192817, 47475444, 47950656, 48223486, 48491173, 48757697, 49022719, 49300853, 49792656, 50062984, 50341824, 50849668, 51128056, 51394500, 51667018, 52140089, 52421831, 52698087, 52963294, 53230944, 53503776, 53978632, 54261041, 54539060, 54810684, 55287142, 55569200, 55846279, 56113377, 56387021, 56860260, 57133802, 57401958, 57668663, 57933728, 58211864, 58705130, 58988584, 59496988, 59775049, 60040576, 60308662, 60582146, 61055590, 61329208, 61596275, 61873344, 62155489, 62629647, 62902370, 63169958, 63436250, 63701039, 63978938, 64471786, 64755145, 65263582, 65541667, 65807203, 66075291, 66348754, 66821593]
  m=[1, 1, 1, 1, 2, 1, 2, 2, 1, 1, 1, 1, 1, 2, 1, 1, 1, 1, 1, 1, 1, 1, 1, 1, 2, 1, 2, 2, 1, 1, 1, 1, 1, 1, 1, 1, 1, 1, 1, 1, 1, 2, 1, 2, 2, 1, 1, 1, 1, 1, 1, 1, 1, 1, 2, 2, 1, 1, 1, 1, 1, 1, 1, 1, 1, 2, 1, 2, 2, 1, 1, 1, 1, 1, 1, 1, 2, 2, 1, 1, 1, 1, 1, 1, 1, 1, 1, 2, 1, 2, 2, 1, 1, 1, 1, 1, 1, 1, 1, 2, 1, 2, 2, 1, 1, 1, 1, 1, 1, 1, 1, 1, 2, 1, 1, 1, 1, 1, 2, 1, 2, 2, 1, 1, 2, 1, 1, 1, 1, 1, 1, 1, 2, 1, 1, 2, 1, 1, 1, 1, 1, 1, 1, 1, 1, 1, 1, 2, 1, 2, 1, 1, 1, 1, 1, 1, 2, 1, 1, 2, 2, 1, 1, 1, 1, 2, 1, 1, 1, 1, 1, 2, 1, 1, 1, 2, 1, 1, 1, 1, 1, 1, 1, 1, 2, 1, 2, 2, 1, 1, 1, 1, 1, 1, 1, 2, 1, 1, 1, 1, 1, 1, 2, 1, 2, 2, 1, 1, 1, 1, 1]
w=16793974732187705344/6296488643826207716621 [cg] doubles=44 n=212
  xk(2^-20 units)=[67100371, 268164, 534629, 807294, 1281586, 1563623, 1840872, 2111184, 2602867, 2880916, 3145566, 3411477, 3678060, 3946161, 4219598, 4690420, 4963942, 5231990, 5498493, 5763199, 6040791, 6548277, 6827593, 7098825, 7570651, 7852185, 8128090, 8392725, 8659245, 8927344, 9200831, 9671861, 9945311, 10213419, 10480148, 10745249, 11023308, 11517295, 11798837, 12080945, 12557766, 12839822, 13121285, 13614068, 13891870, 14156337, 14422124, 14688650, 14956747, 15230279, 15701006, 15974534, 16242544, 16509049, 16774797, 17039250, 17317002, 17809595, 18091065, 18373161, 18850064, 19131881, 19409584, 19681045, 20157267, 20439269, 20716263, 20983196, 21256674, 21729750, 22003222, 22271279, 22536846, 22814951, 23323091, 23606377, 24097892, 24375473, 24639498, 24904588, 25170106, 25436434, 25704463, 25977979, 26448642, 26722134, 26990130, 27256517, 27522105, 27787328, 28051614, 28329461, 28819278, 29090653, 29356450, 29634685, 30144840, 30429226, 30908441, 31190604, 31472202, 31965758, 32243704, 32508531, 32774840, 33042405, 33315047, 33788835, 34070880, 34348188, 34618591, 35111222, 35389414, 35654543, 35921373, 36192749, 36682625, 36960381, 37224503, 37488663, 37766442, 38256746, 38528073, 38793672, 39070038, 39351914, 39824180, 40097072, 40365030, 40631995, 40898742, 41165915, 41434428, 41708221, 42179525, 42453166, 42721455, 42988251, 43253426, 43531616, 44025630, 44307469, 44590155, 45064888, 45337703, 45605415, 45870663, 46146928, 46428742, 46901828, 47174490, 47442294, 47707994, 47986517, 48479871, 48750559, 49029664, 49538946, 49822422, 50315423, 50593255, 50857725, 51123427, 51389874, 51657880, 51931334, 52403799, 52677302, 52944180, 53220961, 53502524, 53978646, 54260668, 54542132, 55034968, 55312900, 55577772, 55844176, 56111864, 56384592, 56858384, 57140495, 57417862, 57688316, 58180930, 58459252, 58724537, 58991401, 59259618, 59533181, 60005106, 60278626, 60546843, 60812395, 61088796, 61370635, 61844234, 62116906, 62383408, 62660215, 62942262, 63416026, 63688816, 63956559, 64222128, 64500335, 65010402, 65294931, 65775259, 66057922, 66340467, 66818801]
  m=[2, 1, 1, 1, 1, 2, 1, 1, 2, 1, 1, 1, 1, 1, 1, 1, 1, 1, 1, 1, 2, 2, 1, 1, 1, 2, 1, 1, 1, 1, 1, 1, 1, 1, 1, 1, 2, 1, 2, 1, 1, 2, 1, 2, 1, 1, 1, 1, 1, 1, 1, 1, 1, 1, 1, 1, 2, 1, 2, 1, 1, 2, 1, 1, 1, 2, 1, 1, 1, 1, 1, 1, 1, 2, 2, 1, 2, 1, 1, 1, 1, 1, 1, 1, 1, 1, 1, 1, 1, 1, 1, 2, 1, 1, 1, 2, 2, 1, 1, 2, 1, 2, 1, 1, 1, 1, 1, 1, 2, 1, 1, 2, 1, 1, 1, 1, 2, 1, 1, 1, 2, 1, 1, 1, 2, 1, 1, 1, 1, 1, 1, 1, 1, 1, 1, 1, 1, 1, 1, 2, 1, 2, 1, 1, 1, 1, 1, 2, 1, 1, 1, 1, 1, 2, 1, 1, 2, 2, 1, 2, 1, 1, 1, 1, 1, 1, 1, 1, 1, 2, 1, 1, 2, 1, 2, 1, 1, 1, 1, 1, 1, 2, 1, 1, 2, 1, 1, 1, 1, 1, 1, 1, 1, 1, 2, 1, 1, 1, 1, 2, 1, 1, 1, 1, 1, 2, 2, 1, 1, 2, 1, 1]
w=3941234108865019904/331394139148747774559 [cg] doubles=43 n=213
  xk(2^-20 units)=[7121, 273617, 546327, 1020575, 1302599, 1579781, 1850039, 2341627, 2619683, 2884389, 3150269, 3416872, 3684980, 3958431, 4429061, 4702536, 4970574, 5237080, 5501802, 5779422, 6286865, 6566185, 6837417, 7308341, 7589770, 7865350, 8129362, 8394929, 8661331, 8929339, 9202786, 9673016, 9946559, 10214707, 10481479, 10746560, 11024653, 11518784, 11800397, 12082575, 12560397, 12844726, 13353473, 13631059, 13895365, 14161005, 14427458, 14695473, 14968956, 15439169, 15712699, 15980697, 16247082, 16512606, 16777743, 17041802, 17319381, 17811305, 18092769, 18374786, 18851691, 19133470, 19411199, 19682693, 20158709, 20440710, 20717687, 20984592, 21258109, 21731033, 22004565, 22272610, 22538199, 22816292, 23324417, 23607685, 24099135, 24376705, 24640705, 24905817, 25171336, 25437646, 25705649, 25979200, 26449682, 26723203, 26991187, 27257580, 27523170, 27788374, 28052615, 28330494, 28820179, 29091573, 29357425, 29635666, 30145762, 30430165, 30909234, 31191439, 31473098, 31966749, 32244854, 32509959, 32776733, 33044912, 33318471, 33790130, 34063716, 34331931, 34598707, 34863913, 35142090, 35635953, 35917740, 36200350, 36674976, 36947732, 37215382, 37480575, 37756754, 38038500, 38510065, 38782352, 39049444, 39314141, 39591552, 40096647, 40373863, 40638098, 40904306, 41175263, 41664159, 41941811, 42205838, 42469939, 42747676, 43237796, 43509075, 43774560, 44050869, 44332729, 44804122, 45076850, 45344520, 45610964, 45877046, 46143217, 46409978, 46678242, 46951844, 47422268, 47695736, 47963628, 48229910, 48495342, 48759372, 49036645, 49543658, 49826878, 50319200, 50597224, 50862131, 51128728, 51396835, 51670356, 52143049, 52416495, 52683336, 52960094, 53241625, 53717615, 53999595, 54281047, 54773872, 55051810, 55316668, 55583070, 55850722, 56123447, 56597127, 56879251, 57156588, 57427008, 57919492, 58197783, 58462989, 58729833, 58998061, 59271646, 59743559, 60017116, 60285391, 60552258, 60817493, 61095839, 61587155, 61858659, 62124313, 62400636, 62682529, 63155250, 63428003, 63695762, 63961235, 64239401, 64749492, 65034007, 65514255, 65796894, 66079449, 66557762, 66839319]
  m=[1, 1, 1, 1, 2, 1, 1, 2, 1, 1, 1, 1, 1, 1, 1, 1, 1, 1, 1, 2, 2, 1, 1, 1, 2, 1, 1, 1, 1, 1, 1, 1, 1, 1, 1, 1, 2, 1, 2, 1, 1, 2, 2, 1, 1, 1, 1, 1, 1, 1, 1, 1, 1, 1, 1, 1, 2, 1, 2, 1, 1, 2, 1, 1, 1, 2, 1, 1, 1, 1, 1, 1, 1, 2, 2, 1, 2, 1, 1, 1, 1, 1, 1, 1, 1, 1, 1, 1, 1, 1, 1, 2, 1, 1, 1, 2, 2, 1, 1, 2, 1, 2, 1, 1, 1, 1, 1, 1, 1, 1, 1, 1, 2, 1, 2, 1, 1, 1, 1, 1, 2, 1, 1, 1, 1, 1, 2, 2, 1, 1, 1, 1, 2, 1, 1, 1, 2, 1, 1, 1, 2, 1, 1, 1, 1, 1, 1, 1, 1, 1, 1, 1, 1, 1, 1, 1, 1, 2, 2, 1, 2, 1, 1, 1, 1, 1, 1, 1, 1, 2, 1, 1, 2, 1, 2, 1, 1, 1, 1, 1, 1, 2, 1, 1, 2, 1, 1, 1, 1, 1, 1, 1, 1, 1, 1, 2, 1, 1, 1, 2, 1, 1, 1, 1, 1, 2, 2, 1, 1, 2, 1, 1, 2]
w=96332141601088241664/6296488643826207716621 [cg] doubles=43 n=213
  xk(2^-20 units)=[240932, 512506, 792016, 1300369, 1578334, 1843936, 2115159, 2604403, 2882228, 3146439, 3411604, 3677144, 3943513, 4211522, 4485009, 4955797, 5229334, 5497418, 5763884, 6029671, 6294239, 6572167, 7062693, 7333028, 7611873, 8120241, 8398905, 8665974, 8939417, 9412161, 9685533, 9952455, 10230942, 10738577, 11016566, 11282056, 11550068, 11823444, 12294631, 12568144, 12836287, 13102964, 13367957, 13645887, 14155439, 14439821, 14917750, 15199941, 15481573, 15975476, 16253618, 16518760, 16785543, 17053709, 17327231, 17798503, 18072046, 18340195, 18606816, 18871780, 19149697, 19658970, 19943283, 20420165, 20701835, 20978977, 21249349, 21742755, 22021455, 22287613, 22556030, 22829652, 23302282, 23575906, 23844188, 24110965, 24376191, 24654495, 25145225, 25416531, 25682108, 25959948, 26466934, 26745589, 27015692, 27505895, 27783578, 28047678, 28312813, 28578261, 28844553, 29112543, 29386026, 29856418, 30129870, 30397769, 30664086, 30929541, 31194694, 31458853, 31736622, 32227592, 32497829, 32775002, 33057006, 33530759, 33803313, 34069701, 34347966, 34854950, 35132868, 35398319, 35666299, 35939675, 36410769, 36684164, 36952126, 37218601, 37483356, 37761056, 38269132, 38548960, 38821205, 39294106, 39567441, 39835411, 40101887, 40367660, 40632226, 40910191, 41400007, 41671178, 41936639, 42214461, 42721407, 43000042, 43270212, 43760247, 44037920, 44302002, 44567084, 44832483, 45098770, 45366692, 45640164, 46110374, 46383851, 46651805, 46918107, 47183534, 47448632, 47712688, 47990353, 48480341, 48750428, 49029062, 49536048, 49813858, 50079321, 50350457, 50839454, 51117212, 51381371, 51646514, 51912041, 52178487, 52446475, 52719944, 53189910, 53463325, 53731176, 53997433, 54261939, 54539374, 55045365, 55323431, 55589564, 55861872, 56332369, 56614049, 56889980, 57154515, 57421016, 57689099, 57962592, 58433191, 58706721, 58974945, 59241668, 59506786, 59784962, 60279447, 60563060, 61073238, 61356766, 61849907, 62127784, 62392391, 62658187, 62924743, 63192863, 63466460, 63937121, 64210686, 64478788, 64745295, 65011112, 65275761, 65553749, 66045158, 66315339, 66592479, 66874359]
  m=[1, 1, 2, 2, 1, 1, 1, 2, 1, 1, 1, 1, 1, 1, 1, 1, 1, 1, 1, 1, 1, 2, 1, 1, 2, 2, 1, 1, 1, 1, 1, 1, 2, 2, 1, 1, 1, 1, 1, 1, 1, 1, 1, 2, 2, 1, 1, 2, 1, 2, 1, 1, 1, 1, 1, 1, 1, 1, 1, 1, 2, 2, 1, 1, 2, 1, 1, 2, 1, 1, 1, 1, 1, 1, 1, 1, 1, 2, 1, 1, 1, 2, 2, 1, 1, 2, 1, 1, 1, 1, 1, 1, 1, 1, 1, 1, 1, 1, 1, 1, 2, 1, 1, 2, 1, 1, 1, 1, 2, 2, 1, 1, 1, 1, 1, 1, 1, 1, 1, 2, 2, 1, 1, 1, 1, 1, 1, 1, 1, 2, 1, 1, 1, 2, 2, 1, 1, 2, 1, 1, 1, 1, 1, 1, 1, 1, 1, 1, 1, 1, 1, 1, 2, 1, 1, 2, 2, 1, 1, 1, 2, 1, 1, 1, 1, 1, 1, 1, 1, 1, 1, 1, 1, 2, 2, 1, 1, 1, 1, 2, 1, 1, 1, 1, 1, 1, 1, 1, 1, 1, 2, 1, 2, 2, 1, 2, 1, 1, 1, 1, 1, 1, 1, 1, 1, 1, 1, 1, 2, 1, 1, 2, 1]
w=8709853024044199936/18889465931478623149863 [cg] doubles=46 n=210
  xk(2^-20 units)=[871, 274369, 747285, 1020835, 1288958, 1555600, 1820558, 2098563, 2591784, 2875165, 3383476, 3661542, 3927137, 4195216, 4468774, 4942546, 5216263, 5484566, 5750531, 6029051, 6523408, 6806937, 7315493, 7593582, 7859131, 8127225, 8400676, 8874061, 9147641, 9414676, 9691746, 9973871, 10448263, 10720999, 10988590, 11254871, 11519638, 11797524, 12290081, 12573352, 13081177, 13358776, 13623446, 13889859, 14157848, 14431352, 14902850, 15176225, 15444259, 15709769, 15987715, 16495286, 16773827, 17040800, 17314268, 17786120, 18059608, 18327706, 18594222, 18859969, 19124424, 19402147, 19894294, 20177622, 20685953, 20964018, 21229639, 21497738, 21771188, 22243727, 22517134, 22784078, 23062645, 23570058, 23848073, 24113570, 24381569, 24655031, 25126141, 25399755, 25667911, 25934494, 26200422, 26465057, 26743019, 27233433, 27503627, 27782383, 28289462, 28567347, 28832737, 29100799, 29374229, 29846799, 30120330, 30388435, 30655035, 30920084, 31198126, 31691241, 31974617, 32483086, 32761129, 33026684, 33294781, 33568280, 34039884, 34313411, 34581449, 34847881, 35112450, 35388402, 35670112, 36141163, 36413700, 36681230, 36947435, 37212223, 37490202, 37984077, 38267534, 38776883, 39055887, 39326312, 39818519, 40096704, 40361696, 40628145, 40895875, 41168681, 41642674, 41924743, 42202009, 42472311, 42963774, 43241746, 43506431, 43772321, 44038923, 44307036, 44580553, 45051666, 45325287, 45593573, 45860411, 46125552, 46403708, 46897715, 47179542, 47462203, 47937500, 48210403, 48478181, 48744736, 49009789, 49287993, 49779906, 50050273, 50329173, 50837022, 51115447, 51382070, 51654872, 52131300, 52413640, 52691690, 52963411, 53441103, 53723417, 54001395, 54272990, 54749000, 55030974, 55307775, 55574433, 55847282, 56323059, 56605438, 56883442, 57155077, 57631739, 57913833, 58190919, 58458021, 58731612, 59204149, 59477724, 59745868, 60012407, 60278333, 60542937, 60820922, 61311977, 61582327, 61861237, 62369392, 62648020, 62915080, 63188578, 63662114, 63935575, 64203655, 64470229, 64735206, 65013214, 65506439, 65789787, 66298114, 66576159, 66841675]
  m=[1, 1, 1, 1, 1, 1, 1, 2, 1, 2, 2, 1, 1, 1, 1, 1, 1, 1, 1, 2, 1, 2, 2, 1, 1, 1, 1, 1, 1, 1, 2, 1, 1, 1, 1, 1, 1, 2, 1, 2, 2, 1, 1, 1, 1, 1, 1, 1, 1, 1, 2, 2, 1, 1, 1, 1, 1, 1, 1, 1, 1, 2, 1, 2, 2, 1, 1, 1, 1, 1, 1, 1, 2, 2, 1, 1, 1, 1, 1, 1, 1, 1, 1, 1, 2, 1, 1, 2, 2, 1, 1, 1, 1, 1, 1, 1, 1, 1, 2, 1, 2, 2, 1, 1, 1, 1, 1, 1, 1, 1, 1, 2, 1, 1, 1, 1, 1, 1, 2, 1, 2, 2, 1, 1, 2, 1, 1, 1, 1, 1, 1, 2, 1, 1, 2, 1, 1, 1, 1, 1, 1, 1, 1, 1, 1, 1, 2, 1, 2, 1, 1, 1, 1, 1, 1, 2, 1, 1, 2, 2, 1, 1, 1, 1, 2, 1, 1, 1, 2, 1, 1, 1, 2, 1, 1, 1, 1, 2, 1, 1, 1, 2, 1, 1, 1, 1, 1, 1, 1, 1, 1, 2, 1, 1, 2, 2, 1, 1, 1, 1, 1, 1, 1, 1, 2, 1, 2, 2, 1, 1]
w=15240503964114198528/6296488643826207716621 [cg] doubles=43 n=213
  xk(2^-20 units)=[7822, 514531, 792355, 1057816, 1329003, 1819579, 2097853, 2363032, 2629797, 2898027, 3171668, 3642790, 3916285, 4184327, 4450828, 4716618, 4981157, 5259073, 5749226, 6019164, 6297682, 6803066, 7080191, 7344077, 7609481, 7875779, 8143663, 8417079, 8887173, 9160537, 9428439, 9694769, 9959297, 10236786, 10743512, 11021975, 11288855, 11562221, 12033599, 12307093, 12575200, 12841847, 13106819, 13384744, 13894362, 14178759, 14656580, 14938790, 15220438, 15714507, 15992653, 16257848, 16524586, 16792766, 17066342, 17537472, 17811013, 18079185, 18345831, 18610779, 18888678, 19398126, 19682437, 20159166, 20440850, 20717911, 20988171, 21480686, 21759028, 22024273, 22291071, 22559252, 22832790, 23303493, 23577039, 23845190, 24111806, 24376437, 24652378, 24934055, 25404723, 25677053, 25943320, 26221577, 26728504, 27006487, 27272066, 27540120, 27813597, 28284986, 28558507, 28826702, 29093477, 29358758, 29637082, 30129523, 30399752, 30676812, 30958432, 31435300, 31719598, 32228792, 32506651, 32771495, 33038048, 33306145, 33579676, 34050241, 34323723, 34591669, 34858031, 35123553, 35388762, 35652932, 35930649, 36421269, 36691508, 36970302, 37478121, 37756916, 38027199, 38518333, 38796274, 39060849, 39326658, 39593148, 39861184, 40134701, 40604865, 40878344, 41146358, 41412801, 41678415, 41943616, 42207836, 42485636, 42974031, 43244994, 43510171, 43787779, 44293171, 44570530, 44834939, 45101183, 45369026, 45642368, 46112970, 46386411, 46654419, 46919947, 47197933, 47705333, 47983855, 48250760, 48524063, 48996972, 49270507, 49537706, 49816470, 50326021, 50605592, 50877140, 51349531, 51631110, 51906975, 52171586, 52438129, 52706238, 52979732, 53450724, 53724127, 53992136, 54257634, 54535652, 55043287, 55321929, 55588934, 55862391, 56333729, 56607129, 56875115, 57141574, 57406092, 57682016, 57963645, 58435361, 58707895, 58974305, 59252622, 59760260, 60039098, 60309400, 60800356, 61078299, 61342827, 61608587, 61875026, 62143105, 62416665, 62887794, 63161338, 63429422, 63695879, 63961640, 64226201, 64504191, 64995574, 65265826, 65543070, 65825105, 66299351, 66571993, 66838444]
  m=[2, 2, 1, 1, 1, 2, 1, 1, 1, 1, 1, 1, 1, 1, 1, 1, 1, 2, 1, 1, 2, 2, 1, 1, 1, 1, 1, 1, 1, 1, 1, 1, 1, 2, 2, 1, 1, 1, 1, 1, 1, 1, 1, 2, 2, 1, 1, 2, 1, 2, 1, 1, 1, 1, 1, 1, 1, 1, 1, 1, 2, 2, 1, 1, 2, 1, 1, 2, 1, 1, 1, 1, 1, 1, 1, 1, 1, 1, 2, 1, 1, 1, 1, 2, 2, 1, 1, 1, 1, 1, 1, 1, 1, 1, 2, 1, 1, 2, 1, 1, 2, 2, 1, 1, 1, 1, 1, 1, 1, 1, 1, 1, 1, 1, 2, 1, 1, 2, 2, 1, 1, 2, 1, 1, 1, 1, 1, 1, 1, 1, 1, 1, 1, 1, 1, 2, 1, 1, 1, 2, 2, 1, 1, 1, 1, 1, 1, 1, 1, 1, 2, 2, 1, 1, 1, 1, 1, 1, 2, 2, 1, 1, 1, 2, 1, 1, 1, 1, 1, 1, 1, 1, 1, 2, 2, 1, 1, 1, 1, 1, 1, 1, 1, 2, 1, 1, 1, 1, 2, 2, 1, 1, 2, 1, 1, 1, 1, 1, 1, 1, 1, 1, 1, 1, 1, 2, 1, 1, 2, 1, 1, 1, 1]
w=53688222726330687488/18889465931478623149863 [cg] doubles=18 n=238
  xk(2^-20 units)=[67047227, 209368, 479197, 748067, 1016193, 1283742, 1550839, 1817571, 2084003, 2350211, 2616249, 2881195, 3159359, 3665653, 3943876, 4208926, 4475152, 4741613, 5008423, 5275647, 5543439, 5811821, 6080991, 6351079, 6622210, 6894585, 7168237, 7443184, 7719255, 7996110, 8273221, 8549979, 8825897, 9100650, 9374126, 9646320, 9917344, 10187341, 10456456, 10724836, 10992657, 11259951, 11526875, 11793476, 12059861, 12325119, 12603488, 13110269, 13388653, 13653894, 13920314, 14186932, 14453842, 14721113, 14988842, 15257052, 15525885, 15795496, 16065962, 16337470, 16610136, 16884074, 17159342, 17435883, 17713521, 17991945, 18270759, 18549599, 18828152, 19106278, 19383983, 19661369, 19938555, 20215777, 20493133, 20770723, 21048590, 21326606, 21604597, 21882276, 22159372, 22435672, 22711041, 22985431, 23258877, 23531457, 23803307, 24074579, 24345392, 24615951, 24886410, 25156969, 25427792, 25699075, 25971042, 26243862, 26517767, 26792839, 27069137, 27346510, 27624584, 27902837, 28180612, 28457357, 28732743, 29006646, 29279086, 29550183, 29820092, 30089015, 30357083, 30624476, 30891301, 31157639, 31423588, 31689276, 31953734, 32231434, 32736239, 33013448, 33277034, 33541525, 33804967, 34082030, 34585891, 34862841, 35126260, 35389725, 35666801, 36171282, 36448833, 36713071, 36978492, 37244143, 37510120, 37776512, 38043441, 38310989, 38579389, 38848868, 39119636, 39392016, 39666309, 39942754, 40221485, 40502317, 40784631, 41067505, 41350019, 41631640, 41912280, 42192232, 42471876, 42751860, 43032590, 43314379, 43597210, 43880550, 44163453, 44444849, 44724048, 45000851, 45275355, 45547857, 45818665, 46088110, 46356417, 46623862, 46890666, 47156922, 47422768, 47688290, 47953565, 48217680, 48495099, 48999178, 49276006, 49538233, 49814950, 50318668, 50595717, 50859377, 51124246, 51388559, 51666628, 52157366, 52429137, 52695238, 52973563, 53479807, 53757457, 54021753, 54287064, 54552497, 54818164, 55084124, 55350439, 55617178, 55884475, 56152472, 56421366, 56691307, 56962545, 57235353, 57509959, 57786552, 58065109, 58345409, 58626900, 58908819, 59190457, 59471425, 59751593, 60031239, 60310695, 60590434, 60870831, 61152275, 61435014, 61718934, 62003539, 62288052, 62571646, 62853717, 63134004, 63411058, 63695608, 63980124, 64257004, 64536943, 64818382, 65100857, 65383573, 65665560, 65945969, 66224331, 66500540, 66774749]
  m=[1, 1, 1, 1, 1, 1, 1, 1, 1, 1, 1, 1, 2, 2, 1, 1, 1, 1, 1, 1, 1, 1, 1, 1, 1, 1, 1, 1, 1, 1, 1, 1, 1, 1, 1, 1, 1, 1, 1, 1, 1, 1, 1, 1, 1, 1, 2, 2, 1, 1, 1, 1, 1, 1, 1, 1, 1, 1, 1, 1, 1, 1, 1, 1, 1, 1, 1, 1, 1, 1, 1, 1, 1, 1, 1, 1, 1, 1, 1, 1, 1, 1, 1, 1, 1, 1, 1, 1, 1, 1, 1, 1, 1, 1, 1, 1, 1, 1, 1, 1, 1, 1, 1, 1, 1, 1, 1, 1, 1, 1, 1, 1, 1, 1, 1, 1, 1, 2, 2, 1, 1, 1, 1, 2, 2, 1, 1, 1, 2, 2, 1, 1, 1, 1, 1, 1, 1, 1, 1, 1, 1, 1, 1, 1, 1, 1, 1, 1, 1, 1, 1, 1, 1, 1, 1, 1, 1, 1, 1, 1, 1, 1, 1, 1, 1, 1, 1, 1, 1, 1, 1, 1, 1, 1, 2, 2, 1, 1, 2, 2, 1, 1, 1, 1, 2, 1, 1, 1, 2, 2, 1, 1, 1, 1, 1, 1, 1, 1, 1, 1, 1, 1, 1, 1, 1, 1, 1, 1, 1, 1, 1, 1, 1, 1, 1, 1, 1, 1, 1, 1, 1, 1, 1, 1, 1, 1, 2, 1, 1, 1, 1, 1, 1, 1, 1, 1, 1, 1]
w=46457493825098137600/18889465931478623149863 [cg] doubles=41 n=215
  xk(2^-20 units)=[67103568, 277772, 768888, 1046408, 1310379, 1575423, 1840905, 2107211, 2375171, 2648635, 3118826, 3392370, 3660517, 3927251, 4193383, 4459427, 4725878, 4993566, 5266264, 5737730, 6019602, 6295896, 6561483, 6832853, 7322841, 7600762, 7865126, 8130648, 8396695, 8664088, 8936699, 9408686, 9690559, 9966881, 10232412, 10503719, 10993759, 11271792, 11536422, 11802202, 12068700, 12336791, 12610288, 13080716, 13354199, 13622227, 13888650, 14153111, 14428988, 14710597, 15181675, 15454071, 15720382, 15998534, 16505139, 16782977, 17048501, 17319694, 17809475, 18087391, 18351786, 18617238, 18883298, 19150725, 19423234, 19893647, 20175393, 20451356, 20715925, 20982399, 21250465, 21523937, 21993379, 22266812, 22534821, 22801197, 23066767, 23330761, 23606444, 23887986, 24357639, 24629970, 24896230, 25174454, 25681388, 25959334, 26224752, 26492673, 26766037, 27236748, 27510261, 27778321, 28044863, 28310744, 28575277, 28853189, 29343317, 29613300, 29891900, 30397921, 30675330, 30939790, 31206088, 31473999, 31747436, 32218137, 32491571, 32759583, 33026118, 33291943, 33556563, 33834614, 34324908, 34596286, 34863069, 35128120, 35406237, 35897947, 36168280, 36447045, 36954367, 37232258, 37497919, 37769339, 38261245, 38539956, 38806301, 39078185, 39571111, 39849877, 40116039, 40384473, 40658062, 41131740, 41405267, 41672352, 41951068, 42459453, 42738390, 43008904, 43501400, 43779923, 44045665, 44313641, 44586467, 45061228, 45343333, 45620619, 45890976, 46383112, 46661428, 46926643, 47193454, 47461683, 47735304, 48207330, 48480893, 48749065, 49015902, 49281062, 49559286, 50051425, 50321768, 50600622, 51108529, 51387373, 51657623, 52148920, 52426888, 52691465, 52957330, 53223828, 53491863, 53765326, 54236290, 54509670, 54777660, 55043087, 55321018, 55827975, 56106181, 56372422, 56644705, 57114334, 57395920, 57671589, 57935633, 58201244, 58467624, 58735581, 59009061, 59478254, 59751786, 60019786, 60286183, 60551711, 60815684, 61091365, 61372906, 61843290, 62115800, 62382230, 62660644, 63169592, 63449174, 63720799, 64196563, 64478383, 64755392, 65025430, 65515997, 65793411, 66057081, 66320461, 66597313]
  m=[2, 1, 2, 1, 1, 1, 1, 1, 1, 1, 1, 1, 1, 1, 1, 1, 1, 1, 1, 1, 2, 1, 1, 1, 2, 1, 1, 1, 1, 1, 1, 1, 2, 1, 1, 1, 2, 1, 1, 1, 1, 1, 1, 1, 1, 1, 1, 1, 2, 1, 1, 1, 1, 2, 2, 1, 1, 1, 2, 1, 1, 1, 1, 1, 1, 1, 2, 1, 1, 1, 1, 1, 1, 1, 1, 1, 1, 1, 2, 1, 1, 1, 1, 2, 2, 1, 1, 1, 1, 1, 1, 1, 1, 1, 1, 2, 1, 1, 2, 2, 1, 1, 1, 1, 1, 1, 1, 1, 1, 1, 1, 2, 1, 1, 1, 1, 2, 1, 1, 2, 2, 1, 1, 1, 2, 1, 1, 1, 2, 1, 1, 1, 1, 1, 1, 1, 2, 2, 1, 1, 2, 1, 1, 1, 1, 1, 2, 1, 1, 2, 1, 1, 1, 1, 1, 1, 1, 1, 1, 1, 2, 1, 1, 2, 2, 1, 1, 2, 1, 1, 1, 1, 1, 1, 1, 1, 1, 1, 2, 2, 1, 1, 1, 1, 2, 1, 1, 1, 1, 1, 1, 1, 1, 1, 1, 1, 1, 2, 1, 1, 1, 1, 2, 2, 1, 1, 1, 2, 1, 1, 2, 1, 1, 1, 2]
w=358199959904814104576/18889465931478623149863 [cg] doubles=46 n=210
  xk(2^-20 units)=[8882, 276971, 550455, 1023377, 1296959, 1565138, 1831894, 2097006, 2375245, 2867009, 3137362, 3416250, 3924496, 4203152, 4470255, 4743777, 5217461, 5490890, 5759041, 6025663, 6290659, 6568719, 7062029, 7345420, 7853867, 8131901, 8397405, 8665507, 8939011, 9412317, 9685879, 9952932, 10230031, 10512160, 10986514, 11259214, 11526776, 11793047, 12057813, 12335695, 12828234, 13111495, 13619212, 13896816, 14161478, 14427947, 14695931, 14969406, 15440918, 15714308, 15982275, 16247756, 16525688, 17033185, 17311760, 17578686, 17852154, 18324004, 18597450, 18865536, 19132048, 19397764, 19662228, 19939955, 20432065, 20715406, 21223837, 21501911, 21767481, 22035550, 22309007, 22781804, 23055343, 23322398, 23601101, 24109731, 24388449, 24655586, 24929142, 25401348, 25674786, 25942834, 26209306, 26475078, 26739554, 27017316, 27509543, 27792852, 28301023, 28579036, 28844594, 29112684, 29386189, 29859130, 30132678, 30400776, 30667385, 30932383, 31210387, 31703416, 31986826, 32495359, 32773438, 33039010, 33307156, 33580675, 34052232, 34325791, 34593804, 34860280, 35124849, 35400748, 35682497, 36154194, 36426896, 36694626, 36960159, 37238500, 37733322, 38016885, 38526403, 38805393, 39075822, 39567059, 39844949, 40109427, 40375029, 40641224, 40908813, 41181489, 41655007, 41937121, 42214356, 42484589, 42976021, 43254056, 43518774, 43784644, 44051243, 44319393, 44592924, 45064073, 45337716, 45605981, 45872789, 46137972, 46416159, 46910088, 47191918, 47474528, 47949775, 48222610, 48490356, 48756899, 49021924, 49300078, 49791999, 50062353, 50341232, 50849022, 51127479, 51394092, 51666839, 52143326, 52425678, 52703734, 52975454, 53453030, 53735303, 54013260, 54284819, 54760841, 55042754, 55319548, 55586125, 55858871, 56333569, 56615650, 56892970, 57163351, 57655879, 57934240, 58199564, 58466416, 58734667, 59008340, 59480646, 59754319, 60022597, 60289508, 60554722, 60833004, 61324352, 61594617, 61873409, 62380473, 62658359, 62923782, 63191828, 63465183, 63937840, 64211368, 64479506, 64746154, 65011155, 65289197, 65782385, 66065830, 66574220, 66852231]
  m=[1, 1, 1, 1, 1, 1, 1, 1, 2, 1, 1, 2, 2, 1, 1, 1, 1, 1, 1, 1, 1, 2, 1, 2, 2, 1, 1, 1, 1, 1, 1, 1, 2, 1, 1, 1, 1, 1, 1, 2, 1, 2, 2, 1, 1, 1, 1, 1, 1, 1, 1, 1, 2, 2, 1, 1, 1, 1, 1, 1, 1, 1, 1, 2, 1, 2, 2, 1, 1, 1, 1, 1, 1, 1, 2, 2, 1, 1, 1, 1, 1, 1, 1, 1, 1, 2, 1, 2, 2, 1, 1, 1, 1, 1, 1, 1, 1, 1, 2, 1, 2, 2, 1, 1, 1, 1, 1, 1, 1, 1, 1, 2, 1, 1, 1, 1, 1, 2, 1, 2, 2, 1, 1, 2, 1, 1, 1, 1, 1, 1, 1, 2, 1, 1, 2, 1, 1, 1, 1, 1, 1, 1, 1, 1, 1, 1, 2, 1, 2, 1, 1, 1, 1, 1, 1, 2, 1, 1, 2, 2, 1, 1, 1, 1, 2, 1, 1, 1, 2, 1, 1, 1, 2, 1, 1, 1, 1, 2, 1, 1, 2, 1, 1, 1, 1, 1, 1, 1, 1, 1, 1, 2, 1, 1, 2, 2, 1, 1, 1, 1, 1, 1, 1, 1, 1, 2, 1, 2, 2, 1]
w=4513500013491945472/994182417446243323677 [cg] doubles=45 n=211
  xk(2^-20 units)=[25760, 498365, 771785, 1038728, 1317261, 1824650, 2102605, 2368091, 2636061, 2909450, 3381438, 3655032, 3923216, 4189924, 4454966, 4733061, 5225961, 5509347, 6017591, 6295650, 6561189, 6829266, 7102777, 7574879, 7848436, 8116468, 8382993, 8648782, 8913261, 9191182, 9681527, 9951665, 10230447, 10737446, 11015365, 11280802, 11548793, 11822209, 12293602, 12567077, 12835107, 13101597, 13367397, 13631929, 13909787, 14400015, 14670071, 14948709, 15454912, 15732327, 15996770, 16263050, 16530907, 16804301, 17275249, 17548760, 17816815, 18083329, 18349125, 18613655, 18891479, 19381804, 19651924, 19930653, 20437779, 20715644, 20981063, 21249068, 21522475, 21993250, 22266681, 22534622, 22800972, 23066519, 23331732, 23595918, 23873653, 24363223, 24633161, 24911651, 25417189, 25694270, 25958115, 26223526, 26489741, 26757549, 27030972, 27501375, 27774798, 28042819, 28308281, 28586246, 29093651, 29372246, 29639201, 29912574, 30384785, 30658227, 30926397, 31193096, 31458169, 31736301, 32230039, 32513517, 33022339, 33300830, 33567416, 33840073, 34313943, 34595765, 34872119, 35137550, 35405659, 35679154, 36151337, 36424902, 36693043, 36959731, 37224773, 37502809, 37995923, 38279344, 38787651, 39065733, 39331299, 39599407, 39872895, 40345928, 40619475, 40887633, 41154289, 41419332, 41697389, 42191055, 42474556, 42983968, 43262723, 43529874, 43803414, 44278225, 44551900, 44820313, 45086291, 45364946, 45857098, 46127464, 46406273, 46912679, 47190124, 47454575, 47720858, 47988733, 48262131, 48733511, 49007039, 49275131, 49540597, 49816953, 50098832, 50571426, 50844040, 51111568, 51377800, 51642566, 51920555, 52414094, 52697602, 53207008, 53485822, 53752985, 54026520, 54500405, 54773925, 55042043, 55308697, 55573723, 55851785, 56344711, 56628089, 57136342, 57414391, 57679877, 57947937, 58221484, 58693482, 58966987, 59234988, 59501388, 59767070, 60031413, 60309159, 60801022, 61084207, 61591478, 61869053, 62133641, 62400023, 62668058, 62941510, 63413607, 63687140, 63955264, 64221910, 64486916, 64764991, 65257857, 65541251, 66049523, 66327599, 66593151, 66861198]
  m=[1, 1, 1, 1, 2, 2, 1, 1, 1, 1, 1, 1, 1, 1, 1, 2, 1, 2, 2, 1, 1, 1, 1, 1, 1, 1, 1, 1, 1, 2, 1, 1, 2, 2, 1, 1, 1, 1, 1, 1, 1, 1, 1, 1, 2, 1, 1, 2, 2, 1, 1, 1, 1, 1, 1, 1, 1, 1, 1, 1, 2, 1, 1, 2, 2, 1, 1, 1, 1, 1, 1, 1, 1, 1, 1, 1, 2, 1, 1, 2, 2, 1, 1, 1, 1, 1, 1, 1, 1, 1, 1, 2, 2, 1, 1, 1, 1, 1, 1, 1, 1, 2, 1, 2, 2, 1, 1, 1, 1, 2, 1, 1, 1, 1, 1, 1, 1, 1, 1, 2, 1, 2, 2, 1, 1, 1, 1, 1, 1, 1, 1, 1, 2, 1, 2, 2, 1, 1, 1, 1, 1, 1, 1, 2, 1, 1, 2, 2, 1, 1, 1, 1, 1, 1, 1, 1, 1, 2, 1, 1, 1, 1, 1, 1, 2, 1, 2, 2, 1, 1, 1, 1, 1, 1, 1, 1, 2, 1, 2, 2, 1, 1, 1, 1, 1, 1, 1, 1, 1, 1, 2, 1, 2, 2, 1, 1, 1, 1, 1, 1, 1, 1, 1, 1, 2, 1, 2, 2, 1, 1, 1]
w=39762942902065627136/18889465931478623149863 [cg] doubles=42 n=214
  xk(2^-20 units)=[244499, 515588, 782107, 1047687, 1312060, 1589854, 2083641, 2367151, 2877236, 3160702, 3653744, 3931585, 4196115, 4461936, 4728478, 4996557, 5270080, 5739988, 6013707, 6282117, 6549018, 6815404, 7081757, 7348682, 7617039, 7890711, 8360854, 8634303, 8902302, 9168728, 9434409, 9698772, 9976437, 10468398, 10751483, 11258110, 11535095, 11797843, 12075194, 12566547, 12836684, 13115409, 13623187, 13901969, 14172274, 14664325, 14942473, 15207563, 15474268, 15742388, 16015921, 16487509, 16761025, 17028988, 17295433, 17561157, 17825623, 18103493, 18594207, 18864344, 19142996, 19649999, 19927817, 20193406, 20464744, 20955658, 21233843, 21498958, 21765797, 22037216, 22528451, 22806657, 23071567, 23337905, 23605446, 23877985, 24348644, 24630382, 24906302, 25170825, 25437195, 25705181, 25978620, 26449198, 26722688, 26990709, 27257145, 27522889, 27787396, 28065335, 28556119, 28826310, 29104979, 29611851, 29889649, 30155108, 30426341, 30916228, 31194219, 31458803, 31724565, 31991041, 32259103, 32532547, 33003894, 33277364, 33545369, 33811732, 34076375, 34353977, 34861738, 35145091, 35638572, 35916864, 36182464, 36450295, 36723209, 37199108, 37481514, 37759453, 38031048, 38506908, 38788794, 39065533, 39331974, 39604674, 40078920, 40361006, 40638281, 40908655, 41401198, 41679384, 41944451, 42211251, 42482586, 42971902, 43249807, 43514129, 43779453, 44045083, 44311498, 44579521, 44853029, 45322443, 45595907, 45863869, 46130264, 46395718, 46659683, 46935344, 47216956, 47686012, 47958459, 48225773, 48491706, 48756978, 49022050, 49286174, 49563951, 50054296, 50324589, 50603474, 51112418, 51391999, 51663667, 52139710, 52421628, 52698747, 52968902, 53459949, 53737877, 54002456, 54268250, 54534762, 54802803, 55076244, 55547553, 55820946, 56087794, 56366205, 56872717, 57150195, 57414700, 57680979, 57948854, 58222234, 58692676, 58966035, 59233910, 59500222, 59765604, 60029627, 60306896, 60814115, 61097405, 61590759, 61869119, 62135109, 62406682, 62897538, 63175554, 63440230, 63706012, 63972536, 64240557, 64514007, 64984068, 65257553, 65525594, 65791972, 66057486, 66322727, 66586953, 66864753]
  m=[1, 1, 1, 1, 1, 2, 1, 2, 2, 1, 2, 1, 1, 1, 1, 1, 1, 1, 1, 1, 1, 1, 1, 1, 1, 1, 1, 1, 1, 1, 1, 1, 2, 1, 2, 2, 1, 1, 2, 1, 1, 2, 2, 1, 1, 2, 1, 1, 1, 1, 1, 1, 1, 1, 1, 1, 1, 2, 1, 1, 2, 2, 1, 1, 1, 2, 1, 1, 1, 1, 2, 1, 1, 1, 1, 1, 1, 2, 1, 1, 1, 1, 1, 1, 1, 1, 1, 1, 1, 2, 1, 1, 2, 2, 1, 1, 1, 2, 1, 1, 1, 1, 1, 1, 1, 1, 1, 1, 1, 2, 2, 1, 2, 1, 1, 1, 1, 1, 2, 1, 1, 1, 2, 1, 1, 1, 1, 2, 1, 1, 2, 1, 1, 1, 1, 2, 1, 1, 1, 1, 1, 1, 1, 1, 1, 1, 1, 1, 1, 2, 1, 1, 1, 1, 1, 1, 1, 1, 2, 1, 1, 2, 2, 1, 1, 1, 2, 1, 1, 2, 1, 1, 1, 1, 1, 1, 1, 1, 1, 2, 2, 1, 1, 1, 1, 1, 1, 1, 1, 1, 1, 1, 2, 2, 1, 2, 1, 1, 1, 2, 1, 1, 1, 1, 1, 1, 1, 1, 1, 1, 1, 1, 1, 2]
w=52749757110692151296/18889465931478623149863 [cg] doubles=41 n=215
  xk(2^-20 units)=[67092407, 251590, 517955, 783523, 1047533, 1323197, 1604772, 2074101, 2346428, 2613638, 2878559, 3156220, 3663017, 3941250, 4207658, 4480191, 4953665, 5235668, 5512863, 5783082, 6274738, 6552703, 6817306, 7083101, 7349539, 7617534, 7891028, 8361384, 8634816, 8902759, 9169072, 9434482, 9698434, 9975671, 10482300, 10765386, 11256736, 11534382, 11798614, 12064124, 12330271, 12597778, 12870424, 13343315, 13625446, 13902695, 14173017, 14665354, 14943671, 15208948, 15475723, 15743913, 16017533, 16487629, 16761139, 17029158, 17295621, 17561174, 17825215, 18100875, 18382438, 18851944, 19124315, 19390588, 19668841, 20175980, 20453906, 20719384, 20987365, 21260807, 21730635, 22004067, 22272014, 22538397, 22804001, 23068021, 23343676, 23625237, 24094965, 24367278, 24633548, 24911777, 25418693, 25696607, 25961974, 26229963, 26503394, 26974437, 27247942, 27515895, 27782329, 28048051, 28312453, 28590188, 29082354, 29365602, 29873667, 30151685, 30417211, 30685309, 30958818, 31431166, 31704710, 31972883, 32239636, 32504813, 32783151, 33274468, 33545941, 33812831, 34077934, 34356096, 34847926, 35118306, 35397170, 35905018, 36183305, 36449739, 36722292, 37195624, 37477358, 37753560, 38019015, 38290325, 38780340, 39058380, 39322984, 39588770, 39855246, 40123247, 40396659, 40868179, 41141639, 41409666, 41675034, 41952909, 42459870, 42738655, 43008928, 43500117, 43778331, 44043420, 44310131, 44578236, 44851766, 45324698, 45598238, 45865283, 46142331, 46424454, 46897377, 47170065, 47437587, 47703734, 47969294, 48234717, 48500387, 48766917, 49038170, 49527431, 49805046, 50069054, 50333077, 50610677, 51100664, 51371827, 51637238, 51915026, 52421687, 52700379, 52970545, 53461421, 53739338, 54003847, 54269597, 54536037, 54803998, 55077504, 55548947, 55822450, 56090574, 56356151, 56634203, 57142515, 57421990, 57693382, 58166306, 58447959, 58724009, 58989082, 59256673, 59529382, 60003200, 60285261, 60562474, 60832704, 61323813, 61601734, 61866216, 62131805, 62397952, 62665479, 62938164, 63411304, 63693407, 63970710, 64240992, 64732395, 65010454, 65275117, 65540983, 65807536, 66075615, 66349168, 66818840]
  m=[1, 1, 1, 1, 1, 2, 1, 1, 1, 1, 1, 2, 2, 1, 1, 1, 1, 2, 1, 1, 2, 1, 1, 1, 1, 1, 1, 1, 1, 1, 1, 1, 1, 2, 2, 1, 2, 1, 1, 1, 1, 1, 1, 1, 2, 1, 1, 2, 1, 1, 1, 1, 1, 1, 1, 1, 1, 1, 1, 2, 1, 1, 1, 1, 2, 2, 1, 1, 1, 1, 1, 1, 1, 1, 1, 1, 2, 1, 1, 1, 1, 2, 2, 1, 1, 1, 1, 1, 1, 1, 1, 1, 1, 2, 1, 2, 2, 1, 1, 1, 1, 1, 1, 1, 1, 1, 2, 1, 1, 1, 1, 2, 1, 1, 2, 2, 1, 1, 1, 1, 2, 1, 1, 1, 2, 1, 1, 1, 1, 1, 1, 1, 1, 1, 1, 2, 2, 1, 1, 2, 1, 1, 1, 1, 1, 1, 1, 1, 2, 1, 1, 1, 1, 1, 1, 1, 1, 1, 1, 2, 1, 1, 1, 2, 1, 1, 1, 2, 2, 1, 1, 2, 1, 1, 1, 1, 1, 1, 1, 1, 1, 1, 2, 2, 1, 1, 1, 2, 1, 1, 1, 1, 1, 2, 1, 1, 2, 1, 1, 1, 1, 1, 1, 1, 2, 1, 1, 2, 1, 1, 1, 1, 1, 1, 1]
w=20473279550563168256/18889465931478623149863 [cg] doubles=41 n=215
  xk(2^-20 units)=[13912, 520247, 803290, 1294901, 1572598, 1836985, 2102641, 2369106, 2637139, 2910623, 3381002, 3654603, 3922868, 4189648, 4455852, 4721993, 4988531, 5256293, 5529124, 6001892, 6284046, 6561352, 6831720, 7323755, 7601909, 7866812, 8133131, 8400686, 8673355, 9145806, 9427626, 9703945, 9969478, 10240762, 10730625, 11008662, 11273148, 11538779, 11805041, 12072663, 12345419, 12819779, 13102432, 13384221, 13877443, 14155303, 14419879, 14685669, 14952133, 15220179, 15493642, 15964823, 16238394, 16505583, 16784344, 17293127, 17571867, 17839010, 18112541, 18583252, 18856734, 19124751, 19391205, 19656888, 19922197, 20186441, 20464234, 20952812, 21223786, 21489083, 21766776, 22272959, 22550726, 22816050, 23083972, 23357365, 23828447, 24101932, 24370081, 24636863, 24902091, 25180440, 25671656, 25943144, 26209964, 26475031, 26753168, 27243843, 27515113, 27780699, 28058547, 28565490, 28843729, 29110070, 29382541, 29855090, 30136815, 30413137, 30678727, 30950195, 31441505, 31719807, 31984968, 32251718, 32519851, 32793390, 33265096, 33538644, 33806851, 34072358, 34348729, 34630559, 35102291, 35374640, 35640799, 35918889, 36424960, 36702419, 36966903, 37233191, 37501114, 37774521, 38244809, 38518310, 38786402, 39052990, 39318812, 39583455, 39861506, 40350704, 40621737, 40888059, 41152310, 41429640, 41935817, 42214516, 42484764, 42976048, 43254067, 43518818, 43785073, 44052467, 44325036, 44797259, 45079116, 45355518, 45620945, 45889045, 46162562, 46633549, 46907144, 47175368, 47442131, 47708365, 47974549, 48241483, 48512928, 49002442, 49280107, 49544115, 49808122, 50085703, 50576916, 50847175, 51125922, 51633735, 51912410, 52182542, 52672884, 52950585, 53214643, 53479754, 53745231, 54011536, 54279444, 54552844, 55023360, 55296654, 55564498, 55829774, 56107514, 56613731, 56891411, 57156669, 57427630, 57916179, 58193993, 58458264, 58723538, 58989118, 59255538, 59523509, 59796970, 60266956, 60540465, 60808510, 61074937, 61339433, 61615350, 61896979, 62368361, 62640894, 62907365, 63185794, 63694593, 63974193, 64245839, 64721732, 65003569, 65280567, 65550658, 66041412, 66318856, 66582478, 66845899]
  m=[2, 2, 1, 2, 1, 1, 1, 1, 1, 1, 1, 1, 1, 1, 1, 1, 1, 1, 1, 1, 2, 1, 1, 2, 1, 1, 1, 1, 1, 1, 2, 1, 1, 1, 2, 1, 1, 1, 1, 1, 1, 1, 2, 1, 2, 1, 1, 1, 1, 1, 1, 1, 1, 1, 2, 2, 1, 1, 1, 1, 1, 1, 1, 1, 1, 1, 2, 1, 1, 1, 2, 2, 1, 1, 1, 1, 1, 1, 1, 1, 1, 2, 1, 1, 1, 1, 2, 1, 1, 1, 2, 2, 1, 1, 1, 1, 2, 1, 1, 1, 2, 1, 1, 1, 1, 1, 1, 1, 1, 1, 2, 1, 1, 1, 1, 2, 2, 1, 1, 1, 1, 1, 1, 1, 1, 1, 1, 1, 2, 1, 1, 1, 1, 2, 2, 1, 1, 2, 1, 1, 1, 1, 1, 1, 2, 1, 1, 1, 1, 1, 1, 1, 1, 1, 1, 1, 1, 2, 1, 1, 1, 2, 1, 1, 2, 2, 1, 1, 2, 1, 1, 1, 1, 1, 1, 1, 1, 1, 1, 1, 2, 2, 1, 1, 1, 2, 1, 1, 1, 1, 1, 1, 1, 1, 1, 1, 1, 1, 2, 1, 1, 1, 1, 2, 2, 1, 1, 1, 2, 1, 1, 2, 1, 1, 1]
w=24711809892815421440/18889465931478623149863 [cg] doubles=42 n=214
  xk(2^-20 units)=[67107642, 276915, 768381, 1039776, 1305474, 1583509, 2091344, 2374538, 2866382, 3143976, 3408056, 3673213, 3938786, 4205115, 4473062, 4746566, 5216356, 5490065, 5758464, 6025514, 6291927, 6558368, 6825361, 7093748, 7367414, 7836874, 8110382, 8378434, 8644913, 8909513, 9185399, 9466942, 9939294, 10210403, 10489495, 10995533, 11272256, 11534499, 11811270, 12318050, 12597273, 12868663, 13344582, 13627011, 13908719, 14402849, 14680994, 14946053, 15212754, 15480849, 15754369, 16226243, 16499829, 16768011, 17034849, 17300024, 17578274, 18069787, 18340033, 18618758, 19125684, 19403559, 19669156, 19940533, 20431619, 20709801, 20974912, 21241801, 21513267, 22004314, 22282533, 22547474, 22813789, 23081358, 23353963, 23824540, 24106222, 24382149, 24646652, 24913069, 25181063, 25454494, 25924551, 26198035, 26466031, 26732362, 26997832, 27262960, 27527065, 27804814, 28294938, 28565060, 28843722, 29350535, 29628366, 29893828, 30165073, 30654868, 30932824, 31197391, 31463102, 31729524, 31997614, 32271052, 32742279, 33015750, 33283730, 33550093, 33814663, 34092243, 34599799, 34883025, 35375533, 35653400, 35918191, 36184450, 36452115, 36724882, 37200134, 37482499, 37760495, 38032033, 38507946, 38789844, 39066556, 39333031, 39605665, 40080032, 40362123, 40639496, 40910025, 41403444, 41682100, 41948277, 42219915, 42710186, 42988069, 43252373, 43517633, 43783220, 44049692, 44317708, 44591191, 45061343, 45334797, 45602791, 45869217, 46133788, 46409698, 46691389, 47162391, 47434966, 47702444, 47968785, 48233649, 48511734, 49003487, 49273822, 49552692, 50060897, 50339854, 50610346, 51103496, 51382093, 51648246, 51919912, 52410698, 52688719, 52953391, 53219289, 53485822, 53753907, 54027330, 54498659, 54772025, 55038872, 55317317, 55823926, 56101433, 56365983, 56632299, 56900162, 57173562, 57643915, 57917331, 58185330, 58451708, 58717274, 58981503, 59258994, 59767364, 60051578, 60527036, 60808333, 61084425, 61349843, 61621215, 62112371, 62390728, 62655889, 62922654, 63190818, 63464315, 63935451, 64208877, 64476936, 64743435, 65008004, 65283950, 65565649, 66036308, 66308924, 66576392, 66842714]
  m=[1, 2, 1, 1, 1, 2, 2, 1, 2, 1, 1, 1, 1, 1, 1, 1, 1, 1, 1, 1, 1, 1, 1, 1, 1, 1, 1, 1, 1, 1, 2, 1, 1, 1, 2, 2, 1, 1, 2, 2, 1, 1, 1, 2, 1, 2, 1, 1, 1, 1, 1, 1, 1, 1, 1, 1, 2, 1, 1, 2, 2, 1, 1, 1, 2, 1, 1, 1, 1, 2, 1, 1, 1, 1, 1, 1, 2, 1, 1, 1, 1, 1, 1, 1, 1, 1, 1, 1, 1, 2, 1, 1, 2, 2, 1, 1, 1, 2, 1, 1, 1, 1, 1, 1, 1, 1, 1, 1, 1, 2, 2, 1, 2, 1, 1, 1, 1, 1, 1, 2, 1, 1, 1, 2, 1, 1, 1, 1, 2, 1, 1, 2, 1, 1, 1, 2, 1, 1, 1, 1, 1, 1, 1, 1, 1, 1, 1, 1, 2, 1, 1, 1, 1, 1, 1, 2, 1, 1, 2, 2, 1, 1, 2, 1, 1, 1, 2, 1, 1, 1, 1, 1, 1, 1, 1, 1, 2, 2, 1, 1, 1, 1, 1, 1, 1, 1, 1, 1, 1, 2, 2, 1, 1, 2, 1, 1, 1, 2, 1, 1, 1, 1, 1, 1, 1, 1, 1, 1, 2, 1, 1, 1, 1, 1]
w=77413701096587788288/18889465931478623149863 [cg] doubles=45 n=211
  xk(2^-20 units)=[245282, 523283, 787939, 1053736, 1320237, 1588331, 1861791, 2333909, 2607465, 2875615, 3142267, 3407234, 3685252, 4178269, 4461663, 4970111, 5248145, 5513668, 5781711, 6055170, 6527781, 6801180, 7068125, 7346690, 7854111, 8132121, 8397697, 8665699, 8939149, 9410468, 9684064, 9952323, 10219123, 10484352, 10762556, 11256453, 11538276, 11820903, 12296039, 12568913, 12836665, 13103169, 13368146, 13646224, 14137455, 14407708, 14686484, 15193512, 15471408, 15736754, 16004741, 16278230, 16749906, 17023398, 17291400, 17557805, 17823450, 18087806, 18365523, 18857265, 19140452, 19647878, 19925469, 20190088, 20456462, 20724441, 20997871, 21469112, 21742621, 22010679, 22277202, 22543024, 22807608, 23085539, 23575653, 23845712, 24124308, 24630604, 24907994, 25172487, 25438858, 25706717, 25980069, 26451197, 26724665, 26992810, 27258501, 27536671, 28045719, 28325645, 28598018, 29071031, 29344411, 29612441, 29878947, 30144774, 30409346, 30687304, 31177619, 31447752, 31726474, 32233567, 32511490, 32776980, 33045031, 33318464, 33789624, 34063043, 34330989, 34597402, 34861902, 35137823, 35419570, 35890862, 36163480, 36430944, 36697197, 36962002, 37240034, 37731426, 38001682, 38280450, 38787326, 39064982, 39329938, 39597186, 39869596, 40340705, 40622384, 40898283, 41162784, 41429201, 41697214, 41970647, 42442080, 42715623, 42983777, 43250477, 43515463, 43793523, 44286623, 44569978, 45078245, 45356286, 45621843, 45889916, 46163456, 46636337, 46909813, 47177964, 47444643, 47709658, 47987695, 48481303, 48764755, 49274228, 49553029, 49820257, 50093824, 50567824, 50841344, 51109508, 51376237, 51641414, 51919617, 52411411, 52681791, 52960670, 53468968, 53747586, 54014661, 54288135, 54761541, 55035035, 55303189, 55569786, 55834749, 56112790, 56605442, 56888670, 57396261, 57673849, 57938456, 58204828, 58472822, 58746278, 59217960, 59491443, 59759487, 60025962, 60291645, 60556053, 60833848, 61325919, 61609280, 62117361, 62395455, 62661023, 62929147, 63202719, 63675917, 63949570, 64217856, 64483820, 64762335, 65256862, 65540333, 66048662, 66326714, 66592348, 66863652]
  m=[2, 1, 1, 1, 1, 1, 1, 1, 1, 1, 1, 1, 2, 1, 2, 2, 1, 1, 1, 1, 1, 1, 1, 2, 2, 1, 1, 1, 1, 1, 1, 1, 1, 1, 2, 1, 2, 1, 1, 1, 1, 1, 1, 2, 1, 1, 2, 2, 1, 1, 1, 1, 1, 1, 1, 1, 1, 1, 2, 1, 2, 2, 1, 1, 1, 1, 1, 1, 1, 1, 1, 1, 1, 2, 1, 1, 2, 2, 1, 1, 1, 1, 1, 1, 1, 1, 1, 2, 2, 1, 1, 1, 1, 1, 1, 1, 1, 2, 1, 1, 2, 2, 1, 1, 1, 1, 1, 1, 1, 1, 1, 2, 1, 1, 1, 1, 1, 1, 2, 1, 1, 2, 2, 1, 1, 1, 1, 1, 2, 1, 1, 1, 1, 1, 1, 1, 1, 1, 1, 2, 1, 2, 2, 1, 1, 1, 1, 1, 1, 1, 1, 1, 2, 1, 2, 2, 1, 1, 1, 1, 1, 1, 1, 1, 2, 1, 1, 2, 2, 1, 1, 1, 1, 1, 1, 1, 1, 2, 1, 2, 2, 1, 1, 1, 1, 1, 1, 1, 1, 1, 1, 1, 2, 1, 2, 2, 1, 1, 1, 1, 1, 1, 1, 1, 2, 1, 2, 2, 1, 1, 1]
w=7566264939900646400/18889465931478623149863 [cg] doubles=43 n=213
  xk(2^-20 units)=[8639, 515376, 793189, 1058638, 1329724, 1819411, 2097407, 2361983, 2627820, 2894397, 3162519, 3436034, 3906476, 4180009, 4448057, 4714561, 4980388, 5244988, 5522928, 6012995, 6282904, 6561436, 7066773, 7343881, 7607750, 7873155, 8139385, 8407287, 8680629, 9150784, 9424136, 9692060, 9958378, 10222893, 10500368, 11007193, 11285648, 11552520, 11825852, 12297286, 12570743, 12838863, 13105532, 13370513, 13648440, 14158078, 14442431, 14920331, 15202508, 15484087, 15978161, 16256286, 16521420, 16788125, 17056301, 17329814, 17801508, 18075146, 18343471, 18609284, 18887604, 19397919, 19682299, 20159488, 20441127, 20718196, 20988473, 21480854, 21759196, 22024497, 22291285, 22559488, 22833050, 23303744, 23577260, 23845406, 24112010, 24376638, 24652564, 24934228, 25404925, 25677261, 25943521, 26221742, 26728632, 27006631, 27272183, 27540267, 27813709, 28285195, 28558709, 28826899, 29093685, 29358932, 29637259, 30129697, 30399894, 30676932, 30958577, 31435496, 31719755, 32229058, 32506901, 32771785, 33038368, 33306456, 33579975, 34051117, 34324642, 34592714, 34859197, 35125029, 35389646, 35667599, 36158886, 36429116, 36707894, 37215787, 37494574, 37764762, 38255354, 38533078, 38797257, 39062493, 39328041, 39594449, 39862437, 40135948, 40605384, 40878862, 41146783, 41413106, 41678496, 41943390, 42206943, 42482308, 42763625, 43233972, 43505178, 43784518, 44292138, 44569781, 44834505, 45100979, 45368981, 45642416, 46113052, 46386496, 46654525, 46920069, 47198099, 47705615, 47984175, 48251122, 48524450, 48997352, 49270951, 49538182, 49816973, 50326593, 50606149, 50877671, 51350134, 51631681, 51907585, 52172207, 52438770, 52706893, 52980447, 53451488, 53724892, 53992889, 54258409, 54536420, 55044092, 55322725, 55589740, 55863209, 56334557, 56607971, 56875981, 57142425, 57406969, 57682900, 57964503, 58436331, 58708874, 58975302, 59253678, 59761275, 60040134, 60310408, 60801390, 61079319, 61343851, 61609617, 61876085, 62144143, 62417711, 62888756, 63162307, 63430373, 63696833, 63962590, 64227164, 64505147, 64996543, 65266773, 65543994, 65826002, 66300150, 66572764, 66839252]
  m=[2, 2, 1, 1, 1, 2, 1, 1, 1, 1, 1, 1, 1, 1, 1, 1, 1, 1, 2, 1, 1, 2, 2, 1, 1, 1, 1, 1, 1, 1, 1, 1, 1, 1, 2, 2, 1, 1, 1, 1, 1, 1, 1, 1, 2, 2, 1, 1, 2, 1, 2, 1, 1, 1, 1, 1, 1, 1, 1, 1, 2, 2, 1, 1, 2, 1, 1, 2, 1, 1, 1, 1, 1, 1, 1, 1, 1, 1, 2, 1, 1, 1, 1, 2, 2, 1, 1, 1, 1, 1, 1, 1, 1, 1, 2, 1, 1, 2, 1, 1, 2, 2, 1, 1, 1, 1, 1, 1, 1, 1, 1, 1, 1, 2, 1, 1, 2, 2, 1, 1, 2, 1, 1, 1, 1, 1, 1, 1, 1, 1, 1, 1, 1, 1, 1, 2, 1, 1, 1, 2, 2, 1, 1, 1, 1, 1, 1, 1, 1, 1, 2, 2, 1, 1, 1, 1, 1, 1, 2, 2, 1, 1, 1, 2, 1, 1, 1, 1, 1, 1, 1, 1, 1, 2, 2, 1, 1, 1, 1, 1, 1, 1, 1, 2, 1, 1, 1, 1, 2, 2, 1, 1, 2, 1, 1, 1, 1, 1, 1, 1, 1, 1, 1, 1, 1, 2, 1, 1, 2, 1, 1, 1, 1]
w=45141367969593360384/6296488643826207716621 [cg] doubles=43 n=213
  xk(2^-20 units)=[239647, 511228, 790731, 1298943, 1576967, 1842655, 2113953, 2603965, 2881965, 3146579, 3412396, 3678869, 3946940, 4220478, 4691430, 4965053, 5233137, 5499686, 5765498, 6030034, 6307993, 6798185, 7068239, 7346965, 7853995, 8131937, 8397395, 8665470, 8938847, 9410617, 9683915, 9950744, 10229170, 10735949, 11013513, 11278056, 11544364, 11812319, 12085765, 12556458, 12829947, 13098052, 13364721, 13629679, 13907566, 14417144, 14701505, 15179381, 15461567, 15743188, 16237152, 16515315, 16780524, 17047301, 17315492, 17589065, 18060181, 18333655, 18601689, 18868197, 19132922, 19410637, 19918414, 20197845, 20469294, 20943904, 21225898, 21503191, 21773749, 22267348, 22546084, 22812218, 23080677, 23354323, 23826931, 24100540, 24368717, 24635530, 24900769, 25179062, 25669954, 25941318, 26206886, 26484754, 26991598, 27270363, 27540524, 28031317, 28309242, 28573726, 28839481, 29105948, 29374021, 29647599, 30118505, 30392004, 30660014, 30926449, 31192223, 31456789, 31734756, 32226505, 32496769, 32774001, 33056056, 33529628, 33802238, 34068664, 34346926, 34853936, 35131842, 35397282, 35665253, 35938652, 36409693, 36683029, 36950859, 37217190, 37481737, 37759222, 38265738, 38544178, 38811003, 39084308, 39556355, 39829893, 40098057, 40364839, 40629998, 40908262, 41398889, 41670166, 41935679, 42213547, 42720399, 42999058, 43269199, 43759395, 44037082, 44301203, 44566308, 44831770, 45098078, 45365972, 45639411, 46109479, 46382953, 46650963, 46917367, 47182914, 47448078, 47712244, 47990028, 48478460, 48749507, 49015904, 49280414, 49557907, 50065380, 50344691, 50615934, 51086929, 51368281, 51643812, 51907677, 52173144, 52439489, 52707532, 52980993, 53450777, 53724148, 53991973, 54258309, 54522819, 54800328, 55307124, 55585558, 55852427, 56125816, 56596626, 56870056, 57138098, 57404588, 57669200, 57945132, 58226824, 58698027, 58970681, 59238377, 59503963, 59782297, 60277508, 60561159, 61071749, 61355316, 61848395, 62126221, 62390713, 62656515, 62923031, 63191143, 63464728, 63935712, 64209256, 64477334, 64743833, 65009601, 65274219, 65552182, 66043567, 66313809, 66590982, 66872887]
  m=[1, 1, 2, 2, 1, 1, 1, 2, 1, 1, 1, 1, 1, 1, 1, 1, 1, 1, 1, 1, 2, 1, 1, 2, 2, 1, 1, 1, 1, 1, 1, 1, 2, 2, 1, 1, 1, 1, 1, 1, 1, 1, 1, 1, 2, 2, 1, 1, 2, 1, 2, 1, 1, 1, 1, 1, 1, 1, 1, 1, 1, 2, 2, 1, 1, 1, 2, 1, 1, 2, 1, 1, 1, 1, 1, 1, 1, 1, 1, 2, 1, 1, 1, 2, 2, 1, 1, 2, 1, 1, 1, 1, 1, 1, 1, 1, 1, 1, 1, 1, 2, 1, 1, 2, 1, 1, 1, 1, 2, 2, 1, 1, 1, 1, 1, 1, 1, 1, 1, 2, 2, 1, 1, 1, 1, 1, 1, 1, 1, 2, 1, 1, 1, 2, 2, 1, 1, 2, 1, 1, 1, 1, 1, 1, 1, 1, 1, 1, 1, 1, 1, 1, 2, 1, 1, 1, 1, 2, 2, 1, 1, 1, 2, 1, 1, 1, 1, 1, 1, 1, 1, 1, 1, 1, 2, 2, 1, 1, 1, 1, 1, 1, 1, 1, 2, 1, 1, 1, 1, 1, 2, 1, 2, 2, 1, 2, 1, 1, 1, 1, 1, 1, 1, 1, 1, 1, 1, 1, 2, 1, 1, 2, 1]
w=21720410268849160192/18889465931478623149863 [cg] doubles=41 n=215
  xk(2^-20 units)=[67107899, 262388, 539226, 1045368, 1328446, 1820164, 2097862, 2362256, 2627932, 2894395, 3162427, 3435946, 3906308, 4179863, 4448066, 4714816, 4981004, 5247109, 5513655, 5781418, 6054218, 6526974, 6809078, 7086356, 7356620, 7847526, 8125280, 8389416, 8654411, 8919700, 9185726, 9453223, 9725821, 10198606, 10480752, 10758064, 11028464, 11520820, 11799135, 12064283, 12330985, 12599170, 12872754, 13343715, 13617214, 13885267, 14151699, 14416202, 14692087, 14973719, 15444853, 15717311, 15983612, 16261821, 16768647, 17046554, 17312147, 17583390, 18073713, 18351857, 18616812, 18883265, 19151009, 19423888, 19899105, 20181481, 20459450, 20730971, 21205396, 21487205, 21763533, 22028935, 22297013, 22570539, 23041633, 23315166, 23583257, 23849848, 24115712, 24380339, 24658414, 25148901, 25420342, 25687186, 25952274, 26230461, 26722340, 26992717, 27271511, 27778696, 28056579, 28322231, 28593644, 29085500, 29364199, 29630195, 29898536, 30172174, 30646240, 30919815, 31186845, 31463820, 31745843, 32220251, 32491740, 32771171, 33278608, 33556193, 33820821, 34087201, 34355133, 34628654, 35099229, 35372682, 35640679, 35907066, 36172661, 36437875, 36702074, 36979841, 37469627, 37739479, 38016324, 38297730, 38772852, 39054304, 39331037, 39597756, 39871123, 40343327, 40616661, 40884586, 41149943, 41427818, 41934800, 42213586, 42483852, 42975286, 43253468, 43518589, 43785369, 44053497, 44327028, 44799100, 45072566, 45340642, 45606072, 45882414, 46164295, 46636291, 46908918, 47176503, 47442819, 47708741, 47974722, 48241499, 48512901, 49002620, 49280295, 49544297, 49808282, 50085845, 50576553, 50846670, 51125315, 51632106, 51909876, 52175265, 52446401, 52936244, 53214180, 53478727, 53744475, 54010884, 54278878, 54552285, 55023053, 55296408, 55564306, 55830607, 56095039, 56372476, 56878635, 57157203, 57427138, 57916946, 58194861, 58459442, 58725336, 58991943, 59260026, 59533526, 60003228, 60276607, 60544519, 60810750, 61076139, 61341001, 61604543, 61879950, 62161359, 62630965, 62903333, 63169637, 63447871, 63955544, 64233829, 64500321, 64772876, 65246710, 65528632, 65805717, 66075804, 66566840, 66844290]
  m=[1, 1, 2, 2, 1, 2, 1, 1, 1, 1, 1, 1, 1, 1, 1, 1, 1, 1, 1, 1, 1, 1, 2, 1, 1, 2, 1, 1, 1, 1, 1, 1, 1, 1, 2, 1, 1, 2, 1, 1, 1, 1, 1, 1, 1, 1, 1, 1, 2, 1, 1, 1, 1, 2, 2, 1, 1, 1, 2, 1, 1, 1, 1, 1, 1, 2, 1, 1, 1, 2, 1, 1, 1, 1, 1, 1, 1, 1, 1, 1, 2, 1, 1, 1, 1, 2, 1, 1, 2, 2, 1, 1, 1, 2, 1, 1, 1, 1, 1, 1, 1, 2, 1, 1, 1, 2, 2, 1, 1, 1, 1, 1, 1, 1, 1, 1, 1, 1, 1, 2, 1, 1, 2, 1, 1, 2, 1, 1, 1, 1, 1, 1, 1, 2, 2, 1, 1, 2, 1, 1, 1, 1, 1, 1, 1, 1, 1, 2, 1, 1, 1, 1, 1, 1, 1, 1, 1, 2, 1, 1, 1, 2, 1, 1, 2, 2, 1, 1, 1, 2, 1, 1, 1, 1, 1, 1, 1, 1, 1, 1, 1, 2, 2, 1, 1, 2, 1, 1, 1, 1, 1, 1, 1, 1, 1, 1, 1, 1, 1, 2, 1, 1, 1, 1, 2, 2, 1, 1, 1, 1, 2, 1, 1, 2, 1]
w=77982588289842675712/18889465931478623149863 [cg] doubles=41 n=215
  xk(2^-20 units)=[3682, 267039, 543880, 1050064, 1333108, 1824814, 2102509, 2366893, 2632581, 2899039, 3167056, 3440593, 3910934, 4184510, 4452698, 4719443, 4985638, 5251762, 5518279, 5786069, 6058869, 6531602, 6813716, 7090990, 7361244, 7852165, 8129924, 8394047, 8659042, 8924334, 9190362, 9457851, 9730462, 10203238, 10485389, 10762715, 11033108, 11525506, 11803813, 12068964, 12335668, 12603843, 12877426, 13348395, 13621891, 13889950, 14156386, 14420883, 14696777, 14978400, 15449510, 15721957, 15988266, 16266471, 16773279, 17051194, 17316791, 17588043, 18078383, 18356534, 18621488, 18887938, 19155696, 19428590, 19903808, 20186164, 20464119, 20735617, 21210010, 21491824, 21768165, 22033576, 22301649, 22575182, 23046274, 23319813, 23587894, 23854492, 24120365, 24384988, 24663080, 25153543, 25424978, 25691830, 25956895, 26235097, 26726927, 26997320, 27276115, 27783238, 28061160, 28326790, 28598215, 29090109, 29368784, 29634794, 29903123, 30176740, 30650782, 30924355, 31191387, 31468374, 31750371, 32224711, 32496203, 32775622, 33283102, 33560685, 33825323, 34091697, 34359611, 34633100, 35103696, 35377150, 35645141, 35911536, 36177107, 36442311, 36706482, 36984248, 37474035, 37743896, 38020750, 38302165, 38777212, 39058656, 39335398, 39602131, 39875471, 40347052, 40620391, 40888234, 41154519, 41418944, 41696394, 42202495, 42481158, 42751343, 43242294, 43520491, 43785619, 44052351, 44320491, 44594027, 45065884, 45339320, 45607388, 45872806, 46149120, 46431027, 46903073, 47175749, 47443331, 47709701, 47975606, 48241608, 48508405, 48779821, 49269498, 49547125, 49811160, 50075152, 50352701, 50843832, 51114083, 51392802, 51900658, 52179396, 52449583, 52940661, 53218583, 53483121, 53748864, 54015264, 54283266, 54556674, 55027629, 55300979, 55568863, 55835159, 56099609, 56377022, 56883183, 57161749, 57431710, 57921506, 58199412, 58463998, 58729879, 58996497, 59264607, 59538107, 60007797, 60281184, 60549071, 60815329, 61080728, 61345611, 61609150, 61884588, 62165984, 62635529, 62907886, 63174186, 63452413, 63960066, 64238381, 64504875, 64777453, 65251315, 65533225, 65810321, 66080417, 66571465, 66848909]
  m=[1, 1, 2, 2, 1, 2, 1, 1, 1, 1, 1, 1, 1, 1, 1, 1, 1, 1, 1, 1, 1, 1, 2, 1, 1, 2, 1, 1, 1, 1, 1, 1, 1, 1, 2, 1, 1, 2, 1, 1, 1, 1, 1, 1, 1, 1, 1, 1, 2, 1, 1, 1, 1, 2, 2, 1, 1, 1, 2, 1, 1, 1, 1, 1, 1, 2, 1, 1, 1, 2, 1, 1, 1, 1, 1, 1, 1, 1, 1, 1, 2, 1, 1, 1, 1, 2, 1, 1, 2, 2, 1, 1, 1, 2, 1, 1, 1, 1, 1, 1, 1, 2, 1, 1, 1, 2, 2, 1, 1, 1, 1, 1, 1, 1, 1, 1, 1, 1, 1, 2, 1, 1, 2, 1, 1, 2, 1, 1, 1, 1, 1, 1, 1, 1, 2, 2, 1, 1, 2, 1, 1, 1, 1, 1, 1, 1, 1, 1, 2, 1, 1, 1, 1, 1, 1, 1, 1, 1, 2, 1, 1, 1, 2, 1, 1, 2, 2, 1, 1, 2, 1, 1, 1, 1, 1, 1, 1, 1, 1, 1, 1, 2, 2, 1, 1, 2, 1, 1, 1, 1, 1, 1, 1, 1, 1, 1, 1, 1, 1, 2, 1, 1, 1, 1, 2, 2, 1, 1, 1, 1, 2, 1, 1, 2, 1]
w=39020953772305793024/18889465931478623149863 [cg] doubles=46 n=210
  xk(2^-20 units)=[8235, 276284, 549798, 1023571, 1297244, 1565568, 1831527, 2109981, 2604217, 2887719, 3396285, 3674384, 3939933, 4208035, 4481516, 4954599, 5228143, 5496270, 5762952, 6027962, 6305949, 6799182, 7082568, 7590939, 7868958, 8134493, 8402595, 8676054, 9149181, 9422701, 9690775, 9957446, 10222435, 10500475, 10993655, 11277031, 11785421, 12063474, 12329038, 12597097, 12870634, 13342956, 13616463, 13884517, 14149961, 14426343, 14708181, 15180950, 15453577, 15721143, 15987379, 16252129, 16530045, 17022661, 17305992, 17813614, 18091205, 18355877, 18622302, 18890298, 19163816, 19635248, 19908661, 20176662, 20442140, 20720109, 21227653, 21506186, 21773119, 22046547, 22518307, 22791784, 23059863, 23326327, 23592053, 23856501, 24134218, 24626271, 24909603, 25417906, 25695967, 25961513, 26229610, 26503097, 26975638, 27249061, 27515948, 27794504, 28301891, 28579848, 28845310, 29113284, 29386687, 29858719, 30132286, 30400477, 30667170, 30932236, 31210318, 31703015, 31986316, 32493817, 32771441, 33036056, 33302464, 33570467, 33843908, 34315678, 34589174, 34857290, 35122751, 35399090, 35680986, 36153826, 36426559, 36694275, 36959819, 37238136, 37732787, 38016313, 38525922, 38804915, 39075320, 39566462, 39844394, 40108874, 40374525, 40640713, 40908320, 41181038, 41654490, 41936621, 42213831, 42484041, 42975444, 43253472, 43518173, 43784036, 44050601, 44318780, 44592299, 45063330, 45336915, 45605141, 45871933, 46137101, 46415251, 46909181, 47190968, 47473612, 47948342, 48221195, 48488865, 48755135, 49020830, 49285316, 49563252, 50054231, 50324524, 50603348, 51111313, 51389685, 51656314, 51929136, 52405313, 52687696, 52965742, 53237399, 53715046, 53997342, 54275298, 54546845, 55022778, 55304696, 55581474, 55848039, 56120810, 56595438, 56877512, 57154838, 57425284, 57917763, 58196112, 58461377, 58728193, 58996457, 59270039, 59742559, 60016139, 60284360, 60551085, 60816142, 61094197, 61587257, 61870601, 62378925, 62656989, 62922568, 63190627, 63464101, 63937152, 64210696, 64478867, 64745507, 65010472, 65288490, 65781659, 66065063, 66573459, 66851521]
  m=[1, 1, 1, 1, 1, 1, 1, 2, 1, 2, 2, 1, 1, 1, 1, 1, 1, 1, 1, 1, 2, 1, 2, 2, 1, 1, 1, 1, 1, 1, 1, 1, 1, 2, 1, 2, 2, 1, 1, 1, 1, 1, 1, 1, 1, 2, 1, 1, 1, 1, 1, 1, 2, 1, 2, 2, 1, 1, 1, 1, 1, 1, 1, 1, 1, 2, 2, 1, 1, 1, 1, 1, 1, 1, 1, 1, 2, 1, 2, 2, 1, 1, 1, 1, 1, 1, 1, 2, 2, 1, 1, 1, 1, 1, 1, 1, 1, 1, 2, 1, 2, 2, 1, 1, 1, 1, 1, 1, 1, 1, 1, 2, 1, 1, 1, 1, 1, 2, 1, 2, 2, 1, 1, 2, 1, 1, 1, 1, 1, 1, 1, 2, 1, 1, 2, 1, 1, 1, 1, 1, 1, 1, 1, 1, 1, 1, 2, 1, 2, 1, 1, 1, 1, 1, 1, 1, 2, 1, 1, 2, 2, 1, 1, 1, 1, 2, 1, 1, 1, 2, 1, 1, 1, 2, 1, 1, 1, 1, 2, 1, 1, 2, 1, 1, 1, 1, 1, 1, 1, 1, 1, 1, 2, 1, 2, 2, 1, 1, 1, 1, 1, 1, 1, 1, 1, 2, 1, 2, 2, 1]
w=94770859393198440448/18889465931478623149863 [cg] doubles=43 n=213
  xk(2^-20 units)=[67103486, 272730, 544460, 1022453, 1304839, 1582912, 1854619, 2332129, 2614423, 2892414, 3164078, 3640377, 3922359, 4199157, 4465695, 4738512, 5213291, 5495434, 5772772, 6043184, 6535633, 6813845, 7078928, 7345382, 7613064, 7885901, 8359608, 8641720, 8918606, 9185334, 9458309, 9934531, 10216978, 10494962, 10766506, 11242469, 11524402, 11801215, 12067808, 12340640, 12816595, 13099008, 13377081, 13648734, 14125105, 14407079, 14684346, 14954671, 15446179, 15724218, 15988923, 16254753, 16521228, 16789310, 17062777, 17535173, 17808656, 18075675, 18354226, 18861611, 19139560, 19405160, 19676433, 20166897, 20445048, 20709989, 20976429, 21244078, 21516818, 21989652, 22271463, 22547849, 22813522, 23085020, 23576086, 23854480, 24119749, 24386572, 24654776, 24928350, 25400922, 25674432, 25941407, 26218260, 26499751, 26974429, 27255924, 27532909, 27802993, 28294486, 28572762, 28837975, 29104784, 29373043, 29646697, 30118318, 30391844, 30659955, 30926551, 31192432, 31457121, 31735157, 32224995, 32496184, 32761713, 33039590, 33546437, 33824688, 34091105, 34363661, 34837585, 35119521, 35396265, 35662739, 35935380, 36408909, 36690676, 36967010, 37232631, 37504053, 37994938, 38273169, 38538209, 38804684, 39072364, 39345093, 39818603, 40100670, 40377502, 40644081, 40916878, 41391159, 41673149, 41949909, 42216367, 42489002, 42960797, 43242427, 43518207, 43782531, 44048623, 44316000, 44588601, 45061565, 45343629, 45620489, 45887006, 46159714, 46633284, 46915144, 47191578, 47457297, 47728843, 48220807, 48499457, 48765326, 49033280, 49306235, 49780690, 50062854, 50339842, 50606658, 50879783, 51357806, 51640931, 51923800, 52403702, 52685775, 52963636, 53235225, 53710821, 53992784, 54269539, 54536030, 54808787, 55283042, 55565051, 55841824, 56108328, 56381074, 56854600, 57136433, 57412770, 57678316, 57949652, 58439508, 58717360, 58981529, 59246647, 59512040, 59778074, 60045519, 60318190, 60791232, 61073342, 61350198, 61616858, 61889809, 62365583, 62648031, 62926008, 63197630, 63673487, 63955460, 64232270, 64498824, 64771619, 65246177, 65528254, 65805120, 66071789, 66344719, 66821028]
  m=[2, 1, 1, 1, 2, 1, 1, 1, 2, 1, 1, 1, 2, 1, 1, 1, 1, 2, 1, 1, 2, 1, 1, 1, 1, 1, 1, 2, 1, 1, 1, 1, 2, 1, 1, 1, 2, 1, 1, 1, 1, 2, 1, 1, 1, 2, 1, 1, 2, 1, 1, 1, 1, 1, 1, 1, 1, 1, 2, 2, 1, 1, 1, 2, 1, 1, 1, 1, 1, 1, 2, 1, 1, 1, 2, 1, 1, 1, 1, 1, 1, 1, 1, 2, 1, 1, 2, 1, 1, 2, 1, 1, 1, 1, 1, 1, 1, 1, 1, 1, 1, 2, 1, 1, 1, 2, 2, 1, 1, 1, 1, 2, 1, 1, 1, 1, 2, 1, 1, 1, 2, 1, 1, 1, 1, 1, 1, 2, 1, 1, 1, 1, 2, 1, 1, 1, 1, 2, 1, 1, 1, 1, 1, 1, 2, 1, 1, 1, 1, 2, 1, 1, 1, 2, 1, 1, 1, 1, 1, 2, 1, 1, 1, 1, 2, 1, 1, 2, 1, 1, 1, 2, 1, 1, 1, 1, 2, 1, 1, 1, 1, 2, 1, 1, 1, 2, 1, 1, 1, 1, 1, 1, 1, 1, 2, 1, 1, 1, 1, 2, 1, 1, 1, 2, 1, 1, 1, 1, 2, 1, 1, 1, 1]
w=17506612310359072768/6296488643826207716621 [cg] doubles=41 n=215
  xk(2^-20 units)=[67097434, 254811, 520168, 785059, 1048659, 1324062, 1605537, 2074474, 2346765, 2613953, 2878897, 3156570, 3663367, 3941583, 4207988, 4480526, 4953843, 5235858, 5513075, 5783287, 6274990, 6552932, 6817516, 7083302, 7349730, 7617735, 7891202, 8361584, 8635017, 8902944, 9169256, 9434655, 9698581, 9975821, 10482424, 10765486, 11256789, 11534432, 11798671, 12064168, 12330296, 12597803, 12870438, 13343248, 13625381, 13902651, 14172980, 14665359, 14943678, 15208941, 15475731, 15743928, 16017538, 16487592, 16761069, 17029112, 17295562, 17561135, 17825138, 18100792, 18382358, 18851809, 19124149, 19390432, 19668666, 20175725, 20453667, 20719121, 20987120, 21260528, 21730311, 22003766, 22271703, 22538097, 22803705, 23067735, 23343390, 23624928, 24094637, 24366927, 24633170, 24911390, 25418372, 25696286, 25961717, 26229702, 26503127, 26974200, 27247658, 27515623, 27782064, 28047786, 28312193, 28589938, 29082130, 29365391, 29873428, 30151411, 30416951, 30684994, 30958494, 31431256, 31704760, 31972862, 32239560, 32504649, 32782857, 33274517, 33544788, 33823622, 34331316, 34609670, 34876190, 35148806, 35622161, 35903915, 36180187, 36445738, 36717096, 37208261, 37486577, 37751740, 38018495, 38286718, 38560260, 39032309, 39305910, 39574118, 39840876, 40106034, 40384316, 40875231, 41146563, 41412148, 41690019, 42196916, 42475671, 42745997, 43237851, 43516021, 43781132, 44047805, 44315859, 44589323, 45062188, 45335753, 45602799, 45879882, 46162002, 46634792, 46907489, 47174999, 47441115, 47706662, 47972055, 48237723, 48504278, 48775494, 49264777, 49542436, 49806418, 50070468, 50348110, 50838420, 51109642, 51375215, 51653126, 52160917, 52444169, 52936556, 53214301, 53478656, 53744281, 54010621, 54278501, 54551876, 55023282, 55296699, 55564641, 55830027, 56107874, 56614913, 56893647, 57163773, 57653772, 57931556, 58195889, 58461386, 58727513, 58995066, 59267743, 59741096, 60023182, 60300407, 60570611, 61061695, 61339591, 61604041, 61869563, 62135666, 62403207, 62675870, 63149018, 63431099, 63708368, 63978638, 64469801, 64747829, 65012494, 65278323, 65544827, 65812951, 66086476, 66555952, 66829448]
  m=[1, 1, 1, 1, 1, 2, 1, 1, 1, 1, 1, 2, 2, 1, 1, 1, 1, 2, 1, 1, 2, 1, 1, 1, 1, 1, 1, 1, 1, 1, 1, 1, 1, 2, 2, 1, 2, 1, 1, 1, 1, 1, 1, 1, 2, 1, 1, 2, 1, 1, 1, 1, 1, 1, 1, 1, 1, 1, 1, 2, 1, 1, 1, 1, 2, 2, 1, 1, 1, 1, 1, 1, 1, 1, 1, 1, 2, 1, 1, 1, 1, 2, 2, 1, 1, 1, 1, 1, 1, 1, 1, 1, 1, 2, 1, 2, 2, 1, 1, 1, 1, 1, 1, 1, 1, 1, 2, 1, 1, 2, 2, 1, 1, 1, 1, 2, 1, 1, 1, 2, 1, 1, 1, 1, 1, 1, 1, 1, 1, 1, 2, 1, 1, 1, 2, 2, 1, 1, 2, 1, 1, 1, 1, 1, 1, 1, 1, 2, 1, 1, 1, 1, 1, 1, 1, 1, 1, 1, 2, 1, 1, 1, 2, 1, 1, 1, 2, 2, 1, 2, 1, 1, 1, 1, 1, 1, 1, 1, 1, 1, 2, 2, 1, 1, 2, 1, 1, 1, 1, 1, 1, 1, 2, 1, 1, 2, 1, 1, 1, 1, 1, 1, 1, 2, 1, 1, 2, 1, 1, 1, 1, 1, 1, 1, 1]
w=22170222645304188928/18889465931478623149863 [cg] doubles=44 n=212
  xk(2^-20 units)=[5578, 513332, 791376, 1056905, 1324930, 1598396, 2068965, 2342446, 2610462, 2876927, 3142597, 3407902, 3672203, 3950130, 4439904, 4711281, 4978131, 5243210, 5521386, 6013454, 6283965, 6562913, 7071299, 7349935, 7617000, 7890488, 8363038, 8636587, 8904788, 9171503, 9436712, 9714981, 10207289, 10477618, 10754892, 11036957, 11510410, 11783044, 12050543, 12316629, 12581061, 12858526, 13365635, 13648792, 14140572, 14418360, 14682784, 14948540, 15215087, 15483138, 15756693, 16227209, 16500897, 16769228, 17036120, 17302498, 17568853, 17835752, 18104124, 18377803, 18849554, 19123092, 19390179, 19668876, 20177417, 20456355, 20726818, 21218524, 21496686, 21761698, 22028595, 22300064, 22791314, 23069124, 23332572, 23610360, 24100831, 24372172, 24637899, 24915993, 25424799, 25704665, 25976931, 26451862, 26725175, 26992133, 27270721, 27778630, 28056998, 28323448, 28595960, 29067117, 29348742, 29624652, 29889208, 30155773, 30423880, 30697414, 31168392, 31441962, 31710120, 31976895, 32242107, 32520414, 33012755, 33283116, 33560419, 33842546, 34315619, 34588269, 34855882, 35122163, 35387788, 35653258, 35918960, 36185580, 36456787, 36946625, 37224439, 37487892, 37765705, 38256535, 38527799, 38793394, 39071342, 39579687, 39863049, 40356984, 40635283, 40900835, 41168571, 41441358, 41914498, 42196348, 42472667, 42738239, 43009653, 43500471, 43778815, 44044031, 44310826, 44579075, 44852699, 45324022, 45597575, 45865672, 46132254, 46398136, 46662785, 46940866, 47430911, 47702424, 47969357, 48234483, 48512774, 49003814, 49275382, 49542308, 49807439, 50085642, 50577787, 50848142, 51125416, 51407501, 51881854, 52154572, 52422184, 52688537, 52953382, 53231482, 53723151, 53993541, 54272442, 54780711, 55059286, 55326255, 55599689, 56073636, 56347076, 56614148, 56892753, 57400987, 57679781, 57950059, 58440190, 58717908, 58982043, 59247137, 59512528, 59778738, 60046338, 60319063, 60793220, 61075861, 61357683, 61851848, 62130101, 62395323, 62662075, 62930229, 63203726, 63675521, 63949092, 64216300, 64495056, 65004010, 65282741, 65549933, 65823439, 66295482, 66568878, 66835874]
  m=[2, 2, 1, 1, 1, 1, 1, 1, 1, 1, 1, 1, 1, 2, 1, 1, 1, 1, 2, 1, 1, 2, 2, 1, 1, 1, 1, 1, 1, 1, 1, 2, 1, 1, 2, 1, 1, 1, 1, 1, 1, 2, 2, 1, 2, 1, 1, 1, 1, 1, 1, 1, 1, 1, 1, 1, 1, 1, 1, 1, 1, 1, 1, 2, 2, 1, 1, 2, 1, 1, 1, 1, 2, 1, 1, 2, 1, 1, 1, 2, 2, 1, 1, 1, 1, 1, 2, 2, 1, 1, 1, 1, 2, 1, 1, 1, 1, 1, 1, 1, 1, 1, 1, 2, 1, 1, 2, 1, 1, 1, 1, 1, 1, 1, 1, 1, 1, 2, 1, 1, 2, 1, 1, 1, 2, 2, 1, 2, 1, 1, 1, 1, 1, 2, 1, 1, 1, 2, 1, 1, 1, 1, 1, 1, 1, 1, 1, 1, 1, 2, 1, 1, 1, 1, 2, 1, 1, 1, 1, 2, 1, 1, 2, 1, 1, 1, 1, 1, 1, 2, 1, 1, 2, 2, 1, 1, 1, 1, 1, 1, 2, 2, 1, 1, 2, 1, 1, 1, 1, 1, 1, 1, 1, 2, 1, 2, 1, 1, 1, 1, 1, 1, 1, 1, 2, 2, 1, 1, 1, 1, 1, 1]
w=6253332910783249408/18889465931478623149863 [cg] doubles=46 n=210
  xk(2^-20 units)=[67091798, 266197, 773603, 1051211, 1315791, 1582147, 1850137, 2123523, 2595825, 2869308, 3137422, 3404046, 3669037, 3947063, 4440143, 4723483, 5231917, 5509987, 5775597, 6043678, 6317195, 6789577, 7063068, 7331223, 7596743, 7873115, 8155007, 8628049, 8900788, 9168637, 9434391, 9712957, 10205126, 10476774, 10743736, 11008742, 11286719, 11779723, 12062981, 12570862, 12848466, 13113095, 13379472, 13647399, 13920771, 14394010, 14667509, 14934440, 15211275, 15492944, 15970720, 16255145, 16765146, 17043427, 17309209, 17577448, 17851065, 18323374, 18596894, 18864903, 19130366, 19408335, 19915825, 20194402, 20461372, 20734809, 21207412, 21480921, 21749133, 22015839, 22280898, 22558986, 23051689, 23334954, 23842526, 24120204, 24384868, 24651296, 24919334, 25192735, 25665099, 25938616, 26205790, 26484517, 26993096, 27271828, 27538927, 27812449, 28284699, 28558149, 28826241, 29092761, 29358561, 29623055, 29900859, 30392803, 30676055, 31183487, 31461100, 31725810, 31992253, 32260271, 32533726, 33006187, 33279721, 33546744, 33823756, 34105768, 34582387, 34853983, 35131987, 35414452, 35889481, 36162338, 36430071, 36696491, 36961409, 37239456, 37733351, 38016800, 38526188, 38805186, 39075585, 39567130, 39845032, 40109489, 40375161, 40641332, 40908933, 41181652, 41654886, 41937022, 42214303, 42484618, 42976931, 43255239, 43520523, 43787363, 44055602, 44329276, 44800386, 45073971, 45342066, 45608628, 45874456, 46139032, 46416906, 46910244, 47192004, 47474633, 47949882, 48222648, 48490363, 48755712, 49033685, 49541927, 49821398, 50092867, 50567727, 50849647, 51126413, 51392934, 51665811, 52142187, 52424538, 52702513, 52974115, 53450611, 53732639, 54009992, 54280534, 54773942, 55052649, 55318930, 55590692, 56082542, 56360972, 56626309, 56893188, 57161457, 57435049, 57907356, 58180842, 58447848, 58726429, 59233945, 59511961, 59777479, 60045533, 60319002, 60790851, 61064412, 61332608, 61599388, 61864471, 62142575, 62635182, 62918441, 63425866, 63703449, 63968069, 64234466, 64502423, 64775862, 65247979, 65521521, 65789656, 66056264, 66321254, 66599293]
  m=[1, 2, 2, 1, 1, 1, 1, 1, 1, 1, 1, 1, 1, 2, 1, 2, 2, 1, 1, 1, 1, 1, 1, 1, 1, 2, 1, 1, 1, 1, 1, 2, 1, 1, 1, 1, 2, 1, 2, 2, 1, 1, 1, 1, 1, 1, 1, 1, 2, 1, 1, 2, 2, 1, 1, 1, 1, 1, 1, 1, 1, 2, 2, 1, 1, 1, 1, 1, 1, 1, 1, 2, 1, 2, 2, 1, 1, 1, 1, 1, 1, 1, 1, 2, 2, 1, 1, 1, 1, 1, 1, 1, 1, 1, 2, 1, 2, 2, 1, 1, 1, 1, 1, 1, 1, 1, 2, 1, 1, 1, 2, 1, 1, 1, 1, 1, 1, 2, 1, 2, 2, 1, 1, 2, 1, 1, 1, 1, 1, 1, 1, 2, 1, 1, 2, 1, 1, 1, 1, 1, 1, 1, 1, 1, 1, 1, 2, 1, 2, 1, 1, 1, 1, 1, 2, 2, 1, 1, 1, 2, 1, 1, 1, 1, 2, 1, 1, 1, 2, 1, 1, 2, 1, 1, 1, 2, 1, 1, 1, 1, 1, 1, 1, 1, 2, 2, 1, 1, 1, 1, 1, 1, 1, 1, 1, 2, 1, 2, 2, 1, 1, 1, 1, 1, 1, 1, 1, 1, 1, 2]
w=56281606503008215040/18889465931478623149863 [cg] doubles=41 n=215
  xk(2^-20 units)=[67081015, 245637, 513631, 780007, 1045502, 1309439, 1585068, 1866600, 2336755, 2609121, 2875461, 3153742, 3661331, 3939705, 4206271, 4478886, 4952940, 5234905, 5512102, 5782285, 6273186, 6550954, 6815144, 7080314, 7345834, 7612160, 7880107, 8153523, 8623705, 8897137, 9164977, 9431271, 9695777, 9973158, 10479229, 10757777, 11027715, 11517049, 11794733, 12058828, 12323895, 12589210, 12855282, 13122787, 13395356, 13867868, 14149992, 14427295, 14697749, 15190224, 15468528, 15733687, 16000463, 16268633, 16542158, 17012767, 17286267, 17554396, 17820954, 18085561, 18361516, 18643167, 19113504, 19385885, 19652149, 19930380, 20437398, 20715348, 20980846, 21248864, 21522289, 21992455, 22265899, 22533850, 22800240, 23065858, 23329861, 23605548, 23887083, 24356969, 24629400, 24895802, 25174160, 25682278, 25960911, 26227973, 26501455, 26973069, 27246509, 27514416, 27780689, 28046141, 28311219, 28575236, 28852766, 29344367, 29627619, 30135710, 30413737, 30679319, 30947445, 31220951, 31693135, 31966676, 32234822, 32501596, 32766874, 33045234, 33537339, 33809065, 34075285, 34353935, 34846302, 35116644, 35395452, 35902568, 36180256, 36445271, 36712682, 36985147, 37457622, 37739385, 38015668, 38281274, 38552719, 39043891, 39322154, 39587302, 39854007, 40122158, 40395619, 40867678, 41141090, 41409110, 41674538, 41952409, 42459377, 42738126, 43008369, 43499584, 43777776, 44042922, 44309593, 44577712, 44851294, 45324017, 45597601, 45864655, 46141703, 46423879, 46897297, 47170074, 47437735, 47704051, 47969958, 48235968, 48502733, 48774072, 49263730, 49541472, 49805524, 50069532, 50347183, 50836486, 51107532, 51373865, 51638163, 51915466, 52421370, 52699965, 52970031, 53460504, 53738339, 54002810, 54268502, 54534860, 54802802, 55076226, 55547506, 55820899, 56088878, 56354252, 56632096, 57139261, 57417982, 57688083, 58178068, 58455872, 58720225, 58985767, 59251897, 59519477, 59792133, 60265402, 60547450, 60824690, 61094931, 61586061, 61863994, 62128441, 62393959, 62660052, 62927510, 63200110, 63671976, 63953844, 64230198, 64495837, 64767255, 65258376, 65536723, 65801947, 66068721, 66336944, 66610533]
  m=[1, 1, 1, 1, 1, 1, 2, 1, 1, 1, 1, 2, 2, 1, 1, 1, 1, 2, 1, 1, 2, 1, 1, 1, 1, 1, 1, 1, 1, 1, 1, 1, 1, 2, 2, 1, 1, 2, 1, 1, 1, 1, 1, 1, 1, 1, 2, 1, 1, 2, 1, 1, 1, 1, 1, 1, 1, 1, 1, 1, 2, 1, 1, 1, 1, 2, 2, 1, 1, 1, 1, 1, 1, 1, 1, 1, 1, 2, 1, 1, 1, 1, 2, 2, 1, 1, 1, 1, 1, 1, 1, 1, 1, 1, 2, 1, 2, 2, 1, 1, 1, 1, 1, 1, 1, 1, 1, 2, 1, 1, 1, 2, 1, 1, 2, 2, 1, 1, 1, 1, 1, 2, 1, 1, 1, 2, 1, 1, 1, 1, 1, 1, 1, 1, 1, 2, 2, 1, 1, 2, 1, 1, 1, 1, 1, 1, 1, 1, 2, 1, 1, 1, 1, 1, 1, 1, 1, 1, 2, 1, 1, 1, 2, 1, 1, 1, 1, 2, 2, 1, 1, 2, 1, 1, 1, 1, 1, 1, 1, 1, 1, 1, 2, 2, 1, 1, 2, 1, 1, 1, 1, 1, 1, 1, 2, 1, 1, 2, 1, 1, 1, 1, 1, 1, 1, 2, 1, 1, 1, 2, 1, 1, 1, 1, 1]
w=9857459796819872/6296488643826207716621 [cg] doubles=43 n=213
  xk(2^-20 units)=[66977310, 150144, 426440, 692301, 964624, 1435581, 1717217, 1993449, 2259420, 2531831, 3004388, 3286368, 3563758, 3834741, 4307902, 4589481, 4865791, 5131607, 5403842, 5874775, 6156652, 6433389, 6699930, 6973374, 7447988, 7722632, 7993186, 8267170, 8743530, 9025303, 9301800, 9567861, 9839951, 10309223, 10590615, 10866432, 11131124, 11398181, 11670363, 12140765, 12422425, 12698745, 12964723, 13237019, 13708224, 13989845, 14266129, 14531999, 14804278, 15275328, 15556925, 15833188, 16099223, 16371616, 16844334, 17126347, 17403630, 17674522, 18147291, 18428761, 18705018, 18970774, 19242814, 19713870, 19995416, 20271784, 20537627, 20809912, 21281129, 21562774, 21839073, 22104892, 22377128, 22848277, 23129856, 23406055, 23672005, 23944379, 24417275, 24699237, 24976439, 25247248, 25719950, 26001470, 26277747, 26543376, 26815468, 27286471, 27568079, 27844404, 28110129, 28382342, 28853539, 29135121, 29411405, 29677312, 29949582, 30420678, 30702279, 30978460, 31244318, 31516692, 31987509, 32269131, 32545296, 32811264, 33083702, 33556246, 33838254, 34115466, 34386309, 34858948, 35140428, 35416695, 35682423, 35954455, 36425328, 36706848, 36983186, 37249053, 37521304, 37992457, 38274088, 38550349, 38816147, 39088399, 39559333, 39840967, 40117161, 40383039, 40655387, 41128041, 41410068, 41687301, 41958042, 42430703, 42712146, 42988471, 43254181, 43526210, 43997196, 44278808, 44555154, 44820923, 45093109, 45564231, 45845845, 46122193, 46388033, 46660235, 47131414, 47413036, 47689287, 47955131, 48227442, 48698373, 48980010, 49256265, 49522207, 49794606, 50267303, 50549272, 50826540, 51097408, 51570222, 51851697, 52127943, 52393647, 52665679, 53136592, 53418147, 53694527, 53960405, 54232585, 54703707, 54985307, 55261701, 55527615, 55799797, 56271063, 56552619, 56828916, 57094794, 57366993, 57838123, 58119725, 58395964, 58661867, 58934215, 59405084, 59686773, 59962973, 60228775, 60501132, 60971977, 61253628, 61529838, 61795790, 62068197, 62540855, 62822869, 63100097, 63370949, 63843544, 64125030, 64401308, 64667048, 64939201, 65410144, 65691753, 65968067, 66233876, 66506188]
  m=[1, 2, 1, 1, 1, 1, 2, 1, 1, 1, 1, 2, 1, 1, 1, 2, 1, 1, 1, 1, 2, 1, 1, 1, 1, 1, 1, 1, 1, 2, 1, 1, 1, 1, 2, 1, 1, 1, 1, 1, 2, 1, 1, 1, 1, 2, 1, 1, 1, 1, 2, 1, 1, 1, 1, 2, 1, 1, 1, 2, 1, 1, 1, 1, 2, 1, 1, 1, 1, 2, 1, 1, 1, 1, 2, 1, 1, 1, 1, 2, 1, 1, 1, 2, 1, 1, 1, 1, 2, 1, 1, 1, 1, 2, 1, 1, 1, 1, 2, 1, 1, 1, 1, 2, 1, 1, 1, 1, 2, 1, 1, 1, 2, 1, 1, 1, 1, 2, 1, 1, 1, 1, 2, 1, 1, 1, 1, 2, 1, 1, 1, 1, 2, 1, 1, 1, 2, 1, 1, 1, 1, 2, 1, 1, 1, 1, 2, 1, 1, 1, 1, 2, 1, 1, 1, 1, 2, 1, 1, 1, 1, 2, 1, 1, 1, 2, 1, 1, 1, 1, 2, 1, 1, 1, 1, 2, 1, 1, 1, 1, 2, 1, 1, 1, 1, 2, 1, 1, 1, 1, 2, 1, 1, 1, 1, 2, 1, 1, 1, 1, 2, 1, 1, 1, 2, 1, 1, 1, 1, 2, 1, 1, 1]
w=37545212299277992/18889465931478623149863 [cg] doubles=7 n=249
  xk(2^-20 units)=[4235, 273777, 543253, 812674, 1081899, 1351020, 1619963, 1888790, 2157345, 2425616, 2693619, 2959967, 3237012, 3513962, 3780258, 4048070, 4316070, 4584269, 4852563, 5120880, 5389202, 5657510, 5925721, 6193760, 6461623, 6727956, 7005003, 7282108, 7548599, 7816724, 8085168, 8353864, 8622837, 8891949, 9161244, 9430665, 9700251, 9969917, 10239675, 10509513, 10779384, 11049270, 11319120, 11588961, 11858808, 12128639, 12398482, 12668255, 12938002, 13207712, 13477404, 13747029, 14016568, 14286080, 14555574, 14825017, 15094402, 15363766, 15633096, 15902365, 16171622, 16440814, 16710008, 16979197, 17248432, 17517672, 17786912, 18056198, 18325516, 18594859, 18864232, 19133670, 19403142, 19672653, 19942197, 20211778, 20481440, 20751157, 21020909, 21290698, 21560526, 21830391, 22100267, 22370116, 22639923, 22909668, 23179364, 23448889, 23718275, 23987478, 24256561, 24525348, 24793845, 25062016, 25328533, 25605655, 25882688, 26149028, 26416865, 26684883, 26953084, 27221350, 27489613, 27757850, 28026077, 28294178, 28562062, 28829744, 29095890, 29372730, 29649691, 29915907, 30183790, 30451962, 30720442, 30989226, 31258157, 31527293, 31796615, 32066124, 32335742, 32605463, 32875317, 33145265, 33415301, 33685393, 33955537, 34225728, 34495942, 34766155, 35036298, 35306388, 35576457, 35846498, 36116501, 36386434, 36656318, 36926119, 37195843, 37465450, 37734997, 38004485, 38273909, 38543286, 38812561, 39081750, 39350821, 39619843, 39888721, 40157458, 40426068, 40694564, 40962838, 41230858, 41498659, 41764879, 42041834, 42318784, 42585119, 42853107, 43121381, 43389925, 43658738, 43927680, 44196830, 44466107, 44735578, 45005090, 45274727, 45544429, 45814183, 46083956, 46353764, 46623628, 46893501, 47163397, 47433278, 47703128, 47972989, 48242798, 48512555, 48782227, 49051817, 49321338, 49590729, 49860010, 50129119, 50398084, 50666810, 50935283, 51203467, 51470038, 51747232, 52024385, 52290896, 52558948, 52827213, 53095666, 53364251, 53632816, 53901376, 54169923, 54438371, 54706609, 54974628, 55241119, 55518236, 55795379, 56061885, 56329976, 56598350, 56866964, 57135842, 57404787, 57673882, 57943065, 58212416, 58481785, 58751206, 59020689, 59290211, 59559750, 59829299, 60098861, 60368458, 60638068, 60907702, 61177340, 61447017, 61716719, 61986455, 62256232, 62526011, 62795850, 63065705, 63335581, 63605447, 63875350, 64145251, 64415131, 64684997, 64954826, 65224705, 65494544, 65764383, 66034185, 66303969, 66573729, 66843444]
  m=[1, 1, 1, 1, 1, 1, 1, 1, 1, 1, 1, 1, 2, 1, 1, 1, 1, 1, 1, 1, 1, 1, 1, 1, 1, 1, 2, 1, 1, 1, 1, 1, 1, 1, 1, 1, 1, 1, 1, 1, 1, 1, 1, 1, 1, 1, 1, 1, 1, 1, 1, 1, 1, 1, 1, 1, 1, 1, 1, 1, 1, 1, 1, 1, 1, 1, 1, 1, 1, 1, 1, 1, 1, 1, 1, 1, 1, 1, 1, 1, 1, 1, 1, 1, 1, 1, 1, 1, 1, 1, 1, 1, 1, 1, 1, 2, 1, 1, 1, 1, 1, 1, 1, 1, 1, 1, 1, 1, 1, 2, 1, 1, 1, 1, 1, 1, 1, 1, 1, 1, 1, 1, 1, 1, 1, 1, 1, 1, 1, 1, 1, 1, 1, 1, 1, 1, 1, 1, 1, 1, 1, 1, 1, 1, 1, 1, 1, 1, 1, 1, 1, 1, 1, 1, 1, 1, 2, 1, 1, 1, 1, 1, 1, 1, 1, 1, 1, 1, 1, 1, 1, 1, 1, 1, 1, 1, 1, 1, 1, 1, 1, 1, 1, 1, 1, 1, 1, 1, 1, 1, 1, 1, 2, 1, 1, 1, 1, 1, 1, 1, 1, 1, 1, 1, 1, 1, 2, 1, 1, 1, 1, 1, 1, 1, 1, 1, 1, 1, 1, 1, 1, 1, 1, 1, 1, 1, 1, 1, 1, 1, 1, 1, 1, 1, 1, 1, 1, 1, 1, 1, 1, 1, 1, 1, 1, 1, 1, 1, 1]
w=12622423494767114/18889465931478623149863 [cg] doubles=51 n=205
  xk(2^-20 units)=[18440, 289193, 765518, 1047018, 1324078, 1594803, 2071037, 2352553, 2629633, 2900412, 3376851, 3658390, 3935452, 4206234, 4682367, 4963955, 5240947, 5511751, 5988447, 6270195, 6547432, 6818895, 7294453, 7565841, 7843122, 8124776, 8601363, 8872247, 9149287, 9430823, 9906959, 10177809, 10454851, 10736373, 11212641, 11483552, 11760634, 12042176, 12518446, 12789308, 13066360, 13347867, 13824213, 14095021, 14372091, 14653585, 15130080, 15400867, 15677958, 15959414, 16435772, 16706579, 16983695, 17265149, 17741632, 18012434, 18289542, 18571010, 19047417, 19318274, 19595391, 19876842, 20353311, 20624153, 20901296, 21182769, 21659516, 21930360, 22207475, 22488975, 22965407, 23236255, 23513430, 23794922, 24271482, 24542265, 24819461, 25100982, 25577788, 25848686, 26125968, 26407564, 26884116, 27155013, 27432403, 27714104, 28193715, 28465827, 28744833, 29029506, 29739895, 30015177, 30294493, 30577011, 31056823, 31328022, 31605272, 31886861, 32363242, 32634256, 32911420, 33192976, 33669842, 33940765, 34217869, 34499351, 34975872, 35246729, 35523853, 35805352, 36281630, 36552452, 36829537, 37111007, 37587399, 37858109, 38135071, 38416426, 38888877, 39158531, 39434013, 39708779, 39973447, 40244544, 40739175, 41023813, 41504093, 41775340, 42052633, 42334234, 42810840, 43081582, 43358655, 43640064, 44114207, 44384498, 44660848, 44937087, 45207371, 45684321, 45966494, 46248713, 46727391, 46998406, 47275624, 47557117, 48033295, 48304153, 48581286, 48862769, 49338905, 49609707, 49886858, 50168297, 50644601, 50915278, 51192358, 51473853, 51949948, 52220652, 52497705, 52779203, 53255451, 53526129, 53803255, 54084693, 54560737, 54831463, 55108531, 55390016, 55865868, 56136466, 56413487, 56694885, 57169271, 57439183, 57715303, 57991378, 58261353, 58734350, 59015583, 59292149, 59561996, 60056881, 60336699, 60608451, 61083865, 61354704, 61631144, 61907453, 62177596, 62652224, 62933597, 63210650, 63481201, 63957422, 64238932, 64515977, 64786749, 65263036, 65544466, 65821579, 66092287, 66568748, 66850253]
  m=[1, 1, 1, 2, 1, 1, 1, 2, 1, 1, 1, 2, 1, 1, 1, 2, 1, 1, 1, 2, 1, 1, 1, 1, 2, 1, 1, 1, 2, 1, 1, 1, 2, 1, 1, 1, 2, 1, 1, 1, 2, 1, 1, 1, 2, 1, 1, 1, 2, 1, 1, 1, 2, 1, 1, 1, 2, 1, 1, 1, 2, 1, 1, 1, 2, 1, 1, 1, 2, 1, 1, 1, 2, 1, 1, 1, 2, 1, 1, 1, 2, 1, 1, 1, 2, 1, 1, 1, 2, 1, 1, 1, 2, 1, 1, 1, 2, 1, 1, 1, 2, 1, 1, 1, 2, 1, 1, 1, 2, 1, 1, 1, 2, 1, 1, 1, 2, 1, 1, 1, 2, 1, 1, 1, 2, 1, 1, 1, 2, 1, 1, 1, 2, 1, 1, 1, 2, 1, 1, 1, 2, 1, 1, 1, 2, 1, 1, 1, 2, 1, 1, 1, 2, 1, 1, 1, 2, 1, 1, 1, 2, 1, 1, 1, 2, 1, 1, 1, 2, 1, 1, 1, 2, 1, 1, 1, 2, 1, 1, 1, 2, 1, 1, 2, 1, 1, 1, 1, 2, 1, 1, 1, 2, 1, 1, 1, 2, 1, 1, 1, 2, 1, 1, 1, 2]
w=5537391601356629/18889465931478623149863 [cg] doubles=44 n=212
  xk(2^-20 units)=[27766, 305348, 569452, 835383, 1105876, 1595115, 1872581, 2136588, 2402564, 2673147, 3162311, 3439714, 3703814, 3969806, 4240500, 4729698, 5007037, 5271211, 5537300, 5808109, 6297370, 6574601, 6838903, 7104993, 7375754, 7865939, 8143754, 8409160, 8680364, 9172500, 9451091, 9717859, 9990806, 10465593, 10738840, 11007216, 11275110, 11546833, 12038602, 12316109, 12580385, 12846378, 13117018, 13606346, 13883631, 14147833, 14413813, 14684628, 15174853, 15452449, 15717593, 15988121, 16477909, 16755380, 17019472, 17285452, 17555830, 18044980, 18322453, 18586539, 18852502, 19123105, 19612258, 19889645, 20153820, 20419844, 20690489, 21179770, 21456999, 21721104, 21987091, 22257807, 22746939, 23024062, 23288263, 23554232, 23825003, 24314992, 24592473, 24857662, 25128221, 25617462, 25895012, 26158983, 26425129, 26695598, 27184648, 27462004, 27726086, 27992074, 28262624, 28750104, 29026938, 29290041, 29554271, 29818714, 30084072, 30354403, 30842638, 31119915, 31384120, 31649922, 31920530, 32409612, 32686894, 32951027, 33216723, 33487354, 33976327, 34253595, 34517890, 34783772, 35054562, 35544572, 35822203, 36087306, 36357876, 36847325, 37124811, 37388995, 37655019, 37925490, 38414274, 38691742, 38955972, 39221795, 39492470, 39981107, 40258135, 40521662, 40786433, 41051989, 41322190, 41810514, 42087924, 42352210, 42618329, 42885633, 43158803, 43635352, 43910027, 44184353, 44681140, 44959304, 45225020, 45496087, 45986284, 46263829, 46528145, 46794537, 47065573, 47559398, 47842855, 48337614, 48615234, 48880113, 49150681, 49638111, 49914337, 50175618, 50449199, 50728686, 51221670, 51505529, 51980692, 52250990, 52526566, 52801785, 53070381, 53558968, 53836290, 54100248, 54366090, 54636547, 55126100, 55403440, 55667589, 55933543, 56204307, 56693489, 56970661, 57234713, 57500668, 57771481, 58261686, 58539170, 58804193, 59074743, 59563958, 59841541, 60105538, 60371580, 60641756, 61130965, 61408496, 61672694, 61938654, 62209300, 62698558, 62975899, 63239980, 63505853, 63776505, 64265868, 64543040, 64807178, 65073103, 65343955, 65834109, 66111609, 66376655, 66647254]
  m=[2, 1, 1, 1, 1, 2, 1, 1, 1, 1, 2, 1, 1, 1, 1, 2, 1, 1, 1, 1, 2, 1, 1, 1, 1, 2, 1, 1, 1, 2, 1, 1, 1, 1, 1, 1, 1, 1, 2, 1, 1, 1, 1, 2, 1, 1, 1, 1, 2, 1, 1, 1, 2, 1, 1, 1, 1, 2, 1, 1, 1, 1, 2, 1, 1, 1, 1, 2, 1, 1, 1, 1, 2, 1, 1, 1, 1, 2, 1, 1, 1, 2, 1, 1, 1, 1, 2, 1, 1, 1, 1, 2, 1, 1, 1, 1, 1, 1, 2, 1, 1, 1, 1, 2, 1, 1, 1, 1, 2, 1, 1, 1, 1, 2, 1, 1, 1, 2, 1, 1, 1, 1, 2, 1, 1, 1, 1, 2, 1, 1, 1, 1, 1, 2, 1, 1, 1, 1, 1, 1, 1, 1, 2, 1, 1, 1, 2, 1, 1, 1, 1, 2, 1, 2, 1, 1, 1, 2, 1, 1, 2, 1, 2, 1, 1, 1, 2, 1, 1, 2, 1, 1, 1, 1, 2, 1, 1, 1, 1, 2, 1, 1, 1, 1, 2, 1, 1, 1, 2, 1, 1, 1, 1, 2, 1, 1, 1, 1, 2, 1, 1, 1, 1, 2, 1, 1, 1, 1, 2, 1, 1, 1]
